config,call,rel_call,frame,psnr,ssim,ssim_in,missing
repeat,1,-29,0,99.000,,,0
repeat,1,-29,1,99.000,,,0
repeat,1,-29,2,99.000,,,0
repeat,1,-29,3,99.000,,,0
repeat,2,-28,0,99.000,,,0
repeat,2,-28,1,99.000,,,0
repeat,2,-28,2,99.000,,,0
repeat,2,-28,3,99.000,,,0
repeat,3,-27,0,99.000,,,0
repeat,3,-27,1,99.000,,,0
repeat,3,-27,2,99.000,,,0
repeat,3,-27,3,99.000,,,0
repeat,4,-26,0,99.000,,,0
repeat,4,-26,1,99.000,,,0
repeat,4,-26,2,99.000,,,0
repeat,4,-26,3,99.000,,,0
repeat,5,-25,0,99.000,,,0
repeat,5,-25,1,99.000,,,0
repeat,5,-25,2,99.000,,,0
repeat,5,-25,3,99.000,,,0
repeat,6,-24,0,99.000,,,0
repeat,6,-24,1,99.000,,,0
repeat,6,-24,2,99.000,,,0
repeat,6,-24,3,99.000,,,0
repeat,7,-23,0,99.000,,,0
repeat,7,-23,1,99.000,,,0
repeat,7,-23,2,99.000,,,0
repeat,7,-23,3,99.000,,,0
repeat,8,-22,0,99.000,,,0
repeat,8,-22,1,99.000,,,0
repeat,8,-22,2,99.000,,,0
repeat,8,-22,3,99.000,,,0
repeat,9,-21,0,99.000,,,0
repeat,9,-21,1,99.000,,,0
repeat,9,-21,2,99.000,,,0
repeat,9,-21,3,99.000,,,0
repeat,10,-20,0,99.000,,,0
repeat,10,-20,1,99.000,,,0
repeat,10,-20,2,99.000,,,0
repeat,10,-20,3,99.000,,,0
repeat,11,-19,0,99.000,,,0
repeat,11,-19,1,99.000,,,0
repeat,11,-19,2,99.000,,,0
repeat,11,-19,3,99.000,,,0
repeat,12,-18,0,99.000,,,0
repeat,12,-18,1,99.000,,,0
repeat,12,-18,2,99.000,,,0
repeat,12,-18,3,99.000,,,0
repeat,13,-17,0,99.000,,,0
repeat,13,-17,1,99.000,,,0
repeat,13,-17,2,99.000,,,0
repeat,13,-17,3,99.000,,,0
repeat,14,-16,0,99.000,,,0
repeat,14,-16,1,99.000,,,0
repeat,14,-16,2,99.000,,,0
repeat,14,-16,3,99.000,,,0
repeat,15,-15,0,99.000,,,0
repeat,15,-15,1,99.000,,,0
repeat,15,-15,2,99.000,,,0
repeat,15,-15,3,99.000,,,0
repeat,16,-14,0,99.000,,,0
repeat,16,-14,1,99.000,,,0
repeat,16,-14,2,99.000,,,0
repeat,16,-14,3,99.000,,,0
repeat,17,-13,0,99.000,,,0
repeat,17,-13,1,99.000,,,0
repeat,17,-13,2,99.000,,,0
repeat,17,-13,3,99.000,,,0
repeat,18,-12,0,99.000,,,0
repeat,18,-12,1,99.000,,,0
repeat,18,-12,2,99.000,,,0
repeat,18,-12,3,99.000,,,0
repeat,19,-11,0,99.000,,,0
repeat,19,-11,1,99.000,,,0
repeat,19,-11,2,99.000,,,0
repeat,19,-11,3,99.000,,,0
repeat,20,-10,0,99.000,,,0
repeat,20,-10,1,99.000,,,0
repeat,20,-10,2,99.000,,,0
repeat,20,-10,3,99.000,,,0
repeat,21,-9,0,99.000,,,0
repeat,21,-9,1,99.000,,,0
repeat,21,-9,2,99.000,,,0
repeat,21,-9,3,99.000,,,0
repeat,22,-8,0,99.000,,,0
repeat,22,-8,1,99.000,,,0
repeat,22,-8,2,99.000,,,0
repeat,22,-8,3,99.000,,,0
repeat,23,-7,0,99.000,,,0
repeat,23,-7,1,99.000,,,0
repeat,23,-7,2,99.000,,,0
repeat,23,-7,3,99.000,,,0
repeat,24,-6,0,99.000,,,0
repeat,24,-6,1,99.000,,,0
repeat,24,-6,2,99.000,,,0
repeat,24,-6,3,99.000,,,0
repeat,25,-5,0,99.000,,,0
repeat,25,-5,1,99.000,,,0
repeat,25,-5,2,99.000,,,0
repeat,25,-5,3,99.000,,,0
repeat,26,-4,0,99.000,,,0
repeat,26,-4,1,99.000,,,0
repeat,26,-4,2,99.000,,,0
repeat,26,-4,3,99.000,,,0
repeat,27,-3,0,99.000,,,0
repeat,27,-3,1,99.000,,,0
repeat,27,-3,2,99.000,,,0
repeat,27,-3,3,99.000,,,0
repeat,28,-2,0,99.000,,,0
repeat,28,-2,1,99.000,,,0
repeat,28,-2,2,99.000,,,0
repeat,28,-2,3,99.000,,,0
repeat,29,-1,0,99.000,,,0
repeat,29,-1,1,99.000,,,0
repeat,29,-1,2,99.000,,,0
repeat,29,-1,3,99.000,,,0
repeat,30,0,0,99.000,1.0000,0.7162,0
repeat,30,0,1,99.000,1.0000,0.7239,0
repeat,30,0,2,99.000,1.0000,0.7377,0
repeat,30,0,3,99.000,1.0000,0.7300,0
repeat,31,1,0,99.000,1.0000,0.7314,0
repeat,31,1,1,99.000,1.0000,0.7465,0
repeat,31,1,2,99.000,1.0000,0.7197,0
repeat,31,1,3,99.000,1.0000,0.7227,0
repeat,32,2,0,99.000,1.0000,0.7227,0
repeat,32,2,1,99.000,1.0000,0.7268,0
repeat,32,2,2,99.000,1.0000,0.7205,0
repeat,32,2,3,99.000,1.0000,0.7194,0
repeat,33,3,0,99.000,1.0000,0.7240,0
repeat,33,3,1,99.000,1.0000,0.7253,0
repeat,33,3,2,99.000,1.0000,0.7233,0
repeat,33,3,3,99.000,1.0000,0.7223,0
repeat,34,4,0,99.000,1.0000,0.7238,0
repeat,34,4,1,99.000,1.0000,0.7251,0
repeat,34,4,2,99.000,1.0000,0.7258,0
repeat,34,4,3,99.000,1.0000,0.7265,0
repeat,35,5,0,99.000,1.0000,0.7255,0
repeat,35,5,1,99.000,1.0000,0.7313,0
repeat,35,5,2,99.000,1.0000,0.7296,0
repeat,35,5,3,99.000,1.0000,0.7285,0
repeat,36,6,0,99.000,1.0000,0.7301,0
repeat,36,6,1,99.000,1.0000,0.7330,0
repeat,36,6,2,99.000,1.0000,0.7345,0
repeat,36,6,3,99.000,1.0000,0.7330,0
repeat,37,7,0,99.000,1.0000,0.7353,0
repeat,37,7,1,99.000,1.0000,0.7351,0
repeat,37,7,2,99.000,1.0000,0.7356,0
repeat,37,7,3,99.000,1.0000,0.7340,0
repeat,38,8,0,99.000,1.0000,0.7347,0
repeat,38,8,1,99.000,1.0000,0.7329,0
repeat,38,8,2,99.000,1.0000,0.7317,0
repeat,38,8,3,99.000,1.0000,0.7269,0
repeat,39,9,0,99.000,1.0000,0.7298,0
repeat,39,9,1,99.000,1.0000,0.7248,0
repeat,39,9,2,99.000,1.0000,0.7221,0
repeat,39,9,3,99.000,1.0000,0.7162,0
repeat,40,10,0,99.000,1.0000,0.7141,0
repeat,40,10,1,99.000,1.0000,0.7115,0
repeat,40,10,2,99.000,1.0000,0.7118,0
repeat,40,10,3,99.000,1.0000,0.7117,0
repeat,41,11,0,99.000,1.0000,0.7167,0
repeat,41,11,1,99.000,1.0000,0.7196,0
repeat,41,11,2,99.000,1.0000,0.7192,0
repeat,41,11,3,99.000,1.0000,0.7172,0
repeat,42,12,0,99.000,1.0000,0.7231,0
repeat,42,12,1,99.000,1.0000,0.7238,0
repeat,42,12,2,99.000,1.0000,0.7222,0
repeat,42,12,3,99.000,1.0000,0.7173,0
repeat,43,13,0,99.000,1.0000,0.7226,0
repeat,43,13,1,99.000,1.0000,0.7213,0
repeat,43,13,2,99.000,1.0000,0.7196,0
repeat,43,13,3,99.000,1.0000,0.7144,0
repeat,44,14,0,99.000,1.0000,0.7150,0
repeat,44,14,1,99.000,1.0000,0.7101,0
repeat,44,14,2,99.000,1.0000,0.7032,0
repeat,44,14,3,99.000,1.0000,0.6948,0
repeat,45,15,0,99.000,1.0000,0.6967,0
repeat,45,15,1,99.000,1.0000,0.6934,0
repeat,45,15,2,99.000,1.0000,0.6923,0
repeat,45,15,3,99.000,1.0000,0.6886,0
repeat,46,16,0,99.000,1.0000,0.6965,0
repeat,46,16,1,99.000,1.0000,0.6956,0
repeat,46,16,2,99.000,1.0000,0.6928,0
repeat,46,16,3,99.000,1.0000,0.6906,0
repeat,47,17,0,99.000,1.0000,0.6973,0
repeat,47,17,1,99.000,1.0000,0.7001,0
repeat,47,17,2,99.000,1.0000,0.7013,0
repeat,47,17,3,99.000,1.0000,0.7019,0
repeat,48,18,0,99.000,1.0000,0.7068,0
repeat,48,18,1,99.000,1.0000,0.7081,0
repeat,48,18,2,99.000,1.0000,0.7076,0
repeat,48,18,3,99.000,1.0000,0.7067,0
repeat,49,19,0,99.000,1.0000,0.7084,0
repeat,49,19,1,99.000,1.0000,0.7084,0
repeat,49,19,2,99.000,1.0000,0.7072,0
repeat,49,19,3,99.000,1.0000,0.7064,0
repeat,50,20,0,99.000,1.0000,0.7004,0
repeat,50,20,1,99.000,1.0000,0.7009,0
repeat,50,20,2,99.000,1.0000,0.6952,0
repeat,50,20,3,99.000,1.0000,0.6924,0
repeat,51,21,0,99.000,1.0000,0.6973,0
repeat,51,21,1,99.000,1.0000,0.7018,0
repeat,51,21,2,99.000,1.0000,0.6998,0
repeat,51,21,3,99.000,1.0000,0.6993,0
repeat,52,22,0,99.000,1.0000,0.7010,0
repeat,52,22,1,99.000,1.0000,0.7045,0
repeat,52,22,2,99.000,1.0000,0.7044,0
repeat,52,22,3,99.000,1.0000,0.7046,0
repeat,53,23,0,99.000,1.0000,0.7086,0
repeat,53,23,1,99.000,1.0000,0.7095,0
repeat,53,23,2,99.000,1.0000,0.7079,0
repeat,53,23,3,99.000,1.0000,0.7078,0
repeat,54,24,0,99.000,1.0000,0.7092,0
repeat,54,24,1,99.000,1.0000,0.7093,0
repeat,54,24,2,99.000,1.0000,0.7083,0
repeat,54,24,3,99.000,1.0000,0.7094,0
repeat,55,25,0,99.000,1.0000,0.7057,0
repeat,55,25,1,99.000,1.0000,0.7055,0
repeat,55,25,2,99.000,1.0000,0.7062,0
repeat,55,25,3,99.000,1.0000,0.7052,0
repeat,56,26,0,99.000,1.0000,0.7071,0
repeat,56,26,1,99.000,1.0000,0.7090,0
repeat,56,26,2,99.000,1.0000,0.7075,0
repeat,56,26,3,99.000,1.0000,0.7062,0
repeat,57,27,0,99.000,1.0000,0.7065,0
repeat,57,27,1,99.000,1.0000,0.7084,0
repeat,57,27,2,99.000,1.0000,0.7047,0
repeat,57,27,3,99.000,1.0000,0.7013,0
repeat,58,28,0,99.000,1.0000,0.7003,0
repeat,58,28,1,99.000,1.0000,0.7034,0
repeat,58,28,2,99.000,1.0000,0.7058,0
repeat,58,28,3,99.000,1.0000,0.7034,0
repeat,59,29,0,99.000,1.0000,0.7031,0
repeat,59,29,1,99.000,1.0000,0.7142,0
repeat,59,29,2,99.000,1.0000,0.7104,0
repeat,59,29,3,99.000,1.0000,0.7095,0
repeat,60,30,0,99.000,1.0000,0.7162,0
repeat,60,30,1,99.000,1.0000,0.7171,0
repeat,60,30,2,99.000,1.0000,0.7158,0
repeat,60,30,3,99.000,1.0000,0.7165,0
repeat,61,31,0,99.000,1.0000,0.7196,0
repeat,61,31,1,99.000,1.0000,0.7202,0
repeat,61,31,2,99.000,1.0000,0.7229,0
repeat,61,31,3,99.000,1.0000,0.7216,0
repeat,62,32,0,99.000,1.0000,0.7266,0
repeat,62,32,1,99.000,1.0000,0.7275,0
repeat,62,32,2,99.000,1.0000,0.7271,0
repeat,62,32,3,99.000,1.0000,0.7277,0
repeat,63,33,0,99.000,1.0000,0.7260,0
repeat,63,33,1,99.000,1.0000,0.7060,0
repeat,63,33,2,99.000,1.0000,0.7110,0
repeat,63,33,3,99.000,1.0000,0.7124,0
repeat,64,34,0,99.000,1.0000,0.7220,0
repeat,64,34,1,99.000,1.0000,0.7244,0
repeat,64,34,2,99.000,1.0000,0.7262,0
repeat,64,34,3,99.000,1.0000,0.7244,0
repeat,65,35,0,99.000,1.0000,0.7251,0
repeat,65,35,1,99.000,1.0000,0.7253,0
repeat,65,35,2,99.000,1.0000,0.7265,0
repeat,65,35,3,99.000,1.0000,0.7235,0
repeat,66,36,0,99.000,1.0000,0.7248,0
repeat,66,36,1,99.000,1.0000,0.7292,0
repeat,66,36,2,99.000,1.0000,0.7307,0
repeat,66,36,3,99.000,1.0000,0.7261,0
repeat,67,37,0,99.000,1.0000,0.7299,0
repeat,67,37,1,99.000,1.0000,0.7308,0
repeat,67,37,2,99.000,1.0000,0.7318,0
repeat,67,37,3,99.000,1.0000,0.7309,0
repeat,68,38,0,99.000,1.0000,0.7314,0
repeat,68,38,1,99.000,1.0000,0.7312,0
repeat,68,38,2,99.000,1.0000,0.7312,0
repeat,68,38,3,99.000,1.0000,0.7293,0
repeat,69,39,0,99.000,1.0000,0.7318,0
repeat,69,39,1,99.000,1.0000,0.7318,0
repeat,69,39,2,99.000,1.0000,0.7324,0
repeat,69,39,3,99.000,1.0000,0.7327,0
xfer_sink+meta+inflight,1,-29,0,99.000,,,0
xfer_sink+meta+inflight,1,-29,1,99.000,,,0
xfer_sink+meta+inflight,1,-29,2,99.000,,,0
xfer_sink+meta+inflight,1,-29,3,99.000,,,0
xfer_sink+meta+inflight,2,-28,0,99.000,,,0
xfer_sink+meta+inflight,2,-28,1,99.000,,,0
xfer_sink+meta+inflight,2,-28,2,99.000,,,0
xfer_sink+meta+inflight,2,-28,3,99.000,,,0
xfer_sink+meta+inflight,3,-27,0,99.000,,,0
xfer_sink+meta+inflight,3,-27,1,99.000,,,0
xfer_sink+meta+inflight,3,-27,2,99.000,,,0
xfer_sink+meta+inflight,3,-27,3,99.000,,,0
xfer_sink+meta+inflight,4,-26,0,99.000,,,0
xfer_sink+meta+inflight,4,-26,1,99.000,,,0
xfer_sink+meta+inflight,4,-26,2,99.000,,,0
xfer_sink+meta+inflight,4,-26,3,99.000,,,0
xfer_sink+meta+inflight,5,-25,0,99.000,,,0
xfer_sink+meta+inflight,5,-25,1,99.000,,,0
xfer_sink+meta+inflight,5,-25,2,99.000,,,0
xfer_sink+meta+inflight,5,-25,3,99.000,,,0
xfer_sink+meta+inflight,6,-24,0,99.000,,,0
xfer_sink+meta+inflight,6,-24,1,99.000,,,0
xfer_sink+meta+inflight,6,-24,2,99.000,,,0
xfer_sink+meta+inflight,6,-24,3,99.000,,,0
xfer_sink+meta+inflight,7,-23,0,99.000,,,0
xfer_sink+meta+inflight,7,-23,1,99.000,,,0
xfer_sink+meta+inflight,7,-23,2,99.000,,,0
xfer_sink+meta+inflight,7,-23,3,99.000,,,0
xfer_sink+meta+inflight,8,-22,0,99.000,,,0
xfer_sink+meta+inflight,8,-22,1,99.000,,,0
xfer_sink+meta+inflight,8,-22,2,99.000,,,0
xfer_sink+meta+inflight,8,-22,3,99.000,,,0
xfer_sink+meta+inflight,9,-21,0,99.000,,,0
xfer_sink+meta+inflight,9,-21,1,99.000,,,0
xfer_sink+meta+inflight,9,-21,2,99.000,,,0
xfer_sink+meta+inflight,9,-21,3,99.000,,,0
xfer_sink+meta+inflight,10,-20,0,99.000,,,0
xfer_sink+meta+inflight,10,-20,1,99.000,,,0
xfer_sink+meta+inflight,10,-20,2,99.000,,,0
xfer_sink+meta+inflight,10,-20,3,99.000,,,0
xfer_sink+meta+inflight,11,-19,0,99.000,,,0
xfer_sink+meta+inflight,11,-19,1,99.000,,,0
xfer_sink+meta+inflight,11,-19,2,99.000,,,0
xfer_sink+meta+inflight,11,-19,3,99.000,,,0
xfer_sink+meta+inflight,12,-18,0,99.000,,,0
xfer_sink+meta+inflight,12,-18,1,99.000,,,0
xfer_sink+meta+inflight,12,-18,2,99.000,,,0
xfer_sink+meta+inflight,12,-18,3,99.000,,,0
xfer_sink+meta+inflight,13,-17,0,99.000,,,0
xfer_sink+meta+inflight,13,-17,1,99.000,,,0
xfer_sink+meta+inflight,13,-17,2,99.000,,,0
xfer_sink+meta+inflight,13,-17,3,99.000,,,0
xfer_sink+meta+inflight,14,-16,0,99.000,,,0
xfer_sink+meta+inflight,14,-16,1,99.000,,,0
xfer_sink+meta+inflight,14,-16,2,99.000,,,0
xfer_sink+meta+inflight,14,-16,3,99.000,,,0
xfer_sink+meta+inflight,15,-15,0,99.000,,,0
xfer_sink+meta+inflight,15,-15,1,99.000,,,0
xfer_sink+meta+inflight,15,-15,2,99.000,,,0
xfer_sink+meta+inflight,15,-15,3,99.000,,,0
xfer_sink+meta+inflight,16,-14,0,99.000,,,0
xfer_sink+meta+inflight,16,-14,1,99.000,,,0
xfer_sink+meta+inflight,16,-14,2,99.000,,,0
xfer_sink+meta+inflight,16,-14,3,99.000,,,0
xfer_sink+meta+inflight,17,-13,0,99.000,,,0
xfer_sink+meta+inflight,17,-13,1,99.000,,,0
xfer_sink+meta+inflight,17,-13,2,99.000,,,0
xfer_sink+meta+inflight,17,-13,3,99.000,,,0
xfer_sink+meta+inflight,18,-12,0,99.000,,,0
xfer_sink+meta+inflight,18,-12,1,99.000,,,0
xfer_sink+meta+inflight,18,-12,2,99.000,,,0
xfer_sink+meta+inflight,18,-12,3,99.000,,,0
xfer_sink+meta+inflight,19,-11,0,99.000,,,0
xfer_sink+meta+inflight,19,-11,1,99.000,,,0
xfer_sink+meta+inflight,19,-11,2,99.000,,,0
xfer_sink+meta+inflight,19,-11,3,99.000,,,0
xfer_sink+meta+inflight,20,-10,0,99.000,,,0
xfer_sink+meta+inflight,20,-10,1,99.000,,,0
xfer_sink+meta+inflight,20,-10,2,99.000,,,0
xfer_sink+meta+inflight,20,-10,3,99.000,,,0
xfer_sink+meta+inflight,21,-9,0,99.000,,,0
xfer_sink+meta+inflight,21,-9,1,99.000,,,0
xfer_sink+meta+inflight,21,-9,2,99.000,,,0
xfer_sink+meta+inflight,21,-9,3,99.000,,,0
xfer_sink+meta+inflight,22,-8,0,99.000,,,0
xfer_sink+meta+inflight,22,-8,1,99.000,,,0
xfer_sink+meta+inflight,22,-8,2,99.000,,,0
xfer_sink+meta+inflight,22,-8,3,99.000,,,0
xfer_sink+meta+inflight,23,-7,0,99.000,,,0
xfer_sink+meta+inflight,23,-7,1,99.000,,,0
xfer_sink+meta+inflight,23,-7,2,99.000,,,0
xfer_sink+meta+inflight,23,-7,3,99.000,,,0
xfer_sink+meta+inflight,24,-6,0,99.000,,,0
xfer_sink+meta+inflight,24,-6,1,99.000,,,0
xfer_sink+meta+inflight,24,-6,2,99.000,,,0
xfer_sink+meta+inflight,24,-6,3,99.000,,,0
xfer_sink+meta+inflight,25,-5,0,99.000,,,0
xfer_sink+meta+inflight,25,-5,1,99.000,,,0
xfer_sink+meta+inflight,25,-5,2,99.000,,,0
xfer_sink+meta+inflight,25,-5,3,99.000,,,0
xfer_sink+meta+inflight,26,-4,0,99.000,,,0
xfer_sink+meta+inflight,26,-4,1,99.000,,,0
xfer_sink+meta+inflight,26,-4,2,99.000,,,0
xfer_sink+meta+inflight,26,-4,3,99.000,,,0
xfer_sink+meta+inflight,27,-3,0,99.000,,,0
xfer_sink+meta+inflight,27,-3,1,99.000,,,0
xfer_sink+meta+inflight,27,-3,2,99.000,,,0
xfer_sink+meta+inflight,27,-3,3,99.000,,,0
xfer_sink+meta+inflight,28,-2,0,99.000,,,0
xfer_sink+meta+inflight,28,-2,1,99.000,,,0
xfer_sink+meta+inflight,28,-2,2,99.000,,,0
xfer_sink+meta+inflight,28,-2,3,99.000,,,0
xfer_sink+meta+inflight,29,-1,0,99.000,,,0
xfer_sink+meta+inflight,29,-1,1,99.000,,,0
xfer_sink+meta+inflight,29,-1,2,99.000,,,0
xfer_sink+meta+inflight,29,-1,3,99.000,,,0
xfer_sink+meta+inflight,30,0,0,14.947,0.7236,0.6490,0
xfer_sink+meta+inflight,30,0,1,14.808,0.7517,0.6567,0
xfer_sink+meta+inflight,30,0,2,15.947,0.7737,0.6615,0
xfer_sink+meta+inflight,30,0,3,16.456,0.7641,0.6647,0
xfer_sink+meta+inflight,31,1,0,18.062,0.7989,0.6875,0
xfer_sink+meta+inflight,31,1,1,20.015,0.8223,0.7211,0
xfer_sink+meta+inflight,31,1,2,19.376,0.8164,0.6959,0
xfer_sink+meta+inflight,31,1,3,19.212,0.7923,0.6968,0
xfer_sink+meta+inflight,32,2,0,20.025,0.8222,0.7010,0
xfer_sink+meta+inflight,32,2,1,19.903,0.8393,0.7068,0
xfer_sink+meta+inflight,32,2,2,20.137,0.8453,0.7016,0
xfer_sink+meta+inflight,32,2,3,20.060,0.8427,0.6998,0
xfer_sink+meta+inflight,33,3,0,21.313,0.8565,0.7038,0
xfer_sink+meta+inflight,33,3,1,21.871,0.8707,0.7067,0
xfer_sink+meta+inflight,33,3,2,21.993,0.8736,0.7054,0
xfer_sink+meta+inflight,33,3,3,22.035,0.8741,0.7043,0
xfer_sink+meta+inflight,34,4,0,22.889,0.8818,0.7094,0
xfer_sink+meta+inflight,34,4,1,23.324,0.8842,0.7118,0
xfer_sink+meta+inflight,34,4,2,23.483,0.8883,0.7130,0
xfer_sink+meta+inflight,34,4,3,23.339,0.8795,0.7134,0
xfer_sink+meta+inflight,35,5,0,23.691,0.8832,0.7150,0
xfer_sink+meta+inflight,35,5,1,23.974,0.8813,0.7205,0
xfer_sink+meta+inflight,35,5,2,23.917,0.8830,0.7224,0
xfer_sink+meta+inflight,35,5,3,23.966,0.8817,0.7198,0
xfer_sink+meta+inflight,36,6,0,24.934,0.8964,0.7244,0
xfer_sink+meta+inflight,36,6,1,25.518,0.9073,0.7283,0
xfer_sink+meta+inflight,36,6,2,25.683,0.9102,0.7294,0
xfer_sink+meta+inflight,36,6,3,25.668,0.9095,0.7272,0
xfer_sink+meta+inflight,37,7,0,26.370,0.9160,0.7304,0
xfer_sink+meta+inflight,37,7,1,26.682,0.9204,0.7311,0
xfer_sink+meta+inflight,37,7,2,26.756,0.9209,0.7324,0
xfer_sink+meta+inflight,37,7,3,26.753,0.9207,0.7315,0
xfer_sink+meta+inflight,38,8,0,27.347,0.9270,0.7339,0
xfer_sink+meta+inflight,38,8,1,27.780,0.9299,0.7327,0
xfer_sink+meta+inflight,38,8,2,26.474,0.9266,0.7325,0
xfer_sink+meta+inflight,38,8,3,25.870,0.9195,0.7276,0
xfer_sink+meta+inflight,39,9,0,26.010,0.9357,0.7312,0
xfer_sink+meta+inflight,39,9,1,27.973,0.9478,0.7260,0
xfer_sink+meta+inflight,39,9,2,28.317,0.9510,0.7239,0
xfer_sink+meta+inflight,39,9,3,28.371,0.9513,0.7171,0
xfer_sink+meta+inflight,40,10,0,28.658,0.9554,0.7153,0
xfer_sink+meta+inflight,40,10,1,30.449,0.9667,0.7122,0
xfer_sink+meta+inflight,40,10,2,30.873,0.9710,0.7126,0
xfer_sink+meta+inflight,40,10,3,30.779,0.9708,0.7124,0
xfer_sink+meta+inflight,41,11,0,30.872,0.9700,0.7167,0
xfer_sink+meta+inflight,41,11,1,29.588,0.9608,0.7183,0
xfer_sink+meta+inflight,41,11,2,27.702,0.9529,0.7189,0
xfer_sink+meta+inflight,41,11,3,27.537,0.9518,0.7174,0
xfer_sink+meta+inflight,42,12,0,25.974,0.9421,0.7239,0
xfer_sink+meta+inflight,42,12,1,26.004,0.9434,0.7233,0
xfer_sink+meta+inflight,42,12,2,26.179,0.9461,0.7215,0
xfer_sink+meta+inflight,42,12,3,26.336,0.9484,0.7174,0
xfer_sink+meta+inflight,43,13,0,26.143,0.9475,0.7233,0
xfer_sink+meta+inflight,43,13,1,26.125,0.9484,0.7215,0
xfer_sink+meta+inflight,43,13,2,26.174,0.9493,0.7207,0
xfer_sink+meta+inflight,43,13,3,26.157,0.9495,0.7151,0
xfer_sink+meta+inflight,44,14,0,25.981,0.9469,0.7161,0
xfer_sink+meta+inflight,44,14,1,25.975,0.9432,0.7114,0
xfer_sink+meta+inflight,44,14,2,26.091,0.9440,0.7047,0
xfer_sink+meta+inflight,44,14,3,26.122,0.9445,0.6956,0
xfer_sink+meta+inflight,45,15,0,26.438,0.9469,0.6979,0
xfer_sink+meta+inflight,45,15,1,26.816,0.9521,0.6945,0
xfer_sink+meta+inflight,45,15,2,26.880,0.9536,0.6931,0
xfer_sink+meta+inflight,45,15,3,26.732,0.9515,0.6891,0
xfer_sink+meta+inflight,46,16,0,27.388,0.9585,0.6965,0
xfer_sink+meta+inflight,46,16,1,27.796,0.9622,0.6952,0
xfer_sink+meta+inflight,46,16,2,27.775,0.9624,0.6920,0
xfer_sink+meta+inflight,46,16,3,27.751,0.9619,0.6895,0
xfer_sink+meta+inflight,47,17,0,28.881,0.9668,0.6960,0
xfer_sink+meta+inflight,47,17,1,29.296,0.9693,0.6993,0
xfer_sink+meta+inflight,47,17,2,29.440,0.9703,0.7006,0
xfer_sink+meta+inflight,47,17,3,29.476,0.9706,0.7011,0
xfer_sink+meta+inflight,48,18,0,30.550,0.9739,0.7063,0
xfer_sink+meta+inflight,48,18,1,31.684,0.9753,0.7078,0
xfer_sink+meta+inflight,48,18,2,31.791,0.9754,0.7072,0
xfer_sink+meta+inflight,48,18,3,31.575,0.9740,0.7065,0
xfer_sink+meta+inflight,49,19,0,32.567,0.9775,0.7083,0
xfer_sink+meta+inflight,49,19,1,32.801,0.9791,0.7086,0
xfer_sink+meta+inflight,49,19,2,32.828,0.9799,0.7073,0
xfer_sink+meta+inflight,49,19,3,32.366,0.9784,0.7062,0
xfer_sink+meta+inflight,50,20,0,32.439,0.9773,0.6997,0
xfer_sink+meta+inflight,50,20,1,31.990,0.9729,0.6991,0
xfer_sink+meta+inflight,50,20,2,30.258,0.9685,0.6942,0
xfer_sink+meta+inflight,50,20,3,29.825,0.9641,0.6917,0
xfer_sink+meta+inflight,51,21,0,30.081,0.9638,0.6971,0
xfer_sink+meta+inflight,51,21,1,28.253,0.9607,0.7007,0
xfer_sink+meta+inflight,51,21,2,28.140,0.9637,0.6995,0
xfer_sink+meta+inflight,51,21,3,28.076,0.9617,0.6989,0
xfer_sink+meta+inflight,52,22,0,28.086,0.9605,0.7010,0
xfer_sink+meta+inflight,52,22,1,30.123,0.9704,0.7038,0
xfer_sink+meta+inflight,52,22,2,30.107,0.9715,0.7038,0
xfer_sink+meta+inflight,52,22,3,29.875,0.9704,0.7036,0
xfer_sink+meta+inflight,53,23,0,30.741,0.9700,0.7061,0
xfer_sink+meta+inflight,53,23,1,30.684,0.9699,0.7069,0
xfer_sink+meta+inflight,53,23,2,30.655,0.9704,0.7055,0
xfer_sink+meta+inflight,53,23,3,30.625,0.9699,0.7056,0
xfer_sink+meta+inflight,54,24,0,30.376,0.9681,0.7063,0
xfer_sink+meta+inflight,54,24,1,30.053,0.9675,0.7062,0
xfer_sink+meta+inflight,54,24,2,29.786,0.9670,0.7061,0
xfer_sink+meta+inflight,54,24,3,28.572,0.9602,0.7068,0
xfer_sink+meta+inflight,55,25,0,28.358,0.9539,0.7038,0
xfer_sink+meta+inflight,55,25,1,28.524,0.9434,0.7029,0
xfer_sink+meta+inflight,55,25,2,28.531,0.9508,0.7030,0
xfer_sink+meta+inflight,55,25,3,28.004,0.9477,0.7022,0
xfer_sink+meta+inflight,56,26,0,28.226,0.9533,0.7037,0
xfer_sink+meta+inflight,56,26,1,28.283,0.9543,0.7057,0
xfer_sink+meta+inflight,56,26,2,28.176,0.9549,0.7053,0
xfer_sink+meta+inflight,56,26,3,27.896,0.9535,0.7045,0
xfer_sink+meta+inflight,57,27,0,28.024,0.9538,0.7047,0
xfer_sink+meta+inflight,57,27,1,28.010,0.9539,0.7074,0
xfer_sink+meta+inflight,57,27,2,27.819,0.9537,0.7036,0
xfer_sink+meta+inflight,57,27,3,27.611,0.9525,0.7004,0
xfer_sink+meta+inflight,58,28,0,27.603,0.9516,0.7000,0
xfer_sink+meta+inflight,58,28,1,27.782,0.9509,0.7032,0
xfer_sink+meta+inflight,58,28,2,28.873,0.9573,0.7050,0
xfer_sink+meta+inflight,58,28,3,28.674,0.9551,0.7034,0
xfer_sink+meta+inflight,59,29,0,29.157,0.9575,0.7024,0
xfer_sink+meta+inflight,59,29,1,30.328,0.9670,0.7130,0
xfer_sink+meta+inflight,59,29,2,30.405,0.9684,0.7101,0
xfer_sink+meta+inflight,59,29,3,30.276,0.9680,0.7097,0
xfer_sink+meta+inflight,60,30,0,30.791,0.9711,0.7153,0
xfer_sink+meta+inflight,60,30,1,31.069,0.9737,0.7163,0
xfer_sink+meta+inflight,60,30,2,31.081,0.9740,0.7153,0
xfer_sink+meta+inflight,60,30,3,31.053,0.9738,0.7161,0
xfer_sink+meta+inflight,61,31,0,31.462,0.9763,0.7188,0
xfer_sink+meta+inflight,61,31,1,31.511,0.9766,0.7192,0
xfer_sink+meta+inflight,61,31,2,30.500,0.9747,0.7223,0
xfer_sink+meta+inflight,61,31,3,30.098,0.9724,0.7214,0
xfer_sink+meta+inflight,62,32,0,31.684,0.9780,0.7253,0
xfer_sink+meta+inflight,62,32,1,32.117,0.9806,0.7264,0
xfer_sink+meta+inflight,62,32,2,32.161,0.9808,0.7259,0
xfer_sink+meta+inflight,62,32,3,32.255,0.9810,0.7266,0
xfer_sink+meta+inflight,63,33,0,32.166,0.9809,0.7250,0
xfer_sink+meta+inflight,63,33,1,31.965,0.9793,0.7054,0
xfer_sink+meta+inflight,63,33,2,32.130,0.9796,0.7104,0
xfer_sink+meta+inflight,63,33,3,32.049,0.9793,0.7115,0
xfer_sink+meta+inflight,64,34,0,32.786,0.9805,0.7209,0
xfer_sink+meta+inflight,64,34,1,33.580,0.9837,0.7232,0
xfer_sink+meta+inflight,64,34,2,34.538,0.9877,0.7244,0
xfer_sink+meta+inflight,64,34,3,34.445,0.9876,0.7229,0
xfer_sink+meta+inflight,65,35,0,34.931,0.9883,0.7233,0
xfer_sink+meta+inflight,65,35,1,34.771,0.9884,0.7238,0
xfer_sink+meta+inflight,65,35,2,34.647,0.9885,0.7254,0
xfer_sink+meta+inflight,65,35,3,34.427,0.9881,0.7224,0
xfer_sink+meta+inflight,66,36,0,35.169,0.9895,0.7235,0
xfer_sink+meta+inflight,66,36,1,35.349,0.9898,0.7278,0
xfer_sink+meta+inflight,66,36,2,35.337,0.9900,0.7292,0
xfer_sink+meta+inflight,66,36,3,35.415,0.9900,0.7246,0
xfer_sink+meta+inflight,67,37,0,32.957,0.9817,0.7281,0
xfer_sink+meta+inflight,67,37,1,34.698,0.9879,0.7292,0
xfer_sink+meta+inflight,67,37,2,34.595,0.9878,0.7305,0
xfer_sink+meta+inflight,67,37,3,34.042,0.9864,0.7291,0
xfer_sink+meta+inflight,68,38,0,32.927,0.9825,0.7298,0
xfer_sink+meta+inflight,68,38,1,28.902,0.9632,0.7310,0
xfer_sink+meta+inflight,68,38,2,25.616,0.9551,0.7306,0
xfer_sink+meta+inflight,68,38,3,25.173,0.9457,0.7293,0
xfer_sink+meta+inflight,69,39,0,25.319,0.9465,0.7306,0
xfer_sink+meta+inflight,69,39,1,24.902,0.9458,0.7296,0
xfer_sink+meta+inflight,69,39,2,24.794,0.9439,0.7303,0
xfer_sink+meta+inflight,69,39,3,24.633,0.9402,0.7300,0
xfer_sink+meta,1,-29,0,99.000,,,0
xfer_sink+meta,1,-29,1,99.000,,,0
xfer_sink+meta,1,-29,2,99.000,,,0
xfer_sink+meta,1,-29,3,99.000,,,0
xfer_sink+meta,2,-28,0,99.000,,,0
xfer_sink+meta,2,-28,1,99.000,,,0
xfer_sink+meta,2,-28,2,99.000,,,0
xfer_sink+meta,2,-28,3,99.000,,,0
xfer_sink+meta,3,-27,0,99.000,,,0
xfer_sink+meta,3,-27,1,99.000,,,0
xfer_sink+meta,3,-27,2,99.000,,,0
xfer_sink+meta,3,-27,3,99.000,,,0
xfer_sink+meta,4,-26,0,99.000,,,0
xfer_sink+meta,4,-26,1,99.000,,,0
xfer_sink+meta,4,-26,2,99.000,,,0
xfer_sink+meta,4,-26,3,99.000,,,0
xfer_sink+meta,5,-25,0,99.000,,,0
xfer_sink+meta,5,-25,1,99.000,,,0
xfer_sink+meta,5,-25,2,99.000,,,0
xfer_sink+meta,5,-25,3,99.000,,,0
xfer_sink+meta,6,-24,0,99.000,,,0
xfer_sink+meta,6,-24,1,99.000,,,0
xfer_sink+meta,6,-24,2,99.000,,,0
xfer_sink+meta,6,-24,3,99.000,,,0
xfer_sink+meta,7,-23,0,99.000,,,0
xfer_sink+meta,7,-23,1,99.000,,,0
xfer_sink+meta,7,-23,2,99.000,,,0
xfer_sink+meta,7,-23,3,99.000,,,0
xfer_sink+meta,8,-22,0,99.000,,,0
xfer_sink+meta,8,-22,1,99.000,,,0
xfer_sink+meta,8,-22,2,99.000,,,0
xfer_sink+meta,8,-22,3,99.000,,,0
xfer_sink+meta,9,-21,0,99.000,,,0
xfer_sink+meta,9,-21,1,99.000,,,0
xfer_sink+meta,9,-21,2,99.000,,,0
xfer_sink+meta,9,-21,3,99.000,,,0
xfer_sink+meta,10,-20,0,99.000,,,0
xfer_sink+meta,10,-20,1,99.000,,,0
xfer_sink+meta,10,-20,2,99.000,,,0
xfer_sink+meta,10,-20,3,99.000,,,0
xfer_sink+meta,11,-19,0,99.000,,,0
xfer_sink+meta,11,-19,1,99.000,,,0
xfer_sink+meta,11,-19,2,99.000,,,0
xfer_sink+meta,11,-19,3,99.000,,,0
xfer_sink+meta,12,-18,0,99.000,,,0
xfer_sink+meta,12,-18,1,99.000,,,0
xfer_sink+meta,12,-18,2,99.000,,,0
xfer_sink+meta,12,-18,3,99.000,,,0
xfer_sink+meta,13,-17,0,99.000,,,0
xfer_sink+meta,13,-17,1,99.000,,,0
xfer_sink+meta,13,-17,2,99.000,,,0
xfer_sink+meta,13,-17,3,99.000,,,0
xfer_sink+meta,14,-16,0,99.000,,,0
xfer_sink+meta,14,-16,1,99.000,,,0
xfer_sink+meta,14,-16,2,99.000,,,0
xfer_sink+meta,14,-16,3,99.000,,,0
xfer_sink+meta,15,-15,0,99.000,,,0
xfer_sink+meta,15,-15,1,99.000,,,0
xfer_sink+meta,15,-15,2,99.000,,,0
xfer_sink+meta,15,-15,3,99.000,,,0
xfer_sink+meta,16,-14,0,99.000,,,0
xfer_sink+meta,16,-14,1,99.000,,,0
xfer_sink+meta,16,-14,2,99.000,,,0
xfer_sink+meta,16,-14,3,99.000,,,0
xfer_sink+meta,17,-13,0,99.000,,,0
xfer_sink+meta,17,-13,1,99.000,,,0
xfer_sink+meta,17,-13,2,99.000,,,0
xfer_sink+meta,17,-13,3,99.000,,,0
xfer_sink+meta,18,-12,0,99.000,,,0
xfer_sink+meta,18,-12,1,99.000,,,0
xfer_sink+meta,18,-12,2,99.000,,,0
xfer_sink+meta,18,-12,3,99.000,,,0
xfer_sink+meta,19,-11,0,99.000,,,0
xfer_sink+meta,19,-11,1,99.000,,,0
xfer_sink+meta,19,-11,2,99.000,,,0
xfer_sink+meta,19,-11,3,99.000,,,0
xfer_sink+meta,20,-10,0,99.000,,,0
xfer_sink+meta,20,-10,1,99.000,,,0
xfer_sink+meta,20,-10,2,99.000,,,0
xfer_sink+meta,20,-10,3,99.000,,,0
xfer_sink+meta,21,-9,0,99.000,,,0
xfer_sink+meta,21,-9,1,99.000,,,0
xfer_sink+meta,21,-9,2,99.000,,,0
xfer_sink+meta,21,-9,3,99.000,,,0
xfer_sink+meta,22,-8,0,99.000,,,0
xfer_sink+meta,22,-8,1,99.000,,,0
xfer_sink+meta,22,-8,2,99.000,,,0
xfer_sink+meta,22,-8,3,99.000,,,0
xfer_sink+meta,23,-7,0,99.000,,,0
xfer_sink+meta,23,-7,1,99.000,,,0
xfer_sink+meta,23,-7,2,99.000,,,0
xfer_sink+meta,23,-7,3,99.000,,,0
xfer_sink+meta,24,-6,0,99.000,,,0
xfer_sink+meta,24,-6,1,99.000,,,0
xfer_sink+meta,24,-6,2,99.000,,,0
xfer_sink+meta,24,-6,3,99.000,,,0
xfer_sink+meta,25,-5,0,99.000,,,0
xfer_sink+meta,25,-5,1,99.000,,,0
xfer_sink+meta,25,-5,2,99.000,,,0
xfer_sink+meta,25,-5,3,99.000,,,0
xfer_sink+meta,26,-4,0,99.000,,,0
xfer_sink+meta,26,-4,1,99.000,,,0
xfer_sink+meta,26,-4,2,99.000,,,0
xfer_sink+meta,26,-4,3,99.000,,,0
xfer_sink+meta,27,-3,0,99.000,,,0
xfer_sink+meta,27,-3,1,99.000,,,0
xfer_sink+meta,27,-3,2,99.000,,,0
xfer_sink+meta,27,-3,3,99.000,,,0
xfer_sink+meta,28,-2,0,99.000,,,0
xfer_sink+meta,28,-2,1,99.000,,,0
xfer_sink+meta,28,-2,2,99.000,,,0
xfer_sink+meta,28,-2,3,99.000,,,0
xfer_sink+meta,29,-1,0,99.000,,,0
xfer_sink+meta,29,-1,1,99.000,,,0
xfer_sink+meta,29,-1,2,99.000,,,0
xfer_sink+meta,29,-1,3,99.000,,,0
xfer_sink+meta,30,0,0,13.695,0.4169,0.4309,0
xfer_sink+meta,30,0,1,13.532,0.4761,0.4912,0
xfer_sink+meta,30,0,2,13.658,0.5405,0.5615,0
xfer_sink+meta,30,0,3,13.766,0.5745,0.5951,0
xfer_sink+meta,31,1,0,17.773,0.7935,0.7309,0
xfer_sink+meta,31,1,1,19.861,0.8119,0.7294,0
xfer_sink+meta,31,1,2,19.179,0.7914,0.7000,0
xfer_sink+meta,31,1,3,19.145,0.7757,0.6959,0
xfer_sink+meta,32,2,0,19.278,0.7969,0.6963,0
xfer_sink+meta,32,2,1,20.119,0.8201,0.7110,0
xfer_sink+meta,32,2,2,20.243,0.8284,0.7029,0
xfer_sink+meta,32,2,3,20.198,0.8261,0.7008,0
xfer_sink+meta,33,3,0,21.121,0.8414,0.7043,0
xfer_sink+meta,33,3,1,21.702,0.8591,0.7068,0
xfer_sink+meta,33,3,2,21.775,0.8618,0.7057,0
xfer_sink+meta,33,3,3,21.776,0.8623,0.7051,0
xfer_sink+meta,34,4,0,22.447,0.8712,0.7080,0
xfer_sink+meta,34,4,1,22.775,0.8742,0.7099,0
xfer_sink+meta,34,4,2,22.860,0.8778,0.7109,0
xfer_sink+meta,34,4,3,22.710,0.8701,0.7111,0
xfer_sink+meta,35,5,0,22.927,0.8695,0.7138,0
xfer_sink+meta,35,5,1,23.373,0.8698,0.7200,0
xfer_sink+meta,35,5,2,23.396,0.8721,0.7200,0
xfer_sink+meta,35,5,3,23.111,0.8634,0.7170,0
xfer_sink+meta,36,6,0,23.974,0.8778,0.7237,0
xfer_sink+meta,36,6,1,24.680,0.8934,0.7271,0
xfer_sink+meta,36,6,2,24.877,0.8983,0.7278,0
xfer_sink+meta,36,6,3,24.863,0.8969,0.7261,0
xfer_sink+meta,37,7,0,25.652,0.9054,0.7279,0
xfer_sink+meta,37,7,1,25.981,0.9111,0.7283,0
xfer_sink+meta,37,7,2,26.038,0.9121,0.7295,0
xfer_sink+meta,37,7,3,26.084,0.9127,0.7286,0
xfer_sink+meta,38,8,0,26.651,0.9189,0.7312,0
xfer_sink+meta,38,8,1,26.865,0.9192,0.7305,0
xfer_sink+meta,38,8,2,25.292,0.9118,0.7310,0
xfer_sink+meta,38,8,3,24.749,0.9036,0.7246,0
xfer_sink+meta,39,9,0,24.418,0.9072,0.7285,0
xfer_sink+meta,39,9,1,26.239,0.9232,0.7225,0
xfer_sink+meta,39,9,2,26.656,0.9286,0.7206,0
xfer_sink+meta,39,9,3,26.157,0.9209,0.7144,0
xfer_sink+meta,40,10,0,25.519,0.9148,0.7129,0
xfer_sink+meta,40,10,1,27.065,0.9354,0.7092,0
xfer_sink+meta,40,10,2,27.494,0.9429,0.7096,0
xfer_sink+meta,40,10,3,27.129,0.9388,0.7097,0
xfer_sink+meta,41,11,0,27.382,0.9393,0.7141,0
xfer_sink+meta,41,11,1,26.810,0.9301,0.7164,0
xfer_sink+meta,41,11,2,25.939,0.9281,0.7166,0
xfer_sink+meta,41,11,3,25.473,0.9206,0.7143,0
xfer_sink+meta,42,12,0,24.180,0.9097,0.7202,0
xfer_sink+meta,42,12,1,24.194,0.9125,0.7199,0
xfer_sink+meta,42,12,2,24.201,0.9123,0.7178,0
xfer_sink+meta,42,12,3,24.228,0.9124,0.7144,0
xfer_sink+meta,43,13,0,24.000,0.9082,0.7207,0
xfer_sink+meta,43,13,1,23.895,0.9074,0.7186,0
xfer_sink+meta,43,13,2,23.883,0.9062,0.7183,0
xfer_sink+meta,43,13,3,23.858,0.9048,0.7133,0
xfer_sink+meta,44,14,0,23.835,0.9033,0.7143,0
xfer_sink+meta,44,14,1,23.762,0.8982,0.7098,0
xfer_sink+meta,44,14,2,23.816,0.8987,0.7036,0
xfer_sink+meta,44,14,3,23.811,0.8983,0.6941,0
xfer_sink+meta,45,15,0,24.162,0.9014,0.6967,0
xfer_sink+meta,45,15,1,24.508,0.9071,0.6925,0
xfer_sink+meta,45,15,2,24.538,0.9078,0.6903,0
xfer_sink+meta,45,15,3,24.466,0.9055,0.6867,0
xfer_sink+meta,46,16,0,25.201,0.9214,0.6925,0
xfer_sink+meta,46,16,1,25.509,0.9275,0.6914,0
xfer_sink+meta,46,16,2,25.561,0.9285,0.6887,0
xfer_sink+meta,46,16,3,25.492,0.9271,0.6862,0
xfer_sink+meta,47,17,0,26.319,0.9383,0.6922,0
xfer_sink+meta,47,17,1,26.638,0.9434,0.6955,0
xfer_sink+meta,47,17,2,26.718,0.9451,0.6965,0
xfer_sink+meta,47,17,3,26.728,0.9454,0.6967,0
xfer_sink+meta,48,18,0,27.430,0.9514,0.7018,0
xfer_sink+meta,48,18,1,28.143,0.9536,0.7031,0
xfer_sink+meta,48,18,2,28.308,0.9544,0.7027,0
xfer_sink+meta,48,18,3,28.159,0.9520,0.7020,0
xfer_sink+meta,49,19,0,28.316,0.9509,0.7042,0
xfer_sink+meta,49,19,1,28.076,0.9500,0.7042,0
xfer_sink+meta,49,19,2,27.899,0.9486,0.7033,0
xfer_sink+meta,49,19,3,27.013,0.9399,0.7021,0
xfer_sink+meta,50,20,0,26.925,0.9346,0.6971,0
xfer_sink+meta,50,20,1,27.424,0.9357,0.6970,0
xfer_sink+meta,50,20,2,26.837,0.9381,0.6921,0
xfer_sink+meta,50,20,3,26.204,0.9256,0.6899,0
xfer_sink+meta,51,21,0,26.946,0.9307,0.6960,0
xfer_sink+meta,51,21,1,26.481,0.9360,0.6988,0
xfer_sink+meta,51,21,2,26.334,0.9403,0.6978,0
xfer_sink+meta,51,21,3,26.255,0.9368,0.6974,0
xfer_sink+meta,52,22,0,25.921,0.9274,0.6999,0
xfer_sink+meta,52,22,1,27.651,0.9454,0.7018,0
xfer_sink+meta,52,22,2,27.719,0.9486,0.7011,0
xfer_sink+meta,52,22,3,27.615,0.9480,0.7007,0
xfer_sink+meta,53,23,0,28.052,0.9453,0.7033,0
xfer_sink+meta,53,23,1,27.954,0.9442,0.7042,0
xfer_sink+meta,53,23,2,27.810,0.9442,0.7027,0
xfer_sink+meta,53,23,3,27.663,0.9426,0.7027,0
xfer_sink+meta,54,24,0,27.773,0.9410,0.7039,0
xfer_sink+meta,54,24,1,27.602,0.9390,0.7041,0
xfer_sink+meta,54,24,2,27.468,0.9390,0.7040,0
xfer_sink+meta,54,24,3,26.474,0.9290,0.7051,0
xfer_sink+meta,55,25,0,26.046,0.9185,0.7029,0
xfer_sink+meta,55,25,1,26.071,0.9103,0.7018,0
xfer_sink+meta,55,25,2,25.796,0.9168,0.7008,0
xfer_sink+meta,55,25,3,25.278,0.9105,0.7007,0
xfer_sink+meta,56,26,0,25.404,0.9187,0.7027,0
xfer_sink+meta,56,26,1,25.460,0.9188,0.7045,0
xfer_sink+meta,56,26,2,25.279,0.9194,0.7040,0
xfer_sink+meta,56,26,3,24.888,0.9150,0.7031,0
xfer_sink+meta,57,27,0,25.014,0.9183,0.7032,0
xfer_sink+meta,57,27,1,25.069,0.9209,0.7052,0
xfer_sink+meta,57,27,2,24.924,0.9204,0.7014,0
xfer_sink+meta,57,27,3,24.661,0.9172,0.6988,0
xfer_sink+meta,58,28,0,24.660,0.9148,0.6987,0
xfer_sink+meta,58,28,1,24.815,0.9143,0.7022,0
xfer_sink+meta,58,28,2,25.408,0.9236,0.7037,0
xfer_sink+meta,58,28,3,24.990,0.9118,0.7033,0
xfer_sink+meta,59,29,0,25.428,0.9160,0.7028,0
xfer_sink+meta,59,29,1,26.544,0.9368,0.7113,0
xfer_sink+meta,59,29,2,26.604,0.9377,0.7082,0
xfer_sink+meta,59,29,3,26.500,0.9368,0.7077,0
xfer_sink+meta,60,30,0,27.211,0.9435,0.7138,0
xfer_sink+meta,60,30,1,27.322,0.9462,0.7153,0
xfer_sink+meta,60,30,2,27.307,0.9466,0.7144,0
xfer_sink+meta,60,30,3,27.249,0.9464,0.7153,0
xfer_sink+meta,61,31,0,27.868,0.9522,0.7184,0
xfer_sink+meta,61,31,1,27.967,0.9519,0.7191,0
xfer_sink+meta,61,31,2,26.990,0.9476,0.7221,0
xfer_sink+meta,61,31,3,26.128,0.9356,0.7210,0
xfer_sink+meta,62,32,0,27.348,0.9512,0.7258,0
xfer_sink+meta,62,32,1,28.679,0.9607,0.7271,0
xfer_sink+meta,62,32,2,28.575,0.9608,0.7260,0
xfer_sink+meta,62,32,3,28.637,0.9611,0.7261,0
xfer_sink+meta,63,33,0,28.482,0.9603,0.7243,0
xfer_sink+meta,63,33,1,27.949,0.9511,0.7044,0
xfer_sink+meta,63,33,2,28.173,0.9520,0.7093,0
xfer_sink+meta,63,33,3,28.176,0.9521,0.7105,0
xfer_sink+meta,64,34,0,28.725,0.9550,0.7206,0
xfer_sink+meta,64,34,1,29.245,0.9603,0.7221,0
xfer_sink+meta,64,34,2,29.641,0.9656,0.7229,0
xfer_sink+meta,64,34,3,29.458,0.9651,0.7210,0
xfer_sink+meta,65,35,0,29.854,0.9680,0.7216,0
xfer_sink+meta,65,35,1,29.815,0.9698,0.7222,0
xfer_sink+meta,65,35,2,29.817,0.9708,0.7234,0
xfer_sink+meta,65,35,3,29.693,0.9704,0.7202,0
xfer_sink+meta,66,36,0,30.272,0.9736,0.7216,0
xfer_sink+meta,66,36,1,30.423,0.9741,0.7256,0
xfer_sink+meta,66,36,2,30.715,0.9754,0.7268,0
xfer_sink+meta,66,36,3,30.757,0.9753,0.7226,0
xfer_sink+meta,67,37,0,30.717,0.9724,0.7262,0
xfer_sink+meta,67,37,1,31.930,0.9795,0.7274,0
xfer_sink+meta,67,37,2,32.141,0.9802,0.7290,0
xfer_sink+meta,67,37,3,31.854,0.9792,0.7281,0
xfer_sink+meta,68,38,0,31.204,0.9763,0.7295,0
xfer_sink+meta,68,38,1,28.178,0.9578,0.7307,0
xfer_sink+meta,68,38,2,25.303,0.9501,0.7308,0
xfer_sink+meta,68,38,3,24.925,0.9420,0.7294,0
xfer_sink+meta,69,39,0,25.073,0.9420,0.7311,0
xfer_sink+meta,69,39,1,24.663,0.9414,0.7299,0
xfer_sink+meta,69,39,2,24.558,0.9394,0.7305,0
xfer_sink+meta,69,39,3,24.367,0.9352,0.7300,0
xfer_meta+inflight,1,-29,0,99.000,,,0
xfer_meta+inflight,1,-29,1,99.000,,,0
xfer_meta+inflight,1,-29,2,99.000,,,0
xfer_meta+inflight,1,-29,3,99.000,,,0
xfer_meta+inflight,2,-28,0,99.000,,,0
xfer_meta+inflight,2,-28,1,99.000,,,0
xfer_meta+inflight,2,-28,2,99.000,,,0
xfer_meta+inflight,2,-28,3,99.000,,,0
xfer_meta+inflight,3,-27,0,99.000,,,0
xfer_meta+inflight,3,-27,1,99.000,,,0
xfer_meta+inflight,3,-27,2,99.000,,,0
xfer_meta+inflight,3,-27,3,99.000,,,0
xfer_meta+inflight,4,-26,0,99.000,,,0
xfer_meta+inflight,4,-26,1,99.000,,,0
xfer_meta+inflight,4,-26,2,99.000,,,0
xfer_meta+inflight,4,-26,3,99.000,,,0
xfer_meta+inflight,5,-25,0,99.000,,,0
xfer_meta+inflight,5,-25,1,99.000,,,0
xfer_meta+inflight,5,-25,2,99.000,,,0
xfer_meta+inflight,5,-25,3,99.000,,,0
xfer_meta+inflight,6,-24,0,99.000,,,0
xfer_meta+inflight,6,-24,1,99.000,,,0
xfer_meta+inflight,6,-24,2,99.000,,,0
xfer_meta+inflight,6,-24,3,99.000,,,0
xfer_meta+inflight,7,-23,0,99.000,,,0
xfer_meta+inflight,7,-23,1,99.000,,,0
xfer_meta+inflight,7,-23,2,99.000,,,0
xfer_meta+inflight,7,-23,3,99.000,,,0
xfer_meta+inflight,8,-22,0,99.000,,,0
xfer_meta+inflight,8,-22,1,99.000,,,0
xfer_meta+inflight,8,-22,2,99.000,,,0
xfer_meta+inflight,8,-22,3,99.000,,,0
xfer_meta+inflight,9,-21,0,99.000,,,0
xfer_meta+inflight,9,-21,1,99.000,,,0
xfer_meta+inflight,9,-21,2,99.000,,,0
xfer_meta+inflight,9,-21,3,99.000,,,0
xfer_meta+inflight,10,-20,0,99.000,,,0
xfer_meta+inflight,10,-20,1,99.000,,,0
xfer_meta+inflight,10,-20,2,99.000,,,0
xfer_meta+inflight,10,-20,3,99.000,,,0
xfer_meta+inflight,11,-19,0,99.000,,,0
xfer_meta+inflight,11,-19,1,99.000,,,0
xfer_meta+inflight,11,-19,2,99.000,,,0
xfer_meta+inflight,11,-19,3,99.000,,,0
xfer_meta+inflight,12,-18,0,99.000,,,0
xfer_meta+inflight,12,-18,1,99.000,,,0
xfer_meta+inflight,12,-18,2,99.000,,,0
xfer_meta+inflight,12,-18,3,99.000,,,0
xfer_meta+inflight,13,-17,0,99.000,,,0
xfer_meta+inflight,13,-17,1,99.000,,,0
xfer_meta+inflight,13,-17,2,99.000,,,0
xfer_meta+inflight,13,-17,3,99.000,,,0
xfer_meta+inflight,14,-16,0,99.000,,,0
xfer_meta+inflight,14,-16,1,99.000,,,0
xfer_meta+inflight,14,-16,2,99.000,,,0
xfer_meta+inflight,14,-16,3,99.000,,,0
xfer_meta+inflight,15,-15,0,99.000,,,0
xfer_meta+inflight,15,-15,1,99.000,,,0
xfer_meta+inflight,15,-15,2,99.000,,,0
xfer_meta+inflight,15,-15,3,99.000,,,0
xfer_meta+inflight,16,-14,0,99.000,,,0
xfer_meta+inflight,16,-14,1,99.000,,,0
xfer_meta+inflight,16,-14,2,99.000,,,0
xfer_meta+inflight,16,-14,3,99.000,,,0
xfer_meta+inflight,17,-13,0,99.000,,,0
xfer_meta+inflight,17,-13,1,99.000,,,0
xfer_meta+inflight,17,-13,2,99.000,,,0
xfer_meta+inflight,17,-13,3,99.000,,,0
xfer_meta+inflight,18,-12,0,99.000,,,0
xfer_meta+inflight,18,-12,1,99.000,,,0
xfer_meta+inflight,18,-12,2,99.000,,,0
xfer_meta+inflight,18,-12,3,99.000,,,0
xfer_meta+inflight,19,-11,0,99.000,,,0
xfer_meta+inflight,19,-11,1,99.000,,,0
xfer_meta+inflight,19,-11,2,99.000,,,0
xfer_meta+inflight,19,-11,3,99.000,,,0
xfer_meta+inflight,20,-10,0,99.000,,,0
xfer_meta+inflight,20,-10,1,99.000,,,0
xfer_meta+inflight,20,-10,2,99.000,,,0
xfer_meta+inflight,20,-10,3,99.000,,,0
xfer_meta+inflight,21,-9,0,99.000,,,0
xfer_meta+inflight,21,-9,1,99.000,,,0
xfer_meta+inflight,21,-9,2,99.000,,,0
xfer_meta+inflight,21,-9,3,99.000,,,0
xfer_meta+inflight,22,-8,0,99.000,,,0
xfer_meta+inflight,22,-8,1,99.000,,,0
xfer_meta+inflight,22,-8,2,99.000,,,0
xfer_meta+inflight,22,-8,3,99.000,,,0
xfer_meta+inflight,23,-7,0,99.000,,,0
xfer_meta+inflight,23,-7,1,99.000,,,0
xfer_meta+inflight,23,-7,2,99.000,,,0
xfer_meta+inflight,23,-7,3,99.000,,,0
xfer_meta+inflight,24,-6,0,99.000,,,0
xfer_meta+inflight,24,-6,1,99.000,,,0
xfer_meta+inflight,24,-6,2,99.000,,,0
xfer_meta+inflight,24,-6,3,99.000,,,0
xfer_meta+inflight,25,-5,0,99.000,,,0
xfer_meta+inflight,25,-5,1,99.000,,,0
xfer_meta+inflight,25,-5,2,99.000,,,0
xfer_meta+inflight,25,-5,3,99.000,,,0
xfer_meta+inflight,26,-4,0,99.000,,,0
xfer_meta+inflight,26,-4,1,99.000,,,0
xfer_meta+inflight,26,-4,2,99.000,,,0
xfer_meta+inflight,26,-4,3,99.000,,,0
xfer_meta+inflight,27,-3,0,99.000,,,0
xfer_meta+inflight,27,-3,1,99.000,,,0
xfer_meta+inflight,27,-3,2,99.000,,,0
xfer_meta+inflight,27,-3,3,99.000,,,0
xfer_meta+inflight,28,-2,0,99.000,,,0
xfer_meta+inflight,28,-2,1,99.000,,,0
xfer_meta+inflight,28,-2,2,99.000,,,0
xfer_meta+inflight,28,-2,3,99.000,,,0
xfer_meta+inflight,29,-1,0,99.000,,,0
xfer_meta+inflight,29,-1,1,99.000,,,0
xfer_meta+inflight,29,-1,2,99.000,,,0
xfer_meta+inflight,29,-1,3,99.000,,,0
xfer_meta+inflight,30,0,0,14.525,0.6622,0.6279,0
xfer_meta+inflight,30,0,1,13.501,0.6812,0.6501,0
xfer_meta+inflight,30,0,2,14.823,0.7089,0.6473,0
xfer_meta+inflight,30,0,3,15.419,0.7037,0.6505,0
xfer_meta+inflight,31,1,0,14.667,0.7217,0.6891,0
xfer_meta+inflight,31,1,1,14.818,0.6822,0.6791,0
xfer_meta+inflight,31,1,2,15.508,0.6854,0.6760,0
xfer_meta+inflight,31,1,3,15.070,0.6761,0.6670,0
xfer_meta+inflight,32,2,0,16.173,0.7071,0.7011,0
xfer_meta+inflight,32,2,1,16.665,0.7211,0.7005,0
xfer_meta+inflight,32,2,2,16.878,0.7286,0.7063,0
xfer_meta+inflight,32,2,3,16.725,0.7237,0.7012,0
xfer_meta+inflight,33,3,0,17.814,0.7443,0.7158,0
xfer_meta+inflight,33,3,1,18.222,0.7548,0.7228,0
xfer_meta+inflight,33,3,2,18.346,0.7590,0.7218,0
xfer_meta+inflight,33,3,3,18.326,0.7576,0.7186,0
xfer_meta+inflight,34,4,0,18.636,0.7677,0.7217,0
xfer_meta+inflight,34,4,1,18.696,0.7701,0.7237,0
xfer_meta+inflight,34,4,2,18.637,0.7701,0.7223,0
xfer_meta+inflight,34,4,3,18.504,0.7646,0.7199,0
xfer_meta+inflight,35,5,0,18.604,0.7694,0.7189,0
xfer_meta+inflight,35,5,1,18.691,0.7673,0.7237,0
xfer_meta+inflight,35,5,2,18.499,0.7691,0.7223,0
xfer_meta+inflight,35,5,3,18.511,0.7677,0.7201,0
xfer_meta+inflight,36,6,0,18.740,0.7826,0.7276,0
xfer_meta+inflight,36,6,1,18.813,0.7841,0.7341,0
xfer_meta+inflight,36,6,2,18.803,0.7875,0.7334,0
xfer_meta+inflight,36,6,3,18.786,0.7878,0.7304,0
xfer_meta+inflight,37,7,0,18.911,0.7914,0.7350,0
xfer_meta+inflight,37,7,1,18.841,0.7885,0.7371,0
xfer_meta+inflight,37,7,2,18.839,0.7882,0.7374,0
xfer_meta+inflight,37,7,3,18.841,0.7884,0.7359,0
xfer_meta+inflight,38,8,0,18.881,0.7904,0.7415,0
xfer_meta+inflight,38,8,1,18.847,0.7889,0.7409,0
xfer_meta+inflight,38,8,2,18.871,0.7832,0.7422,0
xfer_meta+inflight,38,8,3,18.606,0.7769,0.7366,0
xfer_meta+inflight,39,9,0,18.422,0.7800,0.7373,0
xfer_meta+inflight,39,9,1,18.718,0.7909,0.7360,0
xfer_meta+inflight,39,9,2,18.770,0.7996,0.7316,0
xfer_meta+inflight,39,9,3,18.743,0.7985,0.7246,0
xfer_meta+inflight,40,10,0,18.785,0.7969,0.7265,0
xfer_meta+inflight,40,10,1,18.758,0.8006,0.7237,0
xfer_meta+inflight,40,10,2,18.812,0.8055,0.7234,0
xfer_meta+inflight,40,10,3,18.751,0.8028,0.7225,0
xfer_meta+inflight,41,11,0,18.752,0.8032,0.7278,0
xfer_meta+inflight,41,11,1,18.989,0.8047,0.7310,0
xfer_meta+inflight,41,11,2,18.781,0.8022,0.7286,0
xfer_meta+inflight,41,11,3,18.712,0.8007,0.7238,0
xfer_meta+inflight,42,12,0,18.929,0.7985,0.7324,0
xfer_meta+inflight,42,12,1,18.910,0.7969,0.7343,0
xfer_meta+inflight,42,12,2,18.966,0.7987,0.7322,0
xfer_meta+inflight,42,12,3,19.016,0.8023,0.7268,0
xfer_meta+inflight,43,13,0,18.703,0.8010,0.7375,0
xfer_meta+inflight,43,13,1,18.506,0.7927,0.7369,0
xfer_meta+inflight,43,13,2,18.462,0.7929,0.7334,0
xfer_meta+inflight,43,13,3,18.474,0.7942,0.7265,0
xfer_meta+inflight,44,14,0,18.432,0.7968,0.7362,0
xfer_meta+inflight,44,14,1,18.259,0.7955,0.7326,0
xfer_meta+inflight,44,14,2,18.151,0.7933,0.7214,0
xfer_meta+inflight,44,14,3,18.101,0.7920,0.7101,0
xfer_meta+inflight,45,15,0,18.064,0.7894,0.7173,0
xfer_meta+inflight,45,15,1,17.847,0.7852,0.7137,0
xfer_meta+inflight,45,15,2,17.763,0.7814,0.7109,0
xfer_meta+inflight,45,15,3,17.712,0.7792,0.7069,0
xfer_meta+inflight,46,16,0,17.881,0.7854,0.7131,0
xfer_meta+inflight,46,16,1,17.905,0.7859,0.7140,0
xfer_meta+inflight,46,16,2,17.861,0.7832,0.7106,0
xfer_meta+inflight,46,16,3,17.805,0.7802,0.7083,0
xfer_meta+inflight,47,17,0,18.126,0.7877,0.7157,0
xfer_meta+inflight,47,17,1,18.287,0.7912,0.7204,0
xfer_meta+inflight,47,17,2,18.371,0.7918,0.7234,0
xfer_meta+inflight,47,17,3,18.395,0.7910,0.7260,0
xfer_meta+inflight,48,18,0,18.580,0.7962,0.7330,0
xfer_meta+inflight,48,18,1,18.818,0.7973,0.7328,0
xfer_meta+inflight,48,18,2,18.798,0.7918,0.7292,0
xfer_meta+inflight,48,18,3,18.663,0.7817,0.7271,0
xfer_meta+inflight,49,19,0,18.632,0.7789,0.7307,0
xfer_meta+inflight,49,19,1,18.469,0.7738,0.7306,0
xfer_meta+inflight,49,19,2,18.278,0.7680,0.7297,0
xfer_meta+inflight,49,19,3,18.105,0.7616,0.7297,0
xfer_meta+inflight,50,20,0,18.132,0.7630,0.7248,0
xfer_meta+inflight,50,20,1,18.150,0.7679,0.7276,0
xfer_meta+inflight,50,20,2,17.727,0.7625,0.7235,0
xfer_meta+inflight,50,20,3,17.513,0.7536,0.7208,0
xfer_meta+inflight,51,21,0,17.770,0.7601,0.7239,0
xfer_meta+inflight,51,21,1,18.284,0.7742,0.7312,0
xfer_meta+inflight,51,21,2,18.235,0.7763,0.7302,0
xfer_meta+inflight,51,21,3,18.192,0.7745,0.7304,0
xfer_meta+inflight,52,22,0,18.304,0.7795,0.7334,0
xfer_meta+inflight,52,22,1,18.240,0.7837,0.7366,0
xfer_meta+inflight,52,22,2,18.226,0.7853,0.7337,0
xfer_meta+inflight,52,22,3,18.226,0.7856,0.7311,0
xfer_meta+inflight,53,23,0,18.300,0.7852,0.7344,0
xfer_meta+inflight,53,23,1,18.366,0.7883,0.7343,0
xfer_meta+inflight,53,23,2,18.421,0.7915,0.7306,0
xfer_meta+inflight,53,23,3,18.427,0.7937,0.7289,0
xfer_meta+inflight,54,24,0,18.465,0.7957,0.7332,0
xfer_meta+inflight,54,24,1,18.449,0.7968,0.7358,0
xfer_meta+inflight,54,24,2,18.436,0.7983,0.7353,0
xfer_meta+inflight,54,24,3,18.350,0.7963,0.7364,0
xfer_meta+inflight,55,25,0,18.293,0.7918,0.7322,0
xfer_meta+inflight,55,25,1,18.021,0.7874,0.7333,0
xfer_meta+inflight,55,25,2,17.785,0.7795,0.7299,0
xfer_meta+inflight,55,25,3,17.689,0.7781,0.7272,0
xfer_meta+inflight,56,26,0,18.092,0.7873,0.7347,0
xfer_meta+inflight,56,26,1,18.255,0.7952,0.7381,0
xfer_meta+inflight,56,26,2,18.271,0.7960,0.7352,0
xfer_meta+inflight,56,26,3,18.280,0.7964,0.7320,0
xfer_meta+inflight,57,27,0,18.387,0.7991,0.7320,0
xfer_meta+inflight,57,27,1,18.452,0.8002,0.7314,0
xfer_meta+inflight,57,27,2,18.418,0.7983,0.7264,0
xfer_meta+inflight,57,27,3,18.409,0.7979,0.7247,0
xfer_meta+inflight,58,28,0,18.471,0.7996,0.7226,0
xfer_meta+inflight,58,28,1,18.558,0.8000,0.7305,0
xfer_meta+inflight,58,28,2,18.694,0.7998,0.7272,0
xfer_meta+inflight,58,28,3,18.418,0.7847,0.7218,0
xfer_meta+inflight,59,29,0,18.430,0.7912,0.7190,0
xfer_meta+inflight,59,29,1,18.486,0.8043,0.7351,0
xfer_meta+inflight,59,29,2,18.558,0.8063,0.7302,0
xfer_meta+inflight,59,29,3,18.543,0.8056,0.7273,0
xfer_meta+inflight,60,30,0,18.513,0.8134,0.7380,0
xfer_meta+inflight,60,30,1,18.443,0.8132,0.7393,0
xfer_meta+inflight,60,30,2,18.402,0.8121,0.7373,0
xfer_meta+inflight,60,30,3,18.369,0.8107,0.7360,0
xfer_meta+inflight,61,31,0,18.413,0.8132,0.7398,0
xfer_meta+inflight,61,31,1,18.435,0.8134,0.7412,0
xfer_meta+inflight,61,31,2,18.210,0.8109,0.7448,0
xfer_meta+inflight,61,31,3,18.254,0.8119,0.7444,0
xfer_meta+inflight,62,32,0,18.132,0.8077,0.7496,0
xfer_meta+inflight,62,32,1,18.118,0.8118,0.7482,0
xfer_meta+inflight,62,32,2,18.091,0.8102,0.7460,0
xfer_meta+inflight,62,32,3,18.098,0.8099,0.7464,0
xfer_meta+inflight,63,33,0,18.073,0.8086,0.7439,0
xfer_meta+inflight,63,33,1,17.350,0.7756,0.7074,0
xfer_meta+inflight,63,33,2,17.500,0.7797,0.7118,0
xfer_meta+inflight,63,33,3,17.524,0.7811,0.7135,0
xfer_meta+inflight,64,34,0,17.688,0.7877,0.7356,0
xfer_meta+inflight,64,34,1,17.640,0.7890,0.7377,0
xfer_meta+inflight,64,34,2,17.503,0.7892,0.7379,0
xfer_meta+inflight,64,34,3,17.422,0.7852,0.7347,0
xfer_meta+inflight,65,35,0,17.507,0.7887,0.7375,0
xfer_meta+inflight,65,35,1,17.676,0.7956,0.7432,0
xfer_meta+inflight,65,35,2,17.638,0.7927,0.7447,0
xfer_meta+inflight,65,35,3,17.576,0.7901,0.7410,0
xfer_meta+inflight,66,36,0,17.557,0.7875,0.7468,0
xfer_meta+inflight,66,36,1,17.982,0.7967,0.7497,0
xfer_meta+inflight,66,36,2,17.973,0.7971,0.7508,0
xfer_meta+inflight,66,36,3,17.852,0.7924,0.7490,0
xfer_meta+inflight,67,37,0,18.049,0.7973,0.7532,0
xfer_meta+inflight,67,37,1,18.053,0.8010,0.7572,0
xfer_meta+inflight,67,37,2,18.037,0.8018,0.7601,0
xfer_meta+inflight,67,37,3,17.964,0.8004,0.7606,0
xfer_meta+inflight,68,38,0,18.015,0.8020,0.7635,0
xfer_meta+inflight,68,38,1,17.948,0.7980,0.7629,0
xfer_meta+inflight,68,38,2,17.812,0.7986,0.7616,0
xfer_meta+inflight,68,38,3,17.666,0.7936,0.7593,0
xfer_meta+inflight,69,39,0,17.430,0.7863,0.7647,0
xfer_meta+inflight,69,39,1,17.568,0.7916,0.7615,0
xfer_meta+inflight,69,39,2,17.588,0.7928,0.7612,0
xfer_meta+inflight,69,39,3,17.562,0.7905,0.7595,0
drop_inflight,1,-29,0,99.000,,,0
drop_inflight,1,-29,1,99.000,,,0
drop_inflight,1,-29,2,99.000,,,0
drop_inflight,1,-29,3,99.000,,,0
drop_inflight,2,-28,0,99.000,,,0
drop_inflight,2,-28,1,99.000,,,0
drop_inflight,2,-28,2,99.000,,,0
drop_inflight,2,-28,3,99.000,,,0
drop_inflight,3,-27,0,99.000,,,0
drop_inflight,3,-27,1,99.000,,,0
drop_inflight,3,-27,2,99.000,,,0
drop_inflight,3,-27,3,99.000,,,0
drop_inflight,4,-26,0,99.000,,,0
drop_inflight,4,-26,1,99.000,,,0
drop_inflight,4,-26,2,99.000,,,0
drop_inflight,4,-26,3,99.000,,,0
drop_inflight,5,-25,0,99.000,,,0
drop_inflight,5,-25,1,99.000,,,0
drop_inflight,5,-25,2,99.000,,,0
drop_inflight,5,-25,3,99.000,,,0
drop_inflight,6,-24,0,99.000,,,0
drop_inflight,6,-24,1,99.000,,,0
drop_inflight,6,-24,2,99.000,,,0
drop_inflight,6,-24,3,99.000,,,0
drop_inflight,7,-23,0,99.000,,,0
drop_inflight,7,-23,1,99.000,,,0
drop_inflight,7,-23,2,99.000,,,0
drop_inflight,7,-23,3,99.000,,,0
drop_inflight,8,-22,0,99.000,,,0
drop_inflight,8,-22,1,99.000,,,0
drop_inflight,8,-22,2,99.000,,,0
drop_inflight,8,-22,3,99.000,,,0
drop_inflight,9,-21,0,99.000,,,0
drop_inflight,9,-21,1,99.000,,,0
drop_inflight,9,-21,2,99.000,,,0
drop_inflight,9,-21,3,99.000,,,0
drop_inflight,10,-20,0,99.000,,,0
drop_inflight,10,-20,1,99.000,,,0
drop_inflight,10,-20,2,99.000,,,0
drop_inflight,10,-20,3,99.000,,,0
drop_inflight,11,-19,0,99.000,,,0
drop_inflight,11,-19,1,99.000,,,0
drop_inflight,11,-19,2,99.000,,,0
drop_inflight,11,-19,3,99.000,,,0
drop_inflight,12,-18,0,99.000,,,0
drop_inflight,12,-18,1,99.000,,,0
drop_inflight,12,-18,2,99.000,,,0
drop_inflight,12,-18,3,99.000,,,0
drop_inflight,13,-17,0,99.000,,,0
drop_inflight,13,-17,1,99.000,,,0
drop_inflight,13,-17,2,99.000,,,0
drop_inflight,13,-17,3,99.000,,,0
drop_inflight,14,-16,0,99.000,,,0
drop_inflight,14,-16,1,99.000,,,0
drop_inflight,14,-16,2,99.000,,,0
drop_inflight,14,-16,3,99.000,,,0
drop_inflight,15,-15,0,99.000,,,0
drop_inflight,15,-15,1,99.000,,,0
drop_inflight,15,-15,2,99.000,,,0
drop_inflight,15,-15,3,99.000,,,0
drop_inflight,16,-14,0,99.000,,,0
drop_inflight,16,-14,1,99.000,,,0
drop_inflight,16,-14,2,99.000,,,0
drop_inflight,16,-14,3,99.000,,,0
drop_inflight,17,-13,0,99.000,,,0
drop_inflight,17,-13,1,99.000,,,0
drop_inflight,17,-13,2,99.000,,,0
drop_inflight,17,-13,3,99.000,,,0
drop_inflight,18,-12,0,99.000,,,0
drop_inflight,18,-12,1,99.000,,,0
drop_inflight,18,-12,2,99.000,,,0
drop_inflight,18,-12,3,99.000,,,0
drop_inflight,19,-11,0,99.000,,,0
drop_inflight,19,-11,1,99.000,,,0
drop_inflight,19,-11,2,99.000,,,0
drop_inflight,19,-11,3,99.000,,,0
drop_inflight,20,-10,0,99.000,,,0
drop_inflight,20,-10,1,99.000,,,0
drop_inflight,20,-10,2,99.000,,,0
drop_inflight,20,-10,3,99.000,,,0
drop_inflight,21,-9,0,99.000,,,0
drop_inflight,21,-9,1,99.000,,,0
drop_inflight,21,-9,2,99.000,,,0
drop_inflight,21,-9,3,99.000,,,0
drop_inflight,22,-8,0,99.000,,,0
drop_inflight,22,-8,1,99.000,,,0
drop_inflight,22,-8,2,99.000,,,0
drop_inflight,22,-8,3,99.000,,,0
drop_inflight,23,-7,0,99.000,,,0
drop_inflight,23,-7,1,99.000,,,0
drop_inflight,23,-7,2,99.000,,,0
drop_inflight,23,-7,3,99.000,,,0
drop_inflight,24,-6,0,99.000,,,0
drop_inflight,24,-6,1,99.000,,,0
drop_inflight,24,-6,2,99.000,,,0
drop_inflight,24,-6,3,99.000,,,0
drop_inflight,25,-5,0,99.000,,,0
drop_inflight,25,-5,1,99.000,,,0
drop_inflight,25,-5,2,99.000,,,0
drop_inflight,25,-5,3,99.000,,,0
drop_inflight,26,-4,0,99.000,,,0
drop_inflight,26,-4,1,99.000,,,0
drop_inflight,26,-4,2,99.000,,,0
drop_inflight,26,-4,3,99.000,,,0
drop_inflight,27,-3,0,99.000,,,0
drop_inflight,27,-3,1,99.000,,,0
drop_inflight,27,-3,2,99.000,,,0
drop_inflight,27,-3,3,99.000,,,0
drop_inflight,28,-2,0,99.000,,,0
drop_inflight,28,-2,1,99.000,,,0
drop_inflight,28,-2,2,99.000,,,0
drop_inflight,28,-2,3,99.000,,,0
drop_inflight,29,-1,0,99.000,,,0
drop_inflight,29,-1,1,99.000,,,0
drop_inflight,29,-1,2,99.000,,,0
drop_inflight,29,-1,3,99.000,,,0
drop_inflight,30,0,0,18.054,0.8027,0.7344,0
drop_inflight,30,0,1,13.688,0.6249,0.6154,0
drop_inflight,30,0,2,13.458,0.6359,0.6444,0
drop_inflight,30,0,3,13.175,0.6427,0.6571,0
drop_inflight,31,1,0,18.465,0.8257,0.7594,0
drop_inflight,31,1,1,21.933,0.8727,0.7597,0
drop_inflight,31,1,2,21.909,0.8629,0.7304,0
drop_inflight,31,1,3,21.935,0.8499,0.7321,0
drop_inflight,32,2,0,22.162,0.8532,0.7280,0
drop_inflight,32,2,1,24.283,0.9028,0.7306,0
drop_inflight,32,2,2,24.178,0.9080,0.7210,0
drop_inflight,32,2,3,24.095,0.9053,0.7201,0
drop_inflight,33,3,0,25.872,0.9170,0.7237,0
drop_inflight,33,3,1,27.004,0.9351,0.7231,0
drop_inflight,33,3,2,27.075,0.9349,0.7208,0
drop_inflight,33,3,3,27.022,0.9337,0.7200,0
drop_inflight,34,4,0,27.592,0.9389,0.7203,0
drop_inflight,34,4,1,27.593,0.9386,0.7218,0
drop_inflight,34,4,2,27.552,0.9416,0.7221,0
drop_inflight,34,4,3,27.172,0.9378,0.7234,0
drop_inflight,35,5,0,27.775,0.9420,0.7236,0
drop_inflight,35,5,1,28.440,0.9420,0.7310,0
drop_inflight,35,5,2,28.103,0.9435,0.7288,0
drop_inflight,35,5,3,27.962,0.9418,0.7272,0
drop_inflight,36,6,0,29.459,0.9535,0.7302,0
drop_inflight,36,6,1,30.205,0.9606,0.7328,0
drop_inflight,36,6,2,30.363,0.9629,0.7349,0
drop_inflight,36,6,3,30.317,0.9625,0.7335,0
drop_inflight,37,7,0,31.260,0.9691,0.7355,0
drop_inflight,37,7,1,31.548,0.9711,0.7353,0
drop_inflight,37,7,2,31.598,0.9715,0.7357,0
drop_inflight,37,7,3,31.511,0.9711,0.7343,0
drop_inflight,38,8,0,31.836,0.9723,0.7350,0
drop_inflight,38,8,1,32.300,0.9731,0.7333,0
drop_inflight,38,8,2,32.436,0.9742,0.7318,0
drop_inflight,38,8,3,31.499,0.9687,0.7258,0
drop_inflight,39,9,0,31.631,0.9718,0.7300,0
drop_inflight,39,9,1,33.403,0.9793,0.7250,0
drop_inflight,39,9,2,33.651,0.9809,0.7221,0
drop_inflight,39,9,3,33.453,0.9796,0.7156,0
drop_inflight,40,10,0,34.036,0.9824,0.7139,0
drop_inflight,40,10,1,35.089,0.9867,0.7108,0
drop_inflight,40,10,2,35.003,0.9870,0.7109,0
drop_inflight,40,10,3,34.668,0.9865,0.7111,0
drop_inflight,41,11,0,35.568,0.9876,0.7157,0
drop_inflight,41,11,1,35.346,0.9869,0.7185,0
drop_inflight,41,11,2,35.013,0.9874,0.7185,0
drop_inflight,41,11,3,34.763,0.9870,0.7167,0
drop_inflight,42,12,0,35.107,0.9871,0.7228,0
drop_inflight,42,12,1,34.867,0.9878,0.7227,0
drop_inflight,42,12,2,34.642,0.9876,0.7211,0
drop_inflight,42,12,3,34.551,0.9875,0.7168,0
drop_inflight,43,13,0,35.211,0.9882,0.7219,0
drop_inflight,43,13,1,34.991,0.9870,0.7210,0
drop_inflight,43,13,2,35.160,0.9875,0.7193,0
drop_inflight,43,13,3,35.203,0.9876,0.7141,0
drop_inflight,44,14,0,34.845,0.9857,0.7144,0
drop_inflight,44,14,1,34.575,0.9844,0.7097,0
drop_inflight,44,14,2,34.181,0.9841,0.7032,0
drop_inflight,44,14,3,33.808,0.9833,0.6950,0
drop_inflight,45,15,0,32.750,0.9811,0.6975,0
drop_inflight,45,15,1,32.068,0.9801,0.6941,0
drop_inflight,45,15,2,32.089,0.9803,0.6925,0
drop_inflight,45,15,3,31.856,0.9793,0.6884,0
drop_inflight,46,16,0,33.169,0.9824,0.6955,0
drop_inflight,46,16,1,33.528,0.9837,0.6941,0
drop_inflight,46,16,2,33.621,0.9846,0.6913,0
drop_inflight,46,16,3,33.585,0.9846,0.6889,0
drop_inflight,47,17,0,34.371,0.9865,0.6954,0
drop_inflight,47,17,1,34.293,0.9867,0.6983,0
drop_inflight,47,17,2,34.210,0.9865,0.6996,0
drop_inflight,47,17,3,34.043,0.9862,0.7003,0
drop_inflight,48,18,0,35.066,0.9875,0.7051,0
drop_inflight,48,18,1,35.149,0.9874,0.7067,0
drop_inflight,48,18,2,34.923,0.9870,0.7061,0
drop_inflight,48,18,3,34.436,0.9858,0.7051,0
drop_inflight,49,19,0,33.955,0.9832,0.7071,0
drop_inflight,49,19,1,32.918,0.9804,0.7069,0
drop_inflight,49,19,2,32.452,0.9794,0.7059,0
drop_inflight,49,19,3,31.144,0.9749,0.7049,0
drop_inflight,50,20,0,30.842,0.9708,0.6993,0
drop_inflight,50,20,1,31.171,0.9705,0.6998,0
drop_inflight,50,20,2,31.320,0.9735,0.6943,0
drop_inflight,50,20,3,30.352,0.9656,0.6917,0
drop_inflight,51,21,0,31.246,0.9682,0.6967,0
drop_inflight,51,21,1,32.065,0.9738,0.7006,0
drop_inflight,51,21,2,31.915,0.9755,0.6986,0
drop_inflight,51,21,3,31.899,0.9749,0.6982,0
drop_inflight,52,22,0,32.156,0.9732,0.7009,0
drop_inflight,52,22,1,33.363,0.9800,0.7038,0
drop_inflight,52,22,2,33.354,0.9810,0.7037,0
drop_inflight,52,22,3,33.403,0.9811,0.7037,0
drop_inflight,53,23,0,32.997,0.9791,0.7070,0
drop_inflight,53,23,1,32.724,0.9782,0.7076,0
drop_inflight,53,23,2,32.554,0.9780,0.7061,0
drop_inflight,53,23,3,32.363,0.9775,0.7063,0
drop_inflight,54,24,0,32.266,0.9759,0.7074,0
drop_inflight,54,24,1,32.036,0.9742,0.7073,0
drop_inflight,54,24,2,31.692,0.9731,0.7066,0
drop_inflight,54,24,3,31.510,0.9716,0.7079,0
drop_inflight,55,25,0,31.082,0.9677,0.7040,0
drop_inflight,55,25,1,29.222,0.9522,0.7023,0
drop_inflight,55,25,2,29.216,0.9572,0.7028,0
drop_inflight,55,25,3,29.053,0.9573,0.7026,0
drop_inflight,56,26,0,29.320,0.9624,0.7054,0
drop_inflight,56,26,1,29.326,0.9617,0.7072,0
drop_inflight,56,26,2,29.255,0.9624,0.7059,0
drop_inflight,56,26,3,28.976,0.9611,0.7047,0
drop_inflight,57,27,0,29.258,0.9628,0.7059,0
drop_inflight,57,27,1,29.633,0.9662,0.7079,0
drop_inflight,57,27,2,29.680,0.9675,0.7040,0
drop_inflight,57,27,3,29.608,0.9677,0.7003,0
drop_inflight,58,28,0,29.840,0.9687,0.6995,0
drop_inflight,58,28,1,29.874,0.9673,0.7020,0
drop_inflight,58,28,2,29.851,0.9697,0.7045,0
drop_inflight,58,28,3,29.174,0.9668,0.7017,0
drop_inflight,59,29,0,29.566,0.9678,0.7015,0
drop_inflight,59,29,1,30.307,0.9736,0.7134,0
drop_inflight,59,29,2,30.509,0.9744,0.7094,0
drop_inflight,59,29,3,30.413,0.9740,0.7086,0
drop_inflight,60,30,0,31.480,0.9768,0.7146,0
drop_inflight,60,30,1,32.006,0.9793,0.7157,0
drop_inflight,60,30,2,32.177,0.9799,0.7147,0
drop_inflight,60,30,3,32.151,0.9799,0.7158,0
drop_inflight,61,31,0,32.915,0.9825,0.7189,0
drop_inflight,61,31,1,32.881,0.9824,0.7199,0
drop_inflight,61,31,2,32.265,0.9811,0.7225,0
drop_inflight,61,31,3,32.016,0.9802,0.7215,0
drop_inflight,62,32,0,32.752,0.9824,0.7263,0
drop_inflight,62,32,1,33.192,0.9836,0.7278,0
drop_inflight,62,32,2,33.212,0.9837,0.7274,0
drop_inflight,62,32,3,33.214,0.9837,0.7275,0
drop_inflight,63,33,0,33.165,0.9841,0.7259,0
drop_inflight,63,33,1,31.684,0.9776,0.7064,0
drop_inflight,63,33,2,31.851,0.9778,0.7112,0
drop_inflight,63,33,3,31.766,0.9773,0.7123,0
drop_inflight,64,34,0,32.342,0.9791,0.7227,0
drop_inflight,64,34,1,32.698,0.9816,0.7245,0
drop_inflight,64,34,2,32.610,0.9832,0.7258,0
drop_inflight,64,34,3,32.461,0.9830,0.7235,0
drop_inflight,65,35,0,32.777,0.9832,0.7240,0
drop_inflight,65,35,1,32.853,0.9842,0.7245,0
drop_inflight,65,35,2,32.595,0.9839,0.7252,0
drop_inflight,65,35,3,32.220,0.9829,0.7220,0
drop_inflight,66,36,0,32.580,0.9842,0.7233,0
drop_inflight,66,36,1,33.048,0.9855,0.7277,0
drop_inflight,66,36,2,33.728,0.9871,0.7290,0
drop_inflight,66,36,3,33.872,0.9874,0.7245,0
drop_inflight,67,37,0,34.744,0.9892,0.7284,0
drop_inflight,67,37,1,35.421,0.9905,0.7294,0
drop_inflight,67,37,2,35.667,0.9908,0.7305,0
drop_inflight,67,37,3,35.624,0.9908,0.7298,0
drop_inflight,68,38,0,36.092,0.9911,0.7308,0
drop_inflight,68,38,1,35.229,0.9895,0.7310,0
drop_inflight,68,38,2,35.210,0.9892,0.7313,0
drop_inflight,68,38,3,35.070,0.9888,0.7293,0
drop_inflight,69,39,0,32.865,0.9833,0.7321,0
drop_inflight,69,39,1,32.574,0.9834,0.7320,0
drop_inflight,69,39,2,32.495,0.9832,0.7328,0
drop_inflight,69,39,3,32.332,0.9824,0.7330,0
drop_kv_recent,1,-29,0,99.000,,,0
drop_kv_recent,1,-29,1,99.000,,,0
drop_kv_recent,1,-29,2,99.000,,,0
drop_kv_recent,1,-29,3,99.000,,,0
drop_kv_recent,2,-28,0,99.000,,,0
drop_kv_recent,2,-28,1,99.000,,,0
drop_kv_recent,2,-28,2,99.000,,,0
drop_kv_recent,2,-28,3,99.000,,,0
drop_kv_recent,3,-27,0,99.000,,,0
drop_kv_recent,3,-27,1,99.000,,,0
drop_kv_recent,3,-27,2,99.000,,,0
drop_kv_recent,3,-27,3,99.000,,,0
drop_kv_recent,4,-26,0,99.000,,,0
drop_kv_recent,4,-26,1,99.000,,,0
drop_kv_recent,4,-26,2,99.000,,,0
drop_kv_recent,4,-26,3,99.000,,,0
drop_kv_recent,5,-25,0,99.000,,,0
drop_kv_recent,5,-25,1,99.000,,,0
drop_kv_recent,5,-25,2,99.000,,,0
drop_kv_recent,5,-25,3,99.000,,,0
drop_kv_recent,6,-24,0,99.000,,,0
drop_kv_recent,6,-24,1,99.000,,,0
drop_kv_recent,6,-24,2,99.000,,,0
drop_kv_recent,6,-24,3,99.000,,,0
drop_kv_recent,7,-23,0,99.000,,,0
drop_kv_recent,7,-23,1,99.000,,,0
drop_kv_recent,7,-23,2,99.000,,,0
drop_kv_recent,7,-23,3,99.000,,,0
drop_kv_recent,8,-22,0,99.000,,,0
drop_kv_recent,8,-22,1,99.000,,,0
drop_kv_recent,8,-22,2,99.000,,,0
drop_kv_recent,8,-22,3,99.000,,,0
drop_kv_recent,9,-21,0,99.000,,,0
drop_kv_recent,9,-21,1,99.000,,,0
drop_kv_recent,9,-21,2,99.000,,,0
drop_kv_recent,9,-21,3,99.000,,,0
drop_kv_recent,10,-20,0,99.000,,,0
drop_kv_recent,10,-20,1,99.000,,,0
drop_kv_recent,10,-20,2,99.000,,,0
drop_kv_recent,10,-20,3,99.000,,,0
drop_kv_recent,11,-19,0,99.000,,,0
drop_kv_recent,11,-19,1,99.000,,,0
drop_kv_recent,11,-19,2,99.000,,,0
drop_kv_recent,11,-19,3,99.000,,,0
drop_kv_recent,12,-18,0,99.000,,,0
drop_kv_recent,12,-18,1,99.000,,,0
drop_kv_recent,12,-18,2,99.000,,,0
drop_kv_recent,12,-18,3,99.000,,,0
drop_kv_recent,13,-17,0,99.000,,,0
drop_kv_recent,13,-17,1,99.000,,,0
drop_kv_recent,13,-17,2,99.000,,,0
drop_kv_recent,13,-17,3,99.000,,,0
drop_kv_recent,14,-16,0,99.000,,,0
drop_kv_recent,14,-16,1,99.000,,,0
drop_kv_recent,14,-16,2,99.000,,,0
drop_kv_recent,14,-16,3,99.000,,,0
drop_kv_recent,15,-15,0,99.000,,,0
drop_kv_recent,15,-15,1,99.000,,,0
drop_kv_recent,15,-15,2,99.000,,,0
drop_kv_recent,15,-15,3,99.000,,,0
drop_kv_recent,16,-14,0,99.000,,,0
drop_kv_recent,16,-14,1,99.000,,,0
drop_kv_recent,16,-14,2,99.000,,,0
drop_kv_recent,16,-14,3,99.000,,,0
drop_kv_recent,17,-13,0,99.000,,,0
drop_kv_recent,17,-13,1,99.000,,,0
drop_kv_recent,17,-13,2,99.000,,,0
drop_kv_recent,17,-13,3,99.000,,,0
drop_kv_recent,18,-12,0,99.000,,,0
drop_kv_recent,18,-12,1,99.000,,,0
drop_kv_recent,18,-12,2,99.000,,,0
drop_kv_recent,18,-12,3,99.000,,,0
drop_kv_recent,19,-11,0,99.000,,,0
drop_kv_recent,19,-11,1,99.000,,,0
drop_kv_recent,19,-11,2,99.000,,,0
drop_kv_recent,19,-11,3,99.000,,,0
drop_kv_recent,20,-10,0,99.000,,,0
drop_kv_recent,20,-10,1,99.000,,,0
drop_kv_recent,20,-10,2,99.000,,,0
drop_kv_recent,20,-10,3,99.000,,,0
drop_kv_recent,21,-9,0,99.000,,,0
drop_kv_recent,21,-9,1,99.000,,,0
drop_kv_recent,21,-9,2,99.000,,,0
drop_kv_recent,21,-9,3,99.000,,,0
drop_kv_recent,22,-8,0,99.000,,,0
drop_kv_recent,22,-8,1,99.000,,,0
drop_kv_recent,22,-8,2,99.000,,,0
drop_kv_recent,22,-8,3,99.000,,,0
drop_kv_recent,23,-7,0,99.000,,,0
drop_kv_recent,23,-7,1,99.000,,,0
drop_kv_recent,23,-7,2,99.000,,,0
drop_kv_recent,23,-7,3,99.000,,,0
drop_kv_recent,24,-6,0,99.000,,,0
drop_kv_recent,24,-6,1,99.000,,,0
drop_kv_recent,24,-6,2,99.000,,,0
drop_kv_recent,24,-6,3,99.000,,,0
drop_kv_recent,25,-5,0,99.000,,,0
drop_kv_recent,25,-5,1,99.000,,,0
drop_kv_recent,25,-5,2,99.000,,,0
drop_kv_recent,25,-5,3,99.000,,,0
drop_kv_recent,26,-4,0,99.000,,,0
drop_kv_recent,26,-4,1,99.000,,,0
drop_kv_recent,26,-4,2,99.000,,,0
drop_kv_recent,26,-4,3,99.000,,,0
drop_kv_recent,27,-3,0,99.000,,,0
drop_kv_recent,27,-3,1,99.000,,,0
drop_kv_recent,27,-3,2,99.000,,,0
drop_kv_recent,27,-3,3,99.000,,,0
drop_kv_recent,28,-2,0,99.000,,,0
drop_kv_recent,28,-2,1,99.000,,,0
drop_kv_recent,28,-2,2,99.000,,,0
drop_kv_recent,28,-2,3,99.000,,,0
drop_kv_recent,29,-1,0,99.000,,,0
drop_kv_recent,29,-1,1,99.000,,,0
drop_kv_recent,29,-1,2,99.000,,,0
drop_kv_recent,29,-1,3,99.000,,,0
drop_kv_recent,30,0,0,21.619,0.8343,0.7174,0
drop_kv_recent,30,0,1,21.275,0.8318,0.7182,0
drop_kv_recent,30,0,2,20.767,0.8427,0.7259,0
drop_kv_recent,30,0,3,20.308,0.8145,0.7165,0
drop_kv_recent,31,1,0,20.349,0.8234,0.7221,0
drop_kv_recent,31,1,1,21.460,0.8499,0.7499,0
drop_kv_recent,31,1,2,20.202,0.8272,0.7059,0
drop_kv_recent,31,1,3,20.139,0.8217,0.7028,0
drop_kv_recent,32,2,0,20.000,0.8203,0.7028,0
drop_kv_recent,32,2,1,21.926,0.8578,0.7119,0
drop_kv_recent,32,2,2,21.869,0.8602,0.7085,0
drop_kv_recent,32,2,3,21.688,0.8552,0.7074,0
drop_kv_recent,33,3,0,22.488,0.8638,0.7129,0
drop_kv_recent,33,3,1,23.015,0.8758,0.7160,0
drop_kv_recent,33,3,2,23.054,0.8775,0.7143,0
drop_kv_recent,33,3,3,23.055,0.8780,0.7131,0
drop_kv_recent,34,4,0,23.568,0.8850,0.7173,0
drop_kv_recent,34,4,1,23.808,0.8875,0.7193,0
drop_kv_recent,34,4,2,23.947,0.8907,0.7207,0
drop_kv_recent,34,4,3,23.953,0.8863,0.7214,0
drop_kv_recent,35,5,0,24.343,0.8905,0.7224,0
drop_kv_recent,35,5,1,24.834,0.8951,0.7279,0
drop_kv_recent,35,5,2,25.353,0.9055,0.7273,0
drop_kv_recent,35,5,3,25.261,0.9017,0.7251,0
drop_kv_recent,36,6,0,25.990,0.9154,0.7289,0
drop_kv_recent,36,6,1,26.561,0.9239,0.7319,0
drop_kv_recent,36,6,2,26.740,0.9273,0.7324,0
drop_kv_recent,36,6,3,26.720,0.9264,0.7306,0
drop_kv_recent,37,7,0,27.764,0.9368,0.7335,0
drop_kv_recent,37,7,1,28.301,0.9428,0.7338,0
drop_kv_recent,37,7,2,28.524,0.9454,0.7343,0
drop_kv_recent,37,7,3,28.597,0.9461,0.7331,0
drop_kv_recent,38,8,0,29.461,0.9523,0.7338,0
drop_kv_recent,38,8,1,30.040,0.9563,0.7329,0
drop_kv_recent,38,8,2,30.416,0.9606,0.7314,0
drop_kv_recent,38,8,3,30.393,0.9594,0.7262,0
drop_kv_recent,39,9,0,31.647,0.9673,0.7299,0
drop_kv_recent,39,9,1,32.127,0.9722,0.7252,0
drop_kv_recent,39,9,2,32.247,0.9741,0.7227,0
drop_kv_recent,39,9,3,32.246,0.9739,0.7164,0
drop_kv_recent,40,10,0,33.254,0.9781,0.7147,0
drop_kv_recent,40,10,1,33.908,0.9817,0.7117,0
drop_kv_recent,40,10,2,33.840,0.9826,0.7116,0
drop_kv_recent,40,10,3,33.819,0.9824,0.7116,0
drop_kv_recent,41,11,0,34.317,0.9840,0.7164,0
drop_kv_recent,41,11,1,33.916,0.9823,0.7186,0
drop_kv_recent,41,11,2,33.778,0.9823,0.7186,0
drop_kv_recent,41,11,3,34.017,0.9833,0.7171,0
drop_kv_recent,42,12,0,35.143,0.9860,0.7234,0
drop_kv_recent,42,12,1,35.324,0.9874,0.7236,0
drop_kv_recent,42,12,2,35.503,0.9880,0.7220,0
drop_kv_recent,42,12,3,35.634,0.9883,0.7172,0
drop_kv_recent,43,13,0,38.019,0.9919,0.7224,0
drop_kv_recent,43,13,1,38.586,0.9927,0.7211,0
drop_kv_recent,43,13,2,38.858,0.9930,0.7195,0
drop_kv_recent,43,13,3,38.895,0.9930,0.7143,0
drop_kv_recent,44,14,0,40.045,0.9943,0.7150,0
drop_kv_recent,44,14,1,40.393,0.9946,0.7103,0
drop_kv_recent,44,14,2,40.075,0.9947,0.7033,0
drop_kv_recent,44,14,3,40.282,0.9948,0.6949,0
drop_kv_recent,45,15,0,41.293,0.9954,0.6968,0
drop_kv_recent,45,15,1,41.683,0.9956,0.6936,0
drop_kv_recent,45,15,2,41.672,0.9958,0.6925,0
drop_kv_recent,45,15,3,41.449,0.9957,0.6887,0
drop_kv_recent,46,16,0,42.753,0.9963,0.6965,0
drop_kv_recent,46,16,1,42.792,0.9965,0.6958,0
drop_kv_recent,46,16,2,42.558,0.9964,0.6931,0
drop_kv_recent,46,16,3,42.396,0.9964,0.6908,0
drop_kv_recent,47,17,0,43.500,0.9969,0.6974,0
drop_kv_recent,47,17,1,43.894,0.9971,0.7002,0
drop_kv_recent,47,17,2,43.355,0.9969,0.7013,0
drop_kv_recent,47,17,3,43.374,0.9969,0.7020,0
drop_kv_recent,48,18,0,44.460,0.9973,0.7069,0
drop_kv_recent,48,18,1,44.678,0.9972,0.7084,0
drop_kv_recent,48,18,2,44.491,0.9972,0.7078,0
drop_kv_recent,48,18,3,44.093,0.9970,0.7070,0
drop_kv_recent,49,19,0,44.521,0.9972,0.7086,0
drop_kv_recent,49,19,1,44.019,0.9971,0.7085,0
drop_kv_recent,49,19,2,43.621,0.9969,0.7074,0
drop_kv_recent,49,19,3,43.471,0.9969,0.7065,0
drop_kv_recent,50,20,0,43.885,0.9970,0.7006,0
drop_kv_recent,50,20,1,43.428,0.9966,0.7010,0
drop_kv_recent,50,20,2,42.027,0.9963,0.6954,0
drop_kv_recent,50,20,3,42.117,0.9962,0.6926,0
drop_kv_recent,51,21,0,43.466,0.9965,0.6974,0
drop_kv_recent,51,21,1,43.529,0.9966,0.7018,0
drop_kv_recent,51,21,2,42.539,0.9964,0.6999,0
drop_kv_recent,51,21,3,42.739,0.9964,0.6994,0
drop_kv_recent,52,22,0,43.537,0.9968,0.7012,0
drop_kv_recent,52,22,1,42.648,0.9968,0.7046,0
drop_kv_recent,52,22,2,42.635,0.9967,0.7046,0
drop_kv_recent,52,22,3,42.499,0.9966,0.7049,0
drop_kv_recent,53,23,0,43.719,0.9966,0.7087,0
drop_kv_recent,53,23,1,43.282,0.9964,0.7096,0
drop_kv_recent,53,23,2,42.787,0.9961,0.7080,0
drop_kv_recent,53,23,3,42.530,0.9959,0.7081,0
drop_kv_recent,54,24,0,43.411,0.9967,0.7094,0
drop_kv_recent,54,24,1,43.762,0.9970,0.7093,0
drop_kv_recent,54,24,2,43.871,0.9970,0.7084,0
drop_kv_recent,54,24,3,43.619,0.9969,0.7094,0
drop_kv_recent,55,25,0,43.796,0.9970,0.7057,0
drop_kv_recent,55,25,1,44.174,0.9968,0.7054,0
drop_kv_recent,55,25,2,43.199,0.9968,0.7062,0
drop_kv_recent,55,25,3,42.306,0.9965,0.7052,0
drop_kv_recent,56,26,0,44.281,0.9973,0.7069,0
drop_kv_recent,56,26,1,44.115,0.9972,0.7089,0
drop_kv_recent,56,26,2,44.187,0.9972,0.7073,0
drop_kv_recent,56,26,3,44.091,0.9971,0.7060,0
drop_kv_recent,57,27,0,44.950,0.9975,0.7065,0
drop_kv_recent,57,27,1,45.001,0.9975,0.7085,0
drop_kv_recent,57,27,2,44.669,0.9975,0.7048,0
drop_kv_recent,57,27,3,44.592,0.9974,0.7014,0
drop_kv_recent,58,28,0,44.842,0.9976,0.7005,0
drop_kv_recent,58,28,1,44.325,0.9974,0.7035,0
drop_kv_recent,58,28,2,43.690,0.9973,0.7059,0
drop_kv_recent,58,28,3,43.544,0.9972,0.7036,0
drop_kv_recent,59,29,0,44.098,0.9973,0.7030,0
drop_kv_recent,59,29,1,43.758,0.9974,0.7141,0
drop_kv_recent,59,29,2,43.977,0.9974,0.7103,0
drop_kv_recent,59,29,3,43.642,0.9972,0.7094,0
drop_kv_recent,60,30,0,45.605,0.9977,0.7161,0
drop_kv_recent,60,30,1,45.650,0.9978,0.7170,0
drop_kv_recent,60,30,2,45.408,0.9977,0.7157,0
drop_kv_recent,60,30,3,45.166,0.9977,0.7165,0
drop_kv_recent,61,31,0,46.051,0.9979,0.7196,0
drop_kv_recent,61,31,1,45.858,0.9978,0.7202,0
drop_kv_recent,61,31,2,44.020,0.9974,0.7228,0
drop_kv_recent,61,31,3,43.496,0.9971,0.7215,0
drop_kv_recent,62,32,0,44.443,0.9974,0.7265,0
drop_kv_recent,62,32,1,44.174,0.9974,0.7273,0
drop_kv_recent,62,32,2,43.961,0.9973,0.7271,0
drop_kv_recent,62,32,3,43.552,0.9971,0.7275,0
drop_kv_recent,63,33,0,43.713,0.9971,0.7259,0
drop_kv_recent,63,33,1,40.340,0.9957,0.7061,0
drop_kv_recent,63,33,2,40.398,0.9958,0.7111,0
drop_kv_recent,63,33,3,40.438,0.9957,0.7124,0
drop_kv_recent,64,34,0,42.380,0.9967,0.7221,0
drop_kv_recent,64,34,1,43.358,0.9971,0.7245,0
drop_kv_recent,64,34,2,43.151,0.9972,0.7261,0
drop_kv_recent,64,34,3,42.962,0.9971,0.7245,0
drop_kv_recent,65,35,0,44.297,0.9975,0.7252,0
drop_kv_recent,65,35,1,44.184,0.9975,0.7254,0
drop_kv_recent,65,35,2,43.721,0.9974,0.7266,0
drop_kv_recent,65,35,3,43.539,0.9973,0.7236,0
drop_kv_recent,66,36,0,44.651,0.9977,0.7248,0
drop_kv_recent,66,36,1,44.412,0.9976,0.7294,0
drop_kv_recent,66,36,2,43.826,0.9974,0.7309,0
drop_kv_recent,66,36,3,43.820,0.9973,0.7263,0
drop_kv_recent,67,37,0,44.245,0.9975,0.7302,0
drop_kv_recent,67,37,1,44.423,0.9975,0.7310,0
drop_kv_recent,67,37,2,44.282,0.9975,0.7318,0
drop_kv_recent,67,37,3,43.967,0.9974,0.7310,0
drop_kv_recent,68,38,0,44.640,0.9977,0.7314,0
drop_kv_recent,68,38,1,44.306,0.9975,0.7312,0
drop_kv_recent,68,38,2,43.754,0.9973,0.7313,0
drop_kv_recent,68,38,3,43.406,0.9971,0.7293,0
drop_kv_recent,69,39,0,44.604,0.9975,0.7319,0
drop_kv_recent,69,39,1,45.055,0.9976,0.7319,0
drop_kv_recent,69,39,2,44.442,0.9974,0.7326,0
drop_kv_recent,69,39,3,44.314,0.9974,0.7329,0
drop_vae_all,1,-29,0,99.000,,,0
drop_vae_all,1,-29,1,99.000,,,0
drop_vae_all,1,-29,2,99.000,,,0
drop_vae_all,1,-29,3,99.000,,,0
drop_vae_all,2,-28,0,99.000,,,0
drop_vae_all,2,-28,1,99.000,,,0
drop_vae_all,2,-28,2,99.000,,,0
drop_vae_all,2,-28,3,99.000,,,0
drop_vae_all,3,-27,0,99.000,,,0
drop_vae_all,3,-27,1,99.000,,,0
drop_vae_all,3,-27,2,99.000,,,0
drop_vae_all,3,-27,3,99.000,,,0
drop_vae_all,4,-26,0,99.000,,,0
drop_vae_all,4,-26,1,99.000,,,0
drop_vae_all,4,-26,2,99.000,,,0
drop_vae_all,4,-26,3,99.000,,,0
drop_vae_all,5,-25,0,99.000,,,0
drop_vae_all,5,-25,1,99.000,,,0
drop_vae_all,5,-25,2,99.000,,,0
drop_vae_all,5,-25,3,99.000,,,0
drop_vae_all,6,-24,0,99.000,,,0
drop_vae_all,6,-24,1,99.000,,,0
drop_vae_all,6,-24,2,99.000,,,0
drop_vae_all,6,-24,3,99.000,,,0
drop_vae_all,7,-23,0,99.000,,,0
drop_vae_all,7,-23,1,99.000,,,0
drop_vae_all,7,-23,2,99.000,,,0
drop_vae_all,7,-23,3,99.000,,,0
drop_vae_all,8,-22,0,99.000,,,0
drop_vae_all,8,-22,1,99.000,,,0
drop_vae_all,8,-22,2,99.000,,,0
drop_vae_all,8,-22,3,99.000,,,0
drop_vae_all,9,-21,0,99.000,,,0
drop_vae_all,9,-21,1,99.000,,,0
drop_vae_all,9,-21,2,99.000,,,0
drop_vae_all,9,-21,3,99.000,,,0
drop_vae_all,10,-20,0,99.000,,,0
drop_vae_all,10,-20,1,99.000,,,0
drop_vae_all,10,-20,2,99.000,,,0
drop_vae_all,10,-20,3,99.000,,,0
drop_vae_all,11,-19,0,99.000,,,0
drop_vae_all,11,-19,1,99.000,,,0
drop_vae_all,11,-19,2,99.000,,,0
drop_vae_all,11,-19,3,99.000,,,0
drop_vae_all,12,-18,0,99.000,,,0
drop_vae_all,12,-18,1,99.000,,,0
drop_vae_all,12,-18,2,99.000,,,0
drop_vae_all,12,-18,3,99.000,,,0
drop_vae_all,13,-17,0,99.000,,,0
drop_vae_all,13,-17,1,99.000,,,0
drop_vae_all,13,-17,2,99.000,,,0
drop_vae_all,13,-17,3,99.000,,,0
drop_vae_all,14,-16,0,99.000,,,0
drop_vae_all,14,-16,1,99.000,,,0
drop_vae_all,14,-16,2,99.000,,,0
drop_vae_all,14,-16,3,99.000,,,0
drop_vae_all,15,-15,0,99.000,,,0
drop_vae_all,15,-15,1,99.000,,,0
drop_vae_all,15,-15,2,99.000,,,0
drop_vae_all,15,-15,3,99.000,,,0
drop_vae_all,16,-14,0,99.000,,,0
drop_vae_all,16,-14,1,99.000,,,0
drop_vae_all,16,-14,2,99.000,,,0
drop_vae_all,16,-14,3,99.000,,,0
drop_vae_all,17,-13,0,99.000,,,0
drop_vae_all,17,-13,1,99.000,,,0
drop_vae_all,17,-13,2,99.000,,,0
drop_vae_all,17,-13,3,99.000,,,0
drop_vae_all,18,-12,0,99.000,,,0
drop_vae_all,18,-12,1,99.000,,,0
drop_vae_all,18,-12,2,99.000,,,0
drop_vae_all,18,-12,3,99.000,,,0
drop_vae_all,19,-11,0,99.000,,,0
drop_vae_all,19,-11,1,99.000,,,0
drop_vae_all,19,-11,2,99.000,,,0
drop_vae_all,19,-11,3,99.000,,,0
drop_vae_all,20,-10,0,99.000,,,0
drop_vae_all,20,-10,1,99.000,,,0
drop_vae_all,20,-10,2,99.000,,,0
drop_vae_all,20,-10,3,99.000,,,0
drop_vae_all,21,-9,0,99.000,,,0
drop_vae_all,21,-9,1,99.000,,,0
drop_vae_all,21,-9,2,99.000,,,0
drop_vae_all,21,-9,3,99.000,,,0
drop_vae_all,22,-8,0,99.000,,,0
drop_vae_all,22,-8,1,99.000,,,0
drop_vae_all,22,-8,2,99.000,,,0
drop_vae_all,22,-8,3,99.000,,,0
drop_vae_all,23,-7,0,99.000,,,0
drop_vae_all,23,-7,1,99.000,,,0
drop_vae_all,23,-7,2,99.000,,,0
drop_vae_all,23,-7,3,99.000,,,0
drop_vae_all,24,-6,0,99.000,,,0
drop_vae_all,24,-6,1,99.000,,,0
drop_vae_all,24,-6,2,99.000,,,0
drop_vae_all,24,-6,3,99.000,,,0
drop_vae_all,25,-5,0,99.000,,,0
drop_vae_all,25,-5,1,99.000,,,0
drop_vae_all,25,-5,2,99.000,,,0
drop_vae_all,25,-5,3,99.000,,,0
drop_vae_all,26,-4,0,99.000,,,0
drop_vae_all,26,-4,1,99.000,,,0
drop_vae_all,26,-4,2,99.000,,,0
drop_vae_all,26,-4,3,99.000,,,0
drop_vae_all,27,-3,0,99.000,,,0
drop_vae_all,27,-3,1,99.000,,,0
drop_vae_all,27,-3,2,99.000,,,0
drop_vae_all,27,-3,3,99.000,,,0
drop_vae_all,28,-2,0,99.000,,,0
drop_vae_all,28,-2,1,99.000,,,0
drop_vae_all,28,-2,2,99.000,,,0
drop_vae_all,28,-2,3,99.000,,,0
drop_vae_all,29,-1,0,99.000,,,0
drop_vae_all,29,-1,1,99.000,,,0
drop_vae_all,29,-1,2,99.000,,,0
drop_vae_all,29,-1,3,99.000,,,0
drop_vae_all,30,0,0,15.997,0.7814,0.6578,0
drop_vae_all,30,0,1,14.639,0.7757,0.6611,0
drop_vae_all,30,0,2,16.174,0.8020,0.6624,0
drop_vae_all,30,0,3,17.301,0.8180,0.6696,0
drop_vae_all,31,1,0,20.711,0.8853,0.6967,0
drop_vae_all,31,1,1,21.995,0.8691,0.7246,0
drop_vae_all,31,1,2,22.758,0.9035,0.7096,0
drop_vae_all,31,1,3,20.309,0.8463,0.7161,0
drop_vae_all,32,2,0,21.865,0.8726,0.7146,0
drop_vae_all,32,2,1,22.527,0.9021,0.7200,0
drop_vae_all,32,2,2,23.013,0.9109,0.7148,0
drop_vae_all,32,2,3,22.993,0.9105,0.7130,0
drop_vae_all,33,3,0,24.853,0.9255,0.7165,0
drop_vae_all,33,3,1,25.788,0.9378,0.7186,0
drop_vae_all,33,3,2,26.299,0.9433,0.7171,0
drop_vae_all,33,3,3,26.543,0.9444,0.7159,0
drop_vae_all,34,4,0,27.364,0.9460,0.7176,0
drop_vae_all,34,4,1,27.916,0.9487,0.7198,0
drop_vae_all,34,4,2,28.315,0.9529,0.7205,0
drop_vae_all,34,4,3,28.053,0.9500,0.7211,0
drop_vae_all,35,5,0,28.644,0.9539,0.7201,0
drop_vae_all,35,5,1,29.234,0.9521,0.7257,0
drop_vae_all,35,5,2,29.154,0.9541,0.7257,0
drop_vae_all,35,5,3,29.235,0.9528,0.7247,0
drop_vae_all,36,6,0,30.235,0.9593,0.7267,0
drop_vae_all,36,6,1,30.997,0.9660,0.7293,0
drop_vae_all,36,6,2,31.284,0.9681,0.7306,0
drop_vae_all,36,6,3,31.185,0.9677,0.7292,0
drop_vae_all,37,7,0,32.028,0.9717,0.7317,0
drop_vae_all,37,7,1,32.243,0.9736,0.7318,0
drop_vae_all,37,7,2,32.377,0.9744,0.7328,0
drop_vae_all,37,7,3,32.428,0.9746,0.7316,0
drop_vae_all,38,8,0,32.920,0.9764,0.7325,0
drop_vae_all,38,8,1,33.280,0.9776,0.7311,0
drop_vae_all,38,8,2,33.659,0.9798,0.7294,0
drop_vae_all,38,8,3,32.029,0.9745,0.7253,0
drop_vae_all,39,9,0,33.121,0.9806,0.7287,0
drop_vae_all,39,9,1,34.457,0.9840,0.7240,0
drop_vae_all,39,9,2,34.696,0.9846,0.7219,0
drop_vae_all,39,9,3,34.850,0.9844,0.7162,0
drop_vae_all,40,10,0,34.745,0.9854,0.7149,0
drop_vae_all,40,10,1,36.303,0.9894,0.7120,0
drop_vae_all,40,10,2,36.574,0.9901,0.7124,0
drop_vae_all,40,10,3,36.398,0.9899,0.7122,0
drop_vae_all,41,11,0,36.735,0.9904,0.7174,0
drop_vae_all,41,11,1,36.979,0.9903,0.7203,0
drop_vae_all,41,11,2,36.649,0.9907,0.7202,0
drop_vae_all,41,11,3,36.482,0.9905,0.7183,0
drop_vae_all,42,12,0,36.201,0.9895,0.7244,0
drop_vae_all,42,12,1,35.634,0.9897,0.7247,0
drop_vae_all,42,12,2,35.702,0.9897,0.7231,0
drop_vae_all,42,12,3,35.858,0.9900,0.7184,0
drop_vae_all,43,13,0,37.745,0.9916,0.7233,0
drop_vae_all,43,13,1,37.461,0.9914,0.7218,0
drop_vae_all,43,13,2,37.609,0.9917,0.7200,0
drop_vae_all,43,13,3,37.468,0.9916,0.7148,0
drop_vae_all,44,14,0,37.500,0.9915,0.7149,0
drop_vae_all,44,14,1,37.284,0.9915,0.7098,0
drop_vae_all,44,14,2,36.558,0.9910,0.7027,0
drop_vae_all,44,14,3,36.231,0.9907,0.6944,0
drop_vae_all,45,15,0,35.747,0.9897,0.6962,0
drop_vae_all,45,15,1,35.531,0.9896,0.6931,0
drop_vae_all,45,15,2,35.593,0.9896,0.6922,0
drop_vae_all,45,15,3,35.521,0.9896,0.6883,0
drop_vae_all,46,16,0,36.232,0.9903,0.6963,0
drop_vae_all,46,16,1,36.609,0.9909,0.6953,0
drop_vae_all,46,16,2,36.419,0.9907,0.6925,0
drop_vae_all,46,16,3,36.220,0.9904,0.6902,0
drop_vae_all,47,17,0,36.975,0.9917,0.6972,0
drop_vae_all,47,17,1,37.008,0.9921,0.7003,0
drop_vae_all,47,17,2,36.899,0.9923,0.7016,0
drop_vae_all,47,17,3,36.754,0.9922,0.7022,0
drop_vae_all,48,18,0,38.059,0.9932,0.7073,0
drop_vae_all,48,18,1,38.635,0.9933,0.7087,0
drop_vae_all,48,18,2,38.628,0.9933,0.7080,0
drop_vae_all,48,18,3,38.077,0.9928,0.7073,0
drop_vae_all,49,19,0,39.588,0.9940,0.7090,0
drop_vae_all,49,19,1,39.690,0.9940,0.7088,0
drop_vae_all,49,19,2,39.452,0.9941,0.7076,0
drop_vae_all,49,19,3,39.172,0.9940,0.7070,0
drop_vae_all,50,20,0,39.341,0.9942,0.7006,0
drop_vae_all,50,20,1,38.439,0.9930,0.7010,0
drop_vae_all,50,20,2,38.079,0.9929,0.6952,0
drop_vae_all,50,20,3,37.607,0.9919,0.6925,0
drop_vae_all,51,21,0,38.117,0.9917,0.6976,0
drop_vae_all,51,21,1,38.328,0.9920,0.7021,0
drop_vae_all,51,21,2,37.317,0.9917,0.7001,0
drop_vae_all,51,21,3,37.311,0.9915,0.6996,0
drop_vae_all,52,22,0,38.601,0.9927,0.7013,0
drop_vae_all,52,22,1,38.458,0.9929,0.7047,0
drop_vae_all,52,22,2,38.679,0.9932,0.7046,0
drop_vae_all,52,22,3,38.690,0.9931,0.7046,0
drop_vae_all,53,23,0,39.292,0.9934,0.7085,0
drop_vae_all,53,23,1,38.932,0.9931,0.7091,0
drop_vae_all,53,23,2,38.642,0.9929,0.7073,0
drop_vae_all,53,23,3,38.608,0.9928,0.7072,0
drop_vae_all,54,24,0,38.803,0.9935,0.7086,0
drop_vae_all,54,24,1,39.090,0.9937,0.7087,0
drop_vae_all,54,24,2,39.250,0.9937,0.7080,0
drop_vae_all,54,24,3,39.147,0.9935,0.7089,0
drop_vae_all,55,25,0,39.545,0.9937,0.7053,0
drop_vae_all,55,25,1,39.388,0.9934,0.7050,0
drop_vae_all,55,25,2,38.923,0.9937,0.7059,0
drop_vae_all,55,25,3,38.067,0.9930,0.7051,0
drop_vae_all,56,26,0,39.713,0.9946,0.7067,0
drop_vae_all,56,26,1,40.262,0.9949,0.7087,0
drop_vae_all,56,26,2,40.357,0.9951,0.7072,0
drop_vae_all,56,26,3,40.177,0.9950,0.7059,0
drop_vae_all,57,27,0,40.909,0.9953,0.7064,0
drop_vae_all,57,27,1,41.006,0.9955,0.7082,0
drop_vae_all,57,27,2,40.680,0.9955,0.7046,0
drop_vae_all,57,27,3,40.142,0.9952,0.7012,0
drop_vae_all,58,28,0,40.581,0.9954,0.7003,0
drop_vae_all,58,28,1,40.287,0.9952,0.7033,0
drop_vae_all,58,28,2,39.650,0.9948,0.7057,0
drop_vae_all,58,28,3,39.058,0.9944,0.7032,0
drop_vae_all,59,29,0,39.272,0.9944,0.7027,0
drop_vae_all,59,29,1,39.725,0.9952,0.7142,0
drop_vae_all,59,29,2,39.591,0.9951,0.7105,0
drop_vae_all,59,29,3,39.416,0.9949,0.7097,0
drop_vae_all,60,30,0,41.215,0.9958,0.7164,0
drop_vae_all,60,30,1,41.813,0.9960,0.7173,0
drop_vae_all,60,30,2,41.437,0.9959,0.7159,0
drop_vae_all,60,30,3,41.359,0.9959,0.7166,0
drop_vae_all,61,31,0,42.212,0.9964,0.7197,0
drop_vae_all,61,31,1,42.159,0.9963,0.7203,0
drop_vae_all,61,31,2,41.295,0.9959,0.7230,0
drop_vae_all,61,31,3,40.898,0.9957,0.7217,0
drop_vae_all,62,32,0,40.338,0.9954,0.7268,0
drop_vae_all,62,32,1,40.634,0.9956,0.7275,0
drop_vae_all,62,32,2,40.623,0.9954,0.7269,0
drop_vae_all,62,32,3,40.276,0.9952,0.7275,0
drop_vae_all,63,33,0,40.243,0.9951,0.7258,0
drop_vae_all,63,33,1,34.131,0.9862,0.7063,0
drop_vae_all,63,33,2,34.212,0.9865,0.7114,0
drop_vae_all,63,33,3,34.032,0.9859,0.7126,0
drop_vae_all,64,34,0,34.872,0.9871,0.7221,0
drop_vae_all,64,34,1,35.518,0.9889,0.7243,0
drop_vae_all,64,34,2,36.202,0.9912,0.7258,0
drop_vae_all,64,34,3,36.026,0.9910,0.7241,0
drop_vae_all,65,35,0,36.928,0.9920,0.7248,0
drop_vae_all,65,35,1,36.522,0.9920,0.7251,0
drop_vae_all,65,35,2,36.474,0.9919,0.7263,0
drop_vae_all,65,35,3,36.442,0.9919,0.7232,0
drop_vae_all,66,36,0,37.419,0.9929,0.7244,0
drop_vae_all,66,36,1,36.996,0.9925,0.7289,0
drop_vae_all,66,36,2,37.149,0.9927,0.7303,0
drop_vae_all,66,36,3,37.113,0.9926,0.7256,0
drop_vae_all,67,37,0,37.959,0.9937,0.7294,0
drop_vae_all,67,37,1,38.435,0.9942,0.7303,0
drop_vae_all,67,37,2,38.386,0.9942,0.7313,0
drop_vae_all,67,37,3,38.320,0.9941,0.7303,0
drop_vae_all,68,38,0,39.485,0.9949,0.7310,0
drop_vae_all,68,38,1,39.363,0.9948,0.7309,0
drop_vae_all,68,38,2,39.857,0.9951,0.7311,0
drop_vae_all,68,38,3,39.509,0.9947,0.7291,0
drop_vae_all,69,39,0,39.887,0.9950,0.7318,0
drop_vae_all,69,39,1,40.384,0.9951,0.7319,0
drop_vae_all,69,39,2,39.966,0.9948,0.7326,0
drop_vae_all,69,39,3,39.909,0.9948,0.7328,0
ph_zero_8,1,-29,0,99.000,,,0
ph_zero_8,1,-29,1,99.000,,,0
ph_zero_8,1,-29,2,99.000,,,0
ph_zero_8,1,-29,3,99.000,,,0
ph_zero_8,2,-28,0,99.000,,,0
ph_zero_8,2,-28,1,99.000,,,0
ph_zero_8,2,-28,2,99.000,,,0
ph_zero_8,2,-28,3,99.000,,,0
ph_zero_8,3,-27,0,99.000,,,0
ph_zero_8,3,-27,1,99.000,,,0
ph_zero_8,3,-27,2,99.000,,,0
ph_zero_8,3,-27,3,99.000,,,0
ph_zero_8,4,-26,0,99.000,,,0
ph_zero_8,4,-26,1,99.000,,,0
ph_zero_8,4,-26,2,99.000,,,0
ph_zero_8,4,-26,3,99.000,,,0
ph_zero_8,5,-25,0,99.000,,,0
ph_zero_8,5,-25,1,99.000,,,0
ph_zero_8,5,-25,2,99.000,,,0
ph_zero_8,5,-25,3,99.000,,,0
ph_zero_8,6,-24,0,99.000,,,0
ph_zero_8,6,-24,1,99.000,,,0
ph_zero_8,6,-24,2,99.000,,,0
ph_zero_8,6,-24,3,99.000,,,0
ph_zero_8,7,-23,0,99.000,,,0
ph_zero_8,7,-23,1,99.000,,,0
ph_zero_8,7,-23,2,99.000,,,0
ph_zero_8,7,-23,3,99.000,,,0
ph_zero_8,8,-22,0,99.000,,,0
ph_zero_8,8,-22,1,99.000,,,0
ph_zero_8,8,-22,2,99.000,,,0
ph_zero_8,8,-22,3,99.000,,,0
ph_zero_8,9,-21,0,99.000,,,0
ph_zero_8,9,-21,1,99.000,,,0
ph_zero_8,9,-21,2,99.000,,,0
ph_zero_8,9,-21,3,99.000,,,0
ph_zero_8,10,-20,0,99.000,,,0
ph_zero_8,10,-20,1,99.000,,,0
ph_zero_8,10,-20,2,99.000,,,0
ph_zero_8,10,-20,3,99.000,,,0
ph_zero_8,11,-19,0,99.000,,,0
ph_zero_8,11,-19,1,99.000,,,0
ph_zero_8,11,-19,2,99.000,,,0
ph_zero_8,11,-19,3,99.000,,,0
ph_zero_8,12,-18,0,99.000,,,0
ph_zero_8,12,-18,1,99.000,,,0
ph_zero_8,12,-18,2,99.000,,,0
ph_zero_8,12,-18,3,99.000,,,0
ph_zero_8,13,-17,0,99.000,,,0
ph_zero_8,13,-17,1,99.000,,,0
ph_zero_8,13,-17,2,99.000,,,0
ph_zero_8,13,-17,3,99.000,,,0
ph_zero_8,14,-16,0,99.000,,,0
ph_zero_8,14,-16,1,99.000,,,0
ph_zero_8,14,-16,2,99.000,,,0
ph_zero_8,14,-16,3,99.000,,,0
ph_zero_8,15,-15,0,99.000,,,0
ph_zero_8,15,-15,1,99.000,,,0
ph_zero_8,15,-15,2,99.000,,,0
ph_zero_8,15,-15,3,99.000,,,0
ph_zero_8,16,-14,0,99.000,,,0
ph_zero_8,16,-14,1,99.000,,,0
ph_zero_8,16,-14,2,99.000,,,0
ph_zero_8,16,-14,3,99.000,,,0
ph_zero_8,17,-13,0,99.000,,,0
ph_zero_8,17,-13,1,99.000,,,0
ph_zero_8,17,-13,2,99.000,,,0
ph_zero_8,17,-13,3,99.000,,,0
ph_zero_8,18,-12,0,99.000,,,0
ph_zero_8,18,-12,1,99.000,,,0
ph_zero_8,18,-12,2,99.000,,,0
ph_zero_8,18,-12,3,99.000,,,0
ph_zero_8,19,-11,0,99.000,,,0
ph_zero_8,19,-11,1,99.000,,,0
ph_zero_8,19,-11,2,99.000,,,0
ph_zero_8,19,-11,3,99.000,,,0
ph_zero_8,20,-10,0,99.000,,,0
ph_zero_8,20,-10,1,99.000,,,0
ph_zero_8,20,-10,2,99.000,,,0
ph_zero_8,20,-10,3,99.000,,,0
ph_zero_8,21,-9,0,99.000,,,0
ph_zero_8,21,-9,1,99.000,,,0
ph_zero_8,21,-9,2,99.000,,,0
ph_zero_8,21,-9,3,99.000,,,0
ph_zero_8,22,-8,0,99.000,,,0
ph_zero_8,22,-8,1,99.000,,,0
ph_zero_8,22,-8,2,99.000,,,0
ph_zero_8,22,-8,3,99.000,,,0
ph_zero_8,23,-7,0,99.000,,,0
ph_zero_8,23,-7,1,99.000,,,0
ph_zero_8,23,-7,2,99.000,,,0
ph_zero_8,23,-7,3,99.000,,,0
ph_zero_8,24,-6,0,99.000,,,0
ph_zero_8,24,-6,1,99.000,,,0
ph_zero_8,24,-6,2,99.000,,,0
ph_zero_8,24,-6,3,99.000,,,0
ph_zero_8,25,-5,0,99.000,,,0
ph_zero_8,25,-5,1,99.000,,,0
ph_zero_8,25,-5,2,99.000,,,0
ph_zero_8,25,-5,3,99.000,,,0
ph_zero_8,26,-4,0,99.000,,,0
ph_zero_8,26,-4,1,99.000,,,0
ph_zero_8,26,-4,2,99.000,,,0
ph_zero_8,26,-4,3,99.000,,,0
ph_zero_8,27,-3,0,99.000,,,0
ph_zero_8,27,-3,1,99.000,,,0
ph_zero_8,27,-3,2,99.000,,,0
ph_zero_8,27,-3,3,99.000,,,0
ph_zero_8,28,-2,0,99.000,,,0
ph_zero_8,28,-2,1,99.000,,,0
ph_zero_8,28,-2,2,99.000,,,0
ph_zero_8,28,-2,3,99.000,,,0
ph_zero_8,29,-1,0,99.000,,,0
ph_zero_8,29,-1,1,99.000,,,0
ph_zero_8,29,-1,2,99.000,,,0
ph_zero_8,29,-1,3,99.000,,,0
ph_zero_8,30,0,0,29.052,0.9594,0.7199,0
ph_zero_8,30,0,1,24.003,0.8929,0.7287,0
ph_zero_8,30,0,2,22.870,0.8882,0.7402,0
ph_zero_8,30,0,3,21.793,0.8486,0.7272,0
ph_zero_8,31,1,0,21.254,0.8334,0.7364,0
ph_zero_8,31,1,1,20.395,0.8481,0.7598,0
ph_zero_8,31,1,2,18.795,0.8306,0.7366,0
ph_zero_8,31,1,3,18.238,0.8177,0.7343,0
ph_zero_8,32,2,0,18.429,0.8092,0.7313,0
ph_zero_8,32,2,1,18.906,0.8147,0.7412,0
ph_zero_8,32,2,2,18.775,0.8108,0.7366,0
ph_zero_8,32,2,3,18.707,0.8055,0.7354,0
ph_zero_8,33,3,0,19.024,0.8039,0.7383,0
ph_zero_8,33,3,1,19.061,0.8026,0.7356,0
ph_zero_8,33,3,2,19.045,0.8026,0.7312,0
ph_zero_8,33,3,3,18.949,0.7984,0.7277,0
ph_zero_8,34,4,0,19.031,0.7989,0.7309,0
ph_zero_8,34,4,1,18.968,0.7954,0.7311,0
ph_zero_8,34,4,2,18.807,0.7908,0.7304,0
ph_zero_8,34,4,3,18.605,0.7817,0.7282,0
ph_zero_8,35,5,0,18.697,0.7836,0.7302,0
ph_zero_8,35,5,1,18.806,0.7766,0.7303,0
ph_zero_8,35,5,2,18.564,0.7709,0.7260,0
ph_zero_8,35,5,3,18.472,0.7651,0.7224,0
ph_zero_8,36,6,0,18.707,0.7787,0.7305,0
ph_zero_8,36,6,1,18.807,0.7842,0.7330,0
ph_zero_8,36,6,2,18.696,0.7825,0.7322,0
ph_zero_8,36,6,3,18.642,0.7806,0.7299,0
ph_zero_8,37,7,0,18.872,0.7896,0.7394,0
ph_zero_8,37,7,1,18.860,0.7928,0.7424,0
ph_zero_8,37,7,2,18.809,0.7922,0.7430,0
ph_zero_8,37,7,3,18.771,0.7914,0.7418,0
ph_zero_8,38,8,0,19.339,0.8120,0.7544,0
ph_zero_8,38,8,1,19.506,0.8191,0.7524,0
ph_zero_8,38,8,2,19.685,0.8228,0.7514,0
ph_zero_8,38,8,3,19.952,0.8163,0.7449,0
ph_zero_8,39,9,0,20.168,0.8257,0.7469,0
ph_zero_8,39,9,1,20.519,0.8402,0.7433,0
ph_zero_8,39,9,2,20.568,0.8476,0.7386,0
ph_zero_8,39,9,3,20.474,0.8467,0.7319,0
ph_zero_8,40,10,0,20.562,0.8471,0.7303,0
ph_zero_8,40,10,1,21.185,0.8621,0.7261,0
ph_zero_8,40,10,2,21.545,0.8709,0.7253,0
ph_zero_8,40,10,3,21.610,0.8692,0.7239,0
ph_zero_8,41,11,0,21.706,0.8718,0.7274,0
ph_zero_8,41,11,1,21.814,0.8707,0.7273,0
ph_zero_8,41,11,2,21.852,0.8686,0.7264,0
ph_zero_8,41,11,3,22.036,0.8738,0.7239,0
ph_zero_8,42,12,0,23.000,0.8879,0.7272,0
ph_zero_8,42,12,1,23.154,0.8913,0.7265,0
ph_zero_8,42,12,2,23.272,0.8933,0.7247,0
ph_zero_8,42,12,3,23.347,0.8947,0.7202,0
ph_zero_8,43,13,0,24.613,0.9093,0.7238,0
ph_zero_8,43,13,1,25.049,0.9151,0.7214,0
ph_zero_8,43,13,2,25.168,0.9176,0.7196,0
ph_zero_8,43,13,3,25.203,0.9184,0.7140,0
ph_zero_8,44,14,0,25.867,0.9261,0.7149,0
ph_zero_8,44,14,1,26.035,0.9267,0.7108,0
ph_zero_8,44,14,2,26.023,0.9273,0.7035,0
ph_zero_8,44,14,3,25.869,0.9263,0.6950,0
ph_zero_8,45,15,0,26.613,0.9353,0.6971,0
ph_zero_8,45,15,1,26.991,0.9405,0.6939,0
ph_zero_8,45,15,2,27.135,0.9429,0.6923,0
ph_zero_8,45,15,3,26.897,0.9403,0.6886,0
ph_zero_8,46,16,0,28.334,0.9545,0.6961,0
ph_zero_8,46,16,1,29.156,0.9613,0.6952,0
ph_zero_8,46,16,2,29.603,0.9643,0.6926,0
ph_zero_8,46,16,3,29.646,0.9647,0.6903,0
ph_zero_8,47,17,0,31.026,0.9711,0.6976,0
ph_zero_8,47,17,1,31.468,0.9737,0.7002,0
ph_zero_8,47,17,2,31.478,0.9742,0.7014,0
ph_zero_8,47,17,3,31.475,0.9742,0.7018,0
ph_zero_8,48,18,0,32.581,0.9788,0.7064,0
ph_zero_8,48,18,1,33.492,0.9817,0.7074,0
ph_zero_8,48,18,2,33.546,0.9824,0.7068,0
ph_zero_8,48,18,3,33.489,0.9823,0.7059,0
ph_zero_8,49,19,0,34.485,0.9850,0.7073,0
ph_zero_8,49,19,1,34.287,0.9845,0.7072,0
ph_zero_8,49,19,2,34.141,0.9841,0.7058,0
ph_zero_8,49,19,3,33.807,0.9835,0.7046,0
ph_zero_8,50,20,0,33.880,0.9837,0.6990,0
ph_zero_8,50,20,1,33.616,0.9813,0.6999,0
ph_zero_8,50,20,2,32.349,0.9782,0.6934,0
ph_zero_8,50,20,3,30.939,0.9689,0.6909,0
ph_zero_8,51,21,0,31.693,0.9693,0.6963,0
ph_zero_8,51,21,1,32.703,0.9747,0.7010,0
ph_zero_8,51,21,2,32.755,0.9781,0.6989,0
ph_zero_8,51,21,3,32.521,0.9769,0.6984,0
ph_zero_8,52,22,0,33.150,0.9784,0.7001,0
ph_zero_8,52,22,1,33.331,0.9811,0.7034,0
ph_zero_8,52,22,2,33.360,0.9814,0.7028,0
ph_zero_8,52,22,3,33.420,0.9815,0.7027,0
ph_zero_8,53,23,0,34.271,0.9831,0.7065,0
ph_zero_8,53,23,1,34.338,0.9834,0.7069,0
ph_zero_8,53,23,2,33.944,0.9822,0.7052,0
ph_zero_8,53,23,3,33.791,0.9816,0.7046,0
ph_zero_8,54,24,0,33.917,0.9823,0.7072,0
ph_zero_8,54,24,1,34.013,0.9826,0.7077,0
ph_zero_8,54,24,2,33.296,0.9810,0.7076,0
ph_zero_8,54,24,3,33.249,0.9808,0.7088,0
ph_zero_8,55,25,0,33.412,0.9802,0.7050,0
ph_zero_8,55,25,1,32.979,0.9776,0.7051,0
ph_zero_8,55,25,2,32.462,0.9784,0.7065,0
ph_zero_8,55,25,3,31.944,0.9762,0.7058,0
ph_zero_8,56,26,0,33.293,0.9819,0.7074,0
ph_zero_8,56,26,1,34.146,0.9848,0.7092,0
ph_zero_8,56,26,2,34.255,0.9853,0.7077,0
ph_zero_8,56,26,3,34.116,0.9852,0.7065,0
ph_zero_8,57,27,0,35.050,0.9872,0.7064,0
ph_zero_8,57,27,1,35.571,0.9885,0.7079,0
ph_zero_8,57,27,2,35.675,0.9888,0.7043,0
ph_zero_8,57,27,3,35.547,0.9885,0.7013,0
ph_zero_8,58,28,0,35.758,0.9888,0.6999,0
ph_zero_8,58,28,1,34.626,0.9862,0.7027,0
ph_zero_8,58,28,2,34.311,0.9855,0.7056,0
ph_zero_8,58,28,3,33.137,0.9818,0.7027,0
ph_zero_8,59,29,0,34.533,0.9850,0.7025,0
ph_zero_8,59,29,1,35.053,0.9886,0.7140,0
ph_zero_8,59,29,2,34.721,0.9880,0.7107,0
ph_zero_8,59,29,3,34.357,0.9872,0.7102,0
ph_zero_8,60,30,0,36.583,0.9902,0.7167,0
ph_zero_8,60,30,1,36.765,0.9909,0.7178,0
ph_zero_8,60,30,2,36.386,0.9905,0.7167,0
ph_zero_8,60,30,3,36.188,0.9902,0.7176,0
ph_zero_8,61,31,0,36.392,0.9904,0.7202,0
ph_zero_8,61,31,1,35.631,0.9888,0.7207,0
ph_zero_8,61,31,2,33.565,0.9853,0.7237,0
ph_zero_8,61,31,3,31.669,0.9772,0.7224,0
ph_zero_8,62,32,0,33.867,0.9854,0.7279,0
ph_zero_8,62,32,1,35.296,0.9892,0.7286,0
ph_zero_8,62,32,2,35.477,0.9896,0.7277,0
ph_zero_8,62,32,3,35.388,0.9894,0.7283,0
ph_zero_8,63,33,0,35.466,0.9895,0.7261,0
ph_zero_8,63,33,1,32.831,0.9833,0.7054,0
ph_zero_8,63,33,2,32.709,0.9827,0.7108,0
ph_zero_8,63,33,3,32.446,0.9816,0.7117,0
ph_zero_8,64,34,0,34.095,0.9849,0.7209,0
ph_zero_8,64,34,1,34.742,0.9863,0.7236,0
ph_zero_8,64,34,2,34.149,0.9859,0.7249,0
ph_zero_8,64,34,3,33.431,0.9839,0.7235,0
ph_zero_8,65,35,0,34.074,0.9858,0.7240,0
ph_zero_8,65,35,1,34.263,0.9864,0.7244,0
ph_zero_8,65,35,2,34.362,0.9869,0.7251,0
ph_zero_8,65,35,3,34.053,0.9860,0.7221,0
ph_zero_8,66,36,0,34.277,0.9866,0.7233,0
ph_zero_8,66,36,1,34.078,0.9861,0.7281,0
ph_zero_8,66,36,2,34.128,0.9867,0.7296,0
ph_zero_8,66,36,3,33.616,0.9850,0.7248,0
ph_zero_8,67,37,0,34.343,0.9870,0.7291,0
ph_zero_8,67,37,1,34.732,0.9880,0.7301,0
ph_zero_8,67,37,2,34.655,0.9881,0.7312,0
ph_zero_8,67,37,3,34.357,0.9875,0.7300,0
ph_zero_8,68,38,0,34.919,0.9884,0.7309,0
ph_zero_8,68,38,1,34.921,0.9880,0.7308,0
ph_zero_8,68,38,2,34.781,0.9880,0.7308,0
ph_zero_8,68,38,3,33.762,0.9854,0.7294,0
ph_zero_8,69,39,0,34.312,0.9864,0.7320,0
ph_zero_8,69,39,1,35.299,0.9887,0.7320,0
ph_zero_8,69,39,2,35.187,0.9887,0.7330,0
ph_zero_8,69,39,3,34.858,0.9880,0.7335,0
ph_local_8,1,-29,0,99.000,,,0
ph_local_8,1,-29,1,99.000,,,0
ph_local_8,1,-29,2,99.000,,,0
ph_local_8,1,-29,3,99.000,,,0
ph_local_8,2,-28,0,99.000,,,0
ph_local_8,2,-28,1,99.000,,,0
ph_local_8,2,-28,2,99.000,,,0
ph_local_8,2,-28,3,99.000,,,0
ph_local_8,3,-27,0,99.000,,,0
ph_local_8,3,-27,1,99.000,,,0
ph_local_8,3,-27,2,99.000,,,0
ph_local_8,3,-27,3,99.000,,,0
ph_local_8,4,-26,0,99.000,,,0
ph_local_8,4,-26,1,99.000,,,0
ph_local_8,4,-26,2,99.000,,,0
ph_local_8,4,-26,3,99.000,,,0
ph_local_8,5,-25,0,99.000,,,0
ph_local_8,5,-25,1,99.000,,,0
ph_local_8,5,-25,2,99.000,,,0
ph_local_8,5,-25,3,99.000,,,0
ph_local_8,6,-24,0,99.000,,,0
ph_local_8,6,-24,1,99.000,,,0
ph_local_8,6,-24,2,99.000,,,0
ph_local_8,6,-24,3,99.000,,,0
ph_local_8,7,-23,0,99.000,,,0
ph_local_8,7,-23,1,99.000,,,0
ph_local_8,7,-23,2,99.000,,,0
ph_local_8,7,-23,3,99.000,,,0
ph_local_8,8,-22,0,99.000,,,0
ph_local_8,8,-22,1,99.000,,,0
ph_local_8,8,-22,2,99.000,,,0
ph_local_8,8,-22,3,99.000,,,0
ph_local_8,9,-21,0,99.000,,,0
ph_local_8,9,-21,1,99.000,,,0
ph_local_8,9,-21,2,99.000,,,0
ph_local_8,9,-21,3,99.000,,,0
ph_local_8,10,-20,0,99.000,,,0
ph_local_8,10,-20,1,99.000,,,0
ph_local_8,10,-20,2,99.000,,,0
ph_local_8,10,-20,3,99.000,,,0
ph_local_8,11,-19,0,99.000,,,0
ph_local_8,11,-19,1,99.000,,,0
ph_local_8,11,-19,2,99.000,,,0
ph_local_8,11,-19,3,99.000,,,0
ph_local_8,12,-18,0,99.000,,,0
ph_local_8,12,-18,1,99.000,,,0
ph_local_8,12,-18,2,99.000,,,0
ph_local_8,12,-18,3,99.000,,,0
ph_local_8,13,-17,0,99.000,,,0
ph_local_8,13,-17,1,99.000,,,0
ph_local_8,13,-17,2,99.000,,,0
ph_local_8,13,-17,3,99.000,,,0
ph_local_8,14,-16,0,99.000,,,0
ph_local_8,14,-16,1,99.000,,,0
ph_local_8,14,-16,2,99.000,,,0
ph_local_8,14,-16,3,99.000,,,0
ph_local_8,15,-15,0,99.000,,,0
ph_local_8,15,-15,1,99.000,,,0
ph_local_8,15,-15,2,99.000,,,0
ph_local_8,15,-15,3,99.000,,,0
ph_local_8,16,-14,0,99.000,,,0
ph_local_8,16,-14,1,99.000,,,0
ph_local_8,16,-14,2,99.000,,,0
ph_local_8,16,-14,3,99.000,,,0
ph_local_8,17,-13,0,99.000,,,0
ph_local_8,17,-13,1,99.000,,,0
ph_local_8,17,-13,2,99.000,,,0
ph_local_8,17,-13,3,99.000,,,0
ph_local_8,18,-12,0,99.000,,,0
ph_local_8,18,-12,1,99.000,,,0
ph_local_8,18,-12,2,99.000,,,0
ph_local_8,18,-12,3,99.000,,,0
ph_local_8,19,-11,0,99.000,,,0
ph_local_8,19,-11,1,99.000,,,0
ph_local_8,19,-11,2,99.000,,,0
ph_local_8,19,-11,3,99.000,,,0
ph_local_8,20,-10,0,99.000,,,0
ph_local_8,20,-10,1,99.000,,,0
ph_local_8,20,-10,2,99.000,,,0
ph_local_8,20,-10,3,99.000,,,0
ph_local_8,21,-9,0,99.000,,,0
ph_local_8,21,-9,1,99.000,,,0
ph_local_8,21,-9,2,99.000,,,0
ph_local_8,21,-9,3,99.000,,,0
ph_local_8,22,-8,0,99.000,,,0
ph_local_8,22,-8,1,99.000,,,0
ph_local_8,22,-8,2,99.000,,,0
ph_local_8,22,-8,3,99.000,,,0
ph_local_8,23,-7,0,99.000,,,0
ph_local_8,23,-7,1,99.000,,,0
ph_local_8,23,-7,2,99.000,,,0
ph_local_8,23,-7,3,99.000,,,0
ph_local_8,24,-6,0,99.000,,,0
ph_local_8,24,-6,1,99.000,,,0
ph_local_8,24,-6,2,99.000,,,0
ph_local_8,24,-6,3,99.000,,,0
ph_local_8,25,-5,0,99.000,,,0
ph_local_8,25,-5,1,99.000,,,0
ph_local_8,25,-5,2,99.000,,,0
ph_local_8,25,-5,3,99.000,,,0
ph_local_8,26,-4,0,99.000,,,0
ph_local_8,26,-4,1,99.000,,,0
ph_local_8,26,-4,2,99.000,,,0
ph_local_8,26,-4,3,99.000,,,0
ph_local_8,27,-3,0,99.000,,,0
ph_local_8,27,-3,1,99.000,,,0
ph_local_8,27,-3,2,99.000,,,0
ph_local_8,27,-3,3,99.000,,,0
ph_local_8,28,-2,0,99.000,,,0
ph_local_8,28,-2,1,99.000,,,0
ph_local_8,28,-2,2,99.000,,,0
ph_local_8,28,-2,3,99.000,,,0
ph_local_8,29,-1,0,99.000,,,0
ph_local_8,29,-1,1,99.000,,,0
ph_local_8,29,-1,2,99.000,,,0
ph_local_8,29,-1,3,99.000,,,0
ph_local_8,30,0,0,29.808,0.9658,0.7195,0
ph_local_8,30,0,1,24.640,0.9165,0.7321,0
ph_local_8,30,0,2,23.501,0.9145,0.7402,0
ph_local_8,30,0,3,22.788,0.8860,0.7294,0
ph_local_8,31,1,0,23.705,0.8850,0.7331,0
ph_local_8,31,1,1,20.871,0.8674,0.7618,0
ph_local_8,31,1,2,18.920,0.8377,0.7383,0
ph_local_8,31,1,3,19.282,0.8388,0.7355,0
ph_local_8,32,2,0,19.757,0.8370,0.7342,0
ph_local_8,32,2,1,19.966,0.8480,0.7431,0
ph_local_8,32,2,2,19.751,0.8434,0.7364,0
ph_local_8,32,2,3,19.708,0.8377,0.7365,0
ph_local_8,33,3,0,19.907,0.8472,0.7399,0
ph_local_8,33,3,1,20.001,0.8474,0.7406,0
ph_local_8,33,3,2,19.954,0.8460,0.7383,0
ph_local_8,33,3,3,19.909,0.8445,0.7373,0
ph_local_8,34,4,0,20.074,0.8483,0.7386,0
ph_local_8,34,4,1,20.296,0.8494,0.7400,0
ph_local_8,34,4,2,20.342,0.8473,0.7409,0
ph_local_8,34,4,3,20.321,0.8430,0.7419,0
ph_local_8,35,5,0,20.421,0.8442,0.7417,0
ph_local_8,35,5,1,20.259,0.8297,0.7457,0
ph_local_8,35,5,2,20.341,0.8326,0.7441,0
ph_local_8,35,5,3,20.260,0.8282,0.7412,0
ph_local_8,36,6,0,20.166,0.8335,0.7450,0
ph_local_8,36,6,1,20.055,0.8294,0.7470,0
ph_local_8,36,6,2,20.147,0.8338,0.7466,0
ph_local_8,36,6,3,20.114,0.8326,0.7448,0
ph_local_8,37,7,0,20.131,0.8350,0.7496,0
ph_local_8,37,7,1,20.035,0.8337,0.7509,0
ph_local_8,37,7,2,20.028,0.8342,0.7513,0
ph_local_8,37,7,3,20.008,0.8342,0.7498,0
ph_local_8,38,8,0,20.514,0.8448,0.7554,0
ph_local_8,38,8,1,20.589,0.8494,0.7543,0
ph_local_8,38,8,2,20.405,0.8498,0.7518,0
ph_local_8,38,8,3,20.718,0.8417,0.7465,0
ph_local_8,39,9,0,21.064,0.8585,0.7458,0
ph_local_8,39,9,1,22.075,0.8744,0.7423,0
ph_local_8,39,9,2,22.250,0.8791,0.7387,0
ph_local_8,39,9,3,22.056,0.8718,0.7324,0
ph_local_8,40,10,0,22.129,0.8732,0.7299,0
ph_local_8,40,10,1,22.776,0.8884,0.7259,0
ph_local_8,40,10,2,23.289,0.8966,0.7257,0
ph_local_8,40,10,3,23.419,0.8954,0.7242,0
ph_local_8,41,11,0,23.443,0.8946,0.7271,0
ph_local_8,41,11,1,22.972,0.8785,0.7244,0
ph_local_8,41,11,2,22.959,0.8740,0.7255,0
ph_local_8,41,11,3,23.338,0.8847,0.7248,0
ph_local_8,42,12,0,24.463,0.8987,0.7280,0
ph_local_8,42,12,1,24.550,0.9005,0.7259,0
ph_local_8,42,12,2,24.683,0.9028,0.7240,0
ph_local_8,42,12,3,24.921,0.9076,0.7204,0
ph_local_8,43,13,0,26.355,0.9268,0.7241,0
ph_local_8,43,13,1,26.978,0.9353,0.7210,0
ph_local_8,43,13,2,27.197,0.9383,0.7201,0
ph_local_8,43,13,3,27.238,0.9388,0.7149,0
ph_local_8,44,14,0,28.056,0.9453,0.7161,0
ph_local_8,44,14,1,28.389,0.9490,0.7109,0
ph_local_8,44,14,2,28.523,0.9512,0.7035,0
ph_local_8,44,14,3,28.529,0.9514,0.6945,0
ph_local_8,45,15,0,29.316,0.9586,0.6968,0
ph_local_8,45,15,1,29.500,0.9617,0.6939,0
ph_local_8,45,15,2,29.555,0.9628,0.6923,0
ph_local_8,45,15,3,29.492,0.9623,0.6884,0
ph_local_8,46,16,0,30.847,0.9714,0.6958,0
ph_local_8,46,16,1,31.383,0.9745,0.6948,0
ph_local_8,46,16,2,31.495,0.9752,0.6919,0
ph_local_8,46,16,3,31.537,0.9755,0.6895,0
ph_local_8,47,17,0,32.744,0.9796,0.6969,0
ph_local_8,47,17,1,32.921,0.9808,0.6998,0
ph_local_8,47,17,2,32.878,0.9810,0.7010,0
ph_local_8,47,17,3,32.842,0.9809,0.7016,0
ph_local_8,48,18,0,33.623,0.9835,0.7062,0
ph_local_8,48,18,1,34.458,0.9855,0.7071,0
ph_local_8,48,18,2,34.427,0.9857,0.7066,0
ph_local_8,48,18,3,34.138,0.9846,0.7057,0
ph_local_8,49,19,0,34.968,0.9861,0.7072,0
ph_local_8,49,19,1,34.633,0.9854,0.7072,0
ph_local_8,49,19,2,34.508,0.9852,0.7058,0
ph_local_8,49,19,3,34.125,0.9842,0.7046,0
ph_local_8,50,20,0,34.147,0.9841,0.6993,0
ph_local_8,50,20,1,33.624,0.9814,0.7000,0
ph_local_8,50,20,2,32.427,0.9793,0.6937,0
ph_local_8,50,20,3,31.089,0.9698,0.6911,0
ph_local_8,51,21,0,31.796,0.9705,0.6965,0
ph_local_8,51,21,1,32.515,0.9746,0.7010,0
ph_local_8,51,21,2,32.535,0.9781,0.6990,0
ph_local_8,51,21,3,32.313,0.9766,0.6984,0
ph_local_8,52,22,0,33.005,0.9781,0.7002,0
ph_local_8,52,22,1,32.917,0.9801,0.7036,0
ph_local_8,52,22,2,32.945,0.9805,0.7030,0
ph_local_8,52,22,3,32.975,0.9807,0.7029,0
ph_local_8,53,23,0,34.124,0.9825,0.7063,0
ph_local_8,53,23,1,34.160,0.9830,0.7069,0
ph_local_8,53,23,2,33.686,0.9817,0.7053,0
ph_local_8,53,23,3,33.561,0.9813,0.7047,0
ph_local_8,54,24,0,33.640,0.9820,0.7071,0
ph_local_8,54,24,1,33.738,0.9824,0.7076,0
ph_local_8,54,24,2,33.116,0.9809,0.7075,0
ph_local_8,54,24,3,33.082,0.9807,0.7087,0
ph_local_8,55,25,0,33.243,0.9799,0.7049,0
ph_local_8,55,25,1,32.928,0.9775,0.7051,0
ph_local_8,55,25,2,32.492,0.9786,0.7066,0
ph_local_8,55,25,3,32.001,0.9765,0.7058,0
ph_local_8,56,26,0,33.318,0.9821,0.7072,0
ph_local_8,56,26,1,34.087,0.9848,0.7092,0
ph_local_8,56,26,2,34.159,0.9853,0.7077,0
ph_local_8,56,26,3,34.036,0.9852,0.7065,0
ph_local_8,57,27,0,35.019,0.9874,0.7064,0
ph_local_8,57,27,1,35.571,0.9884,0.7079,0
ph_local_8,57,27,2,35.671,0.9887,0.7042,0
ph_local_8,57,27,3,35.554,0.9885,0.7012,0
ph_local_8,58,28,0,35.719,0.9888,0.6999,0
ph_local_8,58,28,1,34.553,0.9861,0.7027,0
ph_local_8,58,28,2,34.227,0.9853,0.7054,0
ph_local_8,58,28,3,32.914,0.9810,0.7028,0
ph_local_8,59,29,0,34.388,0.9848,0.7025,0
ph_local_8,59,29,1,34.916,0.9883,0.7139,0
ph_local_8,59,29,2,34.679,0.9879,0.7106,0
ph_local_8,59,29,3,34.276,0.9870,0.7101,0
ph_local_8,60,30,0,36.379,0.9899,0.7166,0
ph_local_8,60,30,1,36.620,0.9907,0.7177,0
ph_local_8,60,30,2,36.308,0.9904,0.7166,0
ph_local_8,60,30,3,36.117,0.9902,0.7175,0
ph_local_8,61,31,0,36.284,0.9901,0.7202,0
ph_local_8,61,31,1,35.550,0.9885,0.7206,0
ph_local_8,61,31,2,33.514,0.9851,0.7234,0
ph_local_8,61,31,3,31.665,0.9770,0.7222,0
ph_local_8,62,32,0,33.978,0.9854,0.7279,0
ph_local_8,62,32,1,35.412,0.9892,0.7286,0
ph_local_8,62,32,2,35.577,0.9896,0.7278,0
ph_local_8,62,32,3,35.465,0.9894,0.7284,0
ph_local_8,63,33,0,35.474,0.9895,0.7261,0
ph_local_8,63,33,1,33.040,0.9838,0.7058,0
ph_local_8,63,33,2,32.850,0.9831,0.7109,0
ph_local_8,63,33,3,32.504,0.9818,0.7118,0
ph_local_8,64,34,0,34.056,0.9848,0.7210,0
ph_local_8,64,34,1,34.752,0.9865,0.7237,0
ph_local_8,64,34,2,34.137,0.9860,0.7251,0
ph_local_8,64,34,3,33.401,0.9840,0.7237,0
ph_local_8,65,35,0,33.993,0.9859,0.7242,0
ph_local_8,65,35,1,34.292,0.9868,0.7245,0
ph_local_8,65,35,2,34.472,0.9873,0.7252,0
ph_local_8,65,35,3,34.143,0.9864,0.7221,0
ph_local_8,66,36,0,34.272,0.9867,0.7234,0
ph_local_8,66,36,1,34.034,0.9862,0.7281,0
ph_local_8,66,36,2,34.106,0.9867,0.7295,0
ph_local_8,66,36,3,33.574,0.9850,0.7247,0
ph_local_8,67,37,0,34.241,0.9868,0.7290,0
ph_local_8,67,37,1,34.738,0.9882,0.7302,0
ph_local_8,67,37,2,34.678,0.9882,0.7313,0
ph_local_8,67,37,3,34.345,0.9877,0.7301,0
ph_local_8,68,38,0,34.982,0.9887,0.7309,0
ph_local_8,68,38,1,34.944,0.9883,0.7309,0
ph_local_8,68,38,2,34.984,0.9886,0.7310,0
ph_local_8,68,38,3,33.919,0.9860,0.7295,0
ph_local_8,69,39,0,34.460,0.9869,0.7321,0
ph_local_8,69,39,1,35.291,0.9887,0.7321,0
ph_local_8,69,39,2,35.156,0.9886,0.7331,0
ph_local_8,69,39,3,34.761,0.9878,0.7335,0
ph_localrefresh,1,-29,0,99.000,,,0
ph_localrefresh,1,-29,1,99.000,,,0
ph_localrefresh,1,-29,2,99.000,,,0
ph_localrefresh,1,-29,3,99.000,,,0
ph_localrefresh,2,-28,0,99.000,,,0
ph_localrefresh,2,-28,1,99.000,,,0
ph_localrefresh,2,-28,2,99.000,,,0
ph_localrefresh,2,-28,3,99.000,,,0
ph_localrefresh,3,-27,0,99.000,,,0
ph_localrefresh,3,-27,1,99.000,,,0
ph_localrefresh,3,-27,2,99.000,,,0
ph_localrefresh,3,-27,3,99.000,,,0
ph_localrefresh,4,-26,0,99.000,,,0
ph_localrefresh,4,-26,1,99.000,,,0
ph_localrefresh,4,-26,2,99.000,,,0
ph_localrefresh,4,-26,3,99.000,,,0
ph_localrefresh,5,-25,0,99.000,,,0
ph_localrefresh,5,-25,1,99.000,,,0
ph_localrefresh,5,-25,2,99.000,,,0
ph_localrefresh,5,-25,3,99.000,,,0
ph_localrefresh,6,-24,0,99.000,,,0
ph_localrefresh,6,-24,1,99.000,,,0
ph_localrefresh,6,-24,2,99.000,,,0
ph_localrefresh,6,-24,3,99.000,,,0
ph_localrefresh,7,-23,0,99.000,,,0
ph_localrefresh,7,-23,1,99.000,,,0
ph_localrefresh,7,-23,2,99.000,,,0
ph_localrefresh,7,-23,3,99.000,,,0
ph_localrefresh,8,-22,0,99.000,,,0
ph_localrefresh,8,-22,1,99.000,,,0
ph_localrefresh,8,-22,2,99.000,,,0
ph_localrefresh,8,-22,3,99.000,,,0
ph_localrefresh,9,-21,0,99.000,,,0
ph_localrefresh,9,-21,1,99.000,,,0
ph_localrefresh,9,-21,2,99.000,,,0
ph_localrefresh,9,-21,3,99.000,,,0
ph_localrefresh,10,-20,0,99.000,,,0
ph_localrefresh,10,-20,1,99.000,,,0
ph_localrefresh,10,-20,2,99.000,,,0
ph_localrefresh,10,-20,3,99.000,,,0
ph_localrefresh,11,-19,0,99.000,,,0
ph_localrefresh,11,-19,1,99.000,,,0
ph_localrefresh,11,-19,2,99.000,,,0
ph_localrefresh,11,-19,3,99.000,,,0
ph_localrefresh,12,-18,0,99.000,,,0
ph_localrefresh,12,-18,1,99.000,,,0
ph_localrefresh,12,-18,2,99.000,,,0
ph_localrefresh,12,-18,3,99.000,,,0
ph_localrefresh,13,-17,0,99.000,,,0
ph_localrefresh,13,-17,1,99.000,,,0
ph_localrefresh,13,-17,2,99.000,,,0
ph_localrefresh,13,-17,3,99.000,,,0
ph_localrefresh,14,-16,0,99.000,,,0
ph_localrefresh,14,-16,1,99.000,,,0
ph_localrefresh,14,-16,2,99.000,,,0
ph_localrefresh,14,-16,3,99.000,,,0
ph_localrefresh,15,-15,0,99.000,,,0
ph_localrefresh,15,-15,1,99.000,,,0
ph_localrefresh,15,-15,2,99.000,,,0
ph_localrefresh,15,-15,3,99.000,,,0
ph_localrefresh,16,-14,0,99.000,,,0
ph_localrefresh,16,-14,1,99.000,,,0
ph_localrefresh,16,-14,2,99.000,,,0
ph_localrefresh,16,-14,3,99.000,,,0
ph_localrefresh,17,-13,0,99.000,,,0
ph_localrefresh,17,-13,1,99.000,,,0
ph_localrefresh,17,-13,2,99.000,,,0
ph_localrefresh,17,-13,3,99.000,,,0
ph_localrefresh,18,-12,0,99.000,,,0
ph_localrefresh,18,-12,1,99.000,,,0
ph_localrefresh,18,-12,2,99.000,,,0
ph_localrefresh,18,-12,3,99.000,,,0
ph_localrefresh,19,-11,0,99.000,,,0
ph_localrefresh,19,-11,1,99.000,,,0
ph_localrefresh,19,-11,2,99.000,,,0
ph_localrefresh,19,-11,3,99.000,,,0
ph_localrefresh,20,-10,0,99.000,,,0
ph_localrefresh,20,-10,1,99.000,,,0
ph_localrefresh,20,-10,2,99.000,,,0
ph_localrefresh,20,-10,3,99.000,,,0
ph_localrefresh,21,-9,0,99.000,,,0
ph_localrefresh,21,-9,1,99.000,,,0
ph_localrefresh,21,-9,2,99.000,,,0
ph_localrefresh,21,-9,3,99.000,,,0
ph_localrefresh,22,-8,0,99.000,,,0
ph_localrefresh,22,-8,1,99.000,,,0
ph_localrefresh,22,-8,2,99.000,,,0
ph_localrefresh,22,-8,3,99.000,,,0
ph_localrefresh,23,-7,0,99.000,,,0
ph_localrefresh,23,-7,1,99.000,,,0
ph_localrefresh,23,-7,2,99.000,,,0
ph_localrefresh,23,-7,3,99.000,,,0
ph_localrefresh,24,-6,0,99.000,,,0
ph_localrefresh,24,-6,1,99.000,,,0
ph_localrefresh,24,-6,2,99.000,,,0
ph_localrefresh,24,-6,3,99.000,,,0
ph_localrefresh,25,-5,0,99.000,,,0
ph_localrefresh,25,-5,1,99.000,,,0
ph_localrefresh,25,-5,2,99.000,,,0
ph_localrefresh,25,-5,3,99.000,,,0
ph_localrefresh,26,-4,0,99.000,,,0
ph_localrefresh,26,-4,1,99.000,,,0
ph_localrefresh,26,-4,2,99.000,,,0
ph_localrefresh,26,-4,3,99.000,,,0
ph_localrefresh,27,-3,0,99.000,,,0
ph_localrefresh,27,-3,1,99.000,,,0
ph_localrefresh,27,-3,2,99.000,,,0
ph_localrefresh,27,-3,3,99.000,,,0
ph_localrefresh,28,-2,0,99.000,,,0
ph_localrefresh,28,-2,1,99.000,,,0
ph_localrefresh,28,-2,2,99.000,,,0
ph_localrefresh,28,-2,3,99.000,,,0
ph_localrefresh,29,-1,0,99.000,,,0
ph_localrefresh,29,-1,1,99.000,,,0
ph_localrefresh,29,-1,2,99.000,,,0
ph_localrefresh,29,-1,3,99.000,,,0
ph_localrefresh,30,0,0,29.720,0.9651,0.7197,0
ph_localrefresh,30,0,1,24.888,0.9113,0.7300,0
ph_localrefresh,30,0,2,23.530,0.9038,0.7393,0
ph_localrefresh,30,0,3,22.526,0.8645,0.7287,0
ph_localrefresh,31,1,0,23.565,0.8741,0.7373,0
ph_localrefresh,31,1,1,22.073,0.8814,0.7681,0
ph_localrefresh,31,1,2,18.958,0.8445,0.7338,0
ph_localrefresh,31,1,3,19.810,0.8389,0.7344,0
ph_localrefresh,32,2,0,19.883,0.8331,0.7305,0
ph_localrefresh,32,2,1,20.057,0.8429,0.7411,0
ph_localrefresh,32,2,2,19.791,0.8382,0.7386,0
ph_localrefresh,32,2,3,19.779,0.8337,0.7392,0
ph_localrefresh,33,3,0,20.132,0.8413,0.7408,0
ph_localrefresh,33,3,1,20.178,0.8394,0.7409,0
ph_localrefresh,33,3,2,20.130,0.8381,0.7384,0
ph_localrefresh,33,3,3,20.098,0.8366,0.7372,0
ph_localrefresh,34,4,0,20.198,0.8384,0.7365,0
ph_localrefresh,34,4,1,20.248,0.8379,0.7373,0
ph_localrefresh,34,4,2,20.084,0.8336,0.7377,0
ph_localrefresh,34,4,3,19.950,0.8299,0.7378,0
ph_localrefresh,35,5,0,19.936,0.8289,0.7347,0
ph_localrefresh,35,5,1,20.253,0.8179,0.7360,0
ph_localrefresh,35,5,2,19.769,0.8127,0.7331,0
ph_localrefresh,35,5,3,19.670,0.8072,0.7305,0
ph_localrefresh,36,6,0,19.962,0.8134,0.7348,0
ph_localrefresh,36,6,1,19.945,0.8129,0.7367,0
ph_localrefresh,36,6,2,19.923,0.8152,0.7360,0
ph_localrefresh,36,6,3,19.866,0.8134,0.7329,0
ph_localrefresh,37,7,0,19.901,0.8123,0.7372,0
ph_localrefresh,37,7,1,19.803,0.8086,0.7374,0
ph_localrefresh,37,7,2,19.803,0.8076,0.7371,0
ph_localrefresh,37,7,3,19.784,0.8070,0.7354,0
ph_localrefresh,38,8,0,19.867,0.8032,0.7435,0
ph_localrefresh,38,8,1,19.746,0.8013,0.7413,0
ph_localrefresh,38,8,2,19.216,0.7922,0.7399,0
ph_localrefresh,38,8,3,18.686,0.7827,0.7350,0
ph_localrefresh,39,9,0,18.530,0.7790,0.7355,0
ph_localrefresh,39,9,1,19.255,0.7962,0.7378,0
ph_localrefresh,39,9,2,19.404,0.8084,0.7345,0
ph_localrefresh,39,9,3,19.362,0.8064,0.7259,0
ph_localrefresh,40,10,0,19.251,0.8038,0.7243,0
ph_localrefresh,40,10,1,19.183,0.8045,0.7227,0
ph_localrefresh,40,10,2,19.057,0.8054,0.7218,0
ph_localrefresh,40,10,3,18.936,0.8018,0.7207,0
ph_localrefresh,41,11,0,18.964,0.8018,0.7222,0
ph_localrefresh,41,11,1,19.040,0.8067,0.7273,0
ph_localrefresh,41,11,2,18.839,0.8038,0.7275,0
ph_localrefresh,41,11,3,18.818,0.8022,0.7219,0
ph_localrefresh,42,12,0,18.988,0.8031,0.7332,0
ph_localrefresh,42,12,1,18.905,0.8021,0.7341,0
ph_localrefresh,42,12,2,18.889,0.8022,0.7314,0
ph_localrefresh,42,12,3,18.885,0.8036,0.7256,0
ph_localrefresh,43,13,0,18.594,0.8018,0.7374,0
ph_localrefresh,43,13,1,18.402,0.7957,0.7375,0
ph_localrefresh,43,13,2,18.356,0.7953,0.7331,0
ph_localrefresh,43,13,3,18.351,0.7957,0.7246,0
ph_localrefresh,44,14,0,18.325,0.7978,0.7355,0
ph_localrefresh,44,14,1,18.120,0.7948,0.7332,0
ph_localrefresh,44,14,2,18.047,0.7928,0.7228,0
ph_localrefresh,44,14,3,18.020,0.7921,0.7106,0
ph_localrefresh,45,15,0,17.999,0.7907,0.7218,0
ph_localrefresh,45,15,1,17.854,0.7888,0.7169,0
ph_localrefresh,45,15,2,17.796,0.7863,0.7126,0
ph_localrefresh,45,15,3,17.774,0.7848,0.7071,0
ph_localrefresh,46,16,0,17.936,0.7900,0.7148,0
ph_localrefresh,46,16,1,17.943,0.7900,0.7144,0
ph_localrefresh,46,16,2,17.919,0.7882,0.7106,0
ph_localrefresh,46,16,3,17.908,0.7873,0.7076,0
ph_localrefresh,47,17,0,18.177,0.7925,0.7165,0
ph_localrefresh,47,17,1,18.311,0.7956,0.7204,0
ph_localrefresh,47,17,2,18.392,0.7961,0.7224,0
ph_localrefresh,47,17,3,18.431,0.7963,0.7235,0
ph_localrefresh,48,18,0,18.592,0.8003,0.7316,0
ph_localrefresh,48,18,1,18.793,0.7989,0.7323,0
ph_localrefresh,48,18,2,18.734,0.7930,0.7303,0
ph_localrefresh,48,18,3,18.610,0.7845,0.7291,0
ph_localrefresh,49,19,0,18.764,0.7903,0.7354,0
ph_localrefresh,49,19,1,18.737,0.7900,0.7370,0
ph_localrefresh,49,19,2,18.618,0.7864,0.7368,0
ph_localrefresh,49,19,3,18.510,0.7815,0.7383,0
ph_localrefresh,50,20,0,18.610,0.7858,0.7320,0
ph_localrefresh,50,20,1,18.478,0.7832,0.7330,0
ph_localrefresh,50,20,2,18.370,0.7800,0.7288,0
ph_localrefresh,50,20,3,18.163,0.7735,0.7285,0
ph_localrefresh,51,21,0,18.397,0.7795,0.7321,0
ph_localrefresh,51,21,1,18.564,0.7820,0.7339,0
ph_localrefresh,51,21,2,18.578,0.7852,0.7330,0
ph_localrefresh,51,21,3,18.549,0.7841,0.7330,0
ph_localrefresh,52,22,0,18.388,0.7860,0.7352,0
ph_localrefresh,52,22,1,18.583,0.7930,0.7375,0
ph_localrefresh,52,22,2,18.564,0.7936,0.7355,0
ph_localrefresh,52,22,3,18.574,0.7945,0.7335,0
ph_localrefresh,53,23,0,18.635,0.7957,0.7374,0
ph_localrefresh,53,23,1,18.670,0.7977,0.7362,0
ph_localrefresh,53,23,2,18.703,0.7992,0.7326,0
ph_localrefresh,53,23,3,18.700,0.7996,0.7314,0
ph_localrefresh,54,24,0,18.682,0.8023,0.7357,0
ph_localrefresh,54,24,1,18.626,0.8025,0.7372,0
ph_localrefresh,54,24,2,18.594,0.8033,0.7359,0
ph_localrefresh,54,24,3,18.519,0.8011,0.7364,0
ph_localrefresh,55,25,0,18.401,0.7974,0.7347,0
ph_localrefresh,55,25,1,18.252,0.7937,0.7374,0
ph_localrefresh,55,25,2,18.061,0.7839,0.7327,0
ph_localrefresh,55,25,3,17.949,0.7810,0.7298,0
ph_localrefresh,56,26,0,18.216,0.7904,0.7412,0
ph_localrefresh,56,26,1,18.322,0.7957,0.7439,0
ph_localrefresh,56,26,2,18.302,0.7945,0.7417,0
ph_localrefresh,56,26,3,18.305,0.7948,0.7383,0
ph_localrefresh,57,27,0,18.249,0.7975,0.7369,0
ph_localrefresh,57,27,1,18.207,0.7956,0.7359,0
ph_localrefresh,57,27,2,18.126,0.7922,0.7317,0
ph_localrefresh,57,27,3,18.085,0.7913,0.7289,0
ph_localrefresh,58,28,0,18.135,0.7932,0.7269,0
ph_localrefresh,58,28,1,18.094,0.7968,0.7358,0
ph_localrefresh,58,28,2,18.241,0.7973,0.7323,0
ph_localrefresh,58,28,3,18.040,0.7841,0.7259,0
ph_localrefresh,59,29,0,18.251,0.7948,0.7260,0
ph_localrefresh,59,29,1,18.572,0.8051,0.7388,0
ph_localrefresh,59,29,2,18.618,0.8061,0.7334,0
ph_localrefresh,59,29,3,18.604,0.8063,0.7305,0
ph_localrefresh,60,30,0,18.449,0.8105,0.7384,0
ph_localrefresh,60,30,1,18.335,0.8091,0.7393,0
ph_localrefresh,60,30,2,18.284,0.8082,0.7373,0
ph_localrefresh,60,30,3,18.248,0.8070,0.7369,0
ph_localrefresh,61,31,0,18.319,0.8097,0.7411,0
ph_localrefresh,61,31,1,18.358,0.8108,0.7422,0
ph_localrefresh,61,31,2,18.130,0.8060,0.7471,0
ph_localrefresh,61,31,3,18.121,0.8057,0.7463,0
ph_localrefresh,62,32,0,18.190,0.8106,0.7568,0
ph_localrefresh,62,32,1,18.147,0.8157,0.7564,0
ph_localrefresh,62,32,2,18.154,0.8146,0.7550,0
ph_localrefresh,62,32,3,18.150,0.8141,0.7553,0
ph_localrefresh,63,33,0,18.157,0.8126,0.7524,0
ph_localrefresh,63,33,1,17.684,0.7877,0.7181,0
ph_localrefresh,63,33,2,17.854,0.7923,0.7222,0
ph_localrefresh,63,33,3,17.876,0.7935,0.7241,0
ph_localrefresh,64,34,0,17.979,0.7955,0.7406,0
ph_localrefresh,64,34,1,17.943,0.7953,0.7419,0
ph_localrefresh,64,34,2,17.905,0.8003,0.7434,0
ph_localrefresh,64,34,3,17.827,0.7955,0.7405,0
ph_localrefresh,65,35,0,17.919,0.7991,0.7425,0
ph_localrefresh,65,35,1,17.983,0.8034,0.7474,0
ph_localrefresh,65,35,2,17.969,0.8015,0.7471,0
ph_localrefresh,65,35,3,17.911,0.7997,0.7428,0
ph_localrefresh,66,36,0,17.876,0.7947,0.7467,0
ph_localrefresh,66,36,1,18.238,0.8005,0.7485,0
ph_localrefresh,66,36,2,18.189,0.7998,0.7478,0
ph_localrefresh,66,36,3,18.077,0.7954,0.7447,0
ph_localrefresh,67,37,0,18.292,0.7996,0.7502,0
ph_localrefresh,67,37,1,18.369,0.8057,0.7537,0
ph_localrefresh,67,37,2,18.395,0.8074,0.7557,0
ph_localrefresh,67,37,3,18.376,0.8075,0.7555,0
ph_localrefresh,68,38,0,18.438,0.8079,0.7615,0
ph_localrefresh,68,38,1,18.430,0.8045,0.7639,0
ph_localrefresh,68,38,2,18.113,0.8027,0.7642,0
ph_localrefresh,68,38,3,18.148,0.7993,0.7640,0
ph_localrefresh,69,39,0,17.813,0.7902,0.7684,0
ph_localrefresh,69,39,1,17.834,0.7942,0.7626,0
ph_localrefresh,69,39,2,17.846,0.7944,0.7632,0
ph_localrefresh,69,39,3,17.853,0.7941,0.7624,0
