config,call,rel_call,frame,psnr,ssim,ssim_in,missing
repeat,1,-29,0,99.000,,,0
repeat,1,-29,1,99.000,,,0
repeat,1,-29,2,99.000,,,0
repeat,1,-29,3,99.000,,,0
repeat,2,-28,0,99.000,,,0
repeat,2,-28,1,99.000,,,0
repeat,2,-28,2,99.000,,,0
repeat,2,-28,3,99.000,,,0
repeat,3,-27,0,99.000,,,0
repeat,3,-27,1,99.000,,,0
repeat,3,-27,2,99.000,,,0
repeat,3,-27,3,99.000,,,0
repeat,4,-26,0,99.000,,,0
repeat,4,-26,1,99.000,,,0
repeat,4,-26,2,99.000,,,0
repeat,4,-26,3,99.000,,,0
repeat,5,-25,0,99.000,,,0
repeat,5,-25,1,99.000,,,0
repeat,5,-25,2,99.000,,,0
repeat,5,-25,3,99.000,,,0
repeat,6,-24,0,99.000,,,0
repeat,6,-24,1,99.000,,,0
repeat,6,-24,2,99.000,,,0
repeat,6,-24,3,99.000,,,0
repeat,7,-23,0,99.000,,,0
repeat,7,-23,1,99.000,,,0
repeat,7,-23,2,99.000,,,0
repeat,7,-23,3,99.000,,,0
repeat,8,-22,0,99.000,,,0
repeat,8,-22,1,99.000,,,0
repeat,8,-22,2,99.000,,,0
repeat,8,-22,3,99.000,,,0
repeat,9,-21,0,99.000,,,0
repeat,9,-21,1,99.000,,,0
repeat,9,-21,2,99.000,,,0
repeat,9,-21,3,99.000,,,0
repeat,10,-20,0,99.000,,,0
repeat,10,-20,1,99.000,,,0
repeat,10,-20,2,99.000,,,0
repeat,10,-20,3,99.000,,,0
repeat,11,-19,0,99.000,,,0
repeat,11,-19,1,99.000,,,0
repeat,11,-19,2,99.000,,,0
repeat,11,-19,3,99.000,,,0
repeat,12,-18,0,99.000,,,0
repeat,12,-18,1,99.000,,,0
repeat,12,-18,2,99.000,,,0
repeat,12,-18,3,99.000,,,0
repeat,13,-17,0,99.000,,,0
repeat,13,-17,1,99.000,,,0
repeat,13,-17,2,99.000,,,0
repeat,13,-17,3,99.000,,,0
repeat,14,-16,0,99.000,,,0
repeat,14,-16,1,99.000,,,0
repeat,14,-16,2,99.000,,,0
repeat,14,-16,3,99.000,,,0
repeat,15,-15,0,99.000,,,0
repeat,15,-15,1,99.000,,,0
repeat,15,-15,2,99.000,,,0
repeat,15,-15,3,99.000,,,0
repeat,16,-14,0,99.000,,,0
repeat,16,-14,1,99.000,,,0
repeat,16,-14,2,99.000,,,0
repeat,16,-14,3,99.000,,,0
repeat,17,-13,0,99.000,,,0
repeat,17,-13,1,99.000,,,0
repeat,17,-13,2,99.000,,,0
repeat,17,-13,3,99.000,,,0
repeat,18,-12,0,99.000,,,0
repeat,18,-12,1,99.000,,,0
repeat,18,-12,2,99.000,,,0
repeat,18,-12,3,99.000,,,0
repeat,19,-11,0,99.000,,,0
repeat,19,-11,1,99.000,,,0
repeat,19,-11,2,99.000,,,0
repeat,19,-11,3,99.000,,,0
repeat,20,-10,0,99.000,,,0
repeat,20,-10,1,99.000,,,0
repeat,20,-10,2,99.000,,,0
repeat,20,-10,3,99.000,,,0
repeat,21,-9,0,99.000,,,0
repeat,21,-9,1,99.000,,,0
repeat,21,-9,2,99.000,,,0
repeat,21,-9,3,99.000,,,0
repeat,22,-8,0,99.000,,,0
repeat,22,-8,1,99.000,,,0
repeat,22,-8,2,99.000,,,0
repeat,22,-8,3,99.000,,,0
repeat,23,-7,0,99.000,,,0
repeat,23,-7,1,99.000,,,0
repeat,23,-7,2,99.000,,,0
repeat,23,-7,3,99.000,,,0
repeat,24,-6,0,99.000,,,0
repeat,24,-6,1,99.000,,,0
repeat,24,-6,2,99.000,,,0
repeat,24,-6,3,99.000,,,0
repeat,25,-5,0,99.000,,,0
repeat,25,-5,1,99.000,,,0
repeat,25,-5,2,99.000,,,0
repeat,25,-5,3,99.000,,,0
repeat,26,-4,0,99.000,,,0
repeat,26,-4,1,99.000,,,0
repeat,26,-4,2,99.000,,,0
repeat,26,-4,3,99.000,,,0
repeat,27,-3,0,99.000,,,0
repeat,27,-3,1,99.000,,,0
repeat,27,-3,2,99.000,,,0
repeat,27,-3,3,99.000,,,0
repeat,28,-2,0,99.000,,,0
repeat,28,-2,1,99.000,,,0
repeat,28,-2,2,99.000,,,0
repeat,28,-2,3,99.000,,,0
repeat,29,-1,0,99.000,,,0
repeat,29,-1,1,99.000,,,0
repeat,29,-1,2,99.000,,,0
repeat,29,-1,3,99.000,,,0
repeat,30,0,0,99.000,1.0000,0.4178,0
repeat,30,0,1,99.000,1.0000,0.4216,0
repeat,30,0,2,99.000,1.0000,0.4163,0
repeat,30,0,3,99.000,1.0000,0.4141,0
repeat,31,1,0,99.000,1.0000,0.4073,0
repeat,31,1,1,99.000,1.0000,0.4117,0
repeat,31,1,2,99.000,1.0000,0.4005,0
repeat,31,1,3,99.000,1.0000,0.4009,0
repeat,32,2,0,99.000,1.0000,0.3983,0
repeat,32,2,1,99.000,1.0000,0.4047,0
repeat,32,2,2,99.000,1.0000,0.3966,0
repeat,32,2,3,99.000,1.0000,0.3971,0
repeat,33,3,0,99.000,1.0000,0.3979,0
repeat,33,3,1,99.000,1.0000,0.4084,0
repeat,33,3,2,99.000,1.0000,0.4037,0
repeat,33,3,3,99.000,1.0000,0.4029,0
repeat,34,4,0,99.000,1.0000,0.4041,0
repeat,34,4,1,99.000,1.0000,0.4145,0
repeat,34,4,2,99.000,1.0000,0.4050,0
repeat,34,4,3,99.000,1.0000,0.4098,0
repeat,35,5,0,99.000,1.0000,0.4119,0
repeat,35,5,1,99.000,1.0000,0.4230,0
repeat,35,5,2,99.000,1.0000,0.4118,0
repeat,35,5,3,99.000,1.0000,0.4126,0
repeat,36,6,0,99.000,1.0000,0.4136,0
repeat,36,6,1,99.000,1.0000,0.4210,0
repeat,36,6,2,99.000,1.0000,0.4112,0
repeat,36,6,3,99.000,1.0000,0.4106,0
repeat,37,7,0,99.000,1.0000,0.4134,0
repeat,37,7,1,99.000,1.0000,0.4215,0
repeat,37,7,2,99.000,1.0000,0.4136,0
repeat,37,7,3,99.000,1.0000,0.4121,0
repeat,38,8,0,99.000,1.0000,0.4172,0
repeat,38,8,1,99.000,1.0000,0.4223,0
repeat,38,8,2,99.000,1.0000,0.4159,0
repeat,38,8,3,99.000,1.0000,0.4173,0
repeat,39,9,0,99.000,1.0000,0.4178,0
repeat,39,9,1,99.000,1.0000,0.4249,0
repeat,39,9,2,99.000,1.0000,0.4256,0
repeat,39,9,3,99.000,1.0000,0.4163,0
repeat,40,10,0,99.000,1.0000,0.4186,0
repeat,40,10,1,99.000,1.0000,0.3996,0
repeat,40,10,2,99.000,1.0000,0.3934,0
repeat,40,10,3,99.000,1.0000,0.3975,0
repeat,41,11,0,99.000,1.0000,0.4000,0
repeat,41,11,1,99.000,1.0000,0.4127,0
repeat,41,11,2,99.000,1.0000,0.4123,0
repeat,41,11,3,99.000,1.0000,0.4151,0
repeat,42,12,0,99.000,1.0000,0.4182,0
repeat,42,12,1,99.000,1.0000,0.4233,0
repeat,42,12,2,99.000,1.0000,0.4190,0
repeat,42,12,3,99.000,1.0000,0.4182,0
repeat,43,13,0,99.000,1.0000,0.4217,0
repeat,43,13,1,99.000,1.0000,0.4267,0
repeat,43,13,2,99.000,1.0000,0.4202,0
repeat,43,13,3,99.000,1.0000,0.4204,0
repeat,44,14,0,99.000,1.0000,0.4215,0
repeat,44,14,1,99.000,1.0000,0.4273,0
repeat,44,14,2,99.000,1.0000,0.4225,0
repeat,44,14,3,99.000,1.0000,0.4228,0
repeat,45,15,0,99.000,1.0000,0.4258,0
repeat,45,15,1,99.000,1.0000,0.4283,0
repeat,45,15,2,99.000,1.0000,0.4247,0
repeat,45,15,3,99.000,1.0000,0.4235,0
repeat,46,16,0,99.000,1.0000,0.4210,0
repeat,46,16,1,99.000,1.0000,0.4234,0
repeat,46,16,2,99.000,1.0000,0.4189,0
repeat,46,16,3,99.000,1.0000,0.4156,0
repeat,47,17,0,99.000,1.0000,0.4115,0
repeat,47,17,1,99.000,1.0000,0.4154,0
repeat,47,17,2,99.000,1.0000,0.4116,0
repeat,47,17,3,99.000,1.0000,0.4125,0
repeat,48,18,0,99.000,1.0000,0.4107,0
repeat,48,18,1,99.000,1.0000,0.4147,0
repeat,48,18,2,99.000,1.0000,0.4152,0
repeat,48,18,3,99.000,1.0000,0.4114,0
repeat,49,19,0,99.000,1.0000,0.4147,0
repeat,49,19,1,99.000,1.0000,0.4155,0
repeat,49,19,2,99.000,1.0000,0.4201,0
repeat,49,19,3,99.000,1.0000,0.4138,0
repeat,50,20,0,99.000,1.0000,0.4149,0
repeat,50,20,1,99.000,1.0000,0.4158,0
repeat,50,20,2,99.000,1.0000,0.4196,0
repeat,50,20,3,99.000,1.0000,0.4157,0
repeat,51,21,0,99.000,1.0000,0.4146,0
repeat,51,21,1,99.000,1.0000,0.4140,0
repeat,51,21,2,99.000,1.0000,0.4180,0
repeat,51,21,3,99.000,1.0000,0.4075,0
repeat,52,22,0,99.000,1.0000,0.4092,0
repeat,52,22,1,99.000,1.0000,0.4093,0
repeat,52,22,2,99.000,1.0000,0.4129,0
repeat,52,22,3,99.000,1.0000,0.4052,0
repeat,53,23,0,99.000,1.0000,0.4064,0
repeat,53,23,1,99.000,1.0000,0.4073,0
repeat,53,23,2,99.000,1.0000,0.4134,0
repeat,53,23,3,99.000,1.0000,0.4059,0
repeat,54,24,0,99.000,1.0000,0.4037,0
repeat,54,24,1,99.000,1.0000,0.4062,0
repeat,54,24,2,99.000,1.0000,0.4152,0
repeat,54,24,3,99.000,1.0000,0.4060,0
repeat,55,25,0,99.000,1.0000,0.4116,0
repeat,55,25,1,99.000,1.0000,0.4166,0
repeat,55,25,2,99.000,1.0000,0.4264,0
repeat,55,25,3,99.000,1.0000,0.4144,0
repeat,56,26,0,99.000,1.0000,0.4214,0
repeat,56,26,1,99.000,1.0000,0.4215,0
repeat,56,26,2,99.000,1.0000,0.4270,0
repeat,56,26,3,99.000,1.0000,0.4174,0
repeat,57,27,0,99.000,1.0000,0.4226,0
repeat,57,27,1,99.000,1.0000,0.4209,0
repeat,57,27,2,99.000,1.0000,0.4276,0
repeat,57,27,3,99.000,1.0000,0.4170,0
repeat,58,28,0,99.000,1.0000,0.4220,0
repeat,58,28,1,99.000,1.0000,0.4241,0
repeat,58,28,2,99.000,1.0000,0.4300,0
repeat,58,28,3,99.000,1.0000,0.4207,0
repeat,59,29,0,99.000,1.0000,0.4266,0
repeat,59,29,1,99.000,1.0000,0.4276,0
repeat,59,29,2,99.000,1.0000,0.4340,0
repeat,59,29,3,99.000,1.0000,0.4339,0
repeat,60,30,0,99.000,1.0000,0.4178,0
repeat,60,30,1,99.000,1.0000,0.4227,0
repeat,60,30,2,99.000,1.0000,0.4068,0
repeat,60,30,3,99.000,1.0000,0.4033,0
repeat,61,31,0,99.000,1.0000,0.4108,0
repeat,61,31,1,99.000,1.0000,0.4074,0
repeat,61,31,2,99.000,1.0000,0.4166,0
repeat,61,31,3,99.000,1.0000,0.4136,0
repeat,62,32,0,99.000,1.0000,0.4192,0
repeat,62,32,1,99.000,1.0000,0.4222,0
repeat,62,32,2,99.000,1.0000,0.4241,0
repeat,62,32,3,99.000,1.0000,0.4160,0
repeat,63,33,0,99.000,1.0000,0.4205,0
repeat,63,33,1,99.000,1.0000,0.4252,0
repeat,63,33,2,99.000,1.0000,0.4303,0
repeat,63,33,3,99.000,1.0000,0.4215,0
repeat,64,34,0,99.000,1.0000,0.4235,0
repeat,64,34,1,99.000,1.0000,0.4223,0
repeat,64,34,2,99.000,1.0000,0.4269,0
repeat,64,34,3,99.000,1.0000,0.4200,0
repeat,65,35,0,99.000,1.0000,0.4231,0
repeat,65,35,1,99.000,1.0000,0.4241,0
repeat,65,35,2,99.000,1.0000,0.4267,0
repeat,65,35,3,99.000,1.0000,0.4216,0
repeat,66,36,0,99.000,1.0000,0.4232,0
repeat,66,36,1,99.000,1.0000,0.4215,0
repeat,66,36,2,99.000,1.0000,0.4248,0
repeat,66,36,3,99.000,1.0000,0.4201,0
repeat,67,37,0,99.000,1.0000,0.4190,0
repeat,67,37,1,99.000,1.0000,0.4156,0
repeat,67,37,2,99.000,1.0000,0.4183,0
repeat,67,37,3,99.000,1.0000,0.4134,0
repeat,68,38,0,99.000,1.0000,0.4151,0
repeat,68,38,1,99.000,1.0000,0.4152,0
repeat,68,38,2,99.000,1.0000,0.4189,0
repeat,68,38,3,99.000,1.0000,0.4199,0
repeat,69,39,0,99.000,1.0000,0.4157,0
repeat,69,39,1,99.000,1.0000,0.4190,0
repeat,69,39,2,99.000,1.0000,0.4207,0
repeat,69,39,3,99.000,1.0000,0.4242,0
seed_shift,1,-29,0,18.910,,,0
seed_shift,1,-29,1,18.988,,,0
seed_shift,1,-29,2,18.801,,,0
seed_shift,1,-29,3,18.750,,,0
seed_shift,2,-28,0,18.977,,,0
seed_shift,2,-28,1,19.120,,,0
seed_shift,2,-28,2,19.180,,,0
seed_shift,2,-28,3,19.291,,,0
seed_shift,3,-27,0,19.546,,,0
seed_shift,3,-27,1,19.663,,,0
seed_shift,3,-27,2,19.704,,,0
seed_shift,3,-27,3,19.788,,,0
seed_shift,4,-26,0,19.870,,,0
seed_shift,4,-26,1,19.940,,,0
seed_shift,4,-26,2,20.012,,,0
seed_shift,4,-26,3,20.001,,,0
seed_shift,5,-25,0,20.296,,,0
seed_shift,5,-25,1,20.512,,,0
seed_shift,5,-25,2,20.697,,,0
seed_shift,5,-25,3,20.912,,,0
seed_shift,6,-24,0,21.226,,,0
seed_shift,6,-24,1,21.273,,,0
seed_shift,6,-24,2,21.269,,,0
seed_shift,6,-24,3,21.206,,,0
seed_shift,7,-23,0,21.750,,,0
seed_shift,7,-23,1,21.914,,,0
seed_shift,7,-23,2,21.957,,,0
seed_shift,7,-23,3,22.087,,,0
seed_shift,8,-22,0,22.495,,,0
seed_shift,8,-22,1,22.490,,,0
seed_shift,8,-22,2,22.521,,,0
seed_shift,8,-22,3,22.611,,,0
seed_shift,9,-21,0,23.023,,,0
seed_shift,9,-21,1,23.399,,,0
seed_shift,9,-21,2,23.370,,,0
seed_shift,9,-21,3,23.254,,,0
seed_shift,10,-20,0,23.375,,,0
seed_shift,10,-20,1,23.346,,,0
seed_shift,10,-20,2,23.258,,,0
seed_shift,10,-20,3,23.268,,,0
seed_shift,11,-19,0,23.445,,,0
seed_shift,11,-19,1,23.549,,,0
seed_shift,11,-19,2,23.426,,,0
seed_shift,11,-19,3,23.316,,,0
seed_shift,12,-18,0,23.481,,,0
seed_shift,12,-18,1,23.241,,,0
seed_shift,12,-18,2,22.661,,,0
seed_shift,12,-18,3,22.068,,,0
seed_shift,13,-17,0,22.552,,,0
seed_shift,13,-17,1,22.781,,,0
seed_shift,13,-17,2,22.750,,,0
seed_shift,13,-17,3,22.895,,,0
seed_shift,14,-16,0,23.746,,,0
seed_shift,14,-16,1,23.043,,,0
seed_shift,14,-16,2,22.491,,,0
seed_shift,14,-16,3,21.053,,,0
seed_shift,15,-15,0,20.837,,,0
seed_shift,15,-15,1,21.889,,,0
seed_shift,15,-15,2,22.294,,,0
seed_shift,15,-15,3,23.044,,,0
seed_shift,16,-14,0,22.542,,,0
seed_shift,16,-14,1,23.069,,,0
seed_shift,16,-14,2,22.492,,,0
seed_shift,16,-14,3,22.454,,,0
seed_shift,17,-13,0,22.475,,,0
seed_shift,17,-13,1,21.758,,,0
seed_shift,17,-13,2,22.046,,,0
seed_shift,17,-13,3,21.573,,,0
seed_shift,18,-12,0,21.674,,,0
seed_shift,18,-12,1,21.778,,,0
seed_shift,18,-12,2,21.980,,,0
seed_shift,18,-12,3,21.884,,,0
seed_shift,19,-11,0,22.746,,,0
seed_shift,19,-11,1,22.574,,,0
seed_shift,19,-11,2,22.346,,,0
seed_shift,19,-11,3,22.443,,,0
seed_shift,20,-10,0,21.876,,,0
seed_shift,20,-10,1,21.503,,,0
seed_shift,20,-10,2,21.653,,,0
seed_shift,20,-10,3,21.448,,,0
seed_shift,21,-9,0,22.329,,,0
seed_shift,21,-9,1,22.504,,,0
seed_shift,21,-9,2,22.630,,,0
seed_shift,21,-9,3,22.567,,,0
seed_shift,22,-8,0,22.806,,,0
seed_shift,22,-8,1,23.028,,,0
seed_shift,22,-8,2,22.983,,,0
seed_shift,22,-8,3,22.864,,,0
seed_shift,23,-7,0,23.279,,,0
seed_shift,23,-7,1,23.389,,,0
seed_shift,23,-7,2,23.420,,,0
seed_shift,23,-7,3,23.479,,,0
seed_shift,24,-6,0,23.653,,,0
seed_shift,24,-6,1,23.542,,,0
seed_shift,24,-6,2,23.389,,,0
seed_shift,24,-6,3,23.150,,,0
seed_shift,25,-5,0,23.280,,,0
seed_shift,25,-5,1,23.103,,,0
seed_shift,25,-5,2,22.815,,,0
seed_shift,25,-5,3,22.034,,,0
seed_shift,26,-4,0,21.681,,,0
seed_shift,26,-4,1,21.353,,,0
seed_shift,26,-4,2,21.166,,,0
seed_shift,26,-4,3,21.265,,,0
seed_shift,27,-3,0,21.360,,,0
seed_shift,27,-3,1,21.867,,,0
seed_shift,27,-3,2,22.222,,,0
seed_shift,27,-3,3,22.574,,,0
seed_shift,28,-2,0,22.987,,,0
seed_shift,28,-2,1,23.117,,,0
seed_shift,28,-2,2,23.394,,,0
seed_shift,28,-2,3,23.316,,,0
seed_shift,29,-1,0,23.381,,,0
seed_shift,29,-1,1,23.438,,,0
seed_shift,29,-1,2,23.466,,,0
seed_shift,29,-1,3,23.817,,,0
seed_shift,30,0,0,23.936,0.7574,0.4152,0
seed_shift,30,0,1,23.761,0.7542,0.4181,0
seed_shift,30,0,2,23.673,0.7523,0.4130,0
seed_shift,30,0,3,23.560,0.7502,0.4106,0
seed_shift,31,1,0,23.638,0.7605,0.4038,0
seed_shift,31,1,1,22.936,0.7559,0.4103,0
seed_shift,31,1,2,22.035,0.7465,0.4006,0
seed_shift,31,1,3,21.345,0.7405,0.4025,0
seed_shift,32,2,0,21.613,0.7509,0.4004,0
seed_shift,32,2,1,21.960,0.7493,0.4049,0
seed_shift,32,2,2,21.639,0.7420,0.3977,0
seed_shift,32,2,3,22.208,0.7419,0.3978,0
seed_shift,33,3,0,22.464,0.7538,0.3966,0
seed_shift,33,3,1,22.159,0.7485,0.4078,0
seed_shift,33,3,2,22.164,0.7450,0.4023,0
seed_shift,33,3,3,22.073,0.7420,0.3986,0
seed_shift,34,4,0,22.222,0.7491,0.3963,0
seed_shift,34,4,1,23.074,0.7597,0.4125,0
seed_shift,34,4,2,22.869,0.7536,0.4045,0
seed_shift,34,4,3,22.751,0.7531,0.4063,0
seed_shift,35,5,0,23.012,0.7649,0.4079,0
seed_shift,35,5,1,22.550,0.7578,0.4236,0
seed_shift,35,5,2,21.803,0.7447,0.4109,0
seed_shift,35,5,3,22.036,0.7447,0.4124,0
seed_shift,36,6,0,23.095,0.7654,0.4132,0
seed_shift,36,6,1,22.835,0.7606,0.4244,0
seed_shift,36,6,2,23.296,0.7583,0.4141,0
seed_shift,36,6,3,23.077,0.7554,0.4127,0
seed_shift,37,7,0,23.529,0.7682,0.4150,0
seed_shift,37,7,1,23.828,0.7701,0.4216,0
seed_shift,37,7,2,23.656,0.7600,0.4155,0
seed_shift,37,7,3,23.627,0.7590,0.4136,0
seed_shift,38,8,0,23.340,0.7778,0.4181,0
seed_shift,38,8,1,23.355,0.7756,0.4236,0
seed_shift,38,8,2,23.115,0.7667,0.4172,0
seed_shift,38,8,3,23.225,0.7652,0.4197,0
seed_shift,39,9,0,23.467,0.7789,0.4191,0
seed_shift,39,9,1,23.925,0.7841,0.4272,0
seed_shift,39,9,2,23.683,0.7775,0.4284,0
seed_shift,39,9,3,23.866,0.7803,0.4197,0
seed_shift,40,10,0,23.778,0.7880,0.4227,0
seed_shift,40,10,1,22.694,0.7720,0.4021,0
seed_shift,40,10,2,22.752,0.7744,0.3973,0
seed_shift,40,10,3,23.249,0.7764,0.3988,0
seed_shift,41,11,0,23.171,0.7724,0.4004,0
seed_shift,41,11,1,22.872,0.7611,0.4118,0
seed_shift,41,11,2,22.763,0.7570,0.4102,0
seed_shift,41,11,3,22.875,0.7569,0.4140,0
seed_shift,42,12,0,23.053,0.7665,0.4154,0
seed_shift,42,12,1,23.113,0.7642,0.4192,0
seed_shift,42,12,2,23.134,0.7622,0.4139,0
seed_shift,42,12,3,23.071,0.7609,0.4126,0
seed_shift,43,13,0,23.310,0.7665,0.4172,0
seed_shift,43,13,1,23.222,0.7613,0.4241,0
seed_shift,43,13,2,23.048,0.7556,0.4179,0
seed_shift,43,13,3,23.005,0.7537,0.4178,0
seed_shift,44,14,0,23.094,0.7575,0.4179,0
seed_shift,44,14,1,22.949,0.7532,0.4228,0
seed_shift,44,14,2,22.745,0.7474,0.4182,0
seed_shift,44,14,3,22.706,0.7436,0.4191,0
seed_shift,45,15,0,22.624,0.7489,0.4207,0
seed_shift,45,15,1,22.369,0.7449,0.4233,0
seed_shift,45,15,2,22.091,0.7395,0.4201,0
seed_shift,45,15,3,21.930,0.7368,0.4197,0
seed_shift,46,16,0,21.986,0.7458,0.4183,0
seed_shift,46,16,1,21.889,0.7417,0.4221,0
seed_shift,46,16,2,21.797,0.7389,0.4176,0
seed_shift,46,16,3,21.629,0.7350,0.4153,0
seed_shift,47,17,0,21.811,0.7452,0.4120,0
seed_shift,47,17,1,21.732,0.7440,0.4153,0
seed_shift,47,17,2,21.765,0.7419,0.4112,0
seed_shift,47,17,3,21.885,0.7433,0.4114,0
seed_shift,48,18,0,21.987,0.7533,0.4084,0
seed_shift,48,18,1,22.212,0.7539,0.4113,0
seed_shift,48,18,2,22.368,0.7527,0.4122,0
seed_shift,48,18,3,22.250,0.7498,0.4082,0
seed_shift,49,19,0,22.167,0.7590,0.4099,0
seed_shift,49,19,1,22.296,0.7586,0.4107,0
seed_shift,49,19,2,22.472,0.7569,0.4138,0
seed_shift,49,19,3,22.953,0.7565,0.4080,0
seed_shift,50,20,0,23.388,0.7625,0.4101,0
seed_shift,50,20,1,23.259,0.7569,0.4109,0
seed_shift,50,20,2,22.982,0.7473,0.4151,0
seed_shift,50,20,3,22.889,0.7430,0.4102,0
seed_shift,51,21,0,22.966,0.7494,0.4082,0
seed_shift,51,21,1,22.039,0.7416,0.4104,0
seed_shift,51,21,2,22.201,0.7384,0.4142,0
seed_shift,51,21,3,22.132,0.7356,0.4027,0
seed_shift,52,22,0,22.540,0.7499,0.4048,0
seed_shift,52,22,1,22.274,0.7463,0.4062,0
seed_shift,52,22,2,22.063,0.7396,0.4100,0
seed_shift,52,22,3,22.270,0.7395,0.4004,0
seed_shift,53,23,0,22.506,0.7519,0.4017,0
seed_shift,53,23,1,21.747,0.7462,0.4082,0
seed_shift,53,23,2,22.085,0.7452,0.4133,0
seed_shift,53,23,3,22.460,0.7478,0.4056,0
seed_shift,54,24,0,22.913,0.7598,0.4023,0
seed_shift,54,24,1,22.895,0.7591,0.4043,0
seed_shift,54,24,2,21.436,0.7432,0.4080,0
seed_shift,54,24,3,21.785,0.7505,0.3999,0
seed_shift,55,25,0,22.934,0.7682,0.4073,0
seed_shift,55,25,1,22.779,0.7637,0.4133,0
seed_shift,55,25,2,22.228,0.7541,0.4192,0
seed_shift,55,25,3,21.136,0.7438,0.4087,0
seed_shift,56,26,0,21.272,0.7564,0.4181,0
seed_shift,56,26,1,22.873,0.7670,0.4198,0
seed_shift,56,26,2,22.805,0.7618,0.4264,0
seed_shift,56,26,3,22.720,0.7597,0.4173,0
seed_shift,57,27,0,23.006,0.7717,0.4228,0
seed_shift,57,27,1,22.890,0.7682,0.4233,0
seed_shift,57,27,2,22.494,0.7607,0.4302,0
seed_shift,57,27,3,22.883,0.7633,0.4193,0
seed_shift,58,28,0,22.723,0.7791,0.4237,0
seed_shift,58,28,1,22.641,0.7776,0.4245,0
seed_shift,58,28,2,22.569,0.7692,0.4297,0
seed_shift,58,28,3,22.377,0.7659,0.4203,0
seed_shift,59,29,0,22.146,0.7726,0.4223,0
seed_shift,59,29,1,22.348,0.7724,0.4234,0
seed_shift,59,29,2,22.986,0.7711,0.4293,0
seed_shift,59,29,3,23.043,0.7695,0.4283,0
seed_shift,60,30,0,22.887,0.7732,0.4127,0
seed_shift,60,30,1,22.168,0.7816,0.4194,0
seed_shift,60,30,2,20.244,0.7380,0.4039,0
seed_shift,60,30,3,20.021,0.7331,0.3998,0
seed_shift,61,31,0,20.806,0.7589,0.4056,0
seed_shift,61,31,1,20.939,0.7542,0.4022,0
seed_shift,61,31,2,21.066,0.7539,0.4105,0
seed_shift,61,31,3,21.301,0.7561,0.4079,0
seed_shift,62,32,0,21.906,0.7690,0.4144,0
seed_shift,62,32,1,22.164,0.7683,0.4171,0
seed_shift,62,32,2,22.291,0.7684,0.4189,0
seed_shift,62,32,3,22.431,0.7694,0.4101,0
seed_shift,63,33,0,22.831,0.7749,0.4135,0
seed_shift,63,33,1,23.050,0.7741,0.4172,0
seed_shift,63,33,2,22.946,0.7710,0.4226,0
seed_shift,63,33,3,22.778,0.7673,0.4151,0
seed_shift,64,34,0,23.000,0.7725,0.4180,0
seed_shift,64,34,1,23.130,0.7713,0.4166,0
seed_shift,64,34,2,23.209,0.7686,0.4211,0
seed_shift,64,34,3,23.228,0.7664,0.4145,0
seed_shift,65,35,0,23.290,0.7691,0.4177,0
seed_shift,65,35,1,23.100,0.7634,0.4187,0
seed_shift,65,35,2,22.652,0.7534,0.4218,0
seed_shift,65,35,3,22.252,0.7464,0.4175,0
seed_shift,66,36,0,22.441,0.7523,0.4207,0
seed_shift,66,36,1,22.426,0.7480,0.4207,0
seed_shift,66,36,2,22.355,0.7423,0.4243,0
seed_shift,66,36,3,22.319,0.7401,0.4192,0
seed_shift,67,37,0,22.254,0.7452,0.4175,0
seed_shift,67,37,1,21.908,0.7400,0.4135,0
seed_shift,67,37,2,21.778,0.7357,0.4164,0
seed_shift,67,37,3,21.970,0.7342,0.4119,0
seed_shift,68,38,0,22.375,0.7415,0.4111,0
seed_shift,68,38,1,22.589,0.7411,0.4104,0
seed_shift,68,38,2,22.621,0.7370,0.4143,0
seed_shift,68,38,3,22.721,0.7355,0.4150,0
seed_shift,69,39,0,22.571,0.7428,0.4125,0
seed_shift,69,39,1,22.731,0.7414,0.4159,0
seed_shift,69,39,2,22.856,0.7385,0.4168,0
seed_shift,69,39,3,22.845,0.7360,0.4208,0
cold_restart,1,-29,0,99.000,,,0
cold_restart,1,-29,1,99.000,,,0
cold_restart,1,-29,2,99.000,,,0
cold_restart,1,-29,3,99.000,,,0
cold_restart,2,-28,0,99.000,,,0
cold_restart,2,-28,1,99.000,,,0
cold_restart,2,-28,2,99.000,,,0
cold_restart,2,-28,3,99.000,,,0
cold_restart,3,-27,0,99.000,,,0
cold_restart,3,-27,1,99.000,,,0
cold_restart,3,-27,2,99.000,,,0
cold_restart,3,-27,3,99.000,,,0
cold_restart,4,-26,0,99.000,,,0
cold_restart,4,-26,1,99.000,,,0
cold_restart,4,-26,2,99.000,,,0
cold_restart,4,-26,3,99.000,,,0
cold_restart,5,-25,0,99.000,,,0
cold_restart,5,-25,1,99.000,,,0
cold_restart,5,-25,2,99.000,,,0
cold_restart,5,-25,3,99.000,,,0
cold_restart,6,-24,0,99.000,,,0
cold_restart,6,-24,1,99.000,,,0
cold_restart,6,-24,2,99.000,,,0
cold_restart,6,-24,3,99.000,,,0
cold_restart,7,-23,0,99.000,,,0
cold_restart,7,-23,1,99.000,,,0
cold_restart,7,-23,2,99.000,,,0
cold_restart,7,-23,3,99.000,,,0
cold_restart,8,-22,0,99.000,,,0
cold_restart,8,-22,1,99.000,,,0
cold_restart,8,-22,2,99.000,,,0
cold_restart,8,-22,3,99.000,,,0
cold_restart,9,-21,0,99.000,,,0
cold_restart,9,-21,1,99.000,,,0
cold_restart,9,-21,2,99.000,,,0
cold_restart,9,-21,3,99.000,,,0
cold_restart,10,-20,0,99.000,,,0
cold_restart,10,-20,1,99.000,,,0
cold_restart,10,-20,2,99.000,,,0
cold_restart,10,-20,3,99.000,,,0
cold_restart,11,-19,0,99.000,,,0
cold_restart,11,-19,1,99.000,,,0
cold_restart,11,-19,2,99.000,,,0
cold_restart,11,-19,3,99.000,,,0
cold_restart,12,-18,0,99.000,,,0
cold_restart,12,-18,1,99.000,,,0
cold_restart,12,-18,2,99.000,,,0
cold_restart,12,-18,3,99.000,,,0
cold_restart,13,-17,0,99.000,,,0
cold_restart,13,-17,1,99.000,,,0
cold_restart,13,-17,2,99.000,,,0
cold_restart,13,-17,3,99.000,,,0
cold_restart,14,-16,0,99.000,,,0
cold_restart,14,-16,1,99.000,,,0
cold_restart,14,-16,2,99.000,,,0
cold_restart,14,-16,3,99.000,,,0
cold_restart,15,-15,0,99.000,,,0
cold_restart,15,-15,1,99.000,,,0
cold_restart,15,-15,2,99.000,,,0
cold_restart,15,-15,3,99.000,,,0
cold_restart,16,-14,0,99.000,,,0
cold_restart,16,-14,1,99.000,,,0
cold_restart,16,-14,2,99.000,,,0
cold_restart,16,-14,3,99.000,,,0
cold_restart,17,-13,0,99.000,,,0
cold_restart,17,-13,1,99.000,,,0
cold_restart,17,-13,2,99.000,,,0
cold_restart,17,-13,3,99.000,,,0
cold_restart,18,-12,0,99.000,,,0
cold_restart,18,-12,1,99.000,,,0
cold_restart,18,-12,2,99.000,,,0
cold_restart,18,-12,3,99.000,,,0
cold_restart,19,-11,0,99.000,,,0
cold_restart,19,-11,1,99.000,,,0
cold_restart,19,-11,2,99.000,,,0
cold_restart,19,-11,3,99.000,,,0
cold_restart,20,-10,0,99.000,,,0
cold_restart,20,-10,1,99.000,,,0
cold_restart,20,-10,2,99.000,,,0
cold_restart,20,-10,3,99.000,,,0
cold_restart,21,-9,0,99.000,,,0
cold_restart,21,-9,1,99.000,,,0
cold_restart,21,-9,2,99.000,,,0
cold_restart,21,-9,3,99.000,,,0
cold_restart,22,-8,0,99.000,,,0
cold_restart,22,-8,1,99.000,,,0
cold_restart,22,-8,2,99.000,,,0
cold_restart,22,-8,3,99.000,,,0
cold_restart,23,-7,0,99.000,,,0
cold_restart,23,-7,1,99.000,,,0
cold_restart,23,-7,2,99.000,,,0
cold_restart,23,-7,3,99.000,,,0
cold_restart,24,-6,0,99.000,,,0
cold_restart,24,-6,1,99.000,,,0
cold_restart,24,-6,2,99.000,,,0
cold_restart,24,-6,3,99.000,,,0
cold_restart,25,-5,0,99.000,,,0
cold_restart,25,-5,1,99.000,,,0
cold_restart,25,-5,2,99.000,,,0
cold_restart,25,-5,3,99.000,,,0
cold_restart,26,-4,0,99.000,,,0
cold_restart,26,-4,1,99.000,,,0
cold_restart,26,-4,2,99.000,,,0
cold_restart,26,-4,3,99.000,,,0
cold_restart,27,-3,0,99.000,,,0
cold_restart,27,-3,1,99.000,,,0
cold_restart,27,-3,2,99.000,,,0
cold_restart,27,-3,3,99.000,,,0
cold_restart,28,-2,0,99.000,,,0
cold_restart,28,-2,1,99.000,,,0
cold_restart,28,-2,2,99.000,,,0
cold_restart,28,-2,3,99.000,,,0
cold_restart,29,-1,0,99.000,,,0
cold_restart,29,-1,1,99.000,,,0
cold_restart,29,-1,2,99.000,,,0
cold_restart,29,-1,3,99.000,,,0
cold_restart,30,0,0,,,,1
cold_restart,30,0,1,,,,1
cold_restart,30,0,2,,,,1
cold_restart,30,0,3,,,,1
cold_restart,31,1,0,16.090,0.5380,0.4228,0
cold_restart,31,1,1,16.618,0.5426,0.4234,0
cold_restart,31,1,2,15.983,0.5199,0.4183,0
cold_restart,31,1,3,15.983,0.5215,0.4189,0
cold_restart,32,2,0,16.147,0.5814,0.4132,0
cold_restart,32,2,1,16.928,0.6093,0.4152,0
cold_restart,32,2,2,17.470,0.6302,0.4077,0
cold_restart,32,2,3,17.702,0.6419,0.4078,0
cold_restart,33,3,0,18.276,0.6757,0.4030,0
cold_restart,33,3,1,18.551,0.6881,0.4097,0
cold_restart,33,3,2,18.640,0.6927,0.4027,0
cold_restart,33,3,3,18.985,0.6994,0.4005,0
cold_restart,34,4,0,19.185,0.7208,0.3972,0
cold_restart,34,4,1,19.622,0.7348,0.4015,0
cold_restart,34,4,2,19.846,0.7413,0.3915,0
cold_restart,34,4,3,19.467,0.7383,0.3939,0
cold_restart,35,5,0,20.070,0.7575,0.3959,0
cold_restart,35,5,1,20.052,0.7639,0.4046,0
cold_restart,35,5,2,19.941,0.7599,0.3937,0
cold_restart,35,5,3,19.946,0.7582,0.3954,0
cold_restart,36,6,0,19.456,0.7535,0.4035,0
cold_restart,36,6,1,20.115,0.7608,0.4087,0
cold_restart,36,6,2,21.180,0.7785,0.3997,0
cold_restart,36,6,3,21.132,0.7735,0.4006,0
cold_restart,37,7,0,21.507,0.7954,0.4043,0
cold_restart,37,7,1,21.881,0.7993,0.4129,0
cold_restart,37,7,2,22.026,0.8013,0.4039,0
cold_restart,37,7,3,22.406,0.8017,0.4041,0
cold_restart,38,8,0,23.071,0.8230,0.4120,0
cold_restart,38,8,1,23.325,0.8267,0.4193,0
cold_restart,38,8,2,22.637,0.8239,0.4147,0
cold_restart,38,8,3,22.716,0.8226,0.4165,0
cold_restart,39,9,0,23.036,0.8295,0.4185,0
cold_restart,39,9,1,23.263,0.8328,0.4268,0
cold_restart,39,9,2,23.003,0.8310,0.4289,0
cold_restart,39,9,3,23.247,0.8322,0.4175,0
cold_restart,40,10,0,22.974,0.8319,0.4196,0
cold_restart,40,10,1,20.218,0.8064,0.3978,0
cold_restart,40,10,2,20.434,0.8141,0.3910,0
cold_restart,40,10,3,19.957,0.8012,0.3924,0
cold_restart,41,11,0,20.630,0.8072,0.3983,0
cold_restart,41,11,1,20.619,0.8106,0.4087,0
cold_restart,41,11,2,20.635,0.8095,0.4061,0
cold_restart,41,11,3,20.599,0.8011,0.4102,0
cold_restart,42,12,0,20.842,0.8040,0.4181,0
cold_restart,42,12,1,20.841,0.8028,0.4211,0
cold_restart,42,12,2,21.141,0.8060,0.4177,0
cold_restart,42,12,3,21.111,0.8011,0.4173,0
cold_restart,43,13,0,21.431,0.8122,0.4217,0
cold_restart,43,13,1,21.472,0.8123,0.4264,0
cold_restart,43,13,2,21.604,0.8143,0.4205,0
cold_restart,43,13,3,21.656,0.8131,0.4206,0
cold_restart,44,14,0,21.706,0.8146,0.4217,0
cold_restart,44,14,1,21.699,0.8133,0.4264,0
cold_restart,44,14,2,21.590,0.8093,0.4211,0
cold_restart,44,14,3,21.509,0.8056,0.4208,0
cold_restart,45,15,0,21.592,0.8071,0.4241,0
cold_restart,45,15,1,21.557,0.8057,0.4265,0
cold_restart,45,15,2,21.530,0.8046,0.4237,0
cold_restart,45,15,3,21.495,0.8021,0.4244,0
cold_restart,46,16,0,21.424,0.8091,0.4237,0
cold_restart,46,16,1,21.196,0.8088,0.4302,0
cold_restart,46,16,2,21.058,0.8075,0.4268,0
cold_restart,46,16,3,20.836,0.8062,0.4247,0
cold_restart,47,17,0,20.731,0.8116,0.4214,0
cold_restart,47,17,1,20.925,0.8128,0.4239,0
cold_restart,47,17,2,20.950,0.8126,0.4205,0
cold_restart,47,17,3,20.909,0.8114,0.4206,0
cold_restart,48,18,0,20.674,0.8070,0.4218,0
cold_restart,48,18,1,20.911,0.8077,0.4254,0
cold_restart,48,18,2,20.860,0.8035,0.4265,0
cold_restart,48,18,3,20.789,0.7993,0.4226,0
cold_restart,49,19,0,20.623,0.7971,0.4233,0
cold_restart,49,19,1,20.822,0.7990,0.4223,0
cold_restart,49,19,2,20.678,0.7962,0.4264,0
cold_restart,49,19,3,20.570,0.7919,0.4206,0
cold_restart,50,20,0,20.482,0.7906,0.4193,0
cold_restart,50,20,1,20.921,0.7990,0.4197,0
cold_restart,50,20,2,20.953,0.7978,0.4240,0
cold_restart,50,20,3,21.114,0.7983,0.4203,0
cold_restart,51,21,0,20.822,0.7969,0.4170,0
cold_restart,51,21,1,21.043,0.8010,0.4133,0
cold_restart,51,21,2,21.185,0.8033,0.4180,0
cold_restart,51,21,3,21.194,0.8022,0.4066,0
cold_restart,52,22,0,21.376,0.8041,0.4077,0
cold_restart,52,22,1,21.071,0.7972,0.4106,0
cold_restart,52,22,2,21.480,0.8015,0.4133,0
cold_restart,52,22,3,21.561,0.8005,0.4062,0
cold_restart,53,23,0,21.764,0.8006,0.4043,0
cold_restart,53,23,1,21.948,0.8017,0.4074,0
cold_restart,53,23,2,22.013,0.8014,0.4137,0
cold_restart,53,23,3,21.848,0.7963,0.4060,0
cold_restart,54,24,0,22.106,0.8006,0.3997,0
cold_restart,54,24,1,22.450,0.8048,0.4035,0
cold_restart,54,24,2,22.567,0.8068,0.4132,0
cold_restart,54,24,3,22.636,0.8072,0.4069,0
cold_restart,55,25,0,22.491,0.8150,0.4097,0
cold_restart,55,25,1,22.724,0.8205,0.4159,0
cold_restart,55,25,2,22.663,0.8194,0.4263,0
cold_restart,55,25,3,21.974,0.8114,0.4159,0
cold_restart,56,26,0,22.754,0.8213,0.4220,0
cold_restart,56,26,1,22.962,0.8219,0.4236,0
cold_restart,56,26,2,23.411,0.8230,0.4296,0
cold_restart,56,26,3,23.279,0.8177,0.4206,0
cold_restart,57,27,0,23.093,0.8167,0.4254,0
cold_restart,57,27,1,23.411,0.8179,0.4250,0
cold_restart,57,27,2,22.209,0.8107,0.4303,0
cold_restart,57,27,3,22.242,0.8088,0.4192,0
cold_restart,58,28,0,22.058,0.8112,0.4230,0
cold_restart,58,28,1,20.722,0.7938,0.4311,0
cold_restart,58,28,2,21.494,0.8006,0.4364,0
cold_restart,58,28,3,21.646,0.7980,0.4253,0
cold_restart,59,29,0,21.587,0.7946,0.4286,0
cold_restart,59,29,1,22.329,0.7975,0.4293,0
cold_restart,59,29,2,21.925,0.7924,0.4393,0
cold_restart,59,29,3,22.247,0.7912,0.4395,0
cold_restart,60,30,0,22.180,0.8067,0.4183,0
cold_restart,60,30,1,21.598,0.8038,0.4208,0
cold_restart,60,30,2,19.878,0.7933,0.4041,0
cold_restart,60,30,3,19.930,0.7888,0.3985,0
cold_restart,61,31,0,20.451,0.8040,0.4068,0
cold_restart,61,31,1,20.620,0.8060,0.4041,0
cold_restart,61,31,2,20.661,0.8083,0.4124,0
cold_restart,61,31,3,20.583,0.8086,0.4089,0
cold_restart,62,32,0,20.838,0.8124,0.4167,0
cold_restart,62,32,1,20.973,0.8122,0.4208,0
cold_restart,62,32,2,21.052,0.8101,0.4251,0
cold_restart,62,32,3,20.974,0.8062,0.4154,0
cold_restart,63,33,0,21.187,0.8079,0.4207,0
cold_restart,63,33,1,21.254,0.8056,0.4255,0
cold_restart,63,33,2,21.208,0.8016,0.4317,0
cold_restart,63,33,3,21.046,0.7951,0.4221,0
cold_restart,64,34,0,21.161,0.7969,0.4236,0
cold_restart,64,34,1,21.354,0.7972,0.4233,0
cold_restart,64,34,2,21.506,0.7972,0.4291,0
cold_restart,64,34,3,21.627,0.7954,0.4234,0
cold_restart,65,35,0,21.511,0.7883,0.4254,0
cold_restart,65,35,1,21.690,0.7883,0.4270,0
cold_restart,65,35,2,21.809,0.7874,0.4294,0
cold_restart,65,35,3,21.781,0.7838,0.4255,0
cold_restart,66,36,0,21.890,0.7874,0.4269,0
cold_restart,66,36,1,22.063,0.7894,0.4263,0
cold_restart,66,36,2,21.863,0.7872,0.4317,0
cold_restart,66,36,3,22.012,0.7876,0.4272,0
cold_restart,67,37,0,21.907,0.7923,0.4259,0
cold_restart,67,37,1,22.118,0.7944,0.4215,0
cold_restart,67,37,2,21.641,0.7909,0.4247,0
cold_restart,67,37,3,21.739,0.7919,0.4200,0
cold_restart,68,38,0,20.712,0.7758,0.4236,0
cold_restart,68,38,1,21.196,0.7783,0.4232,0
cold_restart,68,38,2,21.231,0.7746,0.4272,0
cold_restart,68,38,3,21.120,0.7706,0.4273,0
cold_restart,69,39,0,20.902,0.7670,0.4214,0
cold_restart,69,39,1,21.305,0.7720,0.4220,0
cold_restart,69,39,2,21.205,0.7680,0.4233,0
cold_restart,69,39,3,21.140,0.7650,0.4254,0
replay_1,1,-29,0,99.000,,,0
replay_1,1,-29,1,99.000,,,0
replay_1,1,-29,2,99.000,,,0
replay_1,1,-29,3,99.000,,,0
replay_1,2,-28,0,99.000,,,0
replay_1,2,-28,1,99.000,,,0
replay_1,2,-28,2,99.000,,,0
replay_1,2,-28,3,99.000,,,0
replay_1,3,-27,0,99.000,,,0
replay_1,3,-27,1,99.000,,,0
replay_1,3,-27,2,99.000,,,0
replay_1,3,-27,3,99.000,,,0
replay_1,4,-26,0,99.000,,,0
replay_1,4,-26,1,99.000,,,0
replay_1,4,-26,2,99.000,,,0
replay_1,4,-26,3,99.000,,,0
replay_1,5,-25,0,99.000,,,0
replay_1,5,-25,1,99.000,,,0
replay_1,5,-25,2,99.000,,,0
replay_1,5,-25,3,99.000,,,0
replay_1,6,-24,0,99.000,,,0
replay_1,6,-24,1,99.000,,,0
replay_1,6,-24,2,99.000,,,0
replay_1,6,-24,3,99.000,,,0
replay_1,7,-23,0,99.000,,,0
replay_1,7,-23,1,99.000,,,0
replay_1,7,-23,2,99.000,,,0
replay_1,7,-23,3,99.000,,,0
replay_1,8,-22,0,99.000,,,0
replay_1,8,-22,1,99.000,,,0
replay_1,8,-22,2,99.000,,,0
replay_1,8,-22,3,99.000,,,0
replay_1,9,-21,0,99.000,,,0
replay_1,9,-21,1,99.000,,,0
replay_1,9,-21,2,99.000,,,0
replay_1,9,-21,3,99.000,,,0
replay_1,10,-20,0,99.000,,,0
replay_1,10,-20,1,99.000,,,0
replay_1,10,-20,2,99.000,,,0
replay_1,10,-20,3,99.000,,,0
replay_1,11,-19,0,99.000,,,0
replay_1,11,-19,1,99.000,,,0
replay_1,11,-19,2,99.000,,,0
replay_1,11,-19,3,99.000,,,0
replay_1,12,-18,0,99.000,,,0
replay_1,12,-18,1,99.000,,,0
replay_1,12,-18,2,99.000,,,0
replay_1,12,-18,3,99.000,,,0
replay_1,13,-17,0,99.000,,,0
replay_1,13,-17,1,99.000,,,0
replay_1,13,-17,2,99.000,,,0
replay_1,13,-17,3,99.000,,,0
replay_1,14,-16,0,99.000,,,0
replay_1,14,-16,1,99.000,,,0
replay_1,14,-16,2,99.000,,,0
replay_1,14,-16,3,99.000,,,0
replay_1,15,-15,0,99.000,,,0
replay_1,15,-15,1,99.000,,,0
replay_1,15,-15,2,99.000,,,0
replay_1,15,-15,3,99.000,,,0
replay_1,16,-14,0,99.000,,,0
replay_1,16,-14,1,99.000,,,0
replay_1,16,-14,2,99.000,,,0
replay_1,16,-14,3,99.000,,,0
replay_1,17,-13,0,99.000,,,0
replay_1,17,-13,1,99.000,,,0
replay_1,17,-13,2,99.000,,,0
replay_1,17,-13,3,99.000,,,0
replay_1,18,-12,0,99.000,,,0
replay_1,18,-12,1,99.000,,,0
replay_1,18,-12,2,99.000,,,0
replay_1,18,-12,3,99.000,,,0
replay_1,19,-11,0,99.000,,,0
replay_1,19,-11,1,99.000,,,0
replay_1,19,-11,2,99.000,,,0
replay_1,19,-11,3,99.000,,,0
replay_1,20,-10,0,99.000,,,0
replay_1,20,-10,1,99.000,,,0
replay_1,20,-10,2,99.000,,,0
replay_1,20,-10,3,99.000,,,0
replay_1,21,-9,0,99.000,,,0
replay_1,21,-9,1,99.000,,,0
replay_1,21,-9,2,99.000,,,0
replay_1,21,-9,3,99.000,,,0
replay_1,22,-8,0,99.000,,,0
replay_1,22,-8,1,99.000,,,0
replay_1,22,-8,2,99.000,,,0
replay_1,22,-8,3,99.000,,,0
replay_1,23,-7,0,99.000,,,0
replay_1,23,-7,1,99.000,,,0
replay_1,23,-7,2,99.000,,,0
replay_1,23,-7,3,99.000,,,0
replay_1,24,-6,0,99.000,,,0
replay_1,24,-6,1,99.000,,,0
replay_1,24,-6,2,99.000,,,0
replay_1,24,-6,3,99.000,,,0
replay_1,25,-5,0,99.000,,,0
replay_1,25,-5,1,99.000,,,0
replay_1,25,-5,2,99.000,,,0
replay_1,25,-5,3,99.000,,,0
replay_1,26,-4,0,99.000,,,0
replay_1,26,-4,1,99.000,,,0
replay_1,26,-4,2,99.000,,,0
replay_1,26,-4,3,99.000,,,0
replay_1,27,-3,0,99.000,,,0
replay_1,27,-3,1,99.000,,,0
replay_1,27,-3,2,99.000,,,0
replay_1,27,-3,3,99.000,,,0
replay_1,28,-2,0,99.000,,,0
replay_1,28,-2,1,99.000,,,0
replay_1,28,-2,2,99.000,,,0
replay_1,28,-2,3,99.000,,,0
replay_1,29,-1,0,99.000,,,0
replay_1,29,-1,1,99.000,,,0
replay_1,29,-1,2,99.000,,,0
replay_1,29,-1,3,99.000,,,0
replay_1,30,0,0,,,,1
replay_1,30,0,1,,,,1
replay_1,30,0,2,,,,1
replay_1,30,0,3,,,,1
replay_1,31,1,0,16.520,0.6143,0.4067,0
replay_1,31,1,1,16.788,0.6304,0.4083,0
replay_1,31,1,2,17.375,0.6464,0.3979,0
replay_1,31,1,3,17.347,0.6498,0.3978,0
replay_1,32,2,0,18.044,0.6738,0.3954,0
replay_1,32,2,1,18.424,0.6852,0.3994,0
replay_1,32,2,2,18.778,0.6932,0.3930,0
replay_1,32,2,3,18.858,0.6983,0.3942,0
replay_1,33,3,0,19.057,0.7106,0.3945,0
replay_1,33,3,1,19.053,0.7155,0.4021,0
replay_1,33,3,2,18.974,0.7162,0.3958,0
replay_1,33,3,3,19.202,0.7206,0.3955,0
replay_1,34,4,0,19.293,0.7318,0.3928,0
replay_1,34,4,1,19.118,0.7322,0.3982,0
replay_1,34,4,2,19.762,0.7440,0.3914,0
replay_1,34,4,3,19.179,0.7367,0.3945,0
replay_1,35,5,0,20.406,0.7665,0.4010,0
replay_1,35,5,1,20.186,0.7671,0.4109,0
replay_1,35,5,2,20.199,0.7729,0.3995,0
replay_1,35,5,3,20.375,0.7700,0.4020,0
replay_1,36,6,0,21.092,0.7891,0.4078,0
replay_1,36,6,1,21.538,0.7949,0.4150,0
replay_1,36,6,2,21.749,0.7977,0.4071,0
replay_1,36,6,3,21.875,0.7954,0.4077,0
replay_1,37,7,0,22.111,0.8112,0.4113,0
replay_1,37,7,1,21.971,0.8111,0.4199,0
replay_1,37,7,2,22.493,0.8174,0.4103,0
replay_1,37,7,3,22.692,0.8152,0.4095,0
replay_1,38,8,0,23.053,0.8295,0.4146,0
replay_1,38,8,1,23.072,0.8308,0.4225,0
replay_1,38,8,2,23.046,0.8306,0.4173,0
replay_1,38,8,3,23.072,0.8271,0.4192,0
replay_1,39,9,0,23.257,0.8367,0.4186,0
replay_1,39,9,1,23.321,0.8391,0.4265,0
replay_1,39,9,2,23.057,0.8369,0.4268,0
replay_1,39,9,3,23.270,0.8366,0.4158,0
replay_1,40,10,0,22.994,0.8370,0.4179,0
replay_1,40,10,1,20.771,0.8205,0.3967,0
replay_1,40,10,2,20.741,0.8240,0.3900,0
replay_1,40,10,3,20.399,0.8171,0.3933,0
replay_1,41,11,0,20.212,0.8166,0.3926,0
replay_1,41,11,1,20.341,0.8147,0.4039,0
replay_1,41,11,2,20.348,0.8120,0.4021,0
replay_1,41,11,3,20.284,0.8074,0.4045,0
replay_1,42,12,0,20.363,0.8104,0.4113,0
replay_1,42,12,1,20.536,0.8112,0.4161,0
replay_1,42,12,2,20.931,0.8165,0.4104,0
replay_1,42,12,3,20.919,0.8116,0.4106,0
replay_1,43,13,0,21.197,0.8172,0.4152,0
replay_1,43,13,1,21.506,0.8209,0.4212,0
replay_1,43,13,2,21.722,0.8264,0.4141,0
replay_1,43,13,3,21.797,0.8261,0.4149,0
replay_1,44,14,0,21.913,0.8269,0.4153,0
replay_1,44,14,1,21.897,0.8231,0.4205,0
replay_1,44,14,2,21.800,0.8210,0.4135,0
replay_1,44,14,3,21.770,0.8192,0.4129,0
replay_1,45,15,0,21.918,0.8196,0.4173,0
replay_1,45,15,1,21.893,0.8182,0.4203,0
replay_1,45,15,2,21.840,0.8154,0.4176,0
replay_1,45,15,3,21.798,0.8121,0.4180,0
replay_1,46,16,0,21.734,0.8197,0.4159,0
replay_1,46,16,1,21.466,0.8161,0.4202,0
replay_1,46,16,2,21.306,0.8179,0.4170,0
replay_1,46,16,3,21.236,0.8173,0.4150,0
replay_1,47,17,0,21.310,0.8230,0.4118,0
replay_1,47,17,1,21.289,0.8214,0.4141,0
replay_1,47,17,2,21.229,0.8198,0.4108,0
replay_1,47,17,3,21.094,0.8147,0.4120,0
replay_1,48,18,0,20.872,0.8126,0.4104,0
replay_1,48,18,1,20.942,0.8118,0.4140,0
replay_1,48,18,2,20.676,0.8079,0.4150,0
replay_1,48,18,3,20.541,0.8034,0.4120,0
replay_1,49,19,0,20.524,0.8025,0.4122,0
replay_1,49,19,1,20.660,0.8029,0.4112,0
replay_1,49,19,2,20.449,0.7981,0.4160,0
replay_1,49,19,3,20.311,0.7930,0.4109,0
replay_1,50,20,0,20.411,0.7923,0.4094,0
replay_1,50,20,1,20.732,0.7961,0.4101,0
replay_1,50,20,2,20.941,0.7978,0.4144,0
replay_1,50,20,3,21.077,0.7979,0.4101,0
replay_1,51,21,0,21.066,0.7995,0.4083,0
replay_1,51,21,1,21.158,0.8012,0.4065,0
replay_1,51,21,2,21.232,0.8007,0.4097,0
replay_1,51,21,3,21.260,0.7993,0.3989,0
replay_1,52,22,0,21.366,0.7993,0.3993,0
replay_1,52,22,1,21.451,0.7997,0.4025,0
replay_1,52,22,2,21.635,0.8009,0.4073,0
replay_1,52,22,3,21.572,0.7974,0.4012,0
replay_1,53,23,0,21.765,0.7995,0.4012,0
replay_1,53,23,1,22.013,0.8008,0.4040,0
replay_1,53,23,2,22.205,0.8032,0.4116,0
replay_1,53,23,3,22.203,0.8015,0.4052,0
replay_1,54,24,0,22.438,0.8084,0.4011,0
replay_1,54,24,1,22.638,0.8097,0.4058,0
replay_1,54,24,2,22.736,0.8132,0.4132,0
replay_1,54,24,3,22.878,0.8128,0.4077,0
replay_1,55,25,0,22.409,0.8126,0.4090,0
replay_1,55,25,1,22.887,0.8161,0.4153,0
replay_1,55,25,2,23.026,0.8154,0.4255,0
replay_1,55,25,3,22.260,0.8071,0.4147,0
replay_1,56,26,0,21.615,0.8026,0.4186,0
replay_1,56,26,1,22.709,0.8140,0.4199,0
replay_1,56,26,2,22.751,0.8140,0.4262,0
replay_1,56,26,3,22.448,0.8071,0.4171,0
replay_1,57,27,0,22.324,0.8144,0.4214,0
replay_1,57,27,1,22.161,0.8142,0.4220,0
replay_1,57,27,2,22.255,0.8155,0.4280,0
replay_1,57,27,3,22.190,0.8104,0.4173,0
replay_1,58,28,0,22.467,0.8108,0.4210,0
replay_1,58,28,1,21.252,0.7983,0.4283,0
replay_1,58,28,2,21.951,0.8024,0.4336,0
replay_1,58,28,3,21.998,0.7976,0.4247,0
replay_1,59,29,0,21.961,0.7998,0.4263,0
replay_1,59,29,1,22.449,0.8019,0.4259,0
replay_1,59,29,2,22.151,0.7975,0.4349,0
replay_1,59,29,3,22.087,0.7930,0.4356,0
replay_1,60,30,0,21.882,0.8089,0.4144,0
replay_1,60,30,1,21.764,0.8159,0.4152,0
replay_1,60,30,2,19.819,0.7998,0.3966,0
replay_1,60,30,3,19.763,0.7910,0.3925,0
replay_1,61,31,0,19.837,0.8033,0.4006,0
replay_1,61,31,1,19.656,0.7997,0.3970,0
replay_1,61,31,2,19.657,0.7999,0.4046,0
replay_1,61,31,3,19.716,0.7992,0.4009,0
replay_1,62,32,0,19.863,0.7991,0.4102,0
replay_1,62,32,1,20.115,0.8024,0.4156,0
replay_1,62,32,2,20.165,0.8013,0.4203,0
replay_1,62,32,3,20.163,0.7968,0.4124,0
replay_1,63,33,0,20.397,0.7995,0.4156,0
replay_1,63,33,1,20.534,0.7987,0.4185,0
replay_1,63,33,2,20.495,0.7960,0.4241,0
replay_1,63,33,3,20.429,0.7900,0.4151,0
replay_1,64,34,0,20.622,0.7948,0.4183,0
replay_1,64,34,1,20.890,0.7978,0.4185,0
replay_1,64,34,2,21.078,0.7979,0.4247,0
replay_1,64,34,3,21.239,0.7964,0.4190,0
replay_1,65,35,0,21.237,0.7925,0.4204,0
replay_1,65,35,1,21.449,0.7943,0.4220,0
replay_1,65,35,2,21.531,0.7933,0.4252,0
replay_1,65,35,3,21.633,0.7911,0.4220,0
replay_1,66,36,0,21.845,0.7982,0.4214,0
replay_1,66,36,1,21.961,0.7997,0.4195,0
replay_1,66,36,2,21.893,0.7959,0.4236,0
replay_1,66,36,3,21.935,0.7941,0.4189,0
replay_1,67,37,0,22.147,0.7966,0.4174,0
replay_1,67,37,1,22.253,0.7955,0.4143,0
replay_1,67,37,2,21.944,0.7917,0.4182,0
replay_1,67,37,3,21.841,0.7895,0.4143,0
replay_1,68,38,0,21.299,0.7810,0.4153,0
replay_1,68,38,1,21.489,0.7814,0.4148,0
replay_1,68,38,2,21.280,0.7782,0.4194,0
replay_1,68,38,3,21.125,0.7740,0.4206,0
replay_1,69,39,0,21.206,0.7756,0.4135,0
replay_1,69,39,1,21.387,0.7766,0.4150,0
replay_1,69,39,2,21.472,0.7770,0.4153,0
replay_1,69,39,3,21.484,0.7747,0.4186,0
replay_3,1,-29,0,99.000,,,0
replay_3,1,-29,1,99.000,,,0
replay_3,1,-29,2,99.000,,,0
replay_3,1,-29,3,99.000,,,0
replay_3,2,-28,0,99.000,,,0
replay_3,2,-28,1,99.000,,,0
replay_3,2,-28,2,99.000,,,0
replay_3,2,-28,3,99.000,,,0
replay_3,3,-27,0,99.000,,,0
replay_3,3,-27,1,99.000,,,0
replay_3,3,-27,2,99.000,,,0
replay_3,3,-27,3,99.000,,,0
replay_3,4,-26,0,99.000,,,0
replay_3,4,-26,1,99.000,,,0
replay_3,4,-26,2,99.000,,,0
replay_3,4,-26,3,99.000,,,0
replay_3,5,-25,0,99.000,,,0
replay_3,5,-25,1,99.000,,,0
replay_3,5,-25,2,99.000,,,0
replay_3,5,-25,3,99.000,,,0
replay_3,6,-24,0,99.000,,,0
replay_3,6,-24,1,99.000,,,0
replay_3,6,-24,2,99.000,,,0
replay_3,6,-24,3,99.000,,,0
replay_3,7,-23,0,99.000,,,0
replay_3,7,-23,1,99.000,,,0
replay_3,7,-23,2,99.000,,,0
replay_3,7,-23,3,99.000,,,0
replay_3,8,-22,0,99.000,,,0
replay_3,8,-22,1,99.000,,,0
replay_3,8,-22,2,99.000,,,0
replay_3,8,-22,3,99.000,,,0
replay_3,9,-21,0,99.000,,,0
replay_3,9,-21,1,99.000,,,0
replay_3,9,-21,2,99.000,,,0
replay_3,9,-21,3,99.000,,,0
replay_3,10,-20,0,99.000,,,0
replay_3,10,-20,1,99.000,,,0
replay_3,10,-20,2,99.000,,,0
replay_3,10,-20,3,99.000,,,0
replay_3,11,-19,0,99.000,,,0
replay_3,11,-19,1,99.000,,,0
replay_3,11,-19,2,99.000,,,0
replay_3,11,-19,3,99.000,,,0
replay_3,12,-18,0,99.000,,,0
replay_3,12,-18,1,99.000,,,0
replay_3,12,-18,2,99.000,,,0
replay_3,12,-18,3,99.000,,,0
replay_3,13,-17,0,99.000,,,0
replay_3,13,-17,1,99.000,,,0
replay_3,13,-17,2,99.000,,,0
replay_3,13,-17,3,99.000,,,0
replay_3,14,-16,0,99.000,,,0
replay_3,14,-16,1,99.000,,,0
replay_3,14,-16,2,99.000,,,0
replay_3,14,-16,3,99.000,,,0
replay_3,15,-15,0,99.000,,,0
replay_3,15,-15,1,99.000,,,0
replay_3,15,-15,2,99.000,,,0
replay_3,15,-15,3,99.000,,,0
replay_3,16,-14,0,99.000,,,0
replay_3,16,-14,1,99.000,,,0
replay_3,16,-14,2,99.000,,,0
replay_3,16,-14,3,99.000,,,0
replay_3,17,-13,0,99.000,,,0
replay_3,17,-13,1,99.000,,,0
replay_3,17,-13,2,99.000,,,0
replay_3,17,-13,3,99.000,,,0
replay_3,18,-12,0,99.000,,,0
replay_3,18,-12,1,99.000,,,0
replay_3,18,-12,2,99.000,,,0
replay_3,18,-12,3,99.000,,,0
replay_3,19,-11,0,99.000,,,0
replay_3,19,-11,1,99.000,,,0
replay_3,19,-11,2,99.000,,,0
replay_3,19,-11,3,99.000,,,0
replay_3,20,-10,0,99.000,,,0
replay_3,20,-10,1,99.000,,,0
replay_3,20,-10,2,99.000,,,0
replay_3,20,-10,3,99.000,,,0
replay_3,21,-9,0,99.000,,,0
replay_3,21,-9,1,99.000,,,0
replay_3,21,-9,2,99.000,,,0
replay_3,21,-9,3,99.000,,,0
replay_3,22,-8,0,99.000,,,0
replay_3,22,-8,1,99.000,,,0
replay_3,22,-8,2,99.000,,,0
replay_3,22,-8,3,99.000,,,0
replay_3,23,-7,0,99.000,,,0
replay_3,23,-7,1,99.000,,,0
replay_3,23,-7,2,99.000,,,0
replay_3,23,-7,3,99.000,,,0
replay_3,24,-6,0,99.000,,,0
replay_3,24,-6,1,99.000,,,0
replay_3,24,-6,2,99.000,,,0
replay_3,24,-6,3,99.000,,,0
replay_3,25,-5,0,99.000,,,0
replay_3,25,-5,1,99.000,,,0
replay_3,25,-5,2,99.000,,,0
replay_3,25,-5,3,99.000,,,0
replay_3,26,-4,0,99.000,,,0
replay_3,26,-4,1,99.000,,,0
replay_3,26,-4,2,99.000,,,0
replay_3,26,-4,3,99.000,,,0
replay_3,27,-3,0,99.000,,,0
replay_3,27,-3,1,99.000,,,0
replay_3,27,-3,2,99.000,,,0
replay_3,27,-3,3,99.000,,,0
replay_3,28,-2,0,99.000,,,0
replay_3,28,-2,1,99.000,,,0
replay_3,28,-2,2,99.000,,,0
replay_3,28,-2,3,99.000,,,0
replay_3,29,-1,0,99.000,,,0
replay_3,29,-1,1,99.000,,,0
replay_3,29,-1,2,99.000,,,0
replay_3,29,-1,3,99.000,,,0
replay_3,30,0,0,18.361,0.6807,0.4001,0
replay_3,30,0,1,18.715,0.6893,0.4041,0
replay_3,30,0,2,18.941,0.6943,0.4014,0
replay_3,30,0,3,19.115,0.6972,0.3992,0
replay_3,31,1,0,19.316,0.7112,0.3957,0
replay_3,31,1,1,20.119,0.7218,0.3995,0
replay_3,31,1,2,20.415,0.7298,0.3890,0
replay_3,31,1,3,20.512,0.7296,0.3912,0
replay_3,32,2,0,20.501,0.7334,0.3885,0
replay_3,32,2,1,20.361,0.7334,0.3942,0
replay_3,32,2,2,20.530,0.7353,0.3871,0
replay_3,32,2,3,20.230,0.7305,0.3902,0
replay_3,33,3,0,20.546,0.7429,0.3912,0
replay_3,33,3,1,20.724,0.7467,0.4000,0
replay_3,33,3,2,20.626,0.7458,0.3937,0
replay_3,33,3,3,20.937,0.7485,0.3930,0
replay_3,34,4,0,21.442,0.7673,0.3921,0
replay_3,34,4,1,21.155,0.7653,0.4028,0
replay_3,34,4,2,21.510,0.7729,0.3970,0
replay_3,34,4,3,20.795,0.7652,0.4010,0
replay_3,35,5,0,21.244,0.7832,0.4099,0
replay_3,35,5,1,21.145,0.7886,0.4195,0
replay_3,35,5,2,21.051,0.7918,0.4103,0
replay_3,35,5,3,21.292,0.7919,0.4126,0
replay_3,36,6,0,20.432,0.7931,0.4171,0
replay_3,36,6,1,21.367,0.8049,0.4225,0
replay_3,36,6,2,22.324,0.8189,0.4148,0
replay_3,36,6,3,22.398,0.8148,0.4149,0
replay_3,37,7,0,22.794,0.8282,0.4171,0
replay_3,37,7,1,22.067,0.8232,0.4256,0
replay_3,37,7,2,23.352,0.8342,0.4158,0
replay_3,37,7,3,23.360,0.8300,0.4141,0
replay_3,38,8,0,23.745,0.8410,0.4180,0
replay_3,38,8,1,23.689,0.8430,0.4251,0
replay_3,38,8,2,23.345,0.8433,0.4196,0
replay_3,38,8,3,23.128,0.8374,0.4211,0
replay_3,39,9,0,23.334,0.8462,0.4206,0
replay_3,39,9,1,23.353,0.8473,0.4279,0
replay_3,39,9,2,23.330,0.8473,0.4295,0
replay_3,39,9,3,23.202,0.8444,0.4190,0
replay_3,40,10,0,23.089,0.8489,0.4223,0
replay_3,40,10,1,21.258,0.8327,0.3990,0
replay_3,40,10,2,21.175,0.8345,0.3918,0
replay_3,40,10,3,20.752,0.8292,0.3953,0
replay_3,41,11,0,21.014,0.8260,0.3963,0
replay_3,41,11,1,21.039,0.8307,0.4080,0
replay_3,41,11,2,21.029,0.8292,0.4056,0
replay_3,41,11,3,21.039,0.8235,0.4087,0
replay_3,42,12,0,21.269,0.8299,0.4145,0
replay_3,42,12,1,21.503,0.8308,0.4191,0
replay_3,42,12,2,21.701,0.8331,0.4126,0
replay_3,42,12,3,21.675,0.8279,0.4110,0
replay_3,43,13,0,22.110,0.8348,0.4154,0
replay_3,43,13,1,22.363,0.8368,0.4219,0
replay_3,43,13,2,22.443,0.8374,0.4151,0
replay_3,43,13,3,22.489,0.8350,0.4160,0
replay_3,44,14,0,22.531,0.8359,0.4166,0
replay_3,44,14,1,22.486,0.8325,0.4223,0
replay_3,44,14,2,22.369,0.8293,0.4169,0
replay_3,44,14,3,22.305,0.8266,0.4171,0
replay_3,45,15,0,22.283,0.8240,0.4204,0
replay_3,45,15,1,22.171,0.8212,0.4224,0
replay_3,45,15,2,22.226,0.8211,0.4199,0
replay_3,45,15,3,22.081,0.8148,0.4203,0
replay_3,46,16,0,22.166,0.8265,0.4188,0
replay_3,46,16,1,21.940,0.8219,0.4227,0
replay_3,46,16,2,21.731,0.8232,0.4191,0
replay_3,46,16,3,21.465,0.8184,0.4169,0
replay_3,47,17,0,21.319,0.8228,0.4134,0
replay_3,47,17,1,21.377,0.8240,0.4159,0
replay_3,47,17,2,21.544,0.8252,0.4121,0
replay_3,47,17,3,21.348,0.8213,0.4131,0
replay_3,48,18,0,21.092,0.8192,0.4114,0
replay_3,48,18,1,21.281,0.8210,0.4155,0
replay_3,48,18,2,21.275,0.8199,0.4159,0
replay_3,48,18,3,21.231,0.8169,0.4119,0
replay_3,49,19,0,21.271,0.8133,0.4130,0
replay_3,49,19,1,21.483,0.8118,0.4121,0
replay_3,49,19,2,21.378,0.8073,0.4167,0
replay_3,49,19,3,21.395,0.8052,0.4114,0
replay_3,50,20,0,21.613,0.8060,0.4111,0
replay_3,50,20,1,21.926,0.8080,0.4109,0
replay_3,50,20,2,22.083,0.8069,0.4155,0
replay_3,50,20,3,22.182,0.8050,0.4123,0
replay_3,51,21,0,22.309,0.8083,0.4103,0
replay_3,51,21,1,22.490,0.8105,0.4084,0
replay_3,51,21,2,22.640,0.8114,0.4118,0
replay_3,51,21,3,22.285,0.8047,0.4038,0
replay_3,52,22,0,22.383,0.8111,0.4059,0
replay_3,52,22,1,22.470,0.8115,0.4073,0
replay_3,52,22,2,22.931,0.8159,0.4119,0
replay_3,52,22,3,22.753,0.8120,0.4053,0
replay_3,53,23,0,23.105,0.8155,0.4055,0
replay_3,53,23,1,22.891,0.8131,0.4074,0
replay_3,53,23,2,23.045,0.8123,0.4147,0
replay_3,53,23,3,23.228,0.8123,0.4084,0
replay_3,54,24,0,23.175,0.8124,0.4054,0
replay_3,54,24,1,23.275,0.8138,0.4072,0
replay_3,54,24,2,23.174,0.8138,0.4158,0
replay_3,54,24,3,22.752,0.8098,0.4073,0
replay_3,55,25,0,22.916,0.8260,0.4119,0
replay_3,55,25,1,22.964,0.8262,0.4172,0
replay_3,55,25,2,22.947,0.8251,0.4253,0
replay_3,55,25,3,22.699,0.8236,0.4160,0
replay_3,56,26,0,22.456,0.8255,0.4225,0
replay_3,56,26,1,23.512,0.8317,0.4237,0
replay_3,56,26,2,23.616,0.8297,0.4312,0
replay_3,56,26,3,23.584,0.8241,0.4225,0
replay_3,57,27,0,23.171,0.8224,0.4233,0
replay_3,57,27,1,23.895,0.8279,0.4236,0
replay_3,57,27,2,23.794,0.8270,0.4293,0
replay_3,57,27,3,23.293,0.8175,0.4188,0
replay_3,58,28,0,23.535,0.8204,0.4174,0
replay_3,58,28,1,23.143,0.8193,0.4214,0
replay_3,58,28,2,23.174,0.8186,0.4276,0
replay_3,58,28,3,23.124,0.8133,0.4169,0
replay_3,59,29,0,23.021,0.8209,0.4195,0
replay_3,59,29,1,23.526,0.8250,0.4194,0
replay_3,59,29,2,23.357,0.8230,0.4279,0
replay_3,59,29,3,23.187,0.8180,0.4291,0
replay_3,60,30,0,22.893,0.8228,0.4111,0
replay_3,60,30,1,22.559,0.8241,0.4152,0
replay_3,60,30,2,20.106,0.8068,0.3992,0
replay_3,60,30,3,20.108,0.8043,0.3951,0
replay_3,61,31,0,20.310,0.8085,0.4002,0
replay_3,61,31,1,20.570,0.8123,0.3980,0
replay_3,61,31,2,20.605,0.8129,0.4061,0
replay_3,61,31,3,20.524,0.8097,0.4027,0
replay_3,62,32,0,20.630,0.8114,0.4115,0
replay_3,62,32,1,20.880,0.8149,0.4174,0
replay_3,62,32,2,20.835,0.8121,0.4218,0
replay_3,62,32,3,20.827,0.8070,0.4138,0
replay_3,63,33,0,21.071,0.8140,0.4157,0
replay_3,63,33,1,21.114,0.8156,0.4184,0
replay_3,63,33,2,21.062,0.8143,0.4243,0
replay_3,63,33,3,20.960,0.8090,0.4149,0
replay_3,64,34,0,21.100,0.8121,0.4160,0
replay_3,64,34,1,21.284,0.8122,0.4155,0
replay_3,64,34,2,21.481,0.8135,0.4211,0
replay_3,64,34,3,21.746,0.8112,0.4154,0
replay_3,65,35,0,21.619,0.8054,0.4205,0
replay_3,65,35,1,21.609,0.8026,0.4222,0
replay_3,65,35,2,21.600,0.7981,0.4258,0
replay_3,65,35,3,21.713,0.7952,0.4228,0
replay_3,66,36,0,21.882,0.7990,0.4226,0
replay_3,66,36,1,21.935,0.7978,0.4209,0
replay_3,66,36,2,21.858,0.7929,0.4257,0
replay_3,66,36,3,21.819,0.7888,0.4208,0
replay_3,67,37,0,22.080,0.7927,0.4181,0
replay_3,67,37,1,22.284,0.7933,0.4151,0
replay_3,67,37,2,22.255,0.7943,0.4181,0
replay_3,67,37,3,22.101,0.7946,0.4134,0
replay_3,68,38,0,21.958,0.7876,0.4158,0
replay_3,68,38,1,21.928,0.7854,0.4171,0
replay_3,68,38,2,22.066,0.7843,0.4213,0
replay_3,68,38,3,21.963,0.7812,0.4239,0
replay_3,69,39,0,22.032,0.7826,0.4181,0
replay_3,69,39,1,22.305,0.7855,0.4202,0
replay_3,69,39,2,22.384,0.7847,0.4207,0
replay_3,69,39,3,22.434,0.7830,0.4238,0
replay_6,1,-29,0,99.000,,,0
replay_6,1,-29,1,99.000,,,0
replay_6,1,-29,2,99.000,,,0
replay_6,1,-29,3,99.000,,,0
replay_6,2,-28,0,99.000,,,0
replay_6,2,-28,1,99.000,,,0
replay_6,2,-28,2,99.000,,,0
replay_6,2,-28,3,99.000,,,0
replay_6,3,-27,0,99.000,,,0
replay_6,3,-27,1,99.000,,,0
replay_6,3,-27,2,99.000,,,0
replay_6,3,-27,3,99.000,,,0
replay_6,4,-26,0,99.000,,,0
replay_6,4,-26,1,99.000,,,0
replay_6,4,-26,2,99.000,,,0
replay_6,4,-26,3,99.000,,,0
replay_6,5,-25,0,99.000,,,0
replay_6,5,-25,1,99.000,,,0
replay_6,5,-25,2,99.000,,,0
replay_6,5,-25,3,99.000,,,0
replay_6,6,-24,0,99.000,,,0
replay_6,6,-24,1,99.000,,,0
replay_6,6,-24,2,99.000,,,0
replay_6,6,-24,3,99.000,,,0
replay_6,7,-23,0,99.000,,,0
replay_6,7,-23,1,99.000,,,0
replay_6,7,-23,2,99.000,,,0
replay_6,7,-23,3,99.000,,,0
replay_6,8,-22,0,99.000,,,0
replay_6,8,-22,1,99.000,,,0
replay_6,8,-22,2,99.000,,,0
replay_6,8,-22,3,99.000,,,0
replay_6,9,-21,0,99.000,,,0
replay_6,9,-21,1,99.000,,,0
replay_6,9,-21,2,99.000,,,0
replay_6,9,-21,3,99.000,,,0
replay_6,10,-20,0,99.000,,,0
replay_6,10,-20,1,99.000,,,0
replay_6,10,-20,2,99.000,,,0
replay_6,10,-20,3,99.000,,,0
replay_6,11,-19,0,99.000,,,0
replay_6,11,-19,1,99.000,,,0
replay_6,11,-19,2,99.000,,,0
replay_6,11,-19,3,99.000,,,0
replay_6,12,-18,0,99.000,,,0
replay_6,12,-18,1,99.000,,,0
replay_6,12,-18,2,99.000,,,0
replay_6,12,-18,3,99.000,,,0
replay_6,13,-17,0,99.000,,,0
replay_6,13,-17,1,99.000,,,0
replay_6,13,-17,2,99.000,,,0
replay_6,13,-17,3,99.000,,,0
replay_6,14,-16,0,99.000,,,0
replay_6,14,-16,1,99.000,,,0
replay_6,14,-16,2,99.000,,,0
replay_6,14,-16,3,99.000,,,0
replay_6,15,-15,0,99.000,,,0
replay_6,15,-15,1,99.000,,,0
replay_6,15,-15,2,99.000,,,0
replay_6,15,-15,3,99.000,,,0
replay_6,16,-14,0,99.000,,,0
replay_6,16,-14,1,99.000,,,0
replay_6,16,-14,2,99.000,,,0
replay_6,16,-14,3,99.000,,,0
replay_6,17,-13,0,99.000,,,0
replay_6,17,-13,1,99.000,,,0
replay_6,17,-13,2,99.000,,,0
replay_6,17,-13,3,99.000,,,0
replay_6,18,-12,0,99.000,,,0
replay_6,18,-12,1,99.000,,,0
replay_6,18,-12,2,99.000,,,0
replay_6,18,-12,3,99.000,,,0
replay_6,19,-11,0,99.000,,,0
replay_6,19,-11,1,99.000,,,0
replay_6,19,-11,2,99.000,,,0
replay_6,19,-11,3,99.000,,,0
replay_6,20,-10,0,99.000,,,0
replay_6,20,-10,1,99.000,,,0
replay_6,20,-10,2,99.000,,,0
replay_6,20,-10,3,99.000,,,0
replay_6,21,-9,0,99.000,,,0
replay_6,21,-9,1,99.000,,,0
replay_6,21,-9,2,99.000,,,0
replay_6,21,-9,3,99.000,,,0
replay_6,22,-8,0,99.000,,,0
replay_6,22,-8,1,99.000,,,0
replay_6,22,-8,2,99.000,,,0
replay_6,22,-8,3,99.000,,,0
replay_6,23,-7,0,99.000,,,0
replay_6,23,-7,1,99.000,,,0
replay_6,23,-7,2,99.000,,,0
replay_6,23,-7,3,99.000,,,0
replay_6,24,-6,0,99.000,,,0
replay_6,24,-6,1,99.000,,,0
replay_6,24,-6,2,99.000,,,0
replay_6,24,-6,3,99.000,,,0
replay_6,25,-5,0,99.000,,,0
replay_6,25,-5,1,99.000,,,0
replay_6,25,-5,2,99.000,,,0
replay_6,25,-5,3,99.000,,,0
replay_6,26,-4,0,99.000,,,0
replay_6,26,-4,1,99.000,,,0
replay_6,26,-4,2,99.000,,,0
replay_6,26,-4,3,99.000,,,0
replay_6,27,-3,0,99.000,,,0
replay_6,27,-3,1,99.000,,,0
replay_6,27,-3,2,99.000,,,0
replay_6,27,-3,3,99.000,,,0
replay_6,28,-2,0,99.000,,,0
replay_6,28,-2,1,99.000,,,0
replay_6,28,-2,2,99.000,,,0
replay_6,28,-2,3,99.000,,,0
replay_6,29,-1,0,99.000,,,0
replay_6,29,-1,1,99.000,,,0
replay_6,29,-1,2,99.000,,,0
replay_6,29,-1,3,99.000,,,0
replay_6,30,0,0,21.522,0.7453,0.3991,0
replay_6,30,0,1,22.158,0.7532,0.4025,0
replay_6,30,0,2,22.466,0.7560,0.3987,0
replay_6,30,0,3,22.620,0.7539,0.3966,0
replay_6,31,1,0,22.866,0.7678,0.3938,0
replay_6,31,1,1,22.800,0.7695,0.4000,0
replay_6,31,1,2,22.942,0.7708,0.3907,0
replay_6,31,1,3,22.449,0.7618,0.3925,0
replay_6,32,2,0,23.005,0.7783,0.3939,0
replay_6,32,2,1,23.275,0.7844,0.3993,0
replay_6,32,2,2,23.156,0.7858,0.3923,0
replay_6,32,2,3,22.904,0.7837,0.3947,0
replay_6,33,3,0,22.780,0.7988,0.3993,0
replay_6,33,3,1,23.755,0.8129,0.4061,0
replay_6,33,3,2,23.772,0.8122,0.4006,0
replay_6,33,3,3,23.828,0.8120,0.3990,0
replay_6,34,4,0,24.000,0.8270,0.4015,0
replay_6,34,4,1,23.932,0.8285,0.4120,0
replay_6,34,4,2,23.815,0.8284,0.4030,0
replay_6,34,4,3,23.992,0.8283,0.4061,0
replay_6,35,5,0,24.162,0.8484,0.4122,0
replay_6,35,5,1,23.654,0.8479,0.4245,0
replay_6,35,5,2,23.645,0.8486,0.4135,0
replay_6,35,5,3,23.419,0.8443,0.4149,0
replay_6,36,6,0,23.629,0.8516,0.4172,0
replay_6,36,6,1,23.676,0.8501,0.4238,0
replay_6,36,6,2,24.058,0.8552,0.4150,0
replay_6,36,6,3,24.044,0.8511,0.4148,0
replay_6,37,7,0,24.604,0.8633,0.4164,0
replay_6,37,7,1,24.841,0.8668,0.4244,0
replay_6,37,7,2,24.720,0.8656,0.4160,0
replay_6,37,7,3,24.497,0.8615,0.4138,0
replay_6,38,8,0,24.190,0.8622,0.4189,0
replay_6,38,8,1,24.440,0.8640,0.4241,0
replay_6,38,8,2,24.933,0.8694,0.4192,0
replay_6,38,8,3,24.825,0.8647,0.4210,0
replay_6,39,9,0,25.134,0.8757,0.4205,0
replay_6,39,9,1,25.411,0.8798,0.4273,0
replay_6,39,9,2,25.340,0.8800,0.4285,0
replay_6,39,9,3,25.397,0.8780,0.4176,0
replay_6,40,10,0,25.119,0.8786,0.4199,0
replay_6,40,10,1,23.265,0.8586,0.3999,0
replay_6,40,10,2,23.102,0.8567,0.3914,0
replay_6,40,10,3,22.762,0.8507,0.3953,0
replay_6,41,11,0,22.922,0.8525,0.3977,0
replay_6,41,11,1,22.837,0.8502,0.4110,0
replay_6,41,11,2,22.969,0.8492,0.4099,0
replay_6,41,11,3,23.088,0.8410,0.4136,0
replay_6,42,12,0,23.175,0.8458,0.4179,0
replay_6,42,12,1,23.537,0.8489,0.4225,0
replay_6,42,12,2,23.575,0.8488,0.4168,0
replay_6,42,12,3,23.415,0.8418,0.4155,0
replay_6,43,13,0,23.687,0.8490,0.4192,0
replay_6,43,13,1,23.872,0.8508,0.4251,0
replay_6,43,13,2,23.932,0.8519,0.4183,0
replay_6,43,13,3,23.945,0.8498,0.4192,0
replay_6,44,14,0,23.943,0.8504,0.4204,0
replay_6,44,14,1,23.941,0.8482,0.4254,0
replay_6,44,14,2,23.741,0.8437,0.4193,0
replay_6,44,14,3,23.553,0.8392,0.4191,0
replay_6,45,15,0,23.746,0.8430,0.4233,0
replay_6,45,15,1,23.830,0.8434,0.4269,0
replay_6,45,15,2,23.740,0.8417,0.4237,0
replay_6,45,15,3,23.639,0.8388,0.4227,0
replay_6,46,16,0,23.624,0.8474,0.4222,0
replay_6,46,16,1,23.361,0.8427,0.4263,0
replay_6,46,16,2,23.270,0.8426,0.4235,0
replay_6,46,16,3,22.802,0.8389,0.4232,0
replay_6,47,17,0,22.998,0.8426,0.4187,0
replay_6,47,17,1,22.925,0.8405,0.4226,0
replay_6,47,17,2,23.145,0.8416,0.4184,0
replay_6,47,17,3,23.232,0.8393,0.4187,0
replay_6,48,18,0,23.535,0.8405,0.4159,0
replay_6,48,18,1,23.547,0.8393,0.4193,0
replay_6,48,18,2,23.214,0.8355,0.4215,0
replay_6,48,18,3,22.850,0.8264,0.4190,0
replay_6,49,19,0,22.990,0.8251,0.4201,0
replay_6,49,19,1,23.094,0.8225,0.4203,0
replay_6,49,19,2,22.917,0.8188,0.4250,0
replay_6,49,19,3,22.770,0.8139,0.4203,0
replay_6,50,20,0,23.122,0.8137,0.4194,0
replay_6,50,20,1,23.498,0.8158,0.4202,0
replay_6,50,20,2,23.680,0.8159,0.4244,0
replay_6,50,20,3,23.677,0.8123,0.4217,0
replay_6,51,21,0,23.787,0.8125,0.4174,0
replay_6,51,21,1,23.964,0.8146,0.4160,0
replay_6,51,21,2,24.062,0.8167,0.4196,0
replay_6,51,21,3,23.892,0.8129,0.4101,0
replay_6,52,22,0,24.023,0.8134,0.4122,0
replay_6,52,22,1,23.906,0.8088,0.4135,0
replay_6,52,22,2,24.663,0.8151,0.4169,0
replay_6,52,22,3,24.543,0.8102,0.4107,0
replay_6,53,23,0,24.382,0.8022,0.4108,0
replay_6,53,23,1,24.134,0.7992,0.4137,0
replay_6,53,23,2,24.196,0.7947,0.4207,0
replay_6,53,23,3,24.027,0.7878,0.4150,0
replay_6,54,24,0,24.021,0.7954,0.4073,0
replay_6,54,24,1,24.251,0.8002,0.4104,0
replay_6,54,24,2,24.581,0.8034,0.4181,0
replay_6,54,24,3,24.324,0.7981,0.4094,0
replay_6,55,25,0,24.474,0.8302,0.4077,0
replay_6,55,25,1,24.238,0.8319,0.4127,0
replay_6,55,25,2,23.703,0.8282,0.4220,0
replay_6,55,25,3,24.050,0.8304,0.4113,0
replay_6,56,26,0,24.011,0.8397,0.4144,0
replay_6,56,26,1,24.635,0.8459,0.4143,0
replay_6,56,26,2,24.582,0.8463,0.4203,0
replay_6,56,26,3,24.521,0.8425,0.4117,0
replay_6,57,27,0,23.908,0.8352,0.4139,0
replay_6,57,27,1,24.701,0.8418,0.4159,0
replay_6,57,27,2,24.384,0.8386,0.4222,0
replay_6,57,27,3,24.365,0.8354,0.4108,0
replay_6,58,28,0,24.146,0.8378,0.4145,0
replay_6,58,28,1,23.693,0.8339,0.4216,0
replay_6,58,28,2,24.247,0.8380,0.4266,0
replay_6,58,28,3,24.441,0.8364,0.4167,0
replay_6,59,29,0,24.508,0.8425,0.4211,0
replay_6,59,29,1,24.639,0.8449,0.4231,0
replay_6,59,29,2,24.659,0.8428,0.4325,0
replay_6,59,29,3,24.738,0.8401,0.4347,0
replay_6,60,30,0,24.456,0.8489,0.4149,0
replay_6,60,30,1,23.604,0.8465,0.4174,0
replay_6,60,30,2,21.749,0.8330,0.4004,0
replay_6,60,30,3,22.174,0.8321,0.3979,0
replay_6,61,31,0,22.956,0.8408,0.4090,0
replay_6,61,31,1,23.178,0.8448,0.4074,0
replay_6,61,31,2,23.110,0.8440,0.4169,0
replay_6,61,31,3,23.228,0.8430,0.4139,0
replay_6,62,32,0,23.358,0.8290,0.4255,0
replay_6,62,32,1,23.303,0.8215,0.4319,0
replay_6,62,32,2,23.042,0.8103,0.4373,0
replay_6,62,32,3,22.902,0.8008,0.4303,0
replay_6,63,33,0,23.204,0.8134,0.4298,0
replay_6,63,33,1,23.256,0.8158,0.4314,0
replay_6,63,33,2,23.058,0.8142,0.4357,0
replay_6,63,33,3,22.984,0.8109,0.4270,0
replay_6,64,34,0,23.055,0.8179,0.4264,0
replay_6,64,34,1,23.200,0.8195,0.4244,0
replay_6,64,34,2,23.211,0.8169,0.4289,0
replay_6,64,34,3,23.300,0.8149,0.4226,0
replay_6,65,35,0,23.334,0.8136,0.4268,0
replay_6,65,35,1,23.407,0.8121,0.4278,0
replay_6,65,35,2,23.224,0.8062,0.4302,0
replay_6,65,35,3,23.300,0.8050,0.4275,0
replay_6,66,36,0,23.028,0.8000,0.4285,0
replay_6,66,36,1,23.288,0.8018,0.4284,0
replay_6,66,36,2,23.275,0.8018,0.4329,0
replay_6,66,36,3,23.192,0.7982,0.4299,0
replay_6,67,37,0,23.450,0.8010,0.4276,0
replay_6,67,37,1,23.376,0.8007,0.4252,0
replay_6,67,37,2,23.185,0.8008,0.4284,0
replay_6,67,37,3,23.071,0.7995,0.4241,0
replay_6,68,38,0,23.230,0.7959,0.4253,0
replay_6,68,38,1,23.401,0.7960,0.4256,0
replay_6,68,38,2,23.656,0.7960,0.4301,0
replay_6,68,38,3,23.428,0.7892,0.4331,0
replay_6,69,39,0,23.486,0.7957,0.4254,0
replay_6,69,39,1,23.640,0.8005,0.4271,0
replay_6,69,39,2,23.763,0.8027,0.4274,0
replay_6,69,39,3,23.738,0.8002,0.4302,0
replay_0_sink0,1,-29,0,99.000,,,0
replay_0_sink0,1,-29,1,99.000,,,0
replay_0_sink0,1,-29,2,99.000,,,0
replay_0_sink0,1,-29,3,99.000,,,0
replay_0_sink0,2,-28,0,99.000,,,0
replay_0_sink0,2,-28,1,99.000,,,0
replay_0_sink0,2,-28,2,99.000,,,0
replay_0_sink0,2,-28,3,99.000,,,0
replay_0_sink0,3,-27,0,99.000,,,0
replay_0_sink0,3,-27,1,99.000,,,0
replay_0_sink0,3,-27,2,99.000,,,0
replay_0_sink0,3,-27,3,99.000,,,0
replay_0_sink0,4,-26,0,99.000,,,0
replay_0_sink0,4,-26,1,99.000,,,0
replay_0_sink0,4,-26,2,99.000,,,0
replay_0_sink0,4,-26,3,99.000,,,0
replay_0_sink0,5,-25,0,99.000,,,0
replay_0_sink0,5,-25,1,99.000,,,0
replay_0_sink0,5,-25,2,99.000,,,0
replay_0_sink0,5,-25,3,99.000,,,0
replay_0_sink0,6,-24,0,99.000,,,0
replay_0_sink0,6,-24,1,99.000,,,0
replay_0_sink0,6,-24,2,99.000,,,0
replay_0_sink0,6,-24,3,99.000,,,0
replay_0_sink0,7,-23,0,99.000,,,0
replay_0_sink0,7,-23,1,99.000,,,0
replay_0_sink0,7,-23,2,99.000,,,0
replay_0_sink0,7,-23,3,99.000,,,0
replay_0_sink0,8,-22,0,99.000,,,0
replay_0_sink0,8,-22,1,99.000,,,0
replay_0_sink0,8,-22,2,99.000,,,0
replay_0_sink0,8,-22,3,99.000,,,0
replay_0_sink0,9,-21,0,99.000,,,0
replay_0_sink0,9,-21,1,99.000,,,0
replay_0_sink0,9,-21,2,99.000,,,0
replay_0_sink0,9,-21,3,99.000,,,0
replay_0_sink0,10,-20,0,99.000,,,0
replay_0_sink0,10,-20,1,99.000,,,0
replay_0_sink0,10,-20,2,99.000,,,0
replay_0_sink0,10,-20,3,99.000,,,0
replay_0_sink0,11,-19,0,99.000,,,0
replay_0_sink0,11,-19,1,99.000,,,0
replay_0_sink0,11,-19,2,99.000,,,0
replay_0_sink0,11,-19,3,99.000,,,0
replay_0_sink0,12,-18,0,99.000,,,0
replay_0_sink0,12,-18,1,99.000,,,0
replay_0_sink0,12,-18,2,99.000,,,0
replay_0_sink0,12,-18,3,99.000,,,0
replay_0_sink0,13,-17,0,99.000,,,0
replay_0_sink0,13,-17,1,99.000,,,0
replay_0_sink0,13,-17,2,99.000,,,0
replay_0_sink0,13,-17,3,99.000,,,0
replay_0_sink0,14,-16,0,99.000,,,0
replay_0_sink0,14,-16,1,99.000,,,0
replay_0_sink0,14,-16,2,99.000,,,0
replay_0_sink0,14,-16,3,99.000,,,0
replay_0_sink0,15,-15,0,99.000,,,0
replay_0_sink0,15,-15,1,99.000,,,0
replay_0_sink0,15,-15,2,99.000,,,0
replay_0_sink0,15,-15,3,99.000,,,0
replay_0_sink0,16,-14,0,99.000,,,0
replay_0_sink0,16,-14,1,99.000,,,0
replay_0_sink0,16,-14,2,99.000,,,0
replay_0_sink0,16,-14,3,99.000,,,0
replay_0_sink0,17,-13,0,99.000,,,0
replay_0_sink0,17,-13,1,99.000,,,0
replay_0_sink0,17,-13,2,99.000,,,0
replay_0_sink0,17,-13,3,99.000,,,0
replay_0_sink0,18,-12,0,99.000,,,0
replay_0_sink0,18,-12,1,99.000,,,0
replay_0_sink0,18,-12,2,99.000,,,0
replay_0_sink0,18,-12,3,99.000,,,0
replay_0_sink0,19,-11,0,99.000,,,0
replay_0_sink0,19,-11,1,99.000,,,0
replay_0_sink0,19,-11,2,99.000,,,0
replay_0_sink0,19,-11,3,99.000,,,0
replay_0_sink0,20,-10,0,99.000,,,0
replay_0_sink0,20,-10,1,99.000,,,0
replay_0_sink0,20,-10,2,99.000,,,0
replay_0_sink0,20,-10,3,99.000,,,0
replay_0_sink0,21,-9,0,99.000,,,0
replay_0_sink0,21,-9,1,99.000,,,0
replay_0_sink0,21,-9,2,99.000,,,0
replay_0_sink0,21,-9,3,99.000,,,0
replay_0_sink0,22,-8,0,99.000,,,0
replay_0_sink0,22,-8,1,99.000,,,0
replay_0_sink0,22,-8,2,99.000,,,0
replay_0_sink0,22,-8,3,99.000,,,0
replay_0_sink0,23,-7,0,99.000,,,0
replay_0_sink0,23,-7,1,99.000,,,0
replay_0_sink0,23,-7,2,99.000,,,0
replay_0_sink0,23,-7,3,99.000,,,0
replay_0_sink0,24,-6,0,99.000,,,0
replay_0_sink0,24,-6,1,99.000,,,0
replay_0_sink0,24,-6,2,99.000,,,0
replay_0_sink0,24,-6,3,99.000,,,0
replay_0_sink0,25,-5,0,99.000,,,0
replay_0_sink0,25,-5,1,99.000,,,0
replay_0_sink0,25,-5,2,99.000,,,0
replay_0_sink0,25,-5,3,99.000,,,0
replay_0_sink0,26,-4,0,99.000,,,0
replay_0_sink0,26,-4,1,99.000,,,0
replay_0_sink0,26,-4,2,99.000,,,0
replay_0_sink0,26,-4,3,99.000,,,0
replay_0_sink0,27,-3,0,99.000,,,0
replay_0_sink0,27,-3,1,99.000,,,0
replay_0_sink0,27,-3,2,99.000,,,0
replay_0_sink0,27,-3,3,99.000,,,0
replay_0_sink0,28,-2,0,99.000,,,0
replay_0_sink0,28,-2,1,99.000,,,0
replay_0_sink0,28,-2,2,99.000,,,0
replay_0_sink0,28,-2,3,99.000,,,0
replay_0_sink0,29,-1,0,99.000,,,0
replay_0_sink0,29,-1,1,99.000,,,0
replay_0_sink0,29,-1,2,99.000,,,0
replay_0_sink0,29,-1,3,99.000,,,0
replay_0_sink0,30,0,0,,,,1
replay_0_sink0,30,0,1,,,,1
replay_0_sink0,30,0,2,,,,1
replay_0_sink0,30,0,3,,,,1
replay_0_sink0,31,1,0,15.819,0.6540,0.3922,0
replay_0_sink0,31,1,1,17.071,0.6760,0.3988,0
replay_0_sink0,31,1,2,17.603,0.6923,0.3927,0
replay_0_sink0,31,1,3,17.434,0.6924,0.3933,0
replay_0_sink0,32,2,0,18.101,0.7211,0.3920,0
replay_0_sink0,32,2,1,19.184,0.7414,0.4004,0
replay_0_sink0,32,2,2,19.524,0.7519,0.3945,0
replay_0_sink0,32,2,3,19.695,0.7559,0.3954,0
replay_0_sink0,33,3,0,20.257,0.7775,0.3975,0
replay_0_sink0,33,3,1,20.950,0.7883,0.4049,0
replay_0_sink0,33,3,2,21.014,0.7893,0.3997,0
replay_0_sink0,33,3,3,21.251,0.7901,0.3979,0
replay_0_sink0,34,4,0,21.605,0.8082,0.3988,0
replay_0_sink0,34,4,1,22.317,0.8193,0.4060,0
replay_0_sink0,34,4,2,22.559,0.8230,0.3971,0
replay_0_sink0,34,4,3,22.561,0.8216,0.4020,0
replay_0_sink0,35,5,0,21.986,0.8128,0.4112,0
replay_0_sink0,35,5,1,23.153,0.8309,0.4194,0
replay_0_sink0,35,5,2,23.224,0.8340,0.4079,0
replay_0_sink0,35,5,3,23.348,0.8271,0.4101,0
replay_0_sink0,36,6,0,22.499,0.8299,0.4126,0
replay_0_sink0,36,6,1,24.467,0.8493,0.4196,0
replay_0_sink0,36,6,2,24.315,0.8486,0.4112,0
replay_0_sink0,36,6,3,24.472,0.8451,0.4119,0
replay_0_sink0,37,7,0,24.124,0.8596,0.4152,0
replay_0_sink0,37,7,1,24.023,0.8603,0.4232,0
replay_0_sink0,37,7,2,25.470,0.8714,0.4137,0
replay_0_sink0,37,7,3,25.625,0.8682,0.4119,0
replay_0_sink0,38,8,0,26.186,0.8812,0.4168,0
replay_0_sink0,38,8,1,26.836,0.8843,0.4219,0
replay_0_sink0,38,8,2,27.019,0.8855,0.4171,0
replay_0_sink0,38,8,3,26.643,0.8784,0.4188,0
replay_0_sink0,39,9,0,26.864,0.8890,0.4182,0
replay_0_sink0,39,9,1,27.641,0.8950,0.4271,0
replay_0_sink0,39,9,2,27.467,0.8926,0.4292,0
replay_0_sink0,39,9,3,26.989,0.8861,0.4188,0
replay_0_sink0,40,10,0,26.336,0.8844,0.4200,0
replay_0_sink0,40,10,1,24.487,0.8794,0.3977,0
replay_0_sink0,40,10,2,24.922,0.8920,0.3922,0
replay_0_sink0,40,10,3,25.140,0.8912,0.3966,0
replay_0_sink0,41,11,0,25.745,0.8953,0.3977,0
replay_0_sink0,41,11,1,25.711,0.8931,0.4093,0
replay_0_sink0,41,11,2,25.547,0.8886,0.4078,0
replay_0_sink0,41,11,3,25.636,0.8849,0.4100,0
replay_0_sink0,42,12,0,25.914,0.8920,0.4140,0
replay_0_sink0,42,12,1,26.077,0.8922,0.4187,0
replay_0_sink0,42,12,2,26.259,0.8945,0.4137,0
replay_0_sink0,42,12,3,26.232,0.8929,0.4136,0
replay_0_sink0,43,13,0,26.719,0.9010,0.4177,0
replay_0_sink0,43,13,1,26.840,0.9008,0.4234,0
replay_0_sink0,43,13,2,27.020,0.9040,0.4159,0
replay_0_sink0,43,13,3,27.130,0.9032,0.4161,0
replay_0_sink0,44,14,0,27.052,0.9007,0.4164,0
replay_0_sink0,44,14,1,26.692,0.8946,0.4214,0
replay_0_sink0,44,14,2,26.385,0.8909,0.4145,0
replay_0_sink0,44,14,3,26.077,0.8868,0.4138,0
replay_0_sink0,45,15,0,26.579,0.8886,0.4180,0
replay_0_sink0,45,15,1,27.064,0.8892,0.4212,0
replay_0_sink0,45,15,2,27.212,0.8856,0.4168,0
replay_0_sink0,45,15,3,26.537,0.8796,0.4157,0
replay_0_sink0,46,16,0,25.665,0.8899,0.4149,0
replay_0_sink0,46,16,1,25.416,0.8890,0.4187,0
replay_0_sink0,46,16,2,26.141,0.8981,0.4153,0
replay_0_sink0,46,16,3,26.422,0.8969,0.4133,0
replay_0_sink0,47,17,0,25.917,0.9103,0.4105,0
replay_0_sink0,47,17,1,26.055,0.9114,0.4142,0
replay_0_sink0,47,17,2,26.110,0.9126,0.4106,0
replay_0_sink0,47,17,3,25.974,0.9078,0.4119,0
replay_0_sink0,48,18,0,26.368,0.9122,0.4107,0
replay_0_sink0,48,18,1,27.532,0.9153,0.4145,0
replay_0_sink0,48,18,2,26.879,0.9122,0.4151,0
replay_0_sink0,48,18,3,26.232,0.9065,0.4111,0
replay_0_sink0,49,19,0,26.568,0.9089,0.4135,0
replay_0_sink0,49,19,1,26.779,0.9094,0.4133,0
replay_0_sink0,49,19,2,26.301,0.9058,0.4185,0
replay_0_sink0,49,19,3,25.830,0.9015,0.4128,0
replay_0_sink0,50,20,0,26.123,0.9052,0.4130,0
replay_0_sink0,50,20,1,27.311,0.9150,0.4127,0
replay_0_sink0,50,20,2,27.883,0.9187,0.4158,0
replay_0_sink0,50,20,3,28.201,0.9190,0.4119,0
replay_0_sink0,51,21,0,28.398,0.9249,0.4112,0
replay_0_sink0,51,21,1,29.142,0.9295,0.4101,0
replay_0_sink0,51,21,2,29.517,0.9337,0.4142,0
replay_0_sink0,51,21,3,29.538,0.9329,0.4041,0
replay_0_sink0,52,22,0,30.197,0.9353,0.4054,0
replay_0_sink0,52,22,1,29.713,0.9324,0.4071,0
replay_0_sink0,52,22,2,30.266,0.9341,0.4102,0
replay_0_sink0,52,22,3,30.016,0.9313,0.4044,0
replay_0_sink0,53,23,0,29.827,0.9263,0.4034,0
replay_0_sink0,53,23,1,28.959,0.9213,0.4054,0
replay_0_sink0,53,23,2,29.359,0.9231,0.4137,0
replay_0_sink0,53,23,3,29.194,0.9203,0.4076,0
replay_0_sink0,54,24,0,26.125,0.9073,0.4069,0
replay_0_sink0,54,24,1,27.270,0.9150,0.4095,0
replay_0_sink0,54,24,2,28.731,0.9250,0.4173,0
replay_0_sink0,54,24,3,28.241,0.9215,0.4094,0
replay_0_sink0,55,25,0,28.291,0.9204,0.4127,0
replay_0_sink0,55,25,1,27.757,0.9151,0.4181,0
replay_0_sink0,55,25,2,27.461,0.9103,0.4285,0
replay_0_sink0,55,25,3,26.479,0.9047,0.4174,0
replay_0_sink0,56,26,0,25.943,0.9019,0.4226,0
replay_0_sink0,56,26,1,27.631,0.9093,0.4223,0
replay_0_sink0,56,26,2,26.997,0.9063,0.4287,0
replay_0_sink0,56,26,3,26.208,0.8978,0.4190,0
replay_0_sink0,57,27,0,26.495,0.9034,0.4225,0
replay_0_sink0,57,27,1,26.332,0.9038,0.4209,0
replay_0_sink0,57,27,2,26.169,0.9030,0.4265,0
replay_0_sink0,57,27,3,25.855,0.8993,0.4157,0
replay_0_sink0,58,28,0,26.702,0.9004,0.4199,0
replay_0_sink0,58,28,1,25.052,0.8877,0.4252,0
replay_0_sink0,58,28,2,25.793,0.8877,0.4320,0
replay_0_sink0,58,28,3,25.706,0.8802,0.4235,0
replay_0_sink0,59,29,0,25.881,0.8794,0.4255,0
replay_0_sink0,59,29,1,26.852,0.8821,0.4256,0
replay_0_sink0,59,29,2,26.804,0.8796,0.4342,0
replay_0_sink0,59,29,3,26.593,0.8726,0.4358,0
replay_0_sink0,60,30,0,25.933,0.8856,0.4161,0
replay_0_sink0,60,30,1,25.057,0.8878,0.4169,0
replay_0_sink0,60,30,2,24.526,0.8853,0.3975,0
replay_0_sink0,60,30,3,24.868,0.8703,0.3942,0
replay_0_sink0,61,31,0,26.036,0.8882,0.4025,0
replay_0_sink0,61,31,1,25.746,0.8868,0.3998,0
replay_0_sink0,61,31,2,25.502,0.8841,0.4088,0
replay_0_sink0,61,31,3,25.265,0.8813,0.4060,0
replay_0_sink0,62,32,0,25.264,0.8818,0.4134,0
replay_0_sink0,62,32,1,25.884,0.8895,0.4183,0
replay_0_sink0,62,32,2,25.577,0.8869,0.4225,0
replay_0_sink0,62,32,3,25.336,0.8807,0.4150,0
replay_0_sink0,63,33,0,25.830,0.8859,0.4184,0
replay_0_sink0,63,33,1,26.077,0.8860,0.4225,0
replay_0_sink0,63,33,2,25.553,0.8824,0.4276,0
replay_0_sink0,63,33,3,25.158,0.8757,0.4186,0
replay_0_sink0,64,34,0,25.486,0.8847,0.4204,0
replay_0_sink0,64,34,1,25.830,0.8887,0.4196,0
replay_0_sink0,64,34,2,25.921,0.8897,0.4249,0
replay_0_sink0,64,34,3,26.085,0.8887,0.4184,0
replay_0_sink0,65,35,0,26.055,0.8819,0.4205,0
replay_0_sink0,65,35,1,26.539,0.8845,0.4219,0
replay_0_sink0,65,35,2,26.747,0.8828,0.4254,0
replay_0_sink0,65,35,3,26.861,0.8800,0.4211,0
replay_0_sink0,66,36,0,27.051,0.8900,0.4212,0
replay_0_sink0,66,36,1,27.199,0.8913,0.4192,0
replay_0_sink0,66,36,2,27.019,0.8871,0.4240,0
replay_0_sink0,66,36,3,26.789,0.8815,0.4202,0
replay_0_sink0,67,37,0,27.687,0.8896,0.4184,0
replay_0_sink0,67,37,1,28.114,0.8889,0.4150,0
replay_0_sink0,67,37,2,27.674,0.8866,0.4188,0
replay_0_sink0,67,37,3,27.516,0.8844,0.4150,0
replay_0_sink0,68,38,0,26.647,0.8889,0.4152,0
replay_0_sink0,68,38,1,26.963,0.8892,0.4145,0
replay_0_sink0,68,38,2,26.997,0.8890,0.4183,0
replay_0_sink0,68,38,3,26.695,0.8855,0.4194,0
replay_0_sink0,69,39,0,26.772,0.8879,0.4112,0
replay_0_sink0,69,39,1,27.590,0.8915,0.4122,0
replay_0_sink0,69,39,2,27.585,0.8919,0.4131,0
replay_0_sink0,69,39,3,27.607,0.8906,0.4157,0
replay_1_sink0,1,-29,0,99.000,,,0
replay_1_sink0,1,-29,1,99.000,,,0
replay_1_sink0,1,-29,2,99.000,,,0
replay_1_sink0,1,-29,3,99.000,,,0
replay_1_sink0,2,-28,0,99.000,,,0
replay_1_sink0,2,-28,1,99.000,,,0
replay_1_sink0,2,-28,2,99.000,,,0
replay_1_sink0,2,-28,3,99.000,,,0
replay_1_sink0,3,-27,0,99.000,,,0
replay_1_sink0,3,-27,1,99.000,,,0
replay_1_sink0,3,-27,2,99.000,,,0
replay_1_sink0,3,-27,3,99.000,,,0
replay_1_sink0,4,-26,0,99.000,,,0
replay_1_sink0,4,-26,1,99.000,,,0
replay_1_sink0,4,-26,2,99.000,,,0
replay_1_sink0,4,-26,3,99.000,,,0
replay_1_sink0,5,-25,0,99.000,,,0
replay_1_sink0,5,-25,1,99.000,,,0
replay_1_sink0,5,-25,2,99.000,,,0
replay_1_sink0,5,-25,3,99.000,,,0
replay_1_sink0,6,-24,0,99.000,,,0
replay_1_sink0,6,-24,1,99.000,,,0
replay_1_sink0,6,-24,2,99.000,,,0
replay_1_sink0,6,-24,3,99.000,,,0
replay_1_sink0,7,-23,0,99.000,,,0
replay_1_sink0,7,-23,1,99.000,,,0
replay_1_sink0,7,-23,2,99.000,,,0
replay_1_sink0,7,-23,3,99.000,,,0
replay_1_sink0,8,-22,0,99.000,,,0
replay_1_sink0,8,-22,1,99.000,,,0
replay_1_sink0,8,-22,2,99.000,,,0
replay_1_sink0,8,-22,3,99.000,,,0
replay_1_sink0,9,-21,0,99.000,,,0
replay_1_sink0,9,-21,1,99.000,,,0
replay_1_sink0,9,-21,2,99.000,,,0
replay_1_sink0,9,-21,3,99.000,,,0
replay_1_sink0,10,-20,0,99.000,,,0
replay_1_sink0,10,-20,1,99.000,,,0
replay_1_sink0,10,-20,2,99.000,,,0
replay_1_sink0,10,-20,3,99.000,,,0
replay_1_sink0,11,-19,0,99.000,,,0
replay_1_sink0,11,-19,1,99.000,,,0
replay_1_sink0,11,-19,2,99.000,,,0
replay_1_sink0,11,-19,3,99.000,,,0
replay_1_sink0,12,-18,0,99.000,,,0
replay_1_sink0,12,-18,1,99.000,,,0
replay_1_sink0,12,-18,2,99.000,,,0
replay_1_sink0,12,-18,3,99.000,,,0
replay_1_sink0,13,-17,0,99.000,,,0
replay_1_sink0,13,-17,1,99.000,,,0
replay_1_sink0,13,-17,2,99.000,,,0
replay_1_sink0,13,-17,3,99.000,,,0
replay_1_sink0,14,-16,0,99.000,,,0
replay_1_sink0,14,-16,1,99.000,,,0
replay_1_sink0,14,-16,2,99.000,,,0
replay_1_sink0,14,-16,3,99.000,,,0
replay_1_sink0,15,-15,0,99.000,,,0
replay_1_sink0,15,-15,1,99.000,,,0
replay_1_sink0,15,-15,2,99.000,,,0
replay_1_sink0,15,-15,3,99.000,,,0
replay_1_sink0,16,-14,0,99.000,,,0
replay_1_sink0,16,-14,1,99.000,,,0
replay_1_sink0,16,-14,2,99.000,,,0
replay_1_sink0,16,-14,3,99.000,,,0
replay_1_sink0,17,-13,0,99.000,,,0
replay_1_sink0,17,-13,1,99.000,,,0
replay_1_sink0,17,-13,2,99.000,,,0
replay_1_sink0,17,-13,3,99.000,,,0
replay_1_sink0,18,-12,0,99.000,,,0
replay_1_sink0,18,-12,1,99.000,,,0
replay_1_sink0,18,-12,2,99.000,,,0
replay_1_sink0,18,-12,3,99.000,,,0
replay_1_sink0,19,-11,0,99.000,,,0
replay_1_sink0,19,-11,1,99.000,,,0
replay_1_sink0,19,-11,2,99.000,,,0
replay_1_sink0,19,-11,3,99.000,,,0
replay_1_sink0,20,-10,0,99.000,,,0
replay_1_sink0,20,-10,1,99.000,,,0
replay_1_sink0,20,-10,2,99.000,,,0
replay_1_sink0,20,-10,3,99.000,,,0
replay_1_sink0,21,-9,0,99.000,,,0
replay_1_sink0,21,-9,1,99.000,,,0
replay_1_sink0,21,-9,2,99.000,,,0
replay_1_sink0,21,-9,3,99.000,,,0
replay_1_sink0,22,-8,0,99.000,,,0
replay_1_sink0,22,-8,1,99.000,,,0
replay_1_sink0,22,-8,2,99.000,,,0
replay_1_sink0,22,-8,3,99.000,,,0
replay_1_sink0,23,-7,0,99.000,,,0
replay_1_sink0,23,-7,1,99.000,,,0
replay_1_sink0,23,-7,2,99.000,,,0
replay_1_sink0,23,-7,3,99.000,,,0
replay_1_sink0,24,-6,0,99.000,,,0
replay_1_sink0,24,-6,1,99.000,,,0
replay_1_sink0,24,-6,2,99.000,,,0
replay_1_sink0,24,-6,3,99.000,,,0
replay_1_sink0,25,-5,0,99.000,,,0
replay_1_sink0,25,-5,1,99.000,,,0
replay_1_sink0,25,-5,2,99.000,,,0
replay_1_sink0,25,-5,3,99.000,,,0
replay_1_sink0,26,-4,0,99.000,,,0
replay_1_sink0,26,-4,1,99.000,,,0
replay_1_sink0,26,-4,2,99.000,,,0
replay_1_sink0,26,-4,3,99.000,,,0
replay_1_sink0,27,-3,0,99.000,,,0
replay_1_sink0,27,-3,1,99.000,,,0
replay_1_sink0,27,-3,2,99.000,,,0
replay_1_sink0,27,-3,3,99.000,,,0
replay_1_sink0,28,-2,0,99.000,,,0
replay_1_sink0,28,-2,1,99.000,,,0
replay_1_sink0,28,-2,2,99.000,,,0
replay_1_sink0,28,-2,3,99.000,,,0
replay_1_sink0,29,-1,0,99.000,,,0
replay_1_sink0,29,-1,1,99.000,,,0
replay_1_sink0,29,-1,2,99.000,,,0
replay_1_sink0,29,-1,3,99.000,,,0
replay_1_sink0,30,0,0,16.256,0.6517,0.3956,0
replay_1_sink0,30,0,1,17.294,0.6712,0.4029,0
replay_1_sink0,30,0,2,17.751,0.6838,0.3991,0
replay_1_sink0,30,0,3,17.784,0.6843,0.3969,0
replay_1_sink0,31,1,0,18.341,0.7186,0.3938,0
replay_1_sink0,31,1,1,19.403,0.7410,0.4007,0
replay_1_sink0,31,1,2,19.849,0.7505,0.3917,0
replay_1_sink0,31,1,3,20.040,0.7522,0.3928,0
replay_1_sink0,32,2,0,21.163,0.7827,0.3931,0
replay_1_sink0,32,2,1,21.835,0.7940,0.3985,0
replay_1_sink0,32,2,2,22.300,0.8023,0.3920,0
replay_1_sink0,32,2,3,22.185,0.7995,0.3932,0
replay_1_sink0,33,3,0,22.645,0.8127,0.3943,0
replay_1_sink0,33,3,1,23.143,0.8221,0.4015,0
replay_1_sink0,33,3,2,23.028,0.8224,0.3961,0
replay_1_sink0,33,3,3,23.225,0.8231,0.3941,0
replay_1_sink0,34,4,0,22.357,0.8129,0.3986,0
replay_1_sink0,34,4,1,24.168,0.8329,0.4054,0
replay_1_sink0,34,4,2,24.173,0.8330,0.3952,0
replay_1_sink0,34,4,3,23.616,0.8232,0.4005,0
replay_1_sink0,35,5,0,23.701,0.8410,0.4096,0
replay_1_sink0,35,5,1,23.672,0.8485,0.4198,0
replay_1_sink0,35,5,2,23.469,0.8476,0.4115,0
replay_1_sink0,35,5,3,23.758,0.8458,0.4134,0
replay_1_sink0,36,6,0,22.388,0.8392,0.4179,0
replay_1_sink0,36,6,1,24.612,0.8585,0.4245,0
replay_1_sink0,36,6,2,24.846,0.8614,0.4158,0
replay_1_sink0,36,6,3,24.907,0.8556,0.4165,0
replay_1_sink0,37,7,0,24.395,0.8659,0.4196,0
replay_1_sink0,37,7,1,23.553,0.8601,0.4266,0
replay_1_sink0,37,7,2,26.001,0.8786,0.4171,0
replay_1_sink0,37,7,3,25.553,0.8716,0.4158,0
replay_1_sink0,38,8,0,25.276,0.8781,0.4187,0
replay_1_sink0,38,8,1,26.872,0.8905,0.4244,0
replay_1_sink0,38,8,2,27.256,0.8916,0.4188,0
replay_1_sink0,38,8,3,26.880,0.8849,0.4206,0
replay_1_sink0,39,9,0,27.441,0.8955,0.4211,0
replay_1_sink0,39,9,1,27.858,0.8985,0.4291,0
replay_1_sink0,39,9,2,27.810,0.8980,0.4315,0
replay_1_sink0,39,9,3,27.852,0.8951,0.4215,0
replay_1_sink0,40,10,0,27.799,0.8980,0.4236,0
replay_1_sink0,40,10,1,24.124,0.8773,0.3996,0
replay_1_sink0,40,10,2,26.017,0.9001,0.3935,0
replay_1_sink0,40,10,3,25.877,0.8991,0.3971,0
replay_1_sink0,41,11,0,26.195,0.8980,0.3988,0
replay_1_sink0,41,11,1,25.982,0.8959,0.4099,0
replay_1_sink0,41,11,2,25.731,0.8925,0.4085,0
replay_1_sink0,41,11,3,25.937,0.8898,0.4116,0
replay_1_sink0,42,12,0,26.214,0.8967,0.4153,0
replay_1_sink0,42,12,1,26.164,0.8952,0.4195,0
replay_1_sink0,42,12,2,26.197,0.8976,0.4139,0
replay_1_sink0,42,12,3,26.059,0.8940,0.4138,0
replay_1_sink0,43,13,0,26.602,0.9052,0.4173,0
replay_1_sink0,43,13,1,26.667,0.9059,0.4231,0
replay_1_sink0,43,13,2,26.644,0.9061,0.4156,0
replay_1_sink0,43,13,3,26.678,0.9046,0.4158,0
replay_1_sink0,44,14,0,26.670,0.9025,0.4176,0
replay_1_sink0,44,14,1,26.478,0.8981,0.4231,0
replay_1_sink0,44,14,2,26.228,0.8942,0.4174,0
replay_1_sink0,44,14,3,26.046,0.8888,0.4172,0
replay_1_sink0,45,15,0,26.172,0.8860,0.4204,0
replay_1_sink0,45,15,1,26.234,0.8840,0.4233,0
replay_1_sink0,45,15,2,26.958,0.8848,0.4195,0
replay_1_sink0,45,15,3,27.105,0.8811,0.4184,0
replay_1_sink0,46,16,0,27.058,0.8973,0.4176,0
replay_1_sink0,46,16,1,26.635,0.8920,0.4212,0
replay_1_sink0,46,16,2,27.259,0.9028,0.4184,0
replay_1_sink0,46,16,3,26.593,0.8976,0.4164,0
replay_1_sink0,47,17,0,25.449,0.9051,0.4134,0
replay_1_sink0,47,17,1,26.394,0.9127,0.4162,0
replay_1_sink0,47,17,2,26.248,0.9125,0.4117,0
replay_1_sink0,47,17,3,25.899,0.9082,0.4125,0
replay_1_sink0,48,18,0,25.512,0.9119,0.4107,0
replay_1_sink0,48,18,1,26.900,0.9169,0.4144,0
replay_1_sink0,48,18,2,26.747,0.9165,0.4150,0
replay_1_sink0,48,18,3,26.221,0.9121,0.4116,0
replay_1_sink0,49,19,0,26.479,0.9138,0.4131,0
replay_1_sink0,49,19,1,26.638,0.9127,0.4130,0
replay_1_sink0,49,19,2,26.199,0.9094,0.4178,0
replay_1_sink0,49,19,3,25.711,0.9060,0.4125,0
replay_1_sink0,50,20,0,26.213,0.9117,0.4127,0
replay_1_sink0,50,20,1,27.356,0.9197,0.4128,0
replay_1_sink0,50,20,2,27.769,0.9211,0.4167,0
replay_1_sink0,50,20,3,28.010,0.9204,0.4130,0
replay_1_sink0,51,21,0,28.407,0.9265,0.4121,0
replay_1_sink0,51,21,1,28.973,0.9299,0.4111,0
replay_1_sink0,51,21,2,29.095,0.9322,0.4152,0
replay_1_sink0,51,21,3,29.026,0.9309,0.4061,0
replay_1_sink0,52,22,0,29.821,0.9355,0.4076,0
replay_1_sink0,52,22,1,29.993,0.9358,0.4089,0
replay_1_sink0,52,22,2,30.098,0.9347,0.4131,0
replay_1_sink0,52,22,3,29.249,0.9286,0.4081,0
replay_1_sink0,53,23,0,29.607,0.9293,0.4091,0
replay_1_sink0,53,23,1,28.422,0.9274,0.4095,0
replay_1_sink0,53,23,2,28.909,0.9274,0.4169,0
replay_1_sink0,53,23,3,28.653,0.9226,0.4113,0
replay_1_sink0,54,24,0,26.885,0.9112,0.4105,0
replay_1_sink0,54,24,1,28.453,0.9212,0.4127,0
replay_1_sink0,54,24,2,28.539,0.9232,0.4218,0
replay_1_sink0,54,24,3,27.920,0.9199,0.4124,0
replay_1_sink0,55,25,0,27.845,0.9217,0.4148,0
replay_1_sink0,55,25,1,27.174,0.9163,0.4186,0
replay_1_sink0,55,25,2,26.723,0.9131,0.4281,0
replay_1_sink0,55,25,3,26.295,0.9101,0.4157,0
replay_1_sink0,56,26,0,26.025,0.9134,0.4228,0
replay_1_sink0,56,26,1,27.077,0.9193,0.4235,0
replay_1_sink0,56,26,2,26.579,0.9172,0.4291,0
replay_1_sink0,56,26,3,25.970,0.9098,0.4190,0
replay_1_sink0,57,27,0,25.292,0.9032,0.4224,0
replay_1_sink0,57,27,1,26.744,0.9108,0.4221,0
replay_1_sink0,57,27,2,26.698,0.9094,0.4283,0
replay_1_sink0,57,27,3,26.161,0.9022,0.4180,0
replay_1_sink0,58,28,0,26.938,0.8953,0.4192,0
replay_1_sink0,58,28,1,26.018,0.8905,0.4236,0
replay_1_sink0,58,28,2,26.170,0.8858,0.4311,0
replay_1_sink0,58,28,3,25.966,0.8760,0.4223,0
replay_1_sink0,59,29,0,26.317,0.8846,0.4240,0
replay_1_sink0,59,29,1,27.632,0.8920,0.4232,0
replay_1_sink0,59,29,2,27.479,0.8914,0.4308,0
replay_1_sink0,59,29,3,27.118,0.8842,0.4317,0
replay_1_sink0,60,30,0,26.167,0.8855,0.4157,0
replay_1_sink0,60,30,1,25.524,0.8843,0.4165,0
replay_1_sink0,60,30,2,24.980,0.8917,0.3994,0
replay_1_sink0,60,30,3,25.005,0.8843,0.3947,0
replay_1_sink0,61,31,0,26.953,0.8954,0.4021,0
replay_1_sink0,61,31,1,26.495,0.8949,0.4001,0
replay_1_sink0,61,31,2,26.266,0.8930,0.4091,0
replay_1_sink0,61,31,3,25.784,0.8881,0.4063,0
replay_1_sink0,62,32,0,25.626,0.8868,0.4131,0
replay_1_sink0,62,32,1,25.929,0.8910,0.4183,0
replay_1_sink0,62,32,2,25.524,0.8884,0.4223,0
replay_1_sink0,62,32,3,25.136,0.8811,0.4148,0
replay_1_sink0,63,33,0,25.559,0.8858,0.4193,0
replay_1_sink0,63,33,1,25.814,0.8872,0.4238,0
replay_1_sink0,63,33,2,25.398,0.8823,0.4294,0
replay_1_sink0,63,33,3,25.015,0.8766,0.4209,0
replay_1_sink0,64,34,0,25.367,0.8848,0.4220,0
replay_1_sink0,64,34,1,25.770,0.8892,0.4209,0
replay_1_sink0,64,34,2,25.988,0.8906,0.4257,0
replay_1_sink0,64,34,3,26.182,0.8884,0.4192,0
replay_1_sink0,65,35,0,25.997,0.8857,0.4221,0
replay_1_sink0,65,35,1,26.198,0.8856,0.4229,0
replay_1_sink0,65,35,2,26.390,0.8834,0.4263,0
replay_1_sink0,65,35,3,26.594,0.8809,0.4225,0
replay_1_sink0,66,36,0,26.881,0.8877,0.4224,0
replay_1_sink0,66,36,1,26.978,0.8869,0.4204,0
replay_1_sink0,66,36,2,26.961,0.8840,0.4251,0
replay_1_sink0,66,36,3,26.867,0.8800,0.4212,0
replay_1_sink0,67,37,0,27.159,0.8900,0.4179,0
replay_1_sink0,67,37,1,27.444,0.8912,0.4145,0
replay_1_sink0,67,37,2,27.153,0.8903,0.4172,0
replay_1_sink0,67,37,3,27.052,0.8897,0.4129,0
replay_1_sink0,68,38,0,26.941,0.8905,0.4135,0
replay_1_sink0,68,38,1,27.131,0.8900,0.4128,0
replay_1_sink0,68,38,2,27.206,0.8901,0.4167,0
replay_1_sink0,68,38,3,26.813,0.8867,0.4184,0
replay_1_sink0,69,39,0,27.288,0.8882,0.4119,0
replay_1_sink0,69,39,1,27.852,0.8907,0.4139,0
replay_1_sink0,69,39,2,27.851,0.8900,0.4151,0
replay_1_sink0,69,39,3,27.694,0.8867,0.4180,0
replay_3_sink0,1,-29,0,99.000,,,0
replay_3_sink0,1,-29,1,99.000,,,0
replay_3_sink0,1,-29,2,99.000,,,0
replay_3_sink0,1,-29,3,99.000,,,0
replay_3_sink0,2,-28,0,99.000,,,0
replay_3_sink0,2,-28,1,99.000,,,0
replay_3_sink0,2,-28,2,99.000,,,0
replay_3_sink0,2,-28,3,99.000,,,0
replay_3_sink0,3,-27,0,99.000,,,0
replay_3_sink0,3,-27,1,99.000,,,0
replay_3_sink0,3,-27,2,99.000,,,0
replay_3_sink0,3,-27,3,99.000,,,0
replay_3_sink0,4,-26,0,99.000,,,0
replay_3_sink0,4,-26,1,99.000,,,0
replay_3_sink0,4,-26,2,99.000,,,0
replay_3_sink0,4,-26,3,99.000,,,0
replay_3_sink0,5,-25,0,99.000,,,0
replay_3_sink0,5,-25,1,99.000,,,0
replay_3_sink0,5,-25,2,99.000,,,0
replay_3_sink0,5,-25,3,99.000,,,0
replay_3_sink0,6,-24,0,99.000,,,0
replay_3_sink0,6,-24,1,99.000,,,0
replay_3_sink0,6,-24,2,99.000,,,0
replay_3_sink0,6,-24,3,99.000,,,0
replay_3_sink0,7,-23,0,99.000,,,0
replay_3_sink0,7,-23,1,99.000,,,0
replay_3_sink0,7,-23,2,99.000,,,0
replay_3_sink0,7,-23,3,99.000,,,0
replay_3_sink0,8,-22,0,99.000,,,0
replay_3_sink0,8,-22,1,99.000,,,0
replay_3_sink0,8,-22,2,99.000,,,0
replay_3_sink0,8,-22,3,99.000,,,0
replay_3_sink0,9,-21,0,99.000,,,0
replay_3_sink0,9,-21,1,99.000,,,0
replay_3_sink0,9,-21,2,99.000,,,0
replay_3_sink0,9,-21,3,99.000,,,0
replay_3_sink0,10,-20,0,99.000,,,0
replay_3_sink0,10,-20,1,99.000,,,0
replay_3_sink0,10,-20,2,99.000,,,0
replay_3_sink0,10,-20,3,99.000,,,0
replay_3_sink0,11,-19,0,99.000,,,0
replay_3_sink0,11,-19,1,99.000,,,0
replay_3_sink0,11,-19,2,99.000,,,0
replay_3_sink0,11,-19,3,99.000,,,0
replay_3_sink0,12,-18,0,99.000,,,0
replay_3_sink0,12,-18,1,99.000,,,0
replay_3_sink0,12,-18,2,99.000,,,0
replay_3_sink0,12,-18,3,99.000,,,0
replay_3_sink0,13,-17,0,99.000,,,0
replay_3_sink0,13,-17,1,99.000,,,0
replay_3_sink0,13,-17,2,99.000,,,0
replay_3_sink0,13,-17,3,99.000,,,0
replay_3_sink0,14,-16,0,99.000,,,0
replay_3_sink0,14,-16,1,99.000,,,0
replay_3_sink0,14,-16,2,99.000,,,0
replay_3_sink0,14,-16,3,99.000,,,0
replay_3_sink0,15,-15,0,99.000,,,0
replay_3_sink0,15,-15,1,99.000,,,0
replay_3_sink0,15,-15,2,99.000,,,0
replay_3_sink0,15,-15,3,99.000,,,0
replay_3_sink0,16,-14,0,99.000,,,0
replay_3_sink0,16,-14,1,99.000,,,0
replay_3_sink0,16,-14,2,99.000,,,0
replay_3_sink0,16,-14,3,99.000,,,0
replay_3_sink0,17,-13,0,99.000,,,0
replay_3_sink0,17,-13,1,99.000,,,0
replay_3_sink0,17,-13,2,99.000,,,0
replay_3_sink0,17,-13,3,99.000,,,0
replay_3_sink0,18,-12,0,99.000,,,0
replay_3_sink0,18,-12,1,99.000,,,0
replay_3_sink0,18,-12,2,99.000,,,0
replay_3_sink0,18,-12,3,99.000,,,0
replay_3_sink0,19,-11,0,99.000,,,0
replay_3_sink0,19,-11,1,99.000,,,0
replay_3_sink0,19,-11,2,99.000,,,0
replay_3_sink0,19,-11,3,99.000,,,0
replay_3_sink0,20,-10,0,99.000,,,0
replay_3_sink0,20,-10,1,99.000,,,0
replay_3_sink0,20,-10,2,99.000,,,0
replay_3_sink0,20,-10,3,99.000,,,0
replay_3_sink0,21,-9,0,99.000,,,0
replay_3_sink0,21,-9,1,99.000,,,0
replay_3_sink0,21,-9,2,99.000,,,0
replay_3_sink0,21,-9,3,99.000,,,0
replay_3_sink0,22,-8,0,99.000,,,0
replay_3_sink0,22,-8,1,99.000,,,0
replay_3_sink0,22,-8,2,99.000,,,0
replay_3_sink0,22,-8,3,99.000,,,0
replay_3_sink0,23,-7,0,99.000,,,0
replay_3_sink0,23,-7,1,99.000,,,0
replay_3_sink0,23,-7,2,99.000,,,0
replay_3_sink0,23,-7,3,99.000,,,0
replay_3_sink0,24,-6,0,99.000,,,0
replay_3_sink0,24,-6,1,99.000,,,0
replay_3_sink0,24,-6,2,99.000,,,0
replay_3_sink0,24,-6,3,99.000,,,0
replay_3_sink0,25,-5,0,99.000,,,0
replay_3_sink0,25,-5,1,99.000,,,0
replay_3_sink0,25,-5,2,99.000,,,0
replay_3_sink0,25,-5,3,99.000,,,0
replay_3_sink0,26,-4,0,99.000,,,0
replay_3_sink0,26,-4,1,99.000,,,0
replay_3_sink0,26,-4,2,99.000,,,0
replay_3_sink0,26,-4,3,99.000,,,0
replay_3_sink0,27,-3,0,99.000,,,0
replay_3_sink0,27,-3,1,99.000,,,0
replay_3_sink0,27,-3,2,99.000,,,0
replay_3_sink0,27,-3,3,99.000,,,0
replay_3_sink0,28,-2,0,99.000,,,0
replay_3_sink0,28,-2,1,99.000,,,0
replay_3_sink0,28,-2,2,99.000,,,0
replay_3_sink0,28,-2,3,99.000,,,0
replay_3_sink0,29,-1,0,99.000,,,0
replay_3_sink0,29,-1,1,99.000,,,0
replay_3_sink0,29,-1,2,99.000,,,0
replay_3_sink0,29,-1,3,99.000,,,0
replay_3_sink0,30,0,0,21.093,0.7677,0.4016,0
replay_3_sink0,30,0,1,21.879,0.7800,0.4059,0
replay_3_sink0,30,0,2,22.376,0.7869,0.4016,0
replay_3_sink0,30,0,3,22.722,0.7863,0.3985,0
replay_3_sink0,31,1,0,23.207,0.8137,0.3965,0
replay_3_sink0,31,1,1,24.289,0.8269,0.4021,0
replay_3_sink0,31,1,2,24.572,0.8323,0.3919,0
replay_3_sink0,31,1,3,24.222,0.8285,0.3926,0
replay_3_sink0,32,2,0,24.765,0.8406,0.3933,0
replay_3_sink0,32,2,1,24.836,0.8430,0.3990,0
replay_3_sink0,32,2,2,25.251,0.8489,0.3911,0
replay_3_sink0,32,2,3,24.828,0.8437,0.3924,0
replay_3_sink0,33,3,0,25.153,0.8525,0.3956,0
replay_3_sink0,33,3,1,23.802,0.8387,0.4040,0
replay_3_sink0,33,3,2,24.553,0.8474,0.4001,0
replay_3_sink0,33,3,3,24.877,0.8504,0.3988,0
replay_3_sink0,34,4,0,24.583,0.8562,0.4025,0
replay_3_sink0,34,4,1,24.752,0.8605,0.4108,0
replay_3_sink0,34,4,2,25.600,0.8688,0.4026,0
replay_3_sink0,34,4,3,25.073,0.8662,0.4069,0
replay_3_sink0,35,5,0,24.536,0.8750,0.4152,0
replay_3_sink0,35,5,1,24.971,0.8817,0.4238,0
replay_3_sink0,35,5,2,24.683,0.8847,0.4123,0
replay_3_sink0,35,5,3,24.868,0.8790,0.4140,0
replay_3_sink0,36,6,0,25.286,0.8891,0.4169,0
replay_3_sink0,36,6,1,25.844,0.8904,0.4233,0
replay_3_sink0,36,6,2,26.585,0.8953,0.4140,0
replay_3_sink0,36,6,3,26.244,0.8883,0.4142,0
replay_3_sink0,37,7,0,27.107,0.8998,0.4160,0
replay_3_sink0,37,7,1,27.010,0.8988,0.4230,0
replay_3_sink0,37,7,2,27.449,0.9003,0.4141,0
replay_3_sink0,37,7,3,26.393,0.8928,0.4134,0
replay_3_sink0,38,8,0,27.066,0.8994,0.4175,0
replay_3_sink0,38,8,1,27.548,0.8987,0.4221,0
replay_3_sink0,38,8,2,27.940,0.9019,0.4159,0
replay_3_sink0,38,8,3,27.873,0.8978,0.4182,0
replay_3_sink0,39,9,0,28.237,0.9068,0.4201,0
replay_3_sink0,39,9,1,28.353,0.9089,0.4270,0
replay_3_sink0,39,9,2,28.310,0.9100,0.4286,0
replay_3_sink0,39,9,3,28.172,0.9080,0.4184,0
replay_3_sink0,40,10,0,28.043,0.9101,0.4222,0
replay_3_sink0,40,10,1,23.423,0.8769,0.3996,0
replay_3_sink0,40,10,2,26.450,0.9061,0.3934,0
replay_3_sink0,40,10,3,26.216,0.8986,0.3958,0
replay_3_sink0,41,11,0,26.820,0.9106,0.3979,0
replay_3_sink0,41,11,1,26.417,0.9085,0.4094,0
replay_3_sink0,41,11,2,26.163,0.9050,0.4078,0
replay_3_sink0,41,11,3,26.075,0.8908,0.4109,0
replay_3_sink0,42,12,0,26.369,0.8972,0.4158,0
replay_3_sink0,42,12,1,26.571,0.8990,0.4206,0
replay_3_sink0,42,12,2,26.454,0.9010,0.4154,0
replay_3_sink0,42,12,3,26.090,0.8874,0.4155,0
replay_3_sink0,43,13,0,26.429,0.8975,0.4182,0
replay_3_sink0,43,13,1,26.439,0.8979,0.4239,0
replay_3_sink0,43,13,2,26.844,0.9032,0.4168,0
replay_3_sink0,43,13,3,26.864,0.9008,0.4175,0
replay_3_sink0,44,14,0,27.207,0.9038,0.4185,0
replay_3_sink0,44,14,1,27.270,0.9000,0.4239,0
replay_3_sink0,44,14,2,27.131,0.8959,0.4179,0
replay_3_sink0,44,14,3,26.777,0.8893,0.4178,0
replay_3_sink0,45,15,0,27.526,0.8947,0.4212,0
replay_3_sink0,45,15,1,27.643,0.8922,0.4239,0
replay_3_sink0,45,15,2,28.150,0.8934,0.4200,0
replay_3_sink0,45,15,3,27.284,0.8844,0.4197,0
replay_3_sink0,46,16,0,27.077,0.9055,0.4187,0
replay_3_sink0,46,16,1,26.083,0.8980,0.4216,0
replay_3_sink0,46,16,2,26.135,0.9062,0.4180,0
replay_3_sink0,46,16,3,25.807,0.9026,0.4162,0
replay_3_sink0,47,17,0,25.033,0.9116,0.4127,0
replay_3_sink0,47,17,1,25.339,0.9133,0.4161,0
replay_3_sink0,47,17,2,25.868,0.9154,0.4116,0
replay_3_sink0,47,17,3,26.184,0.9140,0.4125,0
replay_3_sink0,48,18,0,27.207,0.9186,0.4121,0
replay_3_sink0,48,18,1,28.257,0.9223,0.4162,0
replay_3_sink0,48,18,2,28.108,0.9214,0.4175,0
replay_3_sink0,48,18,3,27.825,0.9177,0.4141,0
replay_3_sink0,49,19,0,27.653,0.9195,0.4161,0
replay_3_sink0,49,19,1,27.693,0.9165,0.4163,0
replay_3_sink0,49,19,2,26.722,0.9088,0.4220,0
replay_3_sink0,49,19,3,25.946,0.9015,0.4169,0
replay_3_sink0,50,20,0,26.754,0.9079,0.4161,0
replay_3_sink0,50,20,1,27.633,0.9135,0.4164,0
replay_3_sink0,50,20,2,27.818,0.9135,0.4207,0
replay_3_sink0,50,20,3,27.558,0.9078,0.4182,0
replay_3_sink0,51,21,0,27.578,0.9120,0.4173,0
replay_3_sink0,51,21,1,28.132,0.9157,0.4157,0
replay_3_sink0,51,21,2,28.099,0.9182,0.4198,0
replay_3_sink0,51,21,3,27.812,0.9141,0.4111,0
replay_3_sink0,52,22,0,27.833,0.9155,0.4131,0
replay_3_sink0,52,22,1,28.201,0.9158,0.4139,0
replay_3_sink0,52,22,2,29.083,0.9193,0.4174,0
replay_3_sink0,52,22,3,28.489,0.9143,0.4101,0
replay_3_sink0,53,23,0,28.771,0.9145,0.4090,0
replay_3_sink0,53,23,1,27.888,0.9119,0.4101,0
replay_3_sink0,53,23,2,28.363,0.9111,0.4174,0
replay_3_sink0,53,23,3,28.583,0.9092,0.4113,0
replay_3_sink0,54,24,0,28.103,0.9080,0.4079,0
replay_3_sink0,54,24,1,27.962,0.9073,0.4111,0
replay_3_sink0,54,24,2,28.151,0.9078,0.4192,0
replay_3_sink0,54,24,3,27.703,0.9033,0.4097,0
replay_3_sink0,55,25,0,27.056,0.9025,0.4132,0
replay_3_sink0,55,25,1,27.983,0.9041,0.4187,0
replay_3_sink0,55,25,2,28.053,0.9002,0.4281,0
replay_3_sink0,55,25,3,27.265,0.8920,0.4165,0
replay_3_sink0,56,26,0,25.223,0.8796,0.4196,0
replay_3_sink0,56,26,1,26.907,0.8875,0.4195,0
replay_3_sink0,56,26,2,26.813,0.8822,0.4271,0
replay_3_sink0,56,26,3,26.522,0.8746,0.4173,0
replay_3_sink0,57,27,0,26.402,0.8874,0.4168,0
replay_3_sink0,57,27,1,26.245,0.8860,0.4147,0
replay_3_sink0,57,27,2,26.640,0.8910,0.4195,0
replay_3_sink0,57,27,3,26.124,0.8825,0.4092,0
replay_3_sink0,58,28,0,27.262,0.8952,0.4130,0
replay_3_sink0,58,28,1,27.645,0.8965,0.4168,0
replay_3_sink0,58,28,2,27.052,0.8929,0.4238,0
replay_3_sink0,58,28,3,27.180,0.8898,0.4144,0
replay_3_sink0,59,29,0,27.301,0.8961,0.4207,0
replay_3_sink0,59,29,1,28.081,0.9002,0.4218,0
replay_3_sink0,59,29,2,28.057,0.9003,0.4299,0
replay_3_sink0,59,29,3,27.854,0.8969,0.4316,0
replay_3_sink0,60,30,0,27.596,0.9011,0.4134,0
replay_3_sink0,60,30,1,25.935,0.9003,0.4185,0
replay_3_sink0,60,30,2,24.117,0.8926,0.3995,0
replay_3_sink0,60,30,3,24.989,0.8838,0.3938,0
replay_3_sink0,61,31,0,26.313,0.8946,0.4032,0
replay_3_sink0,61,31,1,25.945,0.8983,0.4008,0
replay_3_sink0,61,31,2,25.548,0.8970,0.4103,0
replay_3_sink0,61,31,3,25.266,0.8922,0.4071,0
replay_3_sink0,62,32,0,25.376,0.8942,0.4142,0
replay_3_sink0,62,32,1,25.701,0.9016,0.4181,0
replay_3_sink0,62,32,2,25.444,0.9012,0.4216,0
replay_3_sink0,62,32,3,25.164,0.8965,0.4140,0
replay_3_sink0,63,33,0,25.495,0.8999,0.4181,0
replay_3_sink0,63,33,1,25.238,0.8970,0.4221,0
replay_3_sink0,63,33,2,25.117,0.8940,0.4282,0
replay_3_sink0,63,33,3,25.135,0.8900,0.4200,0
replay_3_sink0,64,34,0,25.271,0.8933,0.4234,0
replay_3_sink0,64,34,1,25.467,0.8929,0.4227,0
replay_3_sink0,64,34,2,25.661,0.8909,0.4283,0
replay_3_sink0,64,34,3,25.980,0.8887,0.4219,0
replay_3_sink0,65,35,0,26.038,0.8920,0.4245,0
replay_3_sink0,65,35,1,26.647,0.8949,0.4248,0
replay_3_sink0,65,35,2,26.940,0.8931,0.4281,0
replay_3_sink0,65,35,3,27.313,0.8916,0.4243,0
replay_3_sink0,66,36,0,27.916,0.9029,0.4228,0
replay_3_sink0,66,36,1,28.162,0.9050,0.4209,0
replay_3_sink0,66,36,2,27.686,0.9009,0.4250,0
replay_3_sink0,66,36,3,27.258,0.8978,0.4208,0
replay_3_sink0,67,37,0,26.834,0.9013,0.4188,0
replay_3_sink0,67,37,1,26.588,0.9011,0.4160,0
replay_3_sink0,67,37,2,26.574,0.9006,0.4192,0
replay_3_sink0,67,37,3,27.500,0.9004,0.4151,0
replay_3_sink0,68,38,0,27.408,0.8997,0.4163,0
replay_3_sink0,68,38,1,28.033,0.9015,0.4155,0
replay_3_sink0,68,38,2,27.965,0.8996,0.4193,0
replay_3_sink0,68,38,3,27.540,0.8957,0.4219,0
replay_3_sink0,69,39,0,27.681,0.8975,0.4170,0
replay_3_sink0,69,39,1,27.787,0.8980,0.4198,0
replay_3_sink0,69,39,2,27.803,0.8955,0.4211,0
replay_3_sink0,69,39,3,27.216,0.8908,0.4241,0
replay_6_sink0,1,-29,0,99.000,,,0
replay_6_sink0,1,-29,1,99.000,,,0
replay_6_sink0,1,-29,2,99.000,,,0
replay_6_sink0,1,-29,3,99.000,,,0
replay_6_sink0,2,-28,0,99.000,,,0
replay_6_sink0,2,-28,1,99.000,,,0
replay_6_sink0,2,-28,2,99.000,,,0
replay_6_sink0,2,-28,3,99.000,,,0
replay_6_sink0,3,-27,0,99.000,,,0
replay_6_sink0,3,-27,1,99.000,,,0
replay_6_sink0,3,-27,2,99.000,,,0
replay_6_sink0,3,-27,3,99.000,,,0
replay_6_sink0,4,-26,0,99.000,,,0
replay_6_sink0,4,-26,1,99.000,,,0
replay_6_sink0,4,-26,2,99.000,,,0
replay_6_sink0,4,-26,3,99.000,,,0
replay_6_sink0,5,-25,0,99.000,,,0
replay_6_sink0,5,-25,1,99.000,,,0
replay_6_sink0,5,-25,2,99.000,,,0
replay_6_sink0,5,-25,3,99.000,,,0
replay_6_sink0,6,-24,0,99.000,,,0
replay_6_sink0,6,-24,1,99.000,,,0
replay_6_sink0,6,-24,2,99.000,,,0
replay_6_sink0,6,-24,3,99.000,,,0
replay_6_sink0,7,-23,0,99.000,,,0
replay_6_sink0,7,-23,1,99.000,,,0
replay_6_sink0,7,-23,2,99.000,,,0
replay_6_sink0,7,-23,3,99.000,,,0
replay_6_sink0,8,-22,0,99.000,,,0
replay_6_sink0,8,-22,1,99.000,,,0
replay_6_sink0,8,-22,2,99.000,,,0
replay_6_sink0,8,-22,3,99.000,,,0
replay_6_sink0,9,-21,0,99.000,,,0
replay_6_sink0,9,-21,1,99.000,,,0
replay_6_sink0,9,-21,2,99.000,,,0
replay_6_sink0,9,-21,3,99.000,,,0
replay_6_sink0,10,-20,0,99.000,,,0
replay_6_sink0,10,-20,1,99.000,,,0
replay_6_sink0,10,-20,2,99.000,,,0
replay_6_sink0,10,-20,3,99.000,,,0
replay_6_sink0,11,-19,0,99.000,,,0
replay_6_sink0,11,-19,1,99.000,,,0
replay_6_sink0,11,-19,2,99.000,,,0
replay_6_sink0,11,-19,3,99.000,,,0
replay_6_sink0,12,-18,0,99.000,,,0
replay_6_sink0,12,-18,1,99.000,,,0
replay_6_sink0,12,-18,2,99.000,,,0
replay_6_sink0,12,-18,3,99.000,,,0
replay_6_sink0,13,-17,0,99.000,,,0
replay_6_sink0,13,-17,1,99.000,,,0
replay_6_sink0,13,-17,2,99.000,,,0
replay_6_sink0,13,-17,3,99.000,,,0
replay_6_sink0,14,-16,0,99.000,,,0
replay_6_sink0,14,-16,1,99.000,,,0
replay_6_sink0,14,-16,2,99.000,,,0
replay_6_sink0,14,-16,3,99.000,,,0
replay_6_sink0,15,-15,0,99.000,,,0
replay_6_sink0,15,-15,1,99.000,,,0
replay_6_sink0,15,-15,2,99.000,,,0
replay_6_sink0,15,-15,3,99.000,,,0
replay_6_sink0,16,-14,0,99.000,,,0
replay_6_sink0,16,-14,1,99.000,,,0
replay_6_sink0,16,-14,2,99.000,,,0
replay_6_sink0,16,-14,3,99.000,,,0
replay_6_sink0,17,-13,0,99.000,,,0
replay_6_sink0,17,-13,1,99.000,,,0
replay_6_sink0,17,-13,2,99.000,,,0
replay_6_sink0,17,-13,3,99.000,,,0
replay_6_sink0,18,-12,0,99.000,,,0
replay_6_sink0,18,-12,1,99.000,,,0
replay_6_sink0,18,-12,2,99.000,,,0
replay_6_sink0,18,-12,3,99.000,,,0
replay_6_sink0,19,-11,0,99.000,,,0
replay_6_sink0,19,-11,1,99.000,,,0
replay_6_sink0,19,-11,2,99.000,,,0
replay_6_sink0,19,-11,3,99.000,,,0
replay_6_sink0,20,-10,0,99.000,,,0
replay_6_sink0,20,-10,1,99.000,,,0
replay_6_sink0,20,-10,2,99.000,,,0
replay_6_sink0,20,-10,3,99.000,,,0
replay_6_sink0,21,-9,0,99.000,,,0
replay_6_sink0,21,-9,1,99.000,,,0
replay_6_sink0,21,-9,2,99.000,,,0
replay_6_sink0,21,-9,3,99.000,,,0
replay_6_sink0,22,-8,0,99.000,,,0
replay_6_sink0,22,-8,1,99.000,,,0
replay_6_sink0,22,-8,2,99.000,,,0
replay_6_sink0,22,-8,3,99.000,,,0
replay_6_sink0,23,-7,0,99.000,,,0
replay_6_sink0,23,-7,1,99.000,,,0
replay_6_sink0,23,-7,2,99.000,,,0
replay_6_sink0,23,-7,3,99.000,,,0
replay_6_sink0,24,-6,0,99.000,,,0
replay_6_sink0,24,-6,1,99.000,,,0
replay_6_sink0,24,-6,2,99.000,,,0
replay_6_sink0,24,-6,3,99.000,,,0
replay_6_sink0,25,-5,0,99.000,,,0
replay_6_sink0,25,-5,1,99.000,,,0
replay_6_sink0,25,-5,2,99.000,,,0
replay_6_sink0,25,-5,3,99.000,,,0
replay_6_sink0,26,-4,0,99.000,,,0
replay_6_sink0,26,-4,1,99.000,,,0
replay_6_sink0,26,-4,2,99.000,,,0
replay_6_sink0,26,-4,3,99.000,,,0
replay_6_sink0,27,-3,0,99.000,,,0
replay_6_sink0,27,-3,1,99.000,,,0
replay_6_sink0,27,-3,2,99.000,,,0
replay_6_sink0,27,-3,3,99.000,,,0
replay_6_sink0,28,-2,0,99.000,,,0
replay_6_sink0,28,-2,1,99.000,,,0
replay_6_sink0,28,-2,2,99.000,,,0
replay_6_sink0,28,-2,3,99.000,,,0
replay_6_sink0,29,-1,0,99.000,,,0
replay_6_sink0,29,-1,1,99.000,,,0
replay_6_sink0,29,-1,2,99.000,,,0
replay_6_sink0,29,-1,3,99.000,,,0
replay_6_sink0,30,0,0,25.172,0.8323,0.4037,0
replay_6_sink0,30,0,1,25.847,0.8360,0.4093,0
replay_6_sink0,30,0,2,25.884,0.8380,0.4066,0
replay_6_sink0,30,0,3,26.232,0.8358,0.4051,0
replay_6_sink0,31,1,0,26.117,0.8502,0.4044,0
replay_6_sink0,31,1,1,26.060,0.8508,0.4091,0
replay_6_sink0,31,1,2,26.190,0.8543,0.3994,0
replay_6_sink0,31,1,3,25.814,0.8509,0.3999,0
replay_6_sink0,32,2,0,26.033,0.8664,0.4005,0
replay_6_sink0,32,2,1,26.457,0.8733,0.4053,0
replay_6_sink0,32,2,2,26.579,0.8743,0.3979,0
replay_6_sink0,32,2,3,26.466,0.8742,0.3981,0
replay_6_sink0,33,3,0,26.723,0.8832,0.3987,0
replay_6_sink0,33,3,1,26.553,0.8804,0.4077,0
replay_6_sink0,33,3,2,26.693,0.8825,0.4027,0
replay_6_sink0,33,3,3,26.376,0.8779,0.4007,0
replay_6_sink0,34,4,0,27.033,0.8927,0.4040,0
replay_6_sink0,34,4,1,25.729,0.8826,0.4123,0
replay_6_sink0,34,4,2,26.574,0.8924,0.4048,0
replay_6_sink0,34,4,3,26.262,0.8881,0.4078,0
replay_6_sink0,35,5,0,26.719,0.8995,0.4151,0
replay_6_sink0,35,5,1,26.461,0.9005,0.4247,0
replay_6_sink0,35,5,2,25.924,0.8994,0.4125,0
replay_6_sink0,35,5,3,26.150,0.8976,0.4134,0
replay_6_sink0,36,6,0,24.464,0.8905,0.4177,0
replay_6_sink0,36,6,1,27.620,0.9110,0.4240,0
replay_6_sink0,36,6,2,27.573,0.9121,0.4138,0
replay_6_sink0,36,6,3,27.444,0.9084,0.4134,0
replay_6_sink0,37,7,0,27.940,0.9137,0.4160,0
replay_6_sink0,37,7,1,28.052,0.9142,0.4239,0
replay_6_sink0,37,7,2,28.111,0.9114,0.4145,0
replay_6_sink0,37,7,3,27.269,0.9019,0.4125,0
replay_6_sink0,38,8,0,25.890,0.8933,0.4167,0
replay_6_sink0,38,8,1,27.913,0.9055,0.4233,0
replay_6_sink0,38,8,2,28.394,0.9083,0.4170,0
replay_6_sink0,38,8,3,28.280,0.9036,0.4190,0
replay_6_sink0,39,9,0,28.316,0.9082,0.4202,0
replay_6_sink0,39,9,1,28.728,0.9133,0.4288,0
replay_6_sink0,39,9,2,28.191,0.9100,0.4293,0
replay_6_sink0,39,9,3,28.153,0.9036,0.4190,0
replay_6_sink0,40,10,0,26.991,0.9008,0.4200,0
replay_6_sink0,40,10,1,24.138,0.8920,0.4021,0
replay_6_sink0,40,10,2,26.236,0.9091,0.3950,0
replay_6_sink0,40,10,3,26.109,0.9088,0.3981,0
replay_6_sink0,41,11,0,26.597,0.9126,0.4008,0
replay_6_sink0,41,11,1,26.056,0.9082,0.4121,0
replay_6_sink0,41,11,2,26.484,0.9095,0.4114,0
replay_6_sink0,41,11,3,26.063,0.8966,0.4139,0
replay_6_sink0,42,12,0,26.048,0.9030,0.4173,0
replay_6_sink0,42,12,1,26.631,0.9039,0.4218,0
replay_6_sink0,42,12,2,26.951,0.9057,0.4163,0
replay_6_sink0,42,12,3,26.664,0.8995,0.4166,0
replay_6_sink0,43,13,0,27.337,0.9128,0.4209,0
replay_6_sink0,43,13,1,27.260,0.9115,0.4261,0
replay_6_sink0,43,13,2,27.427,0.9138,0.4186,0
replay_6_sink0,43,13,3,27.606,0.9129,0.4191,0
replay_6_sink0,44,14,0,28.201,0.9125,0.4197,0
replay_6_sink0,44,14,1,28.529,0.9087,0.4245,0
replay_6_sink0,44,14,2,28.155,0.9031,0.4175,0
replay_6_sink0,44,14,3,27.707,0.8979,0.4172,0
replay_6_sink0,45,15,0,27.983,0.9000,0.4213,0
replay_6_sink0,45,15,1,27.788,0.8988,0.4248,0
replay_6_sink0,45,15,2,28.051,0.8997,0.4212,0
replay_6_sink0,45,15,3,27.965,0.8975,0.4205,0
replay_6_sink0,46,16,0,26.185,0.8963,0.4194,0
replay_6_sink0,46,16,1,25.770,0.8918,0.4232,0
replay_6_sink0,46,16,2,26.569,0.9029,0.4203,0
replay_6_sink0,46,16,3,25.682,0.8979,0.4198,0
replay_6_sink0,47,17,0,25.169,0.9041,0.4160,0
replay_6_sink0,47,17,1,24.979,0.9041,0.4199,0
replay_6_sink0,47,17,2,25.177,0.9041,0.4164,0
replay_6_sink0,47,17,3,25.140,0.8960,0.4176,0
replay_6_sink0,48,18,0,25.898,0.9031,0.4163,0
replay_6_sink0,48,18,1,26.936,0.9055,0.4207,0
replay_6_sink0,48,18,2,26.667,0.9037,0.4222,0
replay_6_sink0,48,18,3,25.678,0.8930,0.4189,0
replay_6_sink0,49,19,0,25.881,0.8942,0.4209,0
replay_6_sink0,49,19,1,25.550,0.8900,0.4216,0
replay_6_sink0,49,19,2,24.890,0.8845,0.4269,0
replay_6_sink0,49,19,3,24.993,0.8816,0.4215,0
replay_6_sink0,50,20,0,25.939,0.8913,0.4201,0
replay_6_sink0,50,20,1,26.826,0.8968,0.4204,0
replay_6_sink0,50,20,2,27.180,0.8986,0.4239,0
replay_6_sink0,50,20,3,27.100,0.8950,0.4207,0
replay_6_sink0,51,21,0,27.407,0.9008,0.4175,0
replay_6_sink0,51,21,1,27.851,0.9048,0.4177,0
replay_6_sink0,51,21,2,27.996,0.9050,0.4218,0
replay_6_sink0,51,21,3,28.095,0.9020,0.4121,0
replay_6_sink0,52,22,0,28.859,0.9012,0.4131,0
replay_6_sink0,52,22,1,28.643,0.8941,0.4138,0
replay_6_sink0,52,22,2,28.592,0.8900,0.4178,0
replay_6_sink0,52,22,3,28.305,0.8832,0.4113,0
replay_6_sink0,53,23,0,28.132,0.8840,0.4079,0
replay_6_sink0,53,23,1,27.804,0.8831,0.4091,0
replay_6_sink0,53,23,2,27.773,0.8795,0.4163,0
replay_6_sink0,53,23,3,27.637,0.8716,0.4108,0
replay_6_sink0,54,24,0,27.285,0.8904,0.4018,0
replay_6_sink0,54,24,1,27.632,0.8960,0.4056,0
replay_6_sink0,54,24,2,28.085,0.8998,0.4148,0
replay_6_sink0,54,24,3,27.674,0.8953,0.4050,0
replay_6_sink0,55,25,0,27.142,0.9051,0.4067,0
replay_6_sink0,55,25,1,27.722,0.9077,0.4120,0
replay_6_sink0,55,25,2,27.434,0.9067,0.4212,0
replay_6_sink0,55,25,3,25.728,0.8962,0.4087,0
replay_6_sink0,56,26,0,24.664,0.8821,0.4141,0
replay_6_sink0,56,26,1,27.171,0.8964,0.4159,0
replay_6_sink0,56,26,2,27.167,0.8941,0.4234,0
replay_6_sink0,56,26,3,27.000,0.8903,0.4141,0
replay_6_sink0,57,27,0,25.306,0.8819,0.4160,0
replay_6_sink0,57,27,1,27.021,0.8935,0.4166,0
replay_6_sink0,57,27,2,27.233,0.8942,0.4230,0
replay_6_sink0,57,27,3,27.059,0.8903,0.4124,0
replay_6_sink0,58,28,0,26.653,0.8918,0.4159,0
replay_6_sink0,58,28,1,26.825,0.8940,0.4218,0
replay_6_sink0,58,28,2,27.353,0.8972,0.4282,0
replay_6_sink0,58,28,3,27.199,0.8917,0.4211,0
replay_6_sink0,59,29,0,27.592,0.8998,0.4253,0
replay_6_sink0,59,29,1,28.557,0.9031,0.4258,0
replay_6_sink0,59,29,2,28.096,0.8989,0.4346,0
replay_6_sink0,59,29,3,28.040,0.8945,0.4364,0
replay_6_sink0,60,30,0,26.995,0.9000,0.4177,0
replay_6_sink0,60,30,1,25.522,0.8914,0.4203,0
replay_6_sink0,60,30,2,26.243,0.9032,0.4003,0
replay_6_sink0,60,30,3,27.066,0.9049,0.3970,0
replay_6_sink0,61,31,0,28.061,0.9084,0.4075,0
replay_6_sink0,61,31,1,27.075,0.9037,0.4058,0
replay_6_sink0,61,31,2,27.019,0.9006,0.4153,0
replay_6_sink0,61,31,3,26.324,0.8919,0.4121,0
replay_6_sink0,62,32,0,25.901,0.8844,0.4203,0
replay_6_sink0,62,32,1,26.196,0.8819,0.4247,0
replay_6_sink0,62,32,2,25.804,0.8737,0.4299,0
replay_6_sink0,62,32,3,25.501,0.8645,0.4231,0
replay_6_sink0,63,33,0,26.251,0.8810,0.4243,0
replay_6_sink0,63,33,1,26.528,0.8849,0.4274,0
replay_6_sink0,63,33,2,26.003,0.8809,0.4311,0
replay_6_sink0,63,33,3,25.567,0.8736,0.4221,0
replay_6_sink0,64,34,0,25.884,0.8812,0.4239,0
replay_6_sink0,64,34,1,26.148,0.8839,0.4227,0
replay_6_sink0,64,34,2,26.039,0.8808,0.4276,0
replay_6_sink0,64,34,3,26.198,0.8789,0.4216,0
replay_6_sink0,65,35,0,25.996,0.8796,0.4253,0
replay_6_sink0,65,35,1,26.375,0.8830,0.4265,0
replay_6_sink0,65,35,2,26.357,0.8794,0.4301,0
replay_6_sink0,65,35,3,26.731,0.8789,0.4272,0
replay_6_sink0,66,36,0,26.368,0.8811,0.4269,0
replay_6_sink0,66,36,1,27.010,0.8835,0.4261,0
replay_6_sink0,66,36,2,26.775,0.8837,0.4309,0
replay_6_sink0,66,36,3,26.538,0.8802,0.4280,0
replay_6_sink0,67,37,0,26.308,0.8842,0.4267,0
replay_6_sink0,67,37,1,25.976,0.8823,0.4242,0
replay_6_sink0,67,37,2,25.635,0.8825,0.4267,0
replay_6_sink0,67,37,3,25.455,0.8792,0.4229,0
replay_6_sink0,68,38,0,25.729,0.8801,0.4238,0
replay_6_sink0,68,38,1,26.347,0.8821,0.4235,0
replay_6_sink0,68,38,2,26.764,0.8817,0.4282,0
replay_6_sink0,68,38,3,26.325,0.8778,0.4305,0
replay_6_sink0,69,39,0,26.554,0.8879,0.4197,0
replay_6_sink0,69,39,1,26.804,0.8889,0.4215,0
replay_6_sink0,69,39,2,27.181,0.8919,0.4214,0
replay_6_sink0,69,39,3,27.328,0.8908,0.4238,0
