config,call,rel_call,frame,psnr,ssim,ssim_in,missing
repeat,1,-29,0,99.000,,,0
repeat,1,-29,1,99.000,,,0
repeat,1,-29,2,99.000,,,0
repeat,1,-29,3,99.000,,,0
repeat,2,-28,0,99.000,,,0
repeat,2,-28,1,99.000,,,0
repeat,2,-28,2,99.000,,,0
repeat,2,-28,3,99.000,,,0
repeat,3,-27,0,99.000,,,0
repeat,3,-27,1,99.000,,,0
repeat,3,-27,2,99.000,,,0
repeat,3,-27,3,99.000,,,0
repeat,4,-26,0,99.000,,,0
repeat,4,-26,1,99.000,,,0
repeat,4,-26,2,99.000,,,0
repeat,4,-26,3,99.000,,,0
repeat,5,-25,0,99.000,,,0
repeat,5,-25,1,99.000,,,0
repeat,5,-25,2,99.000,,,0
repeat,5,-25,3,99.000,,,0
repeat,6,-24,0,99.000,,,0
repeat,6,-24,1,99.000,,,0
repeat,6,-24,2,99.000,,,0
repeat,6,-24,3,99.000,,,0
repeat,7,-23,0,99.000,,,0
repeat,7,-23,1,99.000,,,0
repeat,7,-23,2,99.000,,,0
repeat,7,-23,3,99.000,,,0
repeat,8,-22,0,99.000,,,0
repeat,8,-22,1,99.000,,,0
repeat,8,-22,2,99.000,,,0
repeat,8,-22,3,99.000,,,0
repeat,9,-21,0,99.000,,,0
repeat,9,-21,1,99.000,,,0
repeat,9,-21,2,99.000,,,0
repeat,9,-21,3,99.000,,,0
repeat,10,-20,0,99.000,,,0
repeat,10,-20,1,99.000,,,0
repeat,10,-20,2,99.000,,,0
repeat,10,-20,3,99.000,,,0
repeat,11,-19,0,99.000,,,0
repeat,11,-19,1,99.000,,,0
repeat,11,-19,2,99.000,,,0
repeat,11,-19,3,99.000,,,0
repeat,12,-18,0,99.000,,,0
repeat,12,-18,1,99.000,,,0
repeat,12,-18,2,99.000,,,0
repeat,12,-18,3,99.000,,,0
repeat,13,-17,0,99.000,,,0
repeat,13,-17,1,99.000,,,0
repeat,13,-17,2,99.000,,,0
repeat,13,-17,3,99.000,,,0
repeat,14,-16,0,99.000,,,0
repeat,14,-16,1,99.000,,,0
repeat,14,-16,2,99.000,,,0
repeat,14,-16,3,99.000,,,0
repeat,15,-15,0,99.000,,,0
repeat,15,-15,1,99.000,,,0
repeat,15,-15,2,99.000,,,0
repeat,15,-15,3,99.000,,,0
repeat,16,-14,0,99.000,,,0
repeat,16,-14,1,99.000,,,0
repeat,16,-14,2,99.000,,,0
repeat,16,-14,3,99.000,,,0
repeat,17,-13,0,99.000,,,0
repeat,17,-13,1,99.000,,,0
repeat,17,-13,2,99.000,,,0
repeat,17,-13,3,99.000,,,0
repeat,18,-12,0,99.000,,,0
repeat,18,-12,1,99.000,,,0
repeat,18,-12,2,99.000,,,0
repeat,18,-12,3,99.000,,,0
repeat,19,-11,0,99.000,,,0
repeat,19,-11,1,99.000,,,0
repeat,19,-11,2,99.000,,,0
repeat,19,-11,3,99.000,,,0
repeat,20,-10,0,99.000,,,0
repeat,20,-10,1,99.000,,,0
repeat,20,-10,2,99.000,,,0
repeat,20,-10,3,99.000,,,0
repeat,21,-9,0,99.000,,,0
repeat,21,-9,1,99.000,,,0
repeat,21,-9,2,99.000,,,0
repeat,21,-9,3,99.000,,,0
repeat,22,-8,0,99.000,,,0
repeat,22,-8,1,99.000,,,0
repeat,22,-8,2,99.000,,,0
repeat,22,-8,3,99.000,,,0
repeat,23,-7,0,99.000,,,0
repeat,23,-7,1,99.000,,,0
repeat,23,-7,2,99.000,,,0
repeat,23,-7,3,99.000,,,0
repeat,24,-6,0,99.000,,,0
repeat,24,-6,1,99.000,,,0
repeat,24,-6,2,99.000,,,0
repeat,24,-6,3,99.000,,,0
repeat,25,-5,0,99.000,,,0
repeat,25,-5,1,99.000,,,0
repeat,25,-5,2,99.000,,,0
repeat,25,-5,3,99.000,,,0
repeat,26,-4,0,99.000,,,0
repeat,26,-4,1,99.000,,,0
repeat,26,-4,2,99.000,,,0
repeat,26,-4,3,99.000,,,0
repeat,27,-3,0,99.000,,,0
repeat,27,-3,1,99.000,,,0
repeat,27,-3,2,99.000,,,0
repeat,27,-3,3,99.000,,,0
repeat,28,-2,0,99.000,,,0
repeat,28,-2,1,99.000,,,0
repeat,28,-2,2,99.000,,,0
repeat,28,-2,3,99.000,,,0
repeat,29,-1,0,99.000,,,0
repeat,29,-1,1,99.000,,,0
repeat,29,-1,2,99.000,,,0
repeat,29,-1,3,99.000,,,0
repeat,30,0,0,99.000,1.0000,0.2361,0
repeat,30,0,1,99.000,1.0000,0.2401,0
repeat,30,0,2,99.000,1.0000,0.2273,0
repeat,30,0,3,99.000,1.0000,0.2118,0
repeat,31,1,0,99.000,1.0000,0.2005,0
repeat,31,1,1,99.000,1.0000,0.2094,0
repeat,31,1,2,99.000,1.0000,0.2175,0
repeat,31,1,3,99.000,1.0000,0.2088,0
repeat,32,2,0,99.000,1.0000,0.2048,0
repeat,32,2,1,99.000,1.0000,0.2451,0
repeat,32,2,2,99.000,1.0000,0.2446,0
repeat,32,2,3,99.000,1.0000,0.2384,0
repeat,33,3,0,99.000,1.0000,0.2166,0
repeat,33,3,1,99.000,1.0000,0.2375,0
repeat,33,3,2,99.000,1.0000,0.2293,0
repeat,33,3,3,99.000,1.0000,0.2114,0
repeat,34,4,0,99.000,1.0000,0.2051,0
repeat,34,4,1,99.000,1.0000,0.2156,0
repeat,34,4,2,99.000,1.0000,0.2210,0
repeat,34,4,3,99.000,1.0000,0.2151,0
repeat,35,5,0,99.000,1.0000,0.2166,0
repeat,35,5,1,99.000,1.0000,0.2402,0
repeat,35,5,2,99.000,1.0000,0.2366,0
repeat,35,5,3,99.000,1.0000,0.2329,0
repeat,36,6,0,99.000,1.0000,0.2225,0
repeat,36,6,1,99.000,1.0000,0.2370,0
repeat,36,6,2,99.000,1.0000,0.2423,0
repeat,36,6,3,99.000,1.0000,0.2374,0
repeat,37,7,0,99.000,1.0000,0.2292,0
repeat,37,7,1,99.000,1.0000,0.2373,0
repeat,37,7,2,99.000,1.0000,0.2373,0
repeat,37,7,3,99.000,1.0000,0.2436,0
repeat,38,8,0,99.000,1.0000,0.2477,0
repeat,38,8,1,99.000,1.0000,0.2630,0
repeat,38,8,2,99.000,1.0000,0.2701,0
repeat,38,8,3,99.000,1.0000,0.2738,0
repeat,39,9,0,99.000,1.0000,0.2494,0
repeat,39,9,1,99.000,1.0000,0.2521,0
repeat,39,9,2,99.000,1.0000,0.2331,0
repeat,39,9,3,99.000,1.0000,0.2287,0
repeat,40,10,0,99.000,1.0000,0.2090,0
repeat,40,10,1,99.000,1.0000,0.2175,0
repeat,40,10,2,99.000,1.0000,0.2167,0
repeat,40,10,3,99.000,1.0000,0.2152,0
repeat,41,11,0,99.000,1.0000,0.2040,0
repeat,41,11,1,99.000,1.0000,0.2326,0
repeat,41,11,2,99.000,1.0000,0.2377,0
repeat,41,11,3,99.000,1.0000,0.2395,0
repeat,42,12,0,99.000,1.0000,0.2310,0
repeat,42,12,1,99.000,1.0000,0.2446,0
repeat,42,12,2,99.000,1.0000,0.2442,0
repeat,42,12,3,99.000,1.0000,0.2325,0
repeat,43,13,0,99.000,1.0000,0.2296,0
repeat,43,13,1,99.000,1.0000,0.2427,0
repeat,43,13,2,99.000,1.0000,0.2482,0
repeat,43,13,3,99.000,1.0000,0.2521,0
repeat,44,14,0,99.000,1.0000,0.2398,0
repeat,44,14,1,99.000,1.0000,0.2511,0
repeat,44,14,2,99.000,1.0000,0.2472,0
repeat,44,14,3,99.000,1.0000,0.2414,0
repeat,45,15,0,99.000,1.0000,0.2261,0
repeat,45,15,1,99.000,1.0000,0.2242,0
repeat,45,15,2,99.000,1.0000,0.2118,0
repeat,45,15,3,99.000,1.0000,0.2125,0
repeat,46,16,0,99.000,1.0000,0.2083,0
repeat,46,16,1,99.000,1.0000,0.2152,0
repeat,46,16,2,99.000,1.0000,0.2130,0
repeat,46,16,3,99.000,1.0000,0.2116,0
repeat,47,17,0,99.000,1.0000,0.2086,0
repeat,47,17,1,99.000,1.0000,0.2230,0
repeat,47,17,2,99.000,1.0000,0.2235,0
repeat,47,17,3,99.000,1.0000,0.2249,0
repeat,48,18,0,99.000,1.0000,0.2198,0
repeat,48,18,1,99.000,1.0000,0.2359,0
repeat,48,18,2,99.000,1.0000,0.2390,0
repeat,48,18,3,99.000,1.0000,0.2345,0
repeat,49,19,0,99.000,1.0000,0.2380,0
repeat,49,19,1,99.000,1.0000,0.2556,0
repeat,49,19,2,99.000,1.0000,0.2614,0
repeat,49,19,3,99.000,1.0000,0.2617,0
repeat,50,20,0,99.000,1.0000,0.2535,0
repeat,50,20,1,99.000,1.0000,0.2626,0
repeat,50,20,2,99.000,1.0000,0.2649,0
repeat,50,20,3,99.000,1.0000,0.2633,0
repeat,51,21,0,99.000,1.0000,0.2563,0
repeat,51,21,1,99.000,1.0000,0.2588,0
repeat,51,21,2,99.000,1.0000,0.2521,0
repeat,51,21,3,99.000,1.0000,0.2457,0
repeat,52,22,0,99.000,1.0000,0.2363,0
repeat,52,22,1,99.000,1.0000,0.2494,0
repeat,52,22,2,99.000,1.0000,0.2473,0
repeat,52,22,3,99.000,1.0000,0.2433,0
repeat,53,23,0,99.000,1.0000,0.2330,0
repeat,53,23,1,99.000,1.0000,0.2398,0
repeat,53,23,2,99.000,1.0000,0.2328,0
repeat,53,23,3,99.000,1.0000,0.2266,0
repeat,54,24,0,99.000,1.0000,0.2156,0
repeat,54,24,1,99.000,1.0000,0.2301,0
repeat,54,24,2,99.000,1.0000,0.2303,0
repeat,54,24,3,99.000,1.0000,0.2228,0
repeat,55,25,0,99.000,1.0000,0.2148,0
repeat,55,25,1,99.000,1.0000,0.2217,0
repeat,55,25,2,99.000,1.0000,0.2346,0
repeat,55,25,3,99.000,1.0000,0.2400,0
repeat,56,26,0,99.000,1.0000,0.2322,0
repeat,56,26,1,99.000,1.0000,0.2428,0
repeat,56,26,2,99.000,1.0000,0.2401,0
repeat,56,26,3,99.000,1.0000,0.2325,0
repeat,57,27,0,99.000,1.0000,0.2270,0
repeat,57,27,1,99.000,1.0000,0.2358,0
repeat,57,27,2,99.000,1.0000,0.2377,0
repeat,57,27,3,99.000,1.0000,0.2269,0
repeat,58,28,0,99.000,1.0000,0.2240,0
repeat,58,28,1,99.000,1.0000,0.2421,0
repeat,58,28,2,99.000,1.0000,0.2543,0
repeat,58,28,3,99.000,1.0000,0.2549,0
repeat,59,29,0,99.000,1.0000,0.2523,0
repeat,59,29,1,99.000,1.0000,0.2584,0
repeat,59,29,2,99.000,1.0000,0.2642,0
repeat,59,29,3,99.000,1.0000,0.2593,0
repeat,60,30,0,99.000,1.0000,0.2467,0
repeat,60,30,1,99.000,1.0000,0.2558,0
repeat,60,30,2,99.000,1.0000,0.2584,0
repeat,60,30,3,99.000,1.0000,0.2516,0
repeat,61,31,0,99.000,1.0000,0.2406,0
repeat,61,31,1,99.000,1.0000,0.2617,0
repeat,61,31,2,99.000,1.0000,0.2576,0
repeat,61,31,3,99.000,1.0000,0.2485,0
repeat,62,32,0,99.000,1.0000,0.2182,0
repeat,62,32,1,99.000,1.0000,0.2324,0
repeat,62,32,2,99.000,1.0000,0.2849,0
repeat,62,32,3,99.000,1.0000,0.2756,0
repeat,63,33,0,99.000,1.0000,0.2408,0
repeat,63,33,1,99.000,1.0000,0.2528,0
repeat,63,33,2,99.000,1.0000,0.2589,0
repeat,63,33,3,99.000,1.0000,0.2440,0
repeat,64,34,0,99.000,1.0000,0.2321,0
repeat,64,34,1,99.000,1.0000,0.2595,0
repeat,64,34,2,99.000,1.0000,0.2508,0
repeat,64,34,3,99.000,1.0000,0.2400,0
repeat,65,35,0,99.000,1.0000,0.2373,0
repeat,65,35,1,99.000,1.0000,0.2472,0
repeat,65,35,2,99.000,1.0000,0.2554,0
repeat,65,35,3,99.000,1.0000,0.2567,0
repeat,66,36,0,99.000,1.0000,0.2471,0
repeat,66,36,1,99.000,1.0000,0.2521,0
repeat,66,36,2,99.000,1.0000,0.2562,0
repeat,66,36,3,99.000,1.0000,0.2518,0
repeat,67,37,0,99.000,1.0000,0.2380,0
repeat,67,37,1,99.000,1.0000,0.2588,0
repeat,67,37,2,99.000,1.0000,0.2565,0
repeat,67,37,3,99.000,1.0000,0.2526,0
repeat,68,38,0,99.000,1.0000,0.2583,0
repeat,68,38,1,99.000,1.0000,0.2793,0
repeat,68,38,2,99.000,1.0000,0.2706,0
repeat,68,38,3,99.000,1.0000,0.2670,0
repeat,69,39,0,99.000,1.0000,0.2572,0
repeat,69,39,1,99.000,1.0000,0.2632,0
repeat,69,39,2,99.000,1.0000,0.2656,0
repeat,69,39,3,99.000,1.0000,0.2657,0
xfer_sink+meta+inflight,1,-29,0,99.000,,,0
xfer_sink+meta+inflight,1,-29,1,99.000,,,0
xfer_sink+meta+inflight,1,-29,2,99.000,,,0
xfer_sink+meta+inflight,1,-29,3,99.000,,,0
xfer_sink+meta+inflight,2,-28,0,99.000,,,0
xfer_sink+meta+inflight,2,-28,1,99.000,,,0
xfer_sink+meta+inflight,2,-28,2,99.000,,,0
xfer_sink+meta+inflight,2,-28,3,99.000,,,0
xfer_sink+meta+inflight,3,-27,0,99.000,,,0
xfer_sink+meta+inflight,3,-27,1,99.000,,,0
xfer_sink+meta+inflight,3,-27,2,99.000,,,0
xfer_sink+meta+inflight,3,-27,3,99.000,,,0
xfer_sink+meta+inflight,4,-26,0,99.000,,,0
xfer_sink+meta+inflight,4,-26,1,99.000,,,0
xfer_sink+meta+inflight,4,-26,2,99.000,,,0
xfer_sink+meta+inflight,4,-26,3,99.000,,,0
xfer_sink+meta+inflight,5,-25,0,99.000,,,0
xfer_sink+meta+inflight,5,-25,1,99.000,,,0
xfer_sink+meta+inflight,5,-25,2,99.000,,,0
xfer_sink+meta+inflight,5,-25,3,99.000,,,0
xfer_sink+meta+inflight,6,-24,0,99.000,,,0
xfer_sink+meta+inflight,6,-24,1,99.000,,,0
xfer_sink+meta+inflight,6,-24,2,99.000,,,0
xfer_sink+meta+inflight,6,-24,3,99.000,,,0
xfer_sink+meta+inflight,7,-23,0,99.000,,,0
xfer_sink+meta+inflight,7,-23,1,99.000,,,0
xfer_sink+meta+inflight,7,-23,2,99.000,,,0
xfer_sink+meta+inflight,7,-23,3,99.000,,,0
xfer_sink+meta+inflight,8,-22,0,99.000,,,0
xfer_sink+meta+inflight,8,-22,1,99.000,,,0
xfer_sink+meta+inflight,8,-22,2,99.000,,,0
xfer_sink+meta+inflight,8,-22,3,99.000,,,0
xfer_sink+meta+inflight,9,-21,0,99.000,,,0
xfer_sink+meta+inflight,9,-21,1,99.000,,,0
xfer_sink+meta+inflight,9,-21,2,99.000,,,0
xfer_sink+meta+inflight,9,-21,3,99.000,,,0
xfer_sink+meta+inflight,10,-20,0,99.000,,,0
xfer_sink+meta+inflight,10,-20,1,99.000,,,0
xfer_sink+meta+inflight,10,-20,2,99.000,,,0
xfer_sink+meta+inflight,10,-20,3,99.000,,,0
xfer_sink+meta+inflight,11,-19,0,99.000,,,0
xfer_sink+meta+inflight,11,-19,1,99.000,,,0
xfer_sink+meta+inflight,11,-19,2,99.000,,,0
xfer_sink+meta+inflight,11,-19,3,99.000,,,0
xfer_sink+meta+inflight,12,-18,0,99.000,,,0
xfer_sink+meta+inflight,12,-18,1,99.000,,,0
xfer_sink+meta+inflight,12,-18,2,99.000,,,0
xfer_sink+meta+inflight,12,-18,3,99.000,,,0
xfer_sink+meta+inflight,13,-17,0,99.000,,,0
xfer_sink+meta+inflight,13,-17,1,99.000,,,0
xfer_sink+meta+inflight,13,-17,2,99.000,,,0
xfer_sink+meta+inflight,13,-17,3,99.000,,,0
xfer_sink+meta+inflight,14,-16,0,99.000,,,0
xfer_sink+meta+inflight,14,-16,1,99.000,,,0
xfer_sink+meta+inflight,14,-16,2,99.000,,,0
xfer_sink+meta+inflight,14,-16,3,99.000,,,0
xfer_sink+meta+inflight,15,-15,0,99.000,,,0
xfer_sink+meta+inflight,15,-15,1,99.000,,,0
xfer_sink+meta+inflight,15,-15,2,99.000,,,0
xfer_sink+meta+inflight,15,-15,3,99.000,,,0
xfer_sink+meta+inflight,16,-14,0,99.000,,,0
xfer_sink+meta+inflight,16,-14,1,99.000,,,0
xfer_sink+meta+inflight,16,-14,2,99.000,,,0
xfer_sink+meta+inflight,16,-14,3,99.000,,,0
xfer_sink+meta+inflight,17,-13,0,99.000,,,0
xfer_sink+meta+inflight,17,-13,1,99.000,,,0
xfer_sink+meta+inflight,17,-13,2,99.000,,,0
xfer_sink+meta+inflight,17,-13,3,99.000,,,0
xfer_sink+meta+inflight,18,-12,0,99.000,,,0
xfer_sink+meta+inflight,18,-12,1,99.000,,,0
xfer_sink+meta+inflight,18,-12,2,99.000,,,0
xfer_sink+meta+inflight,18,-12,3,99.000,,,0
xfer_sink+meta+inflight,19,-11,0,99.000,,,0
xfer_sink+meta+inflight,19,-11,1,99.000,,,0
xfer_sink+meta+inflight,19,-11,2,99.000,,,0
xfer_sink+meta+inflight,19,-11,3,99.000,,,0
xfer_sink+meta+inflight,20,-10,0,99.000,,,0
xfer_sink+meta+inflight,20,-10,1,99.000,,,0
xfer_sink+meta+inflight,20,-10,2,99.000,,,0
xfer_sink+meta+inflight,20,-10,3,99.000,,,0
xfer_sink+meta+inflight,21,-9,0,99.000,,,0
xfer_sink+meta+inflight,21,-9,1,99.000,,,0
xfer_sink+meta+inflight,21,-9,2,99.000,,,0
xfer_sink+meta+inflight,21,-9,3,99.000,,,0
xfer_sink+meta+inflight,22,-8,0,99.000,,,0
xfer_sink+meta+inflight,22,-8,1,99.000,,,0
xfer_sink+meta+inflight,22,-8,2,99.000,,,0
xfer_sink+meta+inflight,22,-8,3,99.000,,,0
xfer_sink+meta+inflight,23,-7,0,99.000,,,0
xfer_sink+meta+inflight,23,-7,1,99.000,,,0
xfer_sink+meta+inflight,23,-7,2,99.000,,,0
xfer_sink+meta+inflight,23,-7,3,99.000,,,0
xfer_sink+meta+inflight,24,-6,0,99.000,,,0
xfer_sink+meta+inflight,24,-6,1,99.000,,,0
xfer_sink+meta+inflight,24,-6,2,99.000,,,0
xfer_sink+meta+inflight,24,-6,3,99.000,,,0
xfer_sink+meta+inflight,25,-5,0,99.000,,,0
xfer_sink+meta+inflight,25,-5,1,99.000,,,0
xfer_sink+meta+inflight,25,-5,2,99.000,,,0
xfer_sink+meta+inflight,25,-5,3,99.000,,,0
xfer_sink+meta+inflight,26,-4,0,99.000,,,0
xfer_sink+meta+inflight,26,-4,1,99.000,,,0
xfer_sink+meta+inflight,26,-4,2,99.000,,,0
xfer_sink+meta+inflight,26,-4,3,99.000,,,0
xfer_sink+meta+inflight,27,-3,0,99.000,,,0
xfer_sink+meta+inflight,27,-3,1,99.000,,,0
xfer_sink+meta+inflight,27,-3,2,99.000,,,0
xfer_sink+meta+inflight,27,-3,3,99.000,,,0
xfer_sink+meta+inflight,28,-2,0,99.000,,,0
xfer_sink+meta+inflight,28,-2,1,99.000,,,0
xfer_sink+meta+inflight,28,-2,2,99.000,,,0
xfer_sink+meta+inflight,28,-2,3,99.000,,,0
xfer_sink+meta+inflight,29,-1,0,99.000,,,0
xfer_sink+meta+inflight,29,-1,1,99.000,,,0
xfer_sink+meta+inflight,29,-1,2,99.000,,,0
xfer_sink+meta+inflight,29,-1,3,99.000,,,0
xfer_sink+meta+inflight,30,0,0,16.749,0.2347,0.6315,0
xfer_sink+meta+inflight,30,0,1,19.953,0.3118,0.6328,0
xfer_sink+meta+inflight,30,0,2,23.135,0.5356,0.4110,0
xfer_sink+meta+inflight,30,0,3,23.674,0.6412,0.2976,0
xfer_sink+meta+inflight,31,1,0,21.808,0.8179,0.2158,0
xfer_sink+meta+inflight,31,1,1,17.925,0.4422,0.5549,0
xfer_sink+meta+inflight,31,1,2,19.674,0.4270,0.5917,0
xfer_sink+meta+inflight,31,1,3,18.805,0.3735,0.6051,0
xfer_sink+meta+inflight,32,2,0,19.644,0.5263,0.4950,0
xfer_sink+meta+inflight,32,2,1,21.072,0.6446,0.4397,0
xfer_sink+meta+inflight,32,2,2,20.985,0.5057,0.5692,0
xfer_sink+meta+inflight,32,2,3,21.748,0.5178,0.5548,0
xfer_sink+meta+inflight,33,3,0,22.061,0.7203,0.3743,0
xfer_sink+meta+inflight,33,3,1,24.401,0.8644,0.2728,0
xfer_sink+meta+inflight,33,3,2,25.933,0.9028,0.2289,0
xfer_sink+meta+inflight,33,3,3,26.169,0.9118,0.2001,0
xfer_sink+meta+inflight,34,4,0,28.223,0.9369,0.1965,0
xfer_sink+meta+inflight,34,4,1,29.285,0.9462,0.2003,0
xfer_sink+meta+inflight,34,4,2,29.164,0.9446,0.1999,0
xfer_sink+meta+inflight,34,4,3,29.276,0.9467,0.1965,0
xfer_sink+meta+inflight,35,5,0,30.286,0.9583,0.2049,0
xfer_sink+meta+inflight,35,5,1,30.592,0.9608,0.2339,0
xfer_sink+meta+inflight,35,5,2,31.605,0.9635,0.2354,0
xfer_sink+meta+inflight,35,5,3,31.429,0.9614,0.2328,0
xfer_sink+meta+inflight,36,6,0,32.611,0.9698,0.2214,0
xfer_sink+meta+inflight,36,6,1,32.759,0.9694,0.2396,0
xfer_sink+meta+inflight,36,6,2,32.877,0.9691,0.2506,0
xfer_sink+meta+inflight,36,6,3,31.590,0.9648,0.2473,0
xfer_sink+meta+inflight,37,7,0,32.239,0.9721,0.2356,0
xfer_sink+meta+inflight,37,7,1,32.257,0.9747,0.2425,0
xfer_sink+meta+inflight,37,7,2,32.322,0.9757,0.2441,0
xfer_sink+meta+inflight,37,7,3,31.613,0.9738,0.2520,0
xfer_sink+meta+inflight,38,8,0,33.279,0.9763,0.2535,0
xfer_sink+meta+inflight,38,8,1,34.337,0.9781,0.2672,0
xfer_sink+meta+inflight,38,8,2,34.986,0.9791,0.2741,0
xfer_sink+meta+inflight,38,8,3,33.268,0.9758,0.2790,0
xfer_sink+meta+inflight,39,9,0,34.017,0.9816,0.2513,0
xfer_sink+meta+inflight,39,9,1,35.464,0.9811,0.2545,0
xfer_sink+meta+inflight,39,9,2,36.773,0.9852,0.2365,0
xfer_sink+meta+inflight,39,9,3,35.297,0.9833,0.2318,0
xfer_sink+meta+inflight,40,10,0,37.663,0.9877,0.2129,0
xfer_sink+meta+inflight,40,10,1,37.855,0.9888,0.2213,0
xfer_sink+meta+inflight,40,10,2,38.820,0.9893,0.2206,0
xfer_sink+meta+inflight,40,10,3,37.486,0.9879,0.2198,0
xfer_sink+meta+inflight,41,11,0,37.954,0.9889,0.2079,0
xfer_sink+meta+inflight,41,11,1,37.182,0.9884,0.2362,0
xfer_sink+meta+inflight,41,11,2,36.570,0.9881,0.2426,0
xfer_sink+meta+inflight,41,11,3,34.278,0.9829,0.2447,0
xfer_sink+meta+inflight,42,12,0,35.205,0.9861,0.2352,0
xfer_sink+meta+inflight,42,12,1,34.455,0.9858,0.2489,0
xfer_sink+meta+inflight,42,12,2,34.310,0.9855,0.2481,0
xfer_sink+meta+inflight,42,12,3,33.600,0.9827,0.2371,0
xfer_sink+meta+inflight,43,13,0,35.534,0.9870,0.2326,0
xfer_sink+meta+inflight,43,13,1,36.552,0.9875,0.2450,0
xfer_sink+meta+inflight,43,13,2,36.793,0.9885,0.2496,0
xfer_sink+meta+inflight,43,13,3,36.060,0.9866,0.2542,0
xfer_sink+meta+inflight,44,14,0,34.667,0.9851,0.2409,0
xfer_sink+meta+inflight,44,14,1,34.285,0.9822,0.2533,0
xfer_sink+meta+inflight,44,14,2,34.096,0.9808,0.2460,0
xfer_sink+meta+inflight,44,14,3,31.167,0.9745,0.2425,0
xfer_sink+meta+inflight,45,15,0,35.724,0.9839,0.2255,0
xfer_sink+meta+inflight,45,15,1,35.287,0.9849,0.2208,0
xfer_sink+meta+inflight,45,15,2,32.554,0.9811,0.2108,0
xfer_sink+meta+inflight,45,15,3,31.890,0.9799,0.2116,0
xfer_sink+meta+inflight,46,16,0,35.625,0.9872,0.2075,0
xfer_sink+meta+inflight,46,16,1,34.616,0.9872,0.2146,0
xfer_sink+meta+inflight,46,16,2,35.163,0.9864,0.2120,0
xfer_sink+meta+inflight,46,16,3,35.056,0.9849,0.2115,0
xfer_sink+meta+inflight,47,17,0,37.025,0.9861,0.2077,0
xfer_sink+meta+inflight,47,17,1,36.267,0.9836,0.2216,0
xfer_sink+meta+inflight,47,17,2,36.656,0.9854,0.2232,0
xfer_sink+meta+inflight,47,17,3,34.157,0.9801,0.2251,0
xfer_sink+meta+inflight,48,18,0,33.462,0.9793,0.2207,0
xfer_sink+meta+inflight,48,18,1,31.370,0.9757,0.2369,0
xfer_sink+meta+inflight,48,18,2,31.324,0.9769,0.2395,0
xfer_sink+meta+inflight,48,18,3,31.111,0.9740,0.2347,0
xfer_sink+meta+inflight,49,19,0,32.324,0.9761,0.2375,0
xfer_sink+meta+inflight,49,19,1,34.220,0.9812,0.2541,0
xfer_sink+meta+inflight,49,19,2,34.206,0.9827,0.2594,0
xfer_sink+meta+inflight,49,19,3,32.995,0.9790,0.2595,0
xfer_sink+meta+inflight,50,20,0,33.212,0.9794,0.2505,0
xfer_sink+meta+inflight,50,20,1,33.361,0.9802,0.2581,0
xfer_sink+meta+inflight,50,20,2,34.677,0.9815,0.2594,0
xfer_sink+meta+inflight,50,20,3,32.584,0.9787,0.2593,0
xfer_sink+meta+inflight,51,21,0,33.041,0.9788,0.2493,0
xfer_sink+meta+inflight,51,21,1,33.428,0.9788,0.2518,0
xfer_sink+meta+inflight,51,21,2,35.718,0.9847,0.2452,0
xfer_sink+meta+inflight,51,21,3,34.774,0.9808,0.2376,0
xfer_sink+meta+inflight,52,22,0,35.710,0.9836,0.2301,0
xfer_sink+meta+inflight,52,22,1,35.427,0.9847,0.2443,0
xfer_sink+meta+inflight,52,22,2,35.105,0.9855,0.2440,0
xfer_sink+meta+inflight,52,22,3,33.742,0.9807,0.2407,0
xfer_sink+meta+inflight,53,23,0,34.138,0.9821,0.2323,0
xfer_sink+meta+inflight,53,23,1,33.305,0.9791,0.2384,0
xfer_sink+meta+inflight,53,23,2,34.689,0.9826,0.2343,0
xfer_sink+meta+inflight,53,23,3,32.280,0.9783,0.2287,0
xfer_sink+meta+inflight,54,24,0,32.353,0.9798,0.2190,0
xfer_sink+meta+inflight,54,24,1,32.216,0.9792,0.2326,0
xfer_sink+meta+inflight,54,24,2,32.187,0.9763,0.2331,0
xfer_sink+meta+inflight,54,24,3,31.280,0.9755,0.2270,0
xfer_sink+meta+inflight,55,25,0,33.764,0.9826,0.2208,0
xfer_sink+meta+inflight,55,25,1,33.559,0.9828,0.2268,0
xfer_sink+meta+inflight,55,25,2,33.515,0.9838,0.2392,0
xfer_sink+meta+inflight,55,25,3,33.082,0.9812,0.2458,0
xfer_sink+meta+inflight,56,26,0,35.344,0.9852,0.2385,0
xfer_sink+meta+inflight,56,26,1,35.637,0.9856,0.2477,0
xfer_sink+meta+inflight,56,26,2,36.917,0.9877,0.2439,0
xfer_sink+meta+inflight,56,26,3,35.995,0.9862,0.2368,0
xfer_sink+meta+inflight,57,27,0,37.105,0.9894,0.2302,0
xfer_sink+meta+inflight,57,27,1,37.982,0.9906,0.2385,0
xfer_sink+meta+inflight,57,27,2,36.335,0.9893,0.2400,0
xfer_sink+meta+inflight,57,27,3,36.045,0.9885,0.2292,0
xfer_sink+meta+inflight,58,28,0,36.221,0.9895,0.2269,0
xfer_sink+meta+inflight,58,28,1,35.066,0.9868,0.2441,0
xfer_sink+meta+inflight,58,28,2,36.711,0.9892,0.2560,0
xfer_sink+meta+inflight,58,28,3,35.729,0.9861,0.2559,0
xfer_sink+meta+inflight,59,29,0,36.057,0.9863,0.2541,0
xfer_sink+meta+inflight,59,29,1,35.930,0.9861,0.2590,0
xfer_sink+meta+inflight,59,29,2,35.943,0.9881,0.2643,0
xfer_sink+meta+inflight,59,29,3,32.513,0.9811,0.2605,0
xfer_sink+meta+inflight,60,30,0,33.263,0.9813,0.2477,0
xfer_sink+meta+inflight,60,30,1,32.916,0.9825,0.2560,0
xfer_sink+meta+inflight,60,30,2,32.979,0.9829,0.2580,0
xfer_sink+meta+inflight,60,30,3,32.135,0.9813,0.2540,0
xfer_sink+meta+inflight,61,31,0,34.815,0.9841,0.2424,0
xfer_sink+meta+inflight,61,31,1,35.610,0.9859,0.2633,0
xfer_sink+meta+inflight,61,31,2,35.603,0.9870,0.2608,0
xfer_sink+meta+inflight,61,31,3,37.176,0.9885,0.2518,0
xfer_sink+meta+inflight,62,32,0,37.253,0.9879,0.2212,0
xfer_sink+meta+inflight,62,32,1,37.572,0.9886,0.2353,0
xfer_sink+meta+inflight,62,32,2,40.359,0.9908,0.2848,0
xfer_sink+meta+inflight,62,32,3,38.060,0.9891,0.2758,0
xfer_sink+meta+inflight,63,33,0,38.491,0.9907,0.2426,0
xfer_sink+meta+inflight,63,33,1,38.918,0.9913,0.2555,0
xfer_sink+meta+inflight,63,33,2,39.910,0.9918,0.2626,0
xfer_sink+meta+inflight,63,33,3,38.406,0.9900,0.2482,0
xfer_sink+meta+inflight,64,34,0,38.925,0.9904,0.2364,0
xfer_sink+meta+inflight,64,34,1,36.677,0.9891,0.2634,0
xfer_sink+meta+inflight,64,34,2,37.130,0.9896,0.2549,0
xfer_sink+meta+inflight,64,34,3,35.743,0.9886,0.2435,0
xfer_sink+meta+inflight,65,35,0,38.129,0.9894,0.2411,0
xfer_sink+meta+inflight,65,35,1,36.021,0.9883,0.2512,0
xfer_sink+meta+inflight,65,35,2,36.937,0.9890,0.2601,0
xfer_sink+meta+inflight,65,35,3,35.696,0.9861,0.2608,0
xfer_sink+meta+inflight,66,36,0,36.741,0.9880,0.2502,0
xfer_sink+meta+inflight,66,36,1,37.416,0.9887,0.2553,0
xfer_sink+meta+inflight,66,36,2,39.926,0.9907,0.2580,0
xfer_sink+meta+inflight,66,36,3,38.616,0.9902,0.2537,0
xfer_sink+meta+inflight,67,37,0,37.360,0.9877,0.2381,0
xfer_sink+meta+inflight,67,37,1,37.941,0.9876,0.2584,0
xfer_sink+meta+inflight,67,37,2,38.337,0.9887,0.2551,0
xfer_sink+meta+inflight,67,37,3,35.893,0.9858,0.2528,0
xfer_sink+meta+inflight,68,38,0,37.868,0.9877,0.2587,0
xfer_sink+meta+inflight,68,38,1,38.346,0.9885,0.2779,0
xfer_sink+meta+inflight,68,38,2,40.351,0.9905,0.2701,0
xfer_sink+meta+inflight,68,38,3,40.194,0.9908,0.2666,0
xfer_sink+meta+inflight,69,39,0,38.388,0.9886,0.2578,0
xfer_sink+meta+inflight,69,39,1,37.281,0.9891,0.2643,0
xfer_sink+meta+inflight,69,39,2,38.145,0.9894,0.2665,0
xfer_sink+meta+inflight,69,39,3,38.335,0.9889,0.2677,0
xfer_sink+meta,1,-29,0,99.000,,,0
xfer_sink+meta,1,-29,1,99.000,,,0
xfer_sink+meta,1,-29,2,99.000,,,0
xfer_sink+meta,1,-29,3,99.000,,,0
xfer_sink+meta,2,-28,0,99.000,,,0
xfer_sink+meta,2,-28,1,99.000,,,0
xfer_sink+meta,2,-28,2,99.000,,,0
xfer_sink+meta,2,-28,3,99.000,,,0
xfer_sink+meta,3,-27,0,99.000,,,0
xfer_sink+meta,3,-27,1,99.000,,,0
xfer_sink+meta,3,-27,2,99.000,,,0
xfer_sink+meta,3,-27,3,99.000,,,0
xfer_sink+meta,4,-26,0,99.000,,,0
xfer_sink+meta,4,-26,1,99.000,,,0
xfer_sink+meta,4,-26,2,99.000,,,0
xfer_sink+meta,4,-26,3,99.000,,,0
xfer_sink+meta,5,-25,0,99.000,,,0
xfer_sink+meta,5,-25,1,99.000,,,0
xfer_sink+meta,5,-25,2,99.000,,,0
xfer_sink+meta,5,-25,3,99.000,,,0
xfer_sink+meta,6,-24,0,99.000,,,0
xfer_sink+meta,6,-24,1,99.000,,,0
xfer_sink+meta,6,-24,2,99.000,,,0
xfer_sink+meta,6,-24,3,99.000,,,0
xfer_sink+meta,7,-23,0,99.000,,,0
xfer_sink+meta,7,-23,1,99.000,,,0
xfer_sink+meta,7,-23,2,99.000,,,0
xfer_sink+meta,7,-23,3,99.000,,,0
xfer_sink+meta,8,-22,0,99.000,,,0
xfer_sink+meta,8,-22,1,99.000,,,0
xfer_sink+meta,8,-22,2,99.000,,,0
xfer_sink+meta,8,-22,3,99.000,,,0
xfer_sink+meta,9,-21,0,99.000,,,0
xfer_sink+meta,9,-21,1,99.000,,,0
xfer_sink+meta,9,-21,2,99.000,,,0
xfer_sink+meta,9,-21,3,99.000,,,0
xfer_sink+meta,10,-20,0,99.000,,,0
xfer_sink+meta,10,-20,1,99.000,,,0
xfer_sink+meta,10,-20,2,99.000,,,0
xfer_sink+meta,10,-20,3,99.000,,,0
xfer_sink+meta,11,-19,0,99.000,,,0
xfer_sink+meta,11,-19,1,99.000,,,0
xfer_sink+meta,11,-19,2,99.000,,,0
xfer_sink+meta,11,-19,3,99.000,,,0
xfer_sink+meta,12,-18,0,99.000,,,0
xfer_sink+meta,12,-18,1,99.000,,,0
xfer_sink+meta,12,-18,2,99.000,,,0
xfer_sink+meta,12,-18,3,99.000,,,0
xfer_sink+meta,13,-17,0,99.000,,,0
xfer_sink+meta,13,-17,1,99.000,,,0
xfer_sink+meta,13,-17,2,99.000,,,0
xfer_sink+meta,13,-17,3,99.000,,,0
xfer_sink+meta,14,-16,0,99.000,,,0
xfer_sink+meta,14,-16,1,99.000,,,0
xfer_sink+meta,14,-16,2,99.000,,,0
xfer_sink+meta,14,-16,3,99.000,,,0
xfer_sink+meta,15,-15,0,99.000,,,0
xfer_sink+meta,15,-15,1,99.000,,,0
xfer_sink+meta,15,-15,2,99.000,,,0
xfer_sink+meta,15,-15,3,99.000,,,0
xfer_sink+meta,16,-14,0,99.000,,,0
xfer_sink+meta,16,-14,1,99.000,,,0
xfer_sink+meta,16,-14,2,99.000,,,0
xfer_sink+meta,16,-14,3,99.000,,,0
xfer_sink+meta,17,-13,0,99.000,,,0
xfer_sink+meta,17,-13,1,99.000,,,0
xfer_sink+meta,17,-13,2,99.000,,,0
xfer_sink+meta,17,-13,3,99.000,,,0
xfer_sink+meta,18,-12,0,99.000,,,0
xfer_sink+meta,18,-12,1,99.000,,,0
xfer_sink+meta,18,-12,2,99.000,,,0
xfer_sink+meta,18,-12,3,99.000,,,0
xfer_sink+meta,19,-11,0,99.000,,,0
xfer_sink+meta,19,-11,1,99.000,,,0
xfer_sink+meta,19,-11,2,99.000,,,0
xfer_sink+meta,19,-11,3,99.000,,,0
xfer_sink+meta,20,-10,0,99.000,,,0
xfer_sink+meta,20,-10,1,99.000,,,0
xfer_sink+meta,20,-10,2,99.000,,,0
xfer_sink+meta,20,-10,3,99.000,,,0
xfer_sink+meta,21,-9,0,99.000,,,0
xfer_sink+meta,21,-9,1,99.000,,,0
xfer_sink+meta,21,-9,2,99.000,,,0
xfer_sink+meta,21,-9,3,99.000,,,0
xfer_sink+meta,22,-8,0,99.000,,,0
xfer_sink+meta,22,-8,1,99.000,,,0
xfer_sink+meta,22,-8,2,99.000,,,0
xfer_sink+meta,22,-8,3,99.000,,,0
xfer_sink+meta,23,-7,0,99.000,,,0
xfer_sink+meta,23,-7,1,99.000,,,0
xfer_sink+meta,23,-7,2,99.000,,,0
xfer_sink+meta,23,-7,3,99.000,,,0
xfer_sink+meta,24,-6,0,99.000,,,0
xfer_sink+meta,24,-6,1,99.000,,,0
xfer_sink+meta,24,-6,2,99.000,,,0
xfer_sink+meta,24,-6,3,99.000,,,0
xfer_sink+meta,25,-5,0,99.000,,,0
xfer_sink+meta,25,-5,1,99.000,,,0
xfer_sink+meta,25,-5,2,99.000,,,0
xfer_sink+meta,25,-5,3,99.000,,,0
xfer_sink+meta,26,-4,0,99.000,,,0
xfer_sink+meta,26,-4,1,99.000,,,0
xfer_sink+meta,26,-4,2,99.000,,,0
xfer_sink+meta,26,-4,3,99.000,,,0
xfer_sink+meta,27,-3,0,99.000,,,0
xfer_sink+meta,27,-3,1,99.000,,,0
xfer_sink+meta,27,-3,2,99.000,,,0
xfer_sink+meta,27,-3,3,99.000,,,0
xfer_sink+meta,28,-2,0,99.000,,,0
xfer_sink+meta,28,-2,1,99.000,,,0
xfer_sink+meta,28,-2,2,99.000,,,0
xfer_sink+meta,28,-2,3,99.000,,,0
xfer_sink+meta,29,-1,0,99.000,,,0
xfer_sink+meta,29,-1,1,99.000,,,0
xfer_sink+meta,29,-1,2,99.000,,,0
xfer_sink+meta,29,-1,3,99.000,,,0
xfer_sink+meta,30,0,0,8.618,0.0499,0.1318,0
xfer_sink+meta,30,0,1,8.934,0.0660,0.1701,0
xfer_sink+meta,30,0,2,8.925,0.0725,0.1953,0
xfer_sink+meta,30,0,3,8.920,0.0713,0.2019,0
xfer_sink+meta,31,1,0,14.847,0.1504,0.5187,0
xfer_sink+meta,31,1,1,15.735,0.1934,0.6370,0
xfer_sink+meta,31,1,2,18.205,0.2312,0.6540,0
xfer_sink+meta,31,1,3,17.736,0.2290,0.6489,0
xfer_sink+meta,32,2,0,19.693,0.3330,0.6617,0
xfer_sink+meta,32,2,1,20.785,0.4581,0.5926,0
xfer_sink+meta,32,2,2,21.834,0.4724,0.5932,0
xfer_sink+meta,32,2,3,22.266,0.5122,0.5501,0
xfer_sink+meta,33,3,0,22.247,0.6543,0.4137,0
xfer_sink+meta,33,3,1,23.785,0.7567,0.3580,0
xfer_sink+meta,33,3,2,24.857,0.7998,0.3097,0
xfer_sink+meta,33,3,3,25.069,0.8204,0.2721,0
xfer_sink+meta,34,4,0,26.069,0.9076,0.1849,0
xfer_sink+meta,34,4,1,27.725,0.9213,0.1776,0
xfer_sink+meta,34,4,2,27.316,0.9133,0.1732,0
xfer_sink+meta,34,4,3,27.304,0.9119,0.1675,0
xfer_sink+meta,35,5,0,27.120,0.9184,0.1814,0
xfer_sink+meta,35,5,1,29.541,0.9421,0.2058,0
xfer_sink+meta,35,5,2,30.644,0.9477,0.2065,0
xfer_sink+meta,35,5,3,30.181,0.9457,0.2050,0
xfer_sink+meta,36,6,0,31.353,0.9592,0.2058,0
xfer_sink+meta,36,6,1,30.936,0.9592,0.2260,0
xfer_sink+meta,36,6,2,31.539,0.9638,0.2371,0
xfer_sink+meta,36,6,3,30.013,0.9559,0.2341,0
xfer_sink+meta,37,7,0,31.342,0.9649,0.2281,0
xfer_sink+meta,37,7,1,31.084,0.9677,0.2359,0
xfer_sink+meta,37,7,2,31.058,0.9693,0.2356,0
xfer_sink+meta,37,7,3,30.185,0.9670,0.2410,0
xfer_sink+meta,38,8,0,30.980,0.9667,0.2457,0
xfer_sink+meta,38,8,1,33.006,0.9727,0.2568,0
xfer_sink+meta,38,8,2,33.507,0.9725,0.2619,0
xfer_sink+meta,38,8,3,32.450,0.9698,0.2663,0
xfer_sink+meta,39,9,0,33.388,0.9774,0.2464,0
xfer_sink+meta,39,9,1,34.531,0.9767,0.2499,0
xfer_sink+meta,39,9,2,35.610,0.9812,0.2323,0
xfer_sink+meta,39,9,3,34.707,0.9785,0.2262,0
xfer_sink+meta,40,10,0,35.271,0.9828,0.2111,0
xfer_sink+meta,40,10,1,35.931,0.9847,0.2188,0
xfer_sink+meta,40,10,2,37.228,0.9861,0.2173,0
xfer_sink+meta,40,10,3,35.375,0.9834,0.2160,0
xfer_sink+meta,41,11,0,34.899,0.9819,0.2088,0
xfer_sink+meta,41,11,1,34.504,0.9822,0.2353,0
xfer_sink+meta,41,11,2,35.670,0.9835,0.2396,0
xfer_sink+meta,41,11,3,33.103,0.9756,0.2397,0
xfer_sink+meta,42,12,0,33.537,0.9802,0.2350,0
xfer_sink+meta,42,12,1,32.995,0.9791,0.2472,0
xfer_sink+meta,42,12,2,33.194,0.9799,0.2450,0
xfer_sink+meta,42,12,3,32.189,0.9762,0.2338,0
xfer_sink+meta,43,13,0,33.357,0.9788,0.2319,0
xfer_sink+meta,43,13,1,33.883,0.9765,0.2417,0
xfer_sink+meta,43,13,2,34.352,0.9785,0.2458,0
xfer_sink+meta,43,13,3,32.616,0.9679,0.2458,0
xfer_sink+meta,44,14,0,32.931,0.9742,0.2409,0
xfer_sink+meta,44,14,1,32.830,0.9742,0.2525,0
xfer_sink+meta,44,14,2,33.141,0.9740,0.2466,0
xfer_sink+meta,44,14,3,30.346,0.9651,0.2405,0
xfer_sink+meta,45,15,0,34.198,0.9766,0.2264,0
xfer_sink+meta,45,15,1,34.711,0.9796,0.2220,0
xfer_sink+meta,45,15,2,31.501,0.9742,0.2112,0
xfer_sink+meta,45,15,3,30.752,0.9720,0.2115,0
xfer_sink+meta,46,16,0,34.375,0.9819,0.2082,0
xfer_sink+meta,46,16,1,33.594,0.9821,0.2157,0
xfer_sink+meta,46,16,2,34.088,0.9813,0.2119,0
xfer_sink+meta,46,16,3,33.450,0.9777,0.2112,0
xfer_sink+meta,47,17,0,33.966,0.9766,0.2096,0
xfer_sink+meta,47,17,1,35.204,0.9786,0.2213,0
xfer_sink+meta,47,17,2,34.622,0.9791,0.2222,0
xfer_sink+meta,47,17,3,32.949,0.9724,0.2243,0
xfer_sink+meta,48,18,0,31.734,0.9700,0.2225,0
xfer_sink+meta,48,18,1,30.589,0.9695,0.2364,0
xfer_sink+meta,48,18,2,30.982,0.9722,0.2389,0
xfer_sink+meta,48,18,3,30.365,0.9677,0.2337,0
xfer_sink+meta,49,19,0,28.723,0.9558,0.2394,0
xfer_sink+meta,49,19,1,30.699,0.9688,0.2541,0
xfer_sink+meta,49,19,2,32.594,0.9745,0.2578,0
xfer_sink+meta,49,19,3,31.370,0.9676,0.2576,0
xfer_sink+meta,50,20,0,30.630,0.9643,0.2518,0
xfer_sink+meta,50,20,1,31.638,0.9689,0.2597,0
xfer_sink+meta,50,20,2,31.894,0.9680,0.2592,0
xfer_sink+meta,50,20,3,29.563,0.9622,0.2584,0
xfer_sink+meta,51,21,0,28.994,0.9568,0.2555,0
xfer_sink+meta,51,21,1,30.747,0.9704,0.2558,0
xfer_sink+meta,51,21,2,33.198,0.9763,0.2496,0
xfer_sink+meta,51,21,3,33.141,0.9735,0.2416,0
xfer_sink+meta,52,22,0,33.945,0.9749,0.2339,0
xfer_sink+meta,52,22,1,34.143,0.9766,0.2446,0
xfer_sink+meta,52,22,2,33.311,0.9758,0.2443,0
xfer_sink+meta,52,22,3,32.287,0.9699,0.2394,0
xfer_sink+meta,53,23,0,32.601,0.9726,0.2338,0
xfer_sink+meta,53,23,1,31.728,0.9692,0.2379,0
xfer_sink+meta,53,23,2,32.992,0.9716,0.2319,0
xfer_sink+meta,53,23,3,31.224,0.9676,0.2254,0
xfer_sink+meta,54,24,0,30.427,0.9673,0.2181,0
xfer_sink+meta,54,24,1,30.010,0.9674,0.2309,0
xfer_sink+meta,54,24,2,30.941,0.9663,0.2321,0
xfer_sink+meta,54,24,3,29.314,0.9614,0.2245,0
xfer_sink+meta,55,25,0,29.353,0.9599,0.2221,0
xfer_sink+meta,55,25,1,31.225,0.9696,0.2277,0
xfer_sink+meta,55,25,2,31.401,0.9701,0.2379,0
xfer_sink+meta,55,25,3,28.776,0.9524,0.2361,0
xfer_sink+meta,56,26,0,31.283,0.9654,0.2421,0
xfer_sink+meta,56,26,1,32.077,0.9690,0.2514,0
xfer_sink+meta,56,26,2,32.919,0.9735,0.2460,0
xfer_sink+meta,56,26,3,32.354,0.9697,0.2388,0
xfer_sink+meta,57,27,0,32.404,0.9737,0.2359,0
xfer_sink+meta,57,27,1,33.934,0.9786,0.2437,0
xfer_sink+meta,57,27,2,33.339,0.9779,0.2437,0
xfer_sink+meta,57,27,3,33.336,0.9774,0.2327,0
xfer_sink+meta,58,28,0,31.789,0.9753,0.2320,0
xfer_sink+meta,58,28,1,33.645,0.9771,0.2491,0
xfer_sink+meta,58,28,2,33.507,0.9781,0.2569,0
xfer_sink+meta,58,28,3,33.419,0.9747,0.2564,0
xfer_sink+meta,59,29,0,32.457,0.9727,0.2547,0
xfer_sink+meta,59,29,1,33.560,0.9761,0.2582,0
xfer_sink+meta,59,29,2,33.695,0.9791,0.2618,0
xfer_sink+meta,59,29,3,30.723,0.9706,0.2557,0
xfer_sink+meta,60,30,0,31.183,0.9690,0.2446,0
xfer_sink+meta,60,30,1,31.290,0.9732,0.2503,0
xfer_sink+meta,60,30,2,31.642,0.9737,0.2508,0
xfer_sink+meta,60,30,3,30.936,0.9716,0.2454,0
xfer_sink+meta,61,31,0,31.362,0.9640,0.2397,0
xfer_sink+meta,61,31,1,30.998,0.9573,0.2585,0
xfer_sink+meta,61,31,2,30.314,0.9599,0.2557,0
xfer_sink+meta,61,31,3,28.912,0.9391,0.2375,0
xfer_sink+meta,62,32,0,29.063,0.9479,0.2177,0
xfer_sink+meta,62,32,1,28.336,0.9423,0.2373,0
xfer_sink+meta,62,32,2,28.581,0.9231,0.2687,0
xfer_sink+meta,62,32,3,27.055,0.9138,0.2597,0
xfer_sink+meta,63,33,0,30.461,0.9597,0.2512,0
xfer_sink+meta,63,33,1,34.827,0.9757,0.2580,0
xfer_sink+meta,63,33,2,35.849,0.9811,0.2640,0
xfer_sink+meta,63,33,3,34.617,0.9785,0.2493,0
xfer_sink+meta,64,34,0,36.051,0.9826,0.2358,0
xfer_sink+meta,64,34,1,34.827,0.9832,0.2613,0
xfer_sink+meta,64,34,2,35.229,0.9843,0.2498,0
xfer_sink+meta,64,34,3,34.159,0.9832,0.2385,0
xfer_sink+meta,65,35,0,36.733,0.9857,0.2373,0
xfer_sink+meta,65,35,1,35.708,0.9848,0.2464,0
xfer_sink+meta,65,35,2,35.740,0.9861,0.2526,0
xfer_sink+meta,65,35,3,34.368,0.9809,0.2516,0
xfer_sink+meta,66,36,0,34.407,0.9826,0.2448,0
xfer_sink+meta,66,36,1,35.292,0.9849,0.2500,0
xfer_sink+meta,66,36,2,38.177,0.9877,0.2516,0
xfer_sink+meta,66,36,3,38.280,0.9877,0.2458,0
xfer_sink+meta,67,37,0,32.639,0.9762,0.2318,0
xfer_sink+meta,67,37,1,33.389,0.9701,0.2484,0
xfer_sink+meta,67,37,2,35.673,0.9779,0.2474,0
xfer_sink+meta,67,37,3,32.827,0.9675,0.2425,0
xfer_sink+meta,68,38,0,31.281,0.9616,0.2543,0
xfer_sink+meta,68,38,1,30.091,0.9583,0.2687,0
xfer_sink+meta,68,38,2,35.788,0.9800,0.2641,0
xfer_sink+meta,68,38,3,32.174,0.9673,0.2561,0
xfer_sink+meta,69,39,0,33.273,0.9735,0.2570,0
xfer_sink+meta,69,39,1,33.017,0.9722,0.2628,0
xfer_sink+meta,69,39,2,34.239,0.9792,0.2626,0
xfer_sink+meta,69,39,3,33.457,0.9745,0.2651,0
xfer_meta+inflight,1,-29,0,99.000,,,0
xfer_meta+inflight,1,-29,1,99.000,,,0
xfer_meta+inflight,1,-29,2,99.000,,,0
xfer_meta+inflight,1,-29,3,99.000,,,0
xfer_meta+inflight,2,-28,0,99.000,,,0
xfer_meta+inflight,2,-28,1,99.000,,,0
xfer_meta+inflight,2,-28,2,99.000,,,0
xfer_meta+inflight,2,-28,3,99.000,,,0
xfer_meta+inflight,3,-27,0,99.000,,,0
xfer_meta+inflight,3,-27,1,99.000,,,0
xfer_meta+inflight,3,-27,2,99.000,,,0
xfer_meta+inflight,3,-27,3,99.000,,,0
xfer_meta+inflight,4,-26,0,99.000,,,0
xfer_meta+inflight,4,-26,1,99.000,,,0
xfer_meta+inflight,4,-26,2,99.000,,,0
xfer_meta+inflight,4,-26,3,99.000,,,0
xfer_meta+inflight,5,-25,0,99.000,,,0
xfer_meta+inflight,5,-25,1,99.000,,,0
xfer_meta+inflight,5,-25,2,99.000,,,0
xfer_meta+inflight,5,-25,3,99.000,,,0
xfer_meta+inflight,6,-24,0,99.000,,,0
xfer_meta+inflight,6,-24,1,99.000,,,0
xfer_meta+inflight,6,-24,2,99.000,,,0
xfer_meta+inflight,6,-24,3,99.000,,,0
xfer_meta+inflight,7,-23,0,99.000,,,0
xfer_meta+inflight,7,-23,1,99.000,,,0
xfer_meta+inflight,7,-23,2,99.000,,,0
xfer_meta+inflight,7,-23,3,99.000,,,0
xfer_meta+inflight,8,-22,0,99.000,,,0
xfer_meta+inflight,8,-22,1,99.000,,,0
xfer_meta+inflight,8,-22,2,99.000,,,0
xfer_meta+inflight,8,-22,3,99.000,,,0
xfer_meta+inflight,9,-21,0,99.000,,,0
xfer_meta+inflight,9,-21,1,99.000,,,0
xfer_meta+inflight,9,-21,2,99.000,,,0
xfer_meta+inflight,9,-21,3,99.000,,,0
xfer_meta+inflight,10,-20,0,99.000,,,0
xfer_meta+inflight,10,-20,1,99.000,,,0
xfer_meta+inflight,10,-20,2,99.000,,,0
xfer_meta+inflight,10,-20,3,99.000,,,0
xfer_meta+inflight,11,-19,0,99.000,,,0
xfer_meta+inflight,11,-19,1,99.000,,,0
xfer_meta+inflight,11,-19,2,99.000,,,0
xfer_meta+inflight,11,-19,3,99.000,,,0
xfer_meta+inflight,12,-18,0,99.000,,,0
xfer_meta+inflight,12,-18,1,99.000,,,0
xfer_meta+inflight,12,-18,2,99.000,,,0
xfer_meta+inflight,12,-18,3,99.000,,,0
xfer_meta+inflight,13,-17,0,99.000,,,0
xfer_meta+inflight,13,-17,1,99.000,,,0
xfer_meta+inflight,13,-17,2,99.000,,,0
xfer_meta+inflight,13,-17,3,99.000,,,0
xfer_meta+inflight,14,-16,0,99.000,,,0
xfer_meta+inflight,14,-16,1,99.000,,,0
xfer_meta+inflight,14,-16,2,99.000,,,0
xfer_meta+inflight,14,-16,3,99.000,,,0
xfer_meta+inflight,15,-15,0,99.000,,,0
xfer_meta+inflight,15,-15,1,99.000,,,0
xfer_meta+inflight,15,-15,2,99.000,,,0
xfer_meta+inflight,15,-15,3,99.000,,,0
xfer_meta+inflight,16,-14,0,99.000,,,0
xfer_meta+inflight,16,-14,1,99.000,,,0
xfer_meta+inflight,16,-14,2,99.000,,,0
xfer_meta+inflight,16,-14,3,99.000,,,0
xfer_meta+inflight,17,-13,0,99.000,,,0
xfer_meta+inflight,17,-13,1,99.000,,,0
xfer_meta+inflight,17,-13,2,99.000,,,0
xfer_meta+inflight,17,-13,3,99.000,,,0
xfer_meta+inflight,18,-12,0,99.000,,,0
xfer_meta+inflight,18,-12,1,99.000,,,0
xfer_meta+inflight,18,-12,2,99.000,,,0
xfer_meta+inflight,18,-12,3,99.000,,,0
xfer_meta+inflight,19,-11,0,99.000,,,0
xfer_meta+inflight,19,-11,1,99.000,,,0
xfer_meta+inflight,19,-11,2,99.000,,,0
xfer_meta+inflight,19,-11,3,99.000,,,0
xfer_meta+inflight,20,-10,0,99.000,,,0
xfer_meta+inflight,20,-10,1,99.000,,,0
xfer_meta+inflight,20,-10,2,99.000,,,0
xfer_meta+inflight,20,-10,3,99.000,,,0
xfer_meta+inflight,21,-9,0,99.000,,,0
xfer_meta+inflight,21,-9,1,99.000,,,0
xfer_meta+inflight,21,-9,2,99.000,,,0
xfer_meta+inflight,21,-9,3,99.000,,,0
xfer_meta+inflight,22,-8,0,99.000,,,0
xfer_meta+inflight,22,-8,1,99.000,,,0
xfer_meta+inflight,22,-8,2,99.000,,,0
xfer_meta+inflight,22,-8,3,99.000,,,0
xfer_meta+inflight,23,-7,0,99.000,,,0
xfer_meta+inflight,23,-7,1,99.000,,,0
xfer_meta+inflight,23,-7,2,99.000,,,0
xfer_meta+inflight,23,-7,3,99.000,,,0
xfer_meta+inflight,24,-6,0,99.000,,,0
xfer_meta+inflight,24,-6,1,99.000,,,0
xfer_meta+inflight,24,-6,2,99.000,,,0
xfer_meta+inflight,24,-6,3,99.000,,,0
xfer_meta+inflight,25,-5,0,99.000,,,0
xfer_meta+inflight,25,-5,1,99.000,,,0
xfer_meta+inflight,25,-5,2,99.000,,,0
xfer_meta+inflight,25,-5,3,99.000,,,0
xfer_meta+inflight,26,-4,0,99.000,,,0
xfer_meta+inflight,26,-4,1,99.000,,,0
xfer_meta+inflight,26,-4,2,99.000,,,0
xfer_meta+inflight,26,-4,3,99.000,,,0
xfer_meta+inflight,27,-3,0,99.000,,,0
xfer_meta+inflight,27,-3,1,99.000,,,0
xfer_meta+inflight,27,-3,2,99.000,,,0
xfer_meta+inflight,27,-3,3,99.000,,,0
xfer_meta+inflight,28,-2,0,99.000,,,0
xfer_meta+inflight,28,-2,1,99.000,,,0
xfer_meta+inflight,28,-2,2,99.000,,,0
xfer_meta+inflight,28,-2,3,99.000,,,0
xfer_meta+inflight,29,-1,0,99.000,,,0
xfer_meta+inflight,29,-1,1,99.000,,,0
xfer_meta+inflight,29,-1,2,99.000,,,0
xfer_meta+inflight,29,-1,3,99.000,,,0
xfer_meta+inflight,30,0,0,16.532,0.1794,0.5990,0
xfer_meta+inflight,30,0,1,18.275,0.2332,0.6248,0
xfer_meta+inflight,30,0,2,20.747,0.3573,0.5478,0
xfer_meta+inflight,30,0,3,21.050,0.4566,0.4552,0
xfer_meta+inflight,31,1,0,18.053,0.7650,0.1622,0
xfer_meta+inflight,31,1,1,16.763,0.6774,0.2687,0
xfer_meta+inflight,31,1,2,17.713,0.6124,0.3287,0
xfer_meta+inflight,31,1,3,15.870,0.5108,0.3897,0
xfer_meta+inflight,32,2,0,18.041,0.6024,0.3491,0
xfer_meta+inflight,32,2,1,18.590,0.6826,0.3014,0
xfer_meta+inflight,32,2,2,18.269,0.5563,0.4337,0
xfer_meta+inflight,32,2,3,18.209,0.5648,0.4160,0
xfer_meta+inflight,33,3,0,18.690,0.6801,0.2987,0
xfer_meta+inflight,33,3,1,18.301,0.7515,0.2257,0
xfer_meta+inflight,33,3,2,19.727,0.7650,0.1977,0
xfer_meta+inflight,33,3,3,19.671,0.7836,0.1733,0
xfer_meta+inflight,34,4,0,20.623,0.8042,0.1793,0
xfer_meta+inflight,34,4,1,20.653,0.8131,0.1848,0
xfer_meta+inflight,34,4,2,20.580,0.8087,0.1820,0
xfer_meta+inflight,34,4,3,21.263,0.8094,0.1752,0
xfer_meta+inflight,35,5,0,21.953,0.8162,0.1725,0
xfer_meta+inflight,35,5,1,20.564,0.7944,0.2015,0
xfer_meta+inflight,35,5,2,20.554,0.7917,0.1989,0
xfer_meta+inflight,35,5,3,19.474,0.7812,0.1892,0
xfer_meta+inflight,36,6,0,20.241,0.7967,0.1846,0
xfer_meta+inflight,36,6,1,20.133,0.7955,0.2012,0
xfer_meta+inflight,36,6,2,20.950,0.7994,0.2046,0
xfer_meta+inflight,36,6,3,20.638,0.7918,0.1950,0
xfer_meta+inflight,37,7,0,20.276,0.8035,0.1959,0
xfer_meta+inflight,37,7,1,20.149,0.8041,0.2002,0
xfer_meta+inflight,37,7,2,20.387,0.8035,0.2007,0
xfer_meta+inflight,37,7,3,20.405,0.7987,0.1937,0
xfer_meta+inflight,38,8,0,20.444,0.8002,0.1956,0
xfer_meta+inflight,38,8,1,21.552,0.7977,0.2189,0
xfer_meta+inflight,38,8,2,21.792,0.7990,0.2239,0
xfer_meta+inflight,38,8,3,21.084,0.7828,0.2130,0
xfer_meta+inflight,39,9,0,22.266,0.8161,0.2023,0
xfer_meta+inflight,39,9,1,22.932,0.8261,0.2072,0
xfer_meta+inflight,39,9,2,23.620,0.8375,0.2016,0
xfer_meta+inflight,39,9,3,23.265,0.8373,0.1908,0
xfer_meta+inflight,40,10,0,23.656,0.8562,0.1757,0
xfer_meta+inflight,40,10,1,24.403,0.8571,0.1772,0
xfer_meta+inflight,40,10,2,24.231,0.8566,0.1796,0
xfer_meta+inflight,40,10,3,23.654,0.8526,0.1760,0
xfer_meta+inflight,41,11,0,24.230,0.8612,0.1744,0
xfer_meta+inflight,41,11,1,23.558,0.8555,0.2014,0
xfer_meta+inflight,41,11,2,23.697,0.8490,0.2067,0
xfer_meta+inflight,41,11,3,22.341,0.8247,0.2028,0
xfer_meta+inflight,42,12,0,23.140,0.8318,0.1986,0
xfer_meta+inflight,42,12,1,22.316,0.8232,0.2096,0
xfer_meta+inflight,42,12,2,22.738,0.8269,0.2050,0
xfer_meta+inflight,42,12,3,22.029,0.8167,0.1930,0
xfer_meta+inflight,43,13,0,22.262,0.8209,0.1906,0
xfer_meta+inflight,43,13,1,22.552,0.8221,0.1987,0
xfer_meta+inflight,43,13,2,22.740,0.8205,0.2018,0
xfer_meta+inflight,43,13,3,22.317,0.8082,0.1953,0
xfer_meta+inflight,44,14,0,22.250,0.8258,0.2009,0
xfer_meta+inflight,44,14,1,21.826,0.8212,0.2172,0
xfer_meta+inflight,44,14,2,22.767,0.8300,0.2090,0
xfer_meta+inflight,44,14,3,22.379,0.8048,0.1919,0
xfer_meta+inflight,45,15,0,22.966,0.8503,0.1973,0
xfer_meta+inflight,45,15,1,24.204,0.8523,0.1967,0
xfer_meta+inflight,45,15,2,23.340,0.8497,0.1868,0
xfer_meta+inflight,45,15,3,23.727,0.8505,0.1829,0
xfer_meta+inflight,46,16,0,23.799,0.8536,0.1799,0
xfer_meta+inflight,46,16,1,23.119,0.8502,0.1814,0
xfer_meta+inflight,46,16,2,23.830,0.8550,0.1819,0
xfer_meta+inflight,46,16,3,23.491,0.8476,0.1761,0
xfer_meta+inflight,47,17,0,23.562,0.8465,0.1768,0
xfer_meta+inflight,47,17,1,23.226,0.8398,0.1918,0
xfer_meta+inflight,47,17,2,23.167,0.8383,0.1953,0
xfer_meta+inflight,47,17,3,22.517,0.8289,0.1928,0
xfer_meta+inflight,48,18,0,22.601,0.8311,0.1981,0
xfer_meta+inflight,48,18,1,22.281,0.8225,0.2097,0
xfer_meta+inflight,48,18,2,22.038,0.8198,0.2128,0
xfer_meta+inflight,48,18,3,21.753,0.8151,0.2073,0
xfer_meta+inflight,49,19,0,21.064,0.8127,0.2045,0
xfer_meta+inflight,49,19,1,21.562,0.8025,0.2134,0
xfer_meta+inflight,49,19,2,22.015,0.7978,0.2117,0
xfer_meta+inflight,49,19,3,21.452,0.7817,0.2031,0
xfer_meta+inflight,50,20,0,21.624,0.7977,0.2023,0
xfer_meta+inflight,50,20,1,21.666,0.7967,0.2136,0
xfer_meta+inflight,50,20,2,21.537,0.7940,0.2138,0
xfer_meta+inflight,50,20,3,21.197,0.7819,0.2005,0
xfer_meta+inflight,51,21,0,21.184,0.7954,0.2025,0
xfer_meta+inflight,51,21,1,21.773,0.8066,0.2133,0
xfer_meta+inflight,51,21,2,22.115,0.8211,0.2091,0
xfer_meta+inflight,51,21,3,22.463,0.8194,0.2012,0
xfer_meta+inflight,52,22,0,23.229,0.8389,0.1943,0
xfer_meta+inflight,52,22,1,23.076,0.8347,0.2042,0
xfer_meta+inflight,52,22,2,22.811,0.8302,0.2025,0
xfer_meta+inflight,52,22,3,22.278,0.8178,0.1981,0
xfer_meta+inflight,53,23,0,23.110,0.8400,0.1989,0
xfer_meta+inflight,53,23,1,21.494,0.8219,0.2030,0
xfer_meta+inflight,53,23,2,21.900,0.8257,0.1970,0
xfer_meta+inflight,53,23,3,21.904,0.8211,0.1897,0
xfer_meta+inflight,54,24,0,21.839,0.8334,0.1868,0
xfer_meta+inflight,54,24,1,21.165,0.8229,0.2013,0
xfer_meta+inflight,54,24,2,21.052,0.8237,0.2031,0
xfer_meta+inflight,54,24,3,20.304,0.8152,0.1949,0
xfer_meta+inflight,55,25,0,20.196,0.8274,0.1996,0
xfer_meta+inflight,55,25,1,21.093,0.8344,0.2212,0
xfer_meta+inflight,55,25,2,21.765,0.8352,0.2456,0
xfer_meta+inflight,55,25,3,22.280,0.8268,0.2402,0
xfer_meta+inflight,56,26,0,22.383,0.8353,0.2425,0
xfer_meta+inflight,56,26,1,22.386,0.8246,0.2628,0
xfer_meta+inflight,56,26,2,22.875,0.8278,0.2613,0
xfer_meta+inflight,56,26,3,23.006,0.8226,0.2561,0
xfer_meta+inflight,57,27,0,23.718,0.8441,0.2316,0
xfer_meta+inflight,57,27,1,23.914,0.8515,0.2428,0
xfer_meta+inflight,57,27,2,23.569,0.8453,0.2426,0
xfer_meta+inflight,57,27,3,23.283,0.8397,0.2392,0
xfer_meta+inflight,58,28,0,23.351,0.8470,0.2114,0
xfer_meta+inflight,58,28,1,22.757,0.8380,0.2282,0
xfer_meta+inflight,58,28,2,22.950,0.8278,0.2286,0
xfer_meta+inflight,58,28,3,21.980,0.8173,0.2289,0
xfer_meta+inflight,59,29,0,22.904,0.8272,0.2203,0
xfer_meta+inflight,59,29,1,21.990,0.8157,0.2189,0
xfer_meta+inflight,59,29,2,22.124,0.8155,0.2309,0
xfer_meta+inflight,59,29,3,22.098,0.8124,0.2207,0
xfer_meta+inflight,60,30,0,22.006,0.8178,0.2093,0
xfer_meta+inflight,60,30,1,21.598,0.8132,0.2169,0
xfer_meta+inflight,60,30,2,21.831,0.8167,0.2211,0
xfer_meta+inflight,60,30,3,22.039,0.8161,0.2108,0
xfer_meta+inflight,61,31,0,22.025,0.8128,0.2081,0
xfer_meta+inflight,61,31,1,22.276,0.8136,0.2279,0
xfer_meta+inflight,61,31,2,22.923,0.8198,0.2248,0
xfer_meta+inflight,61,31,3,22.524,0.8129,0.2079,0
xfer_meta+inflight,62,32,0,22.101,0.8267,0.1844,0
xfer_meta+inflight,62,32,1,21.273,0.8030,0.1899,0
xfer_meta+inflight,62,32,2,21.169,0.7462,0.2105,0
xfer_meta+inflight,62,32,3,20.371,0.7380,0.2136,0
xfer_meta+inflight,63,33,0,21.606,0.7934,0.2023,0
xfer_meta+inflight,63,33,1,22.687,0.7953,0.2116,0
xfer_meta+inflight,63,33,2,22.987,0.8000,0.2188,0
xfer_meta+inflight,63,33,3,21.670,0.7875,0.1986,0
xfer_meta+inflight,64,34,0,21.944,0.7972,0.1900,0
xfer_meta+inflight,64,34,1,20.949,0.7889,0.2240,0
xfer_meta+inflight,64,34,2,21.362,0.7932,0.2233,0
xfer_meta+inflight,64,34,3,21.726,0.7965,0.2104,0
xfer_meta+inflight,65,35,0,22.402,0.8086,0.2018,0
xfer_meta+inflight,65,35,1,21.393,0.7950,0.2153,0
xfer_meta+inflight,65,35,2,21.212,0.7899,0.2241,0
xfer_meta+inflight,65,35,3,21.306,0.7882,0.2205,0
xfer_meta+inflight,66,36,0,20.821,0.7930,0.2085,0
xfer_meta+inflight,66,36,1,21.622,0.8152,0.2310,0
xfer_meta+inflight,66,36,2,22.822,0.8203,0.2347,0
xfer_meta+inflight,66,36,3,22.764,0.8204,0.2309,0
xfer_meta+inflight,67,37,0,22.350,0.8224,0.2163,0
xfer_meta+inflight,67,37,1,22.132,0.8193,0.2292,0
xfer_meta+inflight,67,37,2,21.934,0.8183,0.2401,0
xfer_meta+inflight,67,37,3,21.379,0.8052,0.2285,0
xfer_meta+inflight,68,38,0,21.718,0.8022,0.2348,0
xfer_meta+inflight,68,38,1,21.946,0.7995,0.2521,0
xfer_meta+inflight,68,38,2,22.373,0.8098,0.2535,0
xfer_meta+inflight,68,38,3,22.345,0.8061,0.2452,0
xfer_meta+inflight,69,39,0,22.277,0.8091,0.2260,0
xfer_meta+inflight,69,39,1,22.548,0.8092,0.2375,0
xfer_meta+inflight,69,39,2,22.695,0.8102,0.2415,0
xfer_meta+inflight,69,39,3,22.582,0.8072,0.2417,0
drop_inflight,1,-29,0,99.000,,,0
drop_inflight,1,-29,1,99.000,,,0
drop_inflight,1,-29,2,99.000,,,0
drop_inflight,1,-29,3,99.000,,,0
drop_inflight,2,-28,0,99.000,,,0
drop_inflight,2,-28,1,99.000,,,0
drop_inflight,2,-28,2,99.000,,,0
drop_inflight,2,-28,3,99.000,,,0
drop_inflight,3,-27,0,99.000,,,0
drop_inflight,3,-27,1,99.000,,,0
drop_inflight,3,-27,2,99.000,,,0
drop_inflight,3,-27,3,99.000,,,0
drop_inflight,4,-26,0,99.000,,,0
drop_inflight,4,-26,1,99.000,,,0
drop_inflight,4,-26,2,99.000,,,0
drop_inflight,4,-26,3,99.000,,,0
drop_inflight,5,-25,0,99.000,,,0
drop_inflight,5,-25,1,99.000,,,0
drop_inflight,5,-25,2,99.000,,,0
drop_inflight,5,-25,3,99.000,,,0
drop_inflight,6,-24,0,99.000,,,0
drop_inflight,6,-24,1,99.000,,,0
drop_inflight,6,-24,2,99.000,,,0
drop_inflight,6,-24,3,99.000,,,0
drop_inflight,7,-23,0,99.000,,,0
drop_inflight,7,-23,1,99.000,,,0
drop_inflight,7,-23,2,99.000,,,0
drop_inflight,7,-23,3,99.000,,,0
drop_inflight,8,-22,0,99.000,,,0
drop_inflight,8,-22,1,99.000,,,0
drop_inflight,8,-22,2,99.000,,,0
drop_inflight,8,-22,3,99.000,,,0
drop_inflight,9,-21,0,99.000,,,0
drop_inflight,9,-21,1,99.000,,,0
drop_inflight,9,-21,2,99.000,,,0
drop_inflight,9,-21,3,99.000,,,0
drop_inflight,10,-20,0,99.000,,,0
drop_inflight,10,-20,1,99.000,,,0
drop_inflight,10,-20,2,99.000,,,0
drop_inflight,10,-20,3,99.000,,,0
drop_inflight,11,-19,0,99.000,,,0
drop_inflight,11,-19,1,99.000,,,0
drop_inflight,11,-19,2,99.000,,,0
drop_inflight,11,-19,3,99.000,,,0
drop_inflight,12,-18,0,99.000,,,0
drop_inflight,12,-18,1,99.000,,,0
drop_inflight,12,-18,2,99.000,,,0
drop_inflight,12,-18,3,99.000,,,0
drop_inflight,13,-17,0,99.000,,,0
drop_inflight,13,-17,1,99.000,,,0
drop_inflight,13,-17,2,99.000,,,0
drop_inflight,13,-17,3,99.000,,,0
drop_inflight,14,-16,0,99.000,,,0
drop_inflight,14,-16,1,99.000,,,0
drop_inflight,14,-16,2,99.000,,,0
drop_inflight,14,-16,3,99.000,,,0
drop_inflight,15,-15,0,99.000,,,0
drop_inflight,15,-15,1,99.000,,,0
drop_inflight,15,-15,2,99.000,,,0
drop_inflight,15,-15,3,99.000,,,0
drop_inflight,16,-14,0,99.000,,,0
drop_inflight,16,-14,1,99.000,,,0
drop_inflight,16,-14,2,99.000,,,0
drop_inflight,16,-14,3,99.000,,,0
drop_inflight,17,-13,0,99.000,,,0
drop_inflight,17,-13,1,99.000,,,0
drop_inflight,17,-13,2,99.000,,,0
drop_inflight,17,-13,3,99.000,,,0
drop_inflight,18,-12,0,99.000,,,0
drop_inflight,18,-12,1,99.000,,,0
drop_inflight,18,-12,2,99.000,,,0
drop_inflight,18,-12,3,99.000,,,0
drop_inflight,19,-11,0,99.000,,,0
drop_inflight,19,-11,1,99.000,,,0
drop_inflight,19,-11,2,99.000,,,0
drop_inflight,19,-11,3,99.000,,,0
drop_inflight,20,-10,0,99.000,,,0
drop_inflight,20,-10,1,99.000,,,0
drop_inflight,20,-10,2,99.000,,,0
drop_inflight,20,-10,3,99.000,,,0
drop_inflight,21,-9,0,99.000,,,0
drop_inflight,21,-9,1,99.000,,,0
drop_inflight,21,-9,2,99.000,,,0
drop_inflight,21,-9,3,99.000,,,0
drop_inflight,22,-8,0,99.000,,,0
drop_inflight,22,-8,1,99.000,,,0
drop_inflight,22,-8,2,99.000,,,0
drop_inflight,22,-8,3,99.000,,,0
drop_inflight,23,-7,0,99.000,,,0
drop_inflight,23,-7,1,99.000,,,0
drop_inflight,23,-7,2,99.000,,,0
drop_inflight,23,-7,3,99.000,,,0
drop_inflight,24,-6,0,99.000,,,0
drop_inflight,24,-6,1,99.000,,,0
drop_inflight,24,-6,2,99.000,,,0
drop_inflight,24,-6,3,99.000,,,0
drop_inflight,25,-5,0,99.000,,,0
drop_inflight,25,-5,1,99.000,,,0
drop_inflight,25,-5,2,99.000,,,0
drop_inflight,25,-5,3,99.000,,,0
drop_inflight,26,-4,0,99.000,,,0
drop_inflight,26,-4,1,99.000,,,0
drop_inflight,26,-4,2,99.000,,,0
drop_inflight,26,-4,3,99.000,,,0
drop_inflight,27,-3,0,99.000,,,0
drop_inflight,27,-3,1,99.000,,,0
drop_inflight,27,-3,2,99.000,,,0
drop_inflight,27,-3,3,99.000,,,0
drop_inflight,28,-2,0,99.000,,,0
drop_inflight,28,-2,1,99.000,,,0
drop_inflight,28,-2,2,99.000,,,0
drop_inflight,28,-2,3,99.000,,,0
drop_inflight,29,-1,0,99.000,,,0
drop_inflight,29,-1,1,99.000,,,0
drop_inflight,29,-1,2,99.000,,,0
drop_inflight,29,-1,3,99.000,,,0
drop_inflight,30,0,0,15.935,0.1569,0.5419,0
drop_inflight,30,0,1,10.816,0.0986,0.2819,0
drop_inflight,30,0,2,7.799,0.0799,0.2062,0
drop_inflight,30,0,3,7.225,0.0724,0.1959,0
drop_inflight,31,1,0,19.844,0.2090,0.7045,0
drop_inflight,31,1,1,24.021,0.4861,0.5855,0
drop_inflight,31,1,2,26.037,0.7760,0.3422,0
drop_inflight,31,1,3,26.022,0.8321,0.2510,0
drop_inflight,32,2,0,26.642,0.8350,0.2961,0
drop_inflight,32,2,1,26.596,0.8564,0.3210,0
drop_inflight,32,2,2,26.725,0.8715,0.2796,0
drop_inflight,32,2,3,26.631,0.8738,0.2779,0
drop_inflight,33,3,0,28.878,0.9069,0.2546,0
drop_inflight,33,3,1,29.223,0.9267,0.2688,0
drop_inflight,33,3,2,31.585,0.9307,0.2629,0
drop_inflight,33,3,3,31.361,0.9294,0.2550,0
drop_inflight,34,4,0,32.461,0.9613,0.2114,0
drop_inflight,34,4,1,33.464,0.9671,0.2096,0
drop_inflight,34,4,2,34.287,0.9671,0.2078,0
drop_inflight,34,4,3,34.106,0.9643,0.1958,0
drop_inflight,35,5,0,32.761,0.9666,0.2062,0
drop_inflight,35,5,1,35.686,0.9785,0.2301,0
drop_inflight,35,5,2,36.183,0.9783,0.2269,0
drop_inflight,35,5,3,35.561,0.9763,0.2231,0
drop_inflight,36,6,0,36.692,0.9817,0.2222,0
drop_inflight,36,6,1,37.619,0.9839,0.2386,0
drop_inflight,36,6,2,38.523,0.9848,0.2478,0
drop_inflight,36,6,3,36.165,0.9788,0.2470,0
drop_inflight,37,7,0,38.326,0.9844,0.2387,0
drop_inflight,37,7,1,39.467,0.9887,0.2432,0
drop_inflight,37,7,2,39.358,0.9888,0.2434,0
drop_inflight,37,7,3,37.162,0.9866,0.2492,0
drop_inflight,38,8,0,36.283,0.9855,0.2586,0
drop_inflight,38,8,1,39.470,0.9897,0.2707,0
drop_inflight,38,8,2,39.865,0.9897,0.2766,0
drop_inflight,38,8,3,37.685,0.9870,0.2825,0
drop_inflight,39,9,0,38.782,0.9886,0.2600,0
drop_inflight,39,9,1,38.374,0.9891,0.2614,0
drop_inflight,39,9,2,40.755,0.9906,0.2425,0
drop_inflight,39,9,3,39.056,0.9885,0.2376,0
drop_inflight,40,10,0,41.050,0.9920,0.2173,0
drop_inflight,40,10,1,42.356,0.9933,0.2241,0
drop_inflight,40,10,2,43.363,0.9936,0.2235,0
drop_inflight,40,10,3,40.951,0.9923,0.2211,0
drop_inflight,41,11,0,41.567,0.9921,0.2129,0
drop_inflight,41,11,1,41.176,0.9927,0.2401,0
drop_inflight,41,11,2,44.167,0.9929,0.2470,0
drop_inflight,41,11,3,39.168,0.9907,0.2476,0
drop_inflight,42,12,0,42.295,0.9927,0.2388,0
drop_inflight,42,12,1,41.002,0.9922,0.2511,0
drop_inflight,42,12,2,42.919,0.9932,0.2505,0
drop_inflight,42,12,3,40.763,0.9911,0.2395,0
drop_inflight,43,13,0,42.251,0.9930,0.2364,0
drop_inflight,43,13,1,41.150,0.9923,0.2467,0
drop_inflight,43,13,2,42.114,0.9926,0.2522,0
drop_inflight,43,13,3,39.494,0.9908,0.2554,0
drop_inflight,44,14,0,38.400,0.9890,0.2483,0
drop_inflight,44,14,1,39.878,0.9908,0.2583,0
drop_inflight,44,14,2,40.903,0.9911,0.2544,0
drop_inflight,44,14,3,37.800,0.9855,0.2515,0
drop_inflight,45,15,0,40.135,0.9905,0.2363,0
drop_inflight,45,15,1,42.107,0.9906,0.2341,0
drop_inflight,45,15,2,41.188,0.9902,0.2227,0
drop_inflight,45,15,3,40.111,0.9878,0.2248,0
drop_inflight,46,16,0,41.289,0.9919,0.2173,0
drop_inflight,46,16,1,41.903,0.9926,0.2236,0
drop_inflight,46,16,2,42.013,0.9927,0.2204,0
drop_inflight,46,16,3,39.295,0.9903,0.2180,0
drop_inflight,47,17,0,41.465,0.9914,0.2165,0
drop_inflight,47,17,1,43.752,0.9928,0.2310,0
drop_inflight,47,17,2,43.722,0.9929,0.2323,0
drop_inflight,47,17,3,39.240,0.9901,0.2342,0
drop_inflight,48,18,0,39.769,0.9907,0.2296,0
drop_inflight,48,18,1,40.748,0.9915,0.2440,0
drop_inflight,48,18,2,40.855,0.9921,0.2472,0
drop_inflight,48,18,3,38.483,0.9898,0.2437,0
drop_inflight,49,19,0,36.349,0.9847,0.2495,0
drop_inflight,49,19,1,38.376,0.9875,0.2662,0
drop_inflight,49,19,2,39.202,0.9892,0.2718,0
drop_inflight,49,19,3,37.539,0.9848,0.2735,0
drop_inflight,50,20,0,34.275,0.9802,0.2650,0
drop_inflight,50,20,1,35.143,0.9820,0.2728,0
drop_inflight,50,20,2,34.885,0.9822,0.2742,0
drop_inflight,50,20,3,34.366,0.9800,0.2728,0
drop_inflight,51,21,0,32.038,0.9740,0.2657,0
drop_inflight,51,21,1,36.599,0.9862,0.2662,0
drop_inflight,51,21,2,38.714,0.9866,0.2633,0
drop_inflight,51,21,3,37.506,0.9809,0.2610,0
drop_inflight,52,22,0,36.801,0.9849,0.2462,0
drop_inflight,52,22,1,37.495,0.9882,0.2541,0
drop_inflight,52,22,2,36.916,0.9876,0.2534,0
drop_inflight,52,22,3,36.281,0.9829,0.2515,0
drop_inflight,53,23,0,37.014,0.9848,0.2407,0
drop_inflight,53,23,1,38.797,0.9878,0.2464,0
drop_inflight,53,23,2,38.034,0.9876,0.2387,0
drop_inflight,53,23,3,36.931,0.9861,0.2325,0
drop_inflight,54,24,0,36.615,0.9865,0.2228,0
drop_inflight,54,24,1,37.109,0.9875,0.2356,0
drop_inflight,54,24,2,36.796,0.9863,0.2364,0
drop_inflight,54,24,3,35.028,0.9836,0.2294,0
drop_inflight,55,25,0,33.354,0.9792,0.2245,0
drop_inflight,55,25,1,36.683,0.9860,0.2320,0
drop_inflight,55,25,2,37.457,0.9857,0.2460,0
drop_inflight,55,25,3,35.249,0.9783,0.2547,0
drop_inflight,56,26,0,35.511,0.9809,0.2469,0
drop_inflight,56,26,1,37.692,0.9865,0.2524,0
drop_inflight,56,26,2,38.134,0.9872,0.2494,0
drop_inflight,56,26,3,36.040,0.9810,0.2446,0
drop_inflight,57,27,0,36.985,0.9861,0.2374,0
drop_inflight,57,27,1,38.785,0.9893,0.2435,0
drop_inflight,57,27,2,39.419,0.9894,0.2471,0
drop_inflight,57,27,3,37.806,0.9876,0.2371,0
drop_inflight,58,28,0,37.499,0.9888,0.2325,0
drop_inflight,58,28,1,39.877,0.9902,0.2499,0
drop_inflight,58,28,2,38.565,0.9884,0.2619,0
drop_inflight,58,28,3,36.693,0.9844,0.2637,0
drop_inflight,59,29,0,38.231,0.9886,0.2600,0
drop_inflight,59,29,1,38.293,0.9897,0.2642,0
drop_inflight,59,29,2,38.890,0.9900,0.2703,0
drop_inflight,59,29,3,36.295,0.9851,0.2650,0
drop_inflight,60,30,0,37.317,0.9877,0.2533,0
drop_inflight,60,30,1,38.552,0.9906,0.2605,0
drop_inflight,60,30,2,39.053,0.9902,0.2633,0
drop_inflight,60,30,3,37.901,0.9882,0.2565,0
drop_inflight,61,31,0,38.426,0.9883,0.2475,0
drop_inflight,61,31,1,40.005,0.9896,0.2676,0
drop_inflight,61,31,2,40.282,0.9901,0.2629,0
drop_inflight,61,31,3,36.046,0.9827,0.2567,0
drop_inflight,62,32,0,38.081,0.9854,0.2298,0
drop_inflight,62,32,1,38.271,0.9875,0.2418,0
drop_inflight,62,32,2,38.888,0.9874,0.2931,0
drop_inflight,62,32,3,35.386,0.9814,0.2857,0
drop_inflight,63,33,0,37.943,0.9877,0.2508,0
drop_inflight,63,33,1,42.014,0.9908,0.2648,0
drop_inflight,63,33,2,42.593,0.9904,0.2719,0
drop_inflight,63,33,3,36.874,0.9854,0.2576,0
drop_inflight,64,34,0,41.245,0.9900,0.2425,0
drop_inflight,64,34,1,42.367,0.9935,0.2668,0
drop_inflight,64,34,2,40.645,0.9923,0.2581,0
drop_inflight,64,34,3,38.061,0.9896,0.2475,0
drop_inflight,65,35,0,41.517,0.9916,0.2449,0
drop_inflight,65,35,1,42.088,0.9930,0.2540,0
drop_inflight,65,35,2,42.971,0.9931,0.2617,0
drop_inflight,65,35,3,38.101,0.9892,0.2628,0
drop_inflight,66,36,0,42.268,0.9926,0.2533,0
drop_inflight,66,36,1,42.600,0.9935,0.2576,0
drop_inflight,66,36,2,43.731,0.9930,0.2627,0
drop_inflight,66,36,3,39.452,0.9878,0.2636,0
drop_inflight,67,37,0,42.074,0.9916,0.2468,0
drop_inflight,67,37,1,43.416,0.9937,0.2652,0
drop_inflight,67,37,2,44.118,0.9940,0.2609,0
drop_inflight,67,37,3,38.851,0.9910,0.2569,0
drop_inflight,68,38,0,38.870,0.9888,0.2662,0
drop_inflight,68,38,1,41.782,0.9923,0.2852,0
drop_inflight,68,38,2,41.984,0.9914,0.2779,0
drop_inflight,68,38,3,39.196,0.9890,0.2760,0
drop_inflight,69,39,0,33.700,0.9806,0.2682,0
drop_inflight,69,39,1,38.326,0.9881,0.2733,0
drop_inflight,69,39,2,39.672,0.9879,0.2754,0
drop_inflight,69,39,3,37.166,0.9844,0.2761,0
drop_kv_recent,1,-29,0,99.000,,,0
drop_kv_recent,1,-29,1,99.000,,,0
drop_kv_recent,1,-29,2,99.000,,,0
drop_kv_recent,1,-29,3,99.000,,,0
drop_kv_recent,2,-28,0,99.000,,,0
drop_kv_recent,2,-28,1,99.000,,,0
drop_kv_recent,2,-28,2,99.000,,,0
drop_kv_recent,2,-28,3,99.000,,,0
drop_kv_recent,3,-27,0,99.000,,,0
drop_kv_recent,3,-27,1,99.000,,,0
drop_kv_recent,3,-27,2,99.000,,,0
drop_kv_recent,3,-27,3,99.000,,,0
drop_kv_recent,4,-26,0,99.000,,,0
drop_kv_recent,4,-26,1,99.000,,,0
drop_kv_recent,4,-26,2,99.000,,,0
drop_kv_recent,4,-26,3,99.000,,,0
drop_kv_recent,5,-25,0,99.000,,,0
drop_kv_recent,5,-25,1,99.000,,,0
drop_kv_recent,5,-25,2,99.000,,,0
drop_kv_recent,5,-25,3,99.000,,,0
drop_kv_recent,6,-24,0,99.000,,,0
drop_kv_recent,6,-24,1,99.000,,,0
drop_kv_recent,6,-24,2,99.000,,,0
drop_kv_recent,6,-24,3,99.000,,,0
drop_kv_recent,7,-23,0,99.000,,,0
drop_kv_recent,7,-23,1,99.000,,,0
drop_kv_recent,7,-23,2,99.000,,,0
drop_kv_recent,7,-23,3,99.000,,,0
drop_kv_recent,8,-22,0,99.000,,,0
drop_kv_recent,8,-22,1,99.000,,,0
drop_kv_recent,8,-22,2,99.000,,,0
drop_kv_recent,8,-22,3,99.000,,,0
drop_kv_recent,9,-21,0,99.000,,,0
drop_kv_recent,9,-21,1,99.000,,,0
drop_kv_recent,9,-21,2,99.000,,,0
drop_kv_recent,9,-21,3,99.000,,,0
drop_kv_recent,10,-20,0,99.000,,,0
drop_kv_recent,10,-20,1,99.000,,,0
drop_kv_recent,10,-20,2,99.000,,,0
drop_kv_recent,10,-20,3,99.000,,,0
drop_kv_recent,11,-19,0,99.000,,,0
drop_kv_recent,11,-19,1,99.000,,,0
drop_kv_recent,11,-19,2,99.000,,,0
drop_kv_recent,11,-19,3,99.000,,,0
drop_kv_recent,12,-18,0,99.000,,,0
drop_kv_recent,12,-18,1,99.000,,,0
drop_kv_recent,12,-18,2,99.000,,,0
drop_kv_recent,12,-18,3,99.000,,,0
drop_kv_recent,13,-17,0,99.000,,,0
drop_kv_recent,13,-17,1,99.000,,,0
drop_kv_recent,13,-17,2,99.000,,,0
drop_kv_recent,13,-17,3,99.000,,,0
drop_kv_recent,14,-16,0,99.000,,,0
drop_kv_recent,14,-16,1,99.000,,,0
drop_kv_recent,14,-16,2,99.000,,,0
drop_kv_recent,14,-16,3,99.000,,,0
drop_kv_recent,15,-15,0,99.000,,,0
drop_kv_recent,15,-15,1,99.000,,,0
drop_kv_recent,15,-15,2,99.000,,,0
drop_kv_recent,15,-15,3,99.000,,,0
drop_kv_recent,16,-14,0,99.000,,,0
drop_kv_recent,16,-14,1,99.000,,,0
drop_kv_recent,16,-14,2,99.000,,,0
drop_kv_recent,16,-14,3,99.000,,,0
drop_kv_recent,17,-13,0,99.000,,,0
drop_kv_recent,17,-13,1,99.000,,,0
drop_kv_recent,17,-13,2,99.000,,,0
drop_kv_recent,17,-13,3,99.000,,,0
drop_kv_recent,18,-12,0,99.000,,,0
drop_kv_recent,18,-12,1,99.000,,,0
drop_kv_recent,18,-12,2,99.000,,,0
drop_kv_recent,18,-12,3,99.000,,,0
drop_kv_recent,19,-11,0,99.000,,,0
drop_kv_recent,19,-11,1,99.000,,,0
drop_kv_recent,19,-11,2,99.000,,,0
drop_kv_recent,19,-11,3,99.000,,,0
drop_kv_recent,20,-10,0,99.000,,,0
drop_kv_recent,20,-10,1,99.000,,,0
drop_kv_recent,20,-10,2,99.000,,,0
drop_kv_recent,20,-10,3,99.000,,,0
drop_kv_recent,21,-9,0,99.000,,,0
drop_kv_recent,21,-9,1,99.000,,,0
drop_kv_recent,21,-9,2,99.000,,,0
drop_kv_recent,21,-9,3,99.000,,,0
drop_kv_recent,22,-8,0,99.000,,,0
drop_kv_recent,22,-8,1,99.000,,,0
drop_kv_recent,22,-8,2,99.000,,,0
drop_kv_recent,22,-8,3,99.000,,,0
drop_kv_recent,23,-7,0,99.000,,,0
drop_kv_recent,23,-7,1,99.000,,,0
drop_kv_recent,23,-7,2,99.000,,,0
drop_kv_recent,23,-7,3,99.000,,,0
drop_kv_recent,24,-6,0,99.000,,,0
drop_kv_recent,24,-6,1,99.000,,,0
drop_kv_recent,24,-6,2,99.000,,,0
drop_kv_recent,24,-6,3,99.000,,,0
drop_kv_recent,25,-5,0,99.000,,,0
drop_kv_recent,25,-5,1,99.000,,,0
drop_kv_recent,25,-5,2,99.000,,,0
drop_kv_recent,25,-5,3,99.000,,,0
drop_kv_recent,26,-4,0,99.000,,,0
drop_kv_recent,26,-4,1,99.000,,,0
drop_kv_recent,26,-4,2,99.000,,,0
drop_kv_recent,26,-4,3,99.000,,,0
drop_kv_recent,27,-3,0,99.000,,,0
drop_kv_recent,27,-3,1,99.000,,,0
drop_kv_recent,27,-3,2,99.000,,,0
drop_kv_recent,27,-3,3,99.000,,,0
drop_kv_recent,28,-2,0,99.000,,,0
drop_kv_recent,28,-2,1,99.000,,,0
drop_kv_recent,28,-2,2,99.000,,,0
drop_kv_recent,28,-2,3,99.000,,,0
drop_kv_recent,29,-1,0,99.000,,,0
drop_kv_recent,29,-1,1,99.000,,,0
drop_kv_recent,29,-1,2,99.000,,,0
drop_kv_recent,29,-1,3,99.000,,,0
drop_kv_recent,30,0,0,23.225,0.8418,0.2983,0
drop_kv_recent,30,0,1,25.807,0.8077,0.3561,0
drop_kv_recent,30,0,2,24.541,0.7210,0.4152,0
drop_kv_recent,30,0,3,23.666,0.7066,0.4037,0
drop_kv_recent,31,1,0,23.491,0.8086,0.3003,0
drop_kv_recent,31,1,1,21.274,0.8339,0.2687,0
drop_kv_recent,31,1,2,22.424,0.8501,0.2547,0
drop_kv_recent,31,1,3,22.059,0.8331,0.2554,0
drop_kv_recent,32,2,0,23.501,0.8731,0.2195,0
drop_kv_recent,32,2,1,23.909,0.9016,0.2258,0
drop_kv_recent,32,2,2,24.995,0.9023,0.2116,0
drop_kv_recent,32,2,3,26.519,0.9045,0.2046,0
drop_kv_recent,33,3,0,26.501,0.9237,0.2012,0
drop_kv_recent,33,3,1,27.186,0.9395,0.2291,0
drop_kv_recent,33,3,2,29.115,0.9473,0.2226,0
drop_kv_recent,33,3,3,28.196,0.9465,0.2073,0
drop_kv_recent,34,4,0,29.943,0.9598,0.2000,0
drop_kv_recent,34,4,1,31.343,0.9659,0.2119,0
drop_kv_recent,34,4,2,31.439,0.9662,0.2178,0
drop_kv_recent,34,4,3,30.360,0.9614,0.2098,0
drop_kv_recent,35,5,0,32.259,0.9712,0.2111,0
drop_kv_recent,35,5,1,32.724,0.9736,0.2365,0
drop_kv_recent,35,5,2,33.311,0.9739,0.2357,0
drop_kv_recent,35,5,3,33.031,0.9709,0.2333,0
drop_kv_recent,36,6,0,34.196,0.9778,0.2254,0
drop_kv_recent,36,6,1,33.475,0.9773,0.2417,0
drop_kv_recent,36,6,2,34.570,0.9788,0.2505,0
drop_kv_recent,36,6,3,33.458,0.9718,0.2487,0
drop_kv_recent,37,7,0,34.930,0.9804,0.2380,0
drop_kv_recent,37,7,1,33.291,0.9807,0.2461,0
drop_kv_recent,37,7,2,33.036,0.9805,0.2463,0
drop_kv_recent,37,7,3,31.680,0.9779,0.2538,0
drop_kv_recent,38,8,0,35.856,0.9843,0.2566,0
drop_kv_recent,38,8,1,36.944,0.9846,0.2717,0
drop_kv_recent,38,8,2,38.137,0.9866,0.2793,0
drop_kv_recent,38,8,3,34.733,0.9820,0.2853,0
drop_kv_recent,39,9,0,37.402,0.9877,0.2571,0
drop_kv_recent,39,9,1,36.343,0.9864,0.2577,0
drop_kv_recent,39,9,2,38.464,0.9895,0.2394,0
drop_kv_recent,39,9,3,37.996,0.9878,0.2349,0
drop_kv_recent,40,10,0,41.014,0.9927,0.2140,0
drop_kv_recent,40,10,1,41.577,0.9939,0.2207,0
drop_kv_recent,40,10,2,42.904,0.9940,0.2209,0
drop_kv_recent,40,10,3,40.257,0.9928,0.2186,0
drop_kv_recent,41,11,0,41.800,0.9938,0.2075,0
drop_kv_recent,41,11,1,40.346,0.9929,0.2363,0
drop_kv_recent,41,11,2,38.603,0.9910,0.2431,0
drop_kv_recent,41,11,3,35.053,0.9866,0.2451,0
drop_kv_recent,42,12,0,38.608,0.9923,0.2334,0
drop_kv_recent,42,12,1,38.752,0.9912,0.2466,0
drop_kv_recent,42,12,2,39.220,0.9912,0.2462,0
drop_kv_recent,42,12,3,38.060,0.9892,0.2347,0
drop_kv_recent,43,13,0,40.042,0.9921,0.2313,0
drop_kv_recent,43,13,1,39.446,0.9917,0.2452,0
drop_kv_recent,43,13,2,38.545,0.9908,0.2509,0
drop_kv_recent,43,13,3,37.866,0.9894,0.2552,0
drop_kv_recent,44,14,0,39.181,0.9909,0.2440,0
drop_kv_recent,44,14,1,36.162,0.9874,0.2549,0
drop_kv_recent,44,14,2,35.587,0.9850,0.2506,0
drop_kv_recent,44,14,3,33.583,0.9776,0.2501,0
drop_kv_recent,45,15,0,37.361,0.9879,0.2306,0
drop_kv_recent,45,15,1,38.001,0.9891,0.2267,0
drop_kv_recent,45,15,2,34.371,0.9856,0.2172,0
drop_kv_recent,45,15,3,33.818,0.9838,0.2200,0
drop_kv_recent,46,16,0,37.347,0.9904,0.2129,0
drop_kv_recent,46,16,1,34.688,0.9907,0.2189,0
drop_kv_recent,46,16,2,35.839,0.9903,0.2162,0
drop_kv_recent,46,16,3,36.206,0.9882,0.2140,0
drop_kv_recent,47,17,0,40.102,0.9914,0.2105,0
drop_kv_recent,47,17,1,38.738,0.9892,0.2247,0
drop_kv_recent,47,17,2,38.483,0.9889,0.2261,0
drop_kv_recent,47,17,3,35.149,0.9844,0.2284,0
drop_kv_recent,48,18,0,36.313,0.9865,0.2236,0
drop_kv_recent,48,18,1,35.928,0.9853,0.2392,0
drop_kv_recent,48,18,2,35.192,0.9865,0.2423,0
drop_kv_recent,48,18,3,34.839,0.9830,0.2387,0
drop_kv_recent,49,19,0,35.789,0.9849,0.2425,0
drop_kv_recent,49,19,1,35.669,0.9851,0.2618,0
drop_kv_recent,49,19,2,37.836,0.9874,0.2690,0
drop_kv_recent,49,19,3,35.450,0.9801,0.2710,0
drop_kv_recent,50,20,0,35.921,0.9849,0.2604,0
drop_kv_recent,50,20,1,35.939,0.9857,0.2682,0
drop_kv_recent,50,20,2,35.185,0.9844,0.2706,0
drop_kv_recent,50,20,3,33.292,0.9791,0.2714,0
drop_kv_recent,51,21,0,35.428,0.9847,0.2603,0
drop_kv_recent,51,21,1,35.794,0.9861,0.2617,0
drop_kv_recent,51,21,2,38.227,0.9871,0.2580,0
drop_kv_recent,51,21,3,36.269,0.9797,0.2566,0
drop_kv_recent,52,22,0,38.692,0.9883,0.2405,0
drop_kv_recent,52,22,1,37.511,0.9899,0.2510,0
drop_kv_recent,52,22,2,36.307,0.9885,0.2501,0
drop_kv_recent,52,22,3,34.400,0.9827,0.2486,0
drop_kv_recent,53,23,0,38.782,0.9898,0.2359,0
drop_kv_recent,53,23,1,37.243,0.9886,0.2428,0
drop_kv_recent,53,23,2,37.167,0.9879,0.2366,0
drop_kv_recent,53,23,3,35.587,0.9863,0.2311,0
drop_kv_recent,54,24,0,37.207,0.9897,0.2188,0
drop_kv_recent,54,24,1,35.772,0.9881,0.2339,0
drop_kv_recent,54,24,2,36.493,0.9887,0.2344,0
drop_kv_recent,54,24,3,34.578,0.9852,0.2282,0
drop_kv_recent,55,25,0,38.765,0.9913,0.2195,0
drop_kv_recent,55,25,1,38.281,0.9914,0.2266,0
drop_kv_recent,55,25,2,39.185,0.9907,0.2423,0
drop_kv_recent,55,25,3,35.927,0.9841,0.2513,0
drop_kv_recent,56,26,0,40.052,0.9920,0.2399,0
drop_kv_recent,56,26,1,40.249,0.9928,0.2483,0
drop_kv_recent,56,26,2,39.563,0.9915,0.2464,0
drop_kv_recent,56,26,3,37.200,0.9865,0.2409,0
drop_kv_recent,57,27,0,40.657,0.9930,0.2323,0
drop_kv_recent,57,27,1,40.991,0.9935,0.2396,0
drop_kv_recent,57,27,2,39.722,0.9922,0.2436,0
drop_kv_recent,57,27,3,37.567,0.9894,0.2337,0
drop_kv_recent,58,28,0,40.159,0.9935,0.2280,0
drop_kv_recent,58,28,1,37.953,0.9915,0.2460,0
drop_kv_recent,58,28,2,37.770,0.9906,0.2601,0
drop_kv_recent,58,28,3,36.405,0.9857,0.2615,0
drop_kv_recent,59,29,0,39.773,0.9915,0.2575,0
drop_kv_recent,59,29,1,38.437,0.9908,0.2620,0
drop_kv_recent,59,29,2,38.475,0.9911,0.2683,0
drop_kv_recent,59,29,3,35.661,0.9865,0.2641,0
drop_kv_recent,60,30,0,38.173,0.9907,0.2504,0
drop_kv_recent,60,30,1,37.500,0.9908,0.2592,0
drop_kv_recent,60,30,2,38.026,0.9910,0.2624,0
drop_kv_recent,60,30,3,37.168,0.9887,0.2567,0
drop_kv_recent,61,31,0,39.001,0.9914,0.2455,0
drop_kv_recent,61,31,1,36.884,0.9890,0.2671,0
drop_kv_recent,61,31,2,37.969,0.9902,0.2637,0
drop_kv_recent,61,31,3,36.015,0.9847,0.2570,0
drop_kv_recent,62,32,0,39.094,0.9892,0.2268,0
drop_kv_recent,62,32,1,38.881,0.9904,0.2396,0
drop_kv_recent,62,32,2,39.943,0.9884,0.2955,0
drop_kv_recent,62,32,3,35.513,0.9818,0.2877,0
drop_kv_recent,63,33,0,39.799,0.9904,0.2498,0
drop_kv_recent,63,33,1,39.794,0.9908,0.2609,0
drop_kv_recent,63,33,2,40.005,0.9908,0.2690,0
drop_kv_recent,63,33,3,35.108,0.9840,0.2550,0
drop_kv_recent,64,34,0,38.530,0.9892,0.2396,0
drop_kv_recent,64,34,1,39.493,0.9922,0.2657,0
drop_kv_recent,64,34,2,38.160,0.9911,0.2580,0
drop_kv_recent,64,34,3,36.101,0.9886,0.2470,0
drop_kv_recent,65,35,0,40.225,0.9919,0.2421,0
drop_kv_recent,65,35,1,39.623,0.9917,0.2517,0
drop_kv_recent,65,35,2,40.308,0.9915,0.2621,0
drop_kv_recent,65,35,3,36.967,0.9879,0.2632,0
drop_kv_recent,66,36,0,41.072,0.9928,0.2510,0
drop_kv_recent,66,36,1,40.928,0.9924,0.2567,0
drop_kv_recent,66,36,2,42.844,0.9919,0.2622,0
drop_kv_recent,66,36,3,39.198,0.9883,0.2626,0
drop_kv_recent,67,37,0,41.042,0.9921,0.2426,0
drop_kv_recent,67,37,1,41.625,0.9930,0.2621,0
drop_kv_recent,67,37,2,42.446,0.9936,0.2600,0
drop_kv_recent,67,37,3,34.911,0.9893,0.2558,0
drop_kv_recent,68,38,0,41.769,0.9926,0.2628,0
drop_kv_recent,68,38,1,42.594,0.9937,0.2836,0
drop_kv_recent,68,38,2,41.877,0.9925,0.2761,0
drop_kv_recent,68,38,3,39.389,0.9896,0.2734,0
drop_kv_recent,69,39,0,39.716,0.9907,0.2624,0
drop_kv_recent,69,39,1,36.841,0.9883,0.2690,0
drop_kv_recent,69,39,2,38.930,0.9890,0.2729,0
drop_kv_recent,69,39,3,36.651,0.9855,0.2750,0
drop_vae_all,1,-29,0,99.000,,,0
drop_vae_all,1,-29,1,99.000,,,0
drop_vae_all,1,-29,2,99.000,,,0
drop_vae_all,1,-29,3,99.000,,,0
drop_vae_all,2,-28,0,99.000,,,0
drop_vae_all,2,-28,1,99.000,,,0
drop_vae_all,2,-28,2,99.000,,,0
drop_vae_all,2,-28,3,99.000,,,0
drop_vae_all,3,-27,0,99.000,,,0
drop_vae_all,3,-27,1,99.000,,,0
drop_vae_all,3,-27,2,99.000,,,0
drop_vae_all,3,-27,3,99.000,,,0
drop_vae_all,4,-26,0,99.000,,,0
drop_vae_all,4,-26,1,99.000,,,0
drop_vae_all,4,-26,2,99.000,,,0
drop_vae_all,4,-26,3,99.000,,,0
drop_vae_all,5,-25,0,99.000,,,0
drop_vae_all,5,-25,1,99.000,,,0
drop_vae_all,5,-25,2,99.000,,,0
drop_vae_all,5,-25,3,99.000,,,0
drop_vae_all,6,-24,0,99.000,,,0
drop_vae_all,6,-24,1,99.000,,,0
drop_vae_all,6,-24,2,99.000,,,0
drop_vae_all,6,-24,3,99.000,,,0
drop_vae_all,7,-23,0,99.000,,,0
drop_vae_all,7,-23,1,99.000,,,0
drop_vae_all,7,-23,2,99.000,,,0
drop_vae_all,7,-23,3,99.000,,,0
drop_vae_all,8,-22,0,99.000,,,0
drop_vae_all,8,-22,1,99.000,,,0
drop_vae_all,8,-22,2,99.000,,,0
drop_vae_all,8,-22,3,99.000,,,0
drop_vae_all,9,-21,0,99.000,,,0
drop_vae_all,9,-21,1,99.000,,,0
drop_vae_all,9,-21,2,99.000,,,0
drop_vae_all,9,-21,3,99.000,,,0
drop_vae_all,10,-20,0,99.000,,,0
drop_vae_all,10,-20,1,99.000,,,0
drop_vae_all,10,-20,2,99.000,,,0
drop_vae_all,10,-20,3,99.000,,,0
drop_vae_all,11,-19,0,99.000,,,0
drop_vae_all,11,-19,1,99.000,,,0
drop_vae_all,11,-19,2,99.000,,,0
drop_vae_all,11,-19,3,99.000,,,0
drop_vae_all,12,-18,0,99.000,,,0
drop_vae_all,12,-18,1,99.000,,,0
drop_vae_all,12,-18,2,99.000,,,0
drop_vae_all,12,-18,3,99.000,,,0
drop_vae_all,13,-17,0,99.000,,,0
drop_vae_all,13,-17,1,99.000,,,0
drop_vae_all,13,-17,2,99.000,,,0
drop_vae_all,13,-17,3,99.000,,,0
drop_vae_all,14,-16,0,99.000,,,0
drop_vae_all,14,-16,1,99.000,,,0
drop_vae_all,14,-16,2,99.000,,,0
drop_vae_all,14,-16,3,99.000,,,0
drop_vae_all,15,-15,0,99.000,,,0
drop_vae_all,15,-15,1,99.000,,,0
drop_vae_all,15,-15,2,99.000,,,0
drop_vae_all,15,-15,3,99.000,,,0
drop_vae_all,16,-14,0,99.000,,,0
drop_vae_all,16,-14,1,99.000,,,0
drop_vae_all,16,-14,2,99.000,,,0
drop_vae_all,16,-14,3,99.000,,,0
drop_vae_all,17,-13,0,99.000,,,0
drop_vae_all,17,-13,1,99.000,,,0
drop_vae_all,17,-13,2,99.000,,,0
drop_vae_all,17,-13,3,99.000,,,0
drop_vae_all,18,-12,0,99.000,,,0
drop_vae_all,18,-12,1,99.000,,,0
drop_vae_all,18,-12,2,99.000,,,0
drop_vae_all,18,-12,3,99.000,,,0
drop_vae_all,19,-11,0,99.000,,,0
drop_vae_all,19,-11,1,99.000,,,0
drop_vae_all,19,-11,2,99.000,,,0
drop_vae_all,19,-11,3,99.000,,,0
drop_vae_all,20,-10,0,99.000,,,0
drop_vae_all,20,-10,1,99.000,,,0
drop_vae_all,20,-10,2,99.000,,,0
drop_vae_all,20,-10,3,99.000,,,0
drop_vae_all,21,-9,0,99.000,,,0
drop_vae_all,21,-9,1,99.000,,,0
drop_vae_all,21,-9,2,99.000,,,0
drop_vae_all,21,-9,3,99.000,,,0
drop_vae_all,22,-8,0,99.000,,,0
drop_vae_all,22,-8,1,99.000,,,0
drop_vae_all,22,-8,2,99.000,,,0
drop_vae_all,22,-8,3,99.000,,,0
drop_vae_all,23,-7,0,99.000,,,0
drop_vae_all,23,-7,1,99.000,,,0
drop_vae_all,23,-7,2,99.000,,,0
drop_vae_all,23,-7,3,99.000,,,0
drop_vae_all,24,-6,0,99.000,,,0
drop_vae_all,24,-6,1,99.000,,,0
drop_vae_all,24,-6,2,99.000,,,0
drop_vae_all,24,-6,3,99.000,,,0
drop_vae_all,25,-5,0,99.000,,,0
drop_vae_all,25,-5,1,99.000,,,0
drop_vae_all,25,-5,2,99.000,,,0
drop_vae_all,25,-5,3,99.000,,,0
drop_vae_all,26,-4,0,99.000,,,0
drop_vae_all,26,-4,1,99.000,,,0
drop_vae_all,26,-4,2,99.000,,,0
drop_vae_all,26,-4,3,99.000,,,0
drop_vae_all,27,-3,0,99.000,,,0
drop_vae_all,27,-3,1,99.000,,,0
drop_vae_all,27,-3,2,99.000,,,0
drop_vae_all,27,-3,3,99.000,,,0
drop_vae_all,28,-2,0,99.000,,,0
drop_vae_all,28,-2,1,99.000,,,0
drop_vae_all,28,-2,2,99.000,,,0
drop_vae_all,28,-2,3,99.000,,,0
drop_vae_all,29,-1,0,99.000,,,0
drop_vae_all,29,-1,1,99.000,,,0
drop_vae_all,29,-1,2,99.000,,,0
drop_vae_all,29,-1,3,99.000,,,0
drop_vae_all,30,0,0,17.844,0.2308,0.6103,0
drop_vae_all,30,0,1,19.648,0.2752,0.6427,0
drop_vae_all,30,0,2,22.670,0.4084,0.5460,0
drop_vae_all,30,0,3,24.298,0.5135,0.4460,0
drop_vae_all,31,1,0,27.444,0.8585,0.1556,0
drop_vae_all,31,1,1,21.881,0.7598,0.3337,0
drop_vae_all,31,1,2,22.684,0.8251,0.3027,0
drop_vae_all,31,1,3,21.039,0.7861,0.3194,0
drop_vae_all,32,2,0,21.771,0.7951,0.3138,0
drop_vae_all,32,2,1,23.528,0.8645,0.2923,0
drop_vae_all,32,2,2,22.564,0.6639,0.4743,0
drop_vae_all,32,2,3,23.455,0.6556,0.4700,0
drop_vae_all,33,3,0,24.278,0.8587,0.2982,0
drop_vae_all,33,3,1,27.147,0.9280,0.2451,0
drop_vae_all,33,3,2,29.860,0.9416,0.2249,0
drop_vae_all,33,3,3,29.982,0.9426,0.2087,0
drop_vae_all,34,4,0,31.719,0.9584,0.2095,0
drop_vae_all,34,4,1,33.054,0.9650,0.2166,0
drop_vae_all,34,4,2,32.843,0.9666,0.2160,0
drop_vae_all,34,4,3,33.319,0.9657,0.2117,0
drop_vae_all,35,5,0,34.470,0.9732,0.2174,0
drop_vae_all,35,5,1,33.092,0.9703,0.2455,0
drop_vae_all,35,5,2,34.142,0.9705,0.2461,0
drop_vae_all,35,5,3,33.617,0.9666,0.2433,0
drop_vae_all,36,6,0,35.573,0.9763,0.2295,0
drop_vae_all,36,6,1,35.004,0.9756,0.2440,0
drop_vae_all,36,6,2,35.442,0.9759,0.2535,0
drop_vae_all,36,6,3,33.544,0.9681,0.2517,0
drop_vae_all,37,7,0,33.402,0.9758,0.2383,0
drop_vae_all,37,7,1,32.762,0.9779,0.2435,0
drop_vae_all,37,7,2,32.308,0.9772,0.2461,0
drop_vae_all,37,7,3,31.715,0.9753,0.2543,0
drop_vae_all,38,8,0,34.191,0.9790,0.2556,0
drop_vae_all,38,8,1,34.054,0.9776,0.2703,0
drop_vae_all,38,8,2,34.682,0.9779,0.2789,0
drop_vae_all,38,8,3,33.106,0.9737,0.2865,0
drop_vae_all,39,9,0,33.999,0.9808,0.2542,0
drop_vae_all,39,9,1,34.640,0.9799,0.2563,0
drop_vae_all,39,9,2,37.314,0.9851,0.2385,0
drop_vae_all,39,9,3,36.026,0.9824,0.2343,0
drop_vae_all,40,10,0,38.218,0.9880,0.2136,0
drop_vae_all,40,10,1,39.050,0.9898,0.2216,0
drop_vae_all,40,10,2,40.268,0.9903,0.2216,0
drop_vae_all,40,10,3,38.916,0.9892,0.2202,0
drop_vae_all,41,11,0,38.341,0.9891,0.2090,0
drop_vae_all,41,11,1,37.193,0.9881,0.2380,0
drop_vae_all,41,11,2,36.659,0.9865,0.2465,0
drop_vae_all,41,11,3,34.082,0.9802,0.2492,0
drop_vae_all,42,12,0,34.838,0.9852,0.2367,0
drop_vae_all,42,12,1,34.302,0.9851,0.2499,0
drop_vae_all,42,12,2,34.265,0.9848,0.2495,0
drop_vae_all,42,12,3,33.793,0.9819,0.2390,0
drop_vae_all,43,13,0,35.740,0.9868,0.2339,0
drop_vae_all,43,13,1,36.550,0.9871,0.2464,0
drop_vae_all,43,13,2,36.710,0.9881,0.2516,0
drop_vae_all,43,13,3,36.530,0.9858,0.2560,0
drop_vae_all,44,14,0,35.180,0.9850,0.2440,0
drop_vae_all,44,14,1,34.537,0.9821,0.2555,0
drop_vae_all,44,14,2,34.250,0.9803,0.2490,0
drop_vae_all,44,14,3,31.667,0.9723,0.2481,0
drop_vae_all,45,15,0,35.783,0.9832,0.2292,0
drop_vae_all,45,15,1,35.275,0.9846,0.2239,0
drop_vae_all,45,15,2,32.705,0.9805,0.2150,0
drop_vae_all,45,15,3,31.819,0.9775,0.2173,0
drop_vae_all,46,16,0,35.532,0.9870,0.2102,0
drop_vae_all,46,16,1,34.801,0.9873,0.2160,0
drop_vae_all,46,16,2,35.566,0.9868,0.2135,0
drop_vae_all,46,16,3,35.247,0.9851,0.2123,0
drop_vae_all,47,17,0,37.635,0.9868,0.2089,0
drop_vae_all,47,17,1,36.307,0.9835,0.2230,0
drop_vae_all,47,17,2,36.930,0.9851,0.2252,0
drop_vae_all,47,17,3,33.680,0.9790,0.2272,0
drop_vae_all,48,18,0,33.693,0.9796,0.2222,0
drop_vae_all,48,18,1,31.582,0.9759,0.2376,0
drop_vae_all,48,18,2,31.551,0.9766,0.2412,0
drop_vae_all,48,18,3,31.393,0.9726,0.2371,0
drop_vae_all,49,19,0,32.433,0.9760,0.2398,0
drop_vae_all,49,19,1,34.250,0.9807,0.2571,0
drop_vae_all,49,19,2,34.249,0.9810,0.2642,0
drop_vae_all,49,19,3,33.218,0.9748,0.2660,0
drop_vae_all,50,20,0,33.268,0.9780,0.2547,0
drop_vae_all,50,20,1,33.302,0.9794,0.2611,0
drop_vae_all,50,20,2,34.189,0.9801,0.2629,0
drop_vae_all,50,20,3,32.016,0.9753,0.2638,0
drop_vae_all,51,21,0,32.551,0.9779,0.2519,0
drop_vae_all,51,21,1,33.355,0.9782,0.2535,0
drop_vae_all,51,21,2,35.239,0.9828,0.2503,0
drop_vae_all,51,21,3,34.805,0.9755,0.2476,0
drop_vae_all,52,22,0,35.770,0.9832,0.2348,0
drop_vae_all,52,22,1,35.539,0.9849,0.2466,0
drop_vae_all,52,22,2,34.902,0.9846,0.2475,0
drop_vae_all,52,22,3,33.472,0.9785,0.2454,0
drop_vae_all,53,23,0,33.596,0.9804,0.2342,0
drop_vae_all,53,23,1,33.119,0.9780,0.2405,0
drop_vae_all,53,23,2,34.954,0.9818,0.2374,0
drop_vae_all,53,23,3,32.255,0.9763,0.2322,0
drop_vae_all,54,24,0,32.432,0.9788,0.2214,0
drop_vae_all,54,24,1,32.197,0.9787,0.2344,0
drop_vae_all,54,24,2,32.489,0.9764,0.2354,0
drop_vae_all,54,24,3,31.990,0.9757,0.2301,0
drop_vae_all,55,25,0,33.939,0.9833,0.2224,0
drop_vae_all,55,25,1,33.806,0.9831,0.2295,0
drop_vae_all,55,25,2,33.907,0.9826,0.2445,0
drop_vae_all,55,25,3,33.409,0.9762,0.2548,0
drop_vae_all,56,26,0,35.745,0.9839,0.2433,0
drop_vae_all,56,26,1,36.034,0.9849,0.2516,0
drop_vae_all,56,26,2,37.056,0.9860,0.2487,0
drop_vae_all,56,26,3,35.786,0.9811,0.2436,0
drop_vae_all,57,27,0,37.498,0.9888,0.2343,0
drop_vae_all,57,27,1,38.088,0.9902,0.2414,0
drop_vae_all,57,27,2,36.456,0.9882,0.2448,0
drop_vae_all,57,27,3,35.780,0.9863,0.2347,0
drop_vae_all,58,28,0,36.592,0.9895,0.2297,0
drop_vae_all,58,28,1,35.890,0.9870,0.2470,0
drop_vae_all,58,28,2,37.532,0.9884,0.2603,0
drop_vae_all,58,28,3,36.648,0.9845,0.2621,0
drop_vae_all,59,29,0,36.648,0.9868,0.2582,0
drop_vae_all,59,29,1,36.448,0.9869,0.2616,0
drop_vae_all,59,29,2,36.293,0.9878,0.2677,0
drop_vae_all,59,29,3,33.699,0.9819,0.2643,0
drop_vae_all,60,30,0,33.631,0.9815,0.2500,0
drop_vae_all,60,30,1,32.909,0.9824,0.2581,0
drop_vae_all,60,30,2,32.743,0.9821,0.2610,0
drop_vae_all,60,30,3,32.554,0.9810,0.2570,0
drop_vae_all,61,31,0,35.132,0.9840,0.2446,0
drop_vae_all,61,31,1,36.013,0.9862,0.2659,0
drop_vae_all,61,31,2,35.974,0.9867,0.2638,0
drop_vae_all,61,31,3,36.122,0.9834,0.2575,0
drop_vae_all,62,32,0,37.223,0.9864,0.2268,0
drop_vae_all,62,32,1,37.038,0.9868,0.2398,0
drop_vae_all,62,32,2,39.564,0.9875,0.2938,0
drop_vae_all,62,32,3,35.719,0.9815,0.2858,0
drop_vae_all,63,33,0,38.550,0.9891,0.2488,0
drop_vae_all,63,33,1,38.956,0.9901,0.2598,0
drop_vae_all,63,33,2,39.757,0.9896,0.2687,0
drop_vae_all,63,33,3,36.811,0.9853,0.2549,0
drop_vae_all,64,34,0,38.759,0.9886,0.2401,0
drop_vae_all,64,34,1,36.544,0.9878,0.2654,0
drop_vae_all,64,34,2,36.639,0.9877,0.2582,0
drop_vae_all,64,34,3,34.761,0.9852,0.2472,0
drop_vae_all,65,35,0,38.092,0.9886,0.2431,0
drop_vae_all,65,35,1,36.818,0.9882,0.2528,0
drop_vae_all,65,35,2,36.748,0.9876,0.2630,0
drop_vae_all,65,35,3,35.556,0.9840,0.2644,0
drop_vae_all,66,36,0,37.089,0.9882,0.2515,0
drop_vae_all,66,36,1,37.214,0.9883,0.2566,0
drop_vae_all,66,36,2,39.798,0.9896,0.2610,0
drop_vae_all,66,36,3,37.023,0.9858,0.2616,0
drop_vae_all,67,37,0,37.938,0.9879,0.2408,0
drop_vae_all,67,37,1,38.983,0.9892,0.2597,0
drop_vae_all,67,37,2,38.971,0.9898,0.2571,0
drop_vae_all,67,37,3,35.427,0.9849,0.2538,0
drop_vae_all,68,38,0,37.890,0.9876,0.2601,0
drop_vae_all,68,38,1,38.787,0.9893,0.2799,0
drop_vae_all,68,38,2,40.648,0.9903,0.2738,0
drop_vae_all,68,38,3,39.104,0.9884,0.2711,0
drop_vae_all,69,39,0,38.388,0.9886,0.2607,0
drop_vae_all,69,39,1,37.170,0.9890,0.2668,0
drop_vae_all,69,39,2,38.964,0.9893,0.2704,0
drop_vae_all,69,39,3,37.122,0.9861,0.2731,0
ph_zero_8,1,-29,0,99.000,,,0
ph_zero_8,1,-29,1,99.000,,,0
ph_zero_8,1,-29,2,99.000,,,0
ph_zero_8,1,-29,3,99.000,,,0
ph_zero_8,2,-28,0,99.000,,,0
ph_zero_8,2,-28,1,99.000,,,0
ph_zero_8,2,-28,2,99.000,,,0
ph_zero_8,2,-28,3,99.000,,,0
ph_zero_8,3,-27,0,99.000,,,0
ph_zero_8,3,-27,1,99.000,,,0
ph_zero_8,3,-27,2,99.000,,,0
ph_zero_8,3,-27,3,99.000,,,0
ph_zero_8,4,-26,0,99.000,,,0
ph_zero_8,4,-26,1,99.000,,,0
ph_zero_8,4,-26,2,99.000,,,0
ph_zero_8,4,-26,3,99.000,,,0
ph_zero_8,5,-25,0,99.000,,,0
ph_zero_8,5,-25,1,99.000,,,0
ph_zero_8,5,-25,2,99.000,,,0
ph_zero_8,5,-25,3,99.000,,,0
ph_zero_8,6,-24,0,99.000,,,0
ph_zero_8,6,-24,1,99.000,,,0
ph_zero_8,6,-24,2,99.000,,,0
ph_zero_8,6,-24,3,99.000,,,0
ph_zero_8,7,-23,0,99.000,,,0
ph_zero_8,7,-23,1,99.000,,,0
ph_zero_8,7,-23,2,99.000,,,0
ph_zero_8,7,-23,3,99.000,,,0
ph_zero_8,8,-22,0,99.000,,,0
ph_zero_8,8,-22,1,99.000,,,0
ph_zero_8,8,-22,2,99.000,,,0
ph_zero_8,8,-22,3,99.000,,,0
ph_zero_8,9,-21,0,99.000,,,0
ph_zero_8,9,-21,1,99.000,,,0
ph_zero_8,9,-21,2,99.000,,,0
ph_zero_8,9,-21,3,99.000,,,0
ph_zero_8,10,-20,0,99.000,,,0
ph_zero_8,10,-20,1,99.000,,,0
ph_zero_8,10,-20,2,99.000,,,0
ph_zero_8,10,-20,3,99.000,,,0
ph_zero_8,11,-19,0,99.000,,,0
ph_zero_8,11,-19,1,99.000,,,0
ph_zero_8,11,-19,2,99.000,,,0
ph_zero_8,11,-19,3,99.000,,,0
ph_zero_8,12,-18,0,99.000,,,0
ph_zero_8,12,-18,1,99.000,,,0
ph_zero_8,12,-18,2,99.000,,,0
ph_zero_8,12,-18,3,99.000,,,0
ph_zero_8,13,-17,0,99.000,,,0
ph_zero_8,13,-17,1,99.000,,,0
ph_zero_8,13,-17,2,99.000,,,0
ph_zero_8,13,-17,3,99.000,,,0
ph_zero_8,14,-16,0,99.000,,,0
ph_zero_8,14,-16,1,99.000,,,0
ph_zero_8,14,-16,2,99.000,,,0
ph_zero_8,14,-16,3,99.000,,,0
ph_zero_8,15,-15,0,99.000,,,0
ph_zero_8,15,-15,1,99.000,,,0
ph_zero_8,15,-15,2,99.000,,,0
ph_zero_8,15,-15,3,99.000,,,0
ph_zero_8,16,-14,0,99.000,,,0
ph_zero_8,16,-14,1,99.000,,,0
ph_zero_8,16,-14,2,99.000,,,0
ph_zero_8,16,-14,3,99.000,,,0
ph_zero_8,17,-13,0,99.000,,,0
ph_zero_8,17,-13,1,99.000,,,0
ph_zero_8,17,-13,2,99.000,,,0
ph_zero_8,17,-13,3,99.000,,,0
ph_zero_8,18,-12,0,99.000,,,0
ph_zero_8,18,-12,1,99.000,,,0
ph_zero_8,18,-12,2,99.000,,,0
ph_zero_8,18,-12,3,99.000,,,0
ph_zero_8,19,-11,0,99.000,,,0
ph_zero_8,19,-11,1,99.000,,,0
ph_zero_8,19,-11,2,99.000,,,0
ph_zero_8,19,-11,3,99.000,,,0
ph_zero_8,20,-10,0,99.000,,,0
ph_zero_8,20,-10,1,99.000,,,0
ph_zero_8,20,-10,2,99.000,,,0
ph_zero_8,20,-10,3,99.000,,,0
ph_zero_8,21,-9,0,99.000,,,0
ph_zero_8,21,-9,1,99.000,,,0
ph_zero_8,21,-9,2,99.000,,,0
ph_zero_8,21,-9,3,99.000,,,0
ph_zero_8,22,-8,0,99.000,,,0
ph_zero_8,22,-8,1,99.000,,,0
ph_zero_8,22,-8,2,99.000,,,0
ph_zero_8,22,-8,3,99.000,,,0
ph_zero_8,23,-7,0,99.000,,,0
ph_zero_8,23,-7,1,99.000,,,0
ph_zero_8,23,-7,2,99.000,,,0
ph_zero_8,23,-7,3,99.000,,,0
ph_zero_8,24,-6,0,99.000,,,0
ph_zero_8,24,-6,1,99.000,,,0
ph_zero_8,24,-6,2,99.000,,,0
ph_zero_8,24,-6,3,99.000,,,0
ph_zero_8,25,-5,0,99.000,,,0
ph_zero_8,25,-5,1,99.000,,,0
ph_zero_8,25,-5,2,99.000,,,0
ph_zero_8,25,-5,3,99.000,,,0
ph_zero_8,26,-4,0,99.000,,,0
ph_zero_8,26,-4,1,99.000,,,0
ph_zero_8,26,-4,2,99.000,,,0
ph_zero_8,26,-4,3,99.000,,,0
ph_zero_8,27,-3,0,99.000,,,0
ph_zero_8,27,-3,1,99.000,,,0
ph_zero_8,27,-3,2,99.000,,,0
ph_zero_8,27,-3,3,99.000,,,0
ph_zero_8,28,-2,0,99.000,,,0
ph_zero_8,28,-2,1,99.000,,,0
ph_zero_8,28,-2,2,99.000,,,0
ph_zero_8,28,-2,3,99.000,,,0
ph_zero_8,29,-1,0,99.000,,,0
ph_zero_8,29,-1,1,99.000,,,0
ph_zero_8,29,-1,2,99.000,,,0
ph_zero_8,29,-1,3,99.000,,,0
ph_zero_8,30,0,0,30.802,0.9391,0.1946,0
ph_zero_8,30,0,1,28.322,0.9156,0.1934,0
ph_zero_8,30,0,2,27.998,0.9098,0.1796,0
ph_zero_8,30,0,3,28.711,0.9062,0.1622,0
ph_zero_8,31,1,0,27.420,0.9163,0.1682,0
ph_zero_8,31,1,1,25.268,0.9002,0.1836,0
ph_zero_8,31,1,2,24.518,0.8959,0.1931,0
ph_zero_8,31,1,3,23.160,0.8837,0.1790,0
ph_zero_8,32,2,0,22.129,0.8723,0.1829,0
ph_zero_8,32,2,1,22.823,0.8614,0.2199,0
ph_zero_8,32,2,2,22.506,0.8517,0.2176,0
ph_zero_8,32,2,3,22.185,0.8322,0.2020,0
ph_zero_8,33,3,0,21.934,0.8395,0.2044,0
ph_zero_8,33,3,1,21.778,0.8403,0.2138,0
ph_zero_8,33,3,2,22.834,0.8407,0.2025,0
ph_zero_8,33,3,3,21.929,0.8410,0.1811,0
ph_zero_8,34,4,0,21.470,0.8408,0.1741,0
ph_zero_8,34,4,1,21.836,0.8372,0.1861,0
ph_zero_8,34,4,2,22.180,0.8382,0.1934,0
ph_zero_8,34,4,3,22.404,0.8377,0.1840,0
ph_zero_8,35,5,0,21.617,0.8280,0.1850,0
ph_zero_8,35,5,1,20.554,0.8062,0.2117,0
ph_zero_8,35,5,2,20.756,0.7997,0.2069,0
ph_zero_8,35,5,3,20.983,0.8011,0.1993,0
ph_zero_8,36,6,0,20.846,0.8031,0.2008,0
ph_zero_8,36,6,1,19.644,0.7859,0.2236,0
ph_zero_8,36,6,2,20.650,0.7928,0.2173,0
ph_zero_8,36,6,3,20.282,0.7852,0.2099,0
ph_zero_8,37,7,0,19.824,0.7913,0.1988,0
ph_zero_8,37,7,1,19.833,0.7892,0.2101,0
ph_zero_8,37,7,2,19.797,0.7917,0.2081,0
ph_zero_8,37,7,3,19.519,0.7865,0.1995,0
ph_zero_8,38,8,0,20.963,0.8243,0.2240,0
ph_zero_8,38,8,1,22.893,0.8626,0.3001,0
ph_zero_8,38,8,2,23.651,0.8678,0.3147,0
ph_zero_8,38,8,3,22.677,0.8551,0.3188,0
ph_zero_8,39,9,0,23.735,0.8961,0.2706,0
ph_zero_8,39,9,1,25.658,0.9161,0.2690,0
ph_zero_8,39,9,2,26.879,0.9256,0.2475,0
ph_zero_8,39,9,3,26.703,0.9240,0.2357,0
ph_zero_8,40,10,0,29.017,0.9444,0.2132,0
ph_zero_8,40,10,1,31.072,0.9557,0.2207,0
ph_zero_8,40,10,2,31.466,0.9572,0.2188,0
ph_zero_8,40,10,3,31.218,0.9564,0.2167,0
ph_zero_8,41,11,0,31.626,0.9628,0.2114,0
ph_zero_8,41,11,1,31.713,0.9667,0.2443,0
ph_zero_8,41,11,2,31.601,0.9660,0.2534,0
ph_zero_8,41,11,3,30.283,0.9581,0.2571,0
ph_zero_8,42,12,0,32.321,0.9690,0.2443,0
ph_zero_8,42,12,1,32.192,0.9705,0.2574,0
ph_zero_8,42,12,2,31.945,0.9700,0.2571,0
ph_zero_8,42,12,3,31.578,0.9671,0.2469,0
ph_zero_8,43,13,0,33.741,0.9762,0.2405,0
ph_zero_8,43,13,1,34.595,0.9783,0.2530,0
ph_zero_8,43,13,2,34.035,0.9773,0.2581,0
ph_zero_8,43,13,3,33.889,0.9750,0.2637,0
ph_zero_8,44,14,0,33.501,0.9785,0.2447,0
ph_zero_8,44,14,1,33.218,0.9760,0.2568,0
ph_zero_8,44,14,2,32.879,0.9755,0.2489,0
ph_zero_8,44,14,3,30.949,0.9701,0.2458,0
ph_zero_8,45,15,0,34.827,0.9795,0.2288,0
ph_zero_8,45,15,1,35.204,0.9804,0.2254,0
ph_zero_8,45,15,2,32.856,0.9766,0.2157,0
ph_zero_8,45,15,3,31.871,0.9753,0.2173,0
ph_zero_8,46,16,0,35.941,0.9840,0.2100,0
ph_zero_8,46,16,1,34.326,0.9842,0.2176,0
ph_zero_8,46,16,2,35.325,0.9840,0.2153,0
ph_zero_8,46,16,3,35.101,0.9823,0.2151,0
ph_zero_8,47,17,0,36.909,0.9835,0.2084,0
ph_zero_8,47,17,1,36.292,0.9822,0.2211,0
ph_zero_8,47,17,2,35.905,0.9831,0.2209,0
ph_zero_8,47,17,3,33.881,0.9779,0.2234,0
ph_zero_8,48,18,0,33.634,0.9782,0.2180,0
ph_zero_8,48,18,1,32.011,0.9757,0.2342,0
ph_zero_8,48,18,2,31.701,0.9765,0.2368,0
ph_zero_8,48,18,3,31.059,0.9720,0.2323,0
ph_zero_8,49,19,0,31.985,0.9729,0.2335,0
ph_zero_8,49,19,1,34.811,0.9805,0.2487,0
ph_zero_8,49,19,2,34.587,0.9812,0.2529,0
ph_zero_8,49,19,3,33.899,0.9786,0.2523,0
ph_zero_8,50,20,0,32.596,0.9756,0.2459,0
ph_zero_8,50,20,1,33.418,0.9779,0.2535,0
ph_zero_8,50,20,2,33.838,0.9779,0.2552,0
ph_zero_8,50,20,3,32.033,0.9753,0.2553,0
ph_zero_8,51,21,0,32.540,0.9763,0.2470,0
ph_zero_8,51,21,1,33.658,0.9774,0.2504,0
ph_zero_8,51,21,2,35.910,0.9831,0.2448,0
ph_zero_8,51,21,3,34.916,0.9796,0.2370,0
ph_zero_8,52,22,0,35.528,0.9824,0.2301,0
ph_zero_8,52,22,1,35.244,0.9828,0.2433,0
ph_zero_8,52,22,2,34.287,0.9830,0.2441,0
ph_zero_8,52,22,3,33.593,0.9789,0.2399,0
ph_zero_8,53,23,0,33.127,0.9795,0.2332,0
ph_zero_8,53,23,1,32.870,0.9763,0.2392,0
ph_zero_8,53,23,2,33.909,0.9789,0.2357,0
ph_zero_8,53,23,3,31.713,0.9746,0.2305,0
ph_zero_8,54,24,0,31.890,0.9764,0.2205,0
ph_zero_8,54,24,1,32.186,0.9770,0.2347,0
ph_zero_8,54,24,2,32.542,0.9748,0.2352,0
ph_zero_8,54,24,3,31.390,0.9732,0.2289,0
ph_zero_8,55,25,0,33.640,0.9812,0.2225,0
ph_zero_8,55,25,1,33.882,0.9815,0.2285,0
ph_zero_8,55,25,2,33.863,0.9827,0.2407,0
ph_zero_8,55,25,3,32.983,0.9797,0.2470,0
ph_zero_8,56,26,0,34.989,0.9832,0.2409,0
ph_zero_8,56,26,1,34.989,0.9833,0.2504,0
ph_zero_8,56,26,2,36.140,0.9853,0.2473,0
ph_zero_8,56,26,3,34.590,0.9825,0.2399,0
ph_zero_8,57,27,0,35.900,0.9866,0.2346,0
ph_zero_8,57,27,1,37.339,0.9885,0.2431,0
ph_zero_8,57,27,2,35.491,0.9870,0.2446,0
ph_zero_8,57,27,3,35.310,0.9865,0.2341,0
ph_zero_8,58,28,0,35.279,0.9870,0.2311,0
ph_zero_8,58,28,1,35.933,0.9862,0.2480,0
ph_zero_8,58,28,2,36.693,0.9879,0.2587,0
ph_zero_8,58,28,3,35.672,0.9846,0.2588,0
ph_zero_8,59,29,0,35.157,0.9839,0.2567,0
ph_zero_8,59,29,1,35.625,0.9844,0.2610,0
ph_zero_8,59,29,2,35.930,0.9866,0.2671,0
ph_zero_8,59,29,3,32.835,0.9807,0.2627,0
ph_zero_8,60,30,0,33.021,0.9792,0.2492,0
ph_zero_8,60,30,1,32.651,0.9814,0.2571,0
ph_zero_8,60,30,2,33.048,0.9822,0.2587,0
ph_zero_8,60,30,3,31.991,0.9805,0.2550,0
ph_zero_8,61,31,0,34.239,0.9820,0.2430,0
ph_zero_8,61,31,1,35.491,0.9853,0.2632,0
ph_zero_8,61,31,2,34.914,0.9859,0.2599,0
ph_zero_8,61,31,3,36.633,0.9877,0.2514,0
ph_zero_8,62,32,0,36.924,0.9869,0.2218,0
ph_zero_8,62,32,1,36.564,0.9870,0.2358,0
ph_zero_8,62,32,2,39.656,0.9895,0.2869,0
ph_zero_8,62,32,3,36.843,0.9871,0.2783,0
ph_zero_8,63,33,0,36.935,0.9887,0.2442,0
ph_zero_8,63,33,1,38.489,0.9899,0.2571,0
ph_zero_8,63,33,2,39.803,0.9908,0.2644,0
ph_zero_8,63,33,3,38.259,0.9893,0.2501,0
ph_zero_8,64,34,0,38.875,0.9898,0.2372,0
ph_zero_8,64,34,1,37.319,0.9885,0.2633,0
ph_zero_8,64,34,2,37.019,0.9887,0.2549,0
ph_zero_8,64,34,3,36.289,0.9879,0.2436,0
ph_zero_8,65,35,0,36.337,0.9866,0.2414,0
ph_zero_8,65,35,1,37.029,0.9879,0.2511,0
ph_zero_8,65,35,2,36.675,0.9882,0.2603,0
ph_zero_8,65,35,3,35.282,0.9854,0.2597,0
ph_zero_8,66,36,0,34.664,0.9842,0.2496,0
ph_zero_8,66,36,1,36.902,0.9875,0.2546,0
ph_zero_8,66,36,2,39.113,0.9894,0.2575,0
ph_zero_8,66,36,3,37.830,0.9888,0.2530,0
ph_zero_8,67,37,0,36.379,0.9859,0.2380,0
ph_zero_8,67,37,1,37.175,0.9859,0.2569,0
ph_zero_8,67,37,2,38.142,0.9875,0.2539,0
ph_zero_8,67,37,3,35.676,0.9834,0.2519,0
ph_zero_8,68,38,0,35.773,0.9831,0.2582,0
ph_zero_8,68,38,1,38.005,0.9877,0.2769,0
ph_zero_8,68,38,2,39.568,0.9896,0.2683,0
ph_zero_8,68,38,3,38.689,0.9894,0.2650,0
ph_zero_8,69,39,0,36.962,0.9862,0.2574,0
ph_zero_8,69,39,1,36.894,0.9870,0.2628,0
ph_zero_8,69,39,2,36.804,0.9870,0.2636,0
ph_zero_8,69,39,3,36.795,0.9855,0.2646,0
ph_local_8,1,-29,0,99.000,,,0
ph_local_8,1,-29,1,99.000,,,0
ph_local_8,1,-29,2,99.000,,,0
ph_local_8,1,-29,3,99.000,,,0
ph_local_8,2,-28,0,99.000,,,0
ph_local_8,2,-28,1,99.000,,,0
ph_local_8,2,-28,2,99.000,,,0
ph_local_8,2,-28,3,99.000,,,0
ph_local_8,3,-27,0,99.000,,,0
ph_local_8,3,-27,1,99.000,,,0
ph_local_8,3,-27,2,99.000,,,0
ph_local_8,3,-27,3,99.000,,,0
ph_local_8,4,-26,0,99.000,,,0
ph_local_8,4,-26,1,99.000,,,0
ph_local_8,4,-26,2,99.000,,,0
ph_local_8,4,-26,3,99.000,,,0
ph_local_8,5,-25,0,99.000,,,0
ph_local_8,5,-25,1,99.000,,,0
ph_local_8,5,-25,2,99.000,,,0
ph_local_8,5,-25,3,99.000,,,0
ph_local_8,6,-24,0,99.000,,,0
ph_local_8,6,-24,1,99.000,,,0
ph_local_8,6,-24,2,99.000,,,0
ph_local_8,6,-24,3,99.000,,,0
ph_local_8,7,-23,0,99.000,,,0
ph_local_8,7,-23,1,99.000,,,0
ph_local_8,7,-23,2,99.000,,,0
ph_local_8,7,-23,3,99.000,,,0
ph_local_8,8,-22,0,99.000,,,0
ph_local_8,8,-22,1,99.000,,,0
ph_local_8,8,-22,2,99.000,,,0
ph_local_8,8,-22,3,99.000,,,0
ph_local_8,9,-21,0,99.000,,,0
ph_local_8,9,-21,1,99.000,,,0
ph_local_8,9,-21,2,99.000,,,0
ph_local_8,9,-21,3,99.000,,,0
ph_local_8,10,-20,0,99.000,,,0
ph_local_8,10,-20,1,99.000,,,0
ph_local_8,10,-20,2,99.000,,,0
ph_local_8,10,-20,3,99.000,,,0
ph_local_8,11,-19,0,99.000,,,0
ph_local_8,11,-19,1,99.000,,,0
ph_local_8,11,-19,2,99.000,,,0
ph_local_8,11,-19,3,99.000,,,0
ph_local_8,12,-18,0,99.000,,,0
ph_local_8,12,-18,1,99.000,,,0
ph_local_8,12,-18,2,99.000,,,0
ph_local_8,12,-18,3,99.000,,,0
ph_local_8,13,-17,0,99.000,,,0
ph_local_8,13,-17,1,99.000,,,0
ph_local_8,13,-17,2,99.000,,,0
ph_local_8,13,-17,3,99.000,,,0
ph_local_8,14,-16,0,99.000,,,0
ph_local_8,14,-16,1,99.000,,,0
ph_local_8,14,-16,2,99.000,,,0
ph_local_8,14,-16,3,99.000,,,0
ph_local_8,15,-15,0,99.000,,,0
ph_local_8,15,-15,1,99.000,,,0
ph_local_8,15,-15,2,99.000,,,0
ph_local_8,15,-15,3,99.000,,,0
ph_local_8,16,-14,0,99.000,,,0
ph_local_8,16,-14,1,99.000,,,0
ph_local_8,16,-14,2,99.000,,,0
ph_local_8,16,-14,3,99.000,,,0
ph_local_8,17,-13,0,99.000,,,0
ph_local_8,17,-13,1,99.000,,,0
ph_local_8,17,-13,2,99.000,,,0
ph_local_8,17,-13,3,99.000,,,0
ph_local_8,18,-12,0,99.000,,,0
ph_local_8,18,-12,1,99.000,,,0
ph_local_8,18,-12,2,99.000,,,0
ph_local_8,18,-12,3,99.000,,,0
ph_local_8,19,-11,0,99.000,,,0
ph_local_8,19,-11,1,99.000,,,0
ph_local_8,19,-11,2,99.000,,,0
ph_local_8,19,-11,3,99.000,,,0
ph_local_8,20,-10,0,99.000,,,0
ph_local_8,20,-10,1,99.000,,,0
ph_local_8,20,-10,2,99.000,,,0
ph_local_8,20,-10,3,99.000,,,0
ph_local_8,21,-9,0,99.000,,,0
ph_local_8,21,-9,1,99.000,,,0
ph_local_8,21,-9,2,99.000,,,0
ph_local_8,21,-9,3,99.000,,,0
ph_local_8,22,-8,0,99.000,,,0
ph_local_8,22,-8,1,99.000,,,0
ph_local_8,22,-8,2,99.000,,,0
ph_local_8,22,-8,3,99.000,,,0
ph_local_8,23,-7,0,99.000,,,0
ph_local_8,23,-7,1,99.000,,,0
ph_local_8,23,-7,2,99.000,,,0
ph_local_8,23,-7,3,99.000,,,0
ph_local_8,24,-6,0,99.000,,,0
ph_local_8,24,-6,1,99.000,,,0
ph_local_8,24,-6,2,99.000,,,0
ph_local_8,24,-6,3,99.000,,,0
ph_local_8,25,-5,0,99.000,,,0
ph_local_8,25,-5,1,99.000,,,0
ph_local_8,25,-5,2,99.000,,,0
ph_local_8,25,-5,3,99.000,,,0
ph_local_8,26,-4,0,99.000,,,0
ph_local_8,26,-4,1,99.000,,,0
ph_local_8,26,-4,2,99.000,,,0
ph_local_8,26,-4,3,99.000,,,0
ph_local_8,27,-3,0,99.000,,,0
ph_local_8,27,-3,1,99.000,,,0
ph_local_8,27,-3,2,99.000,,,0
ph_local_8,27,-3,3,99.000,,,0
ph_local_8,28,-2,0,99.000,,,0
ph_local_8,28,-2,1,99.000,,,0
ph_local_8,28,-2,2,99.000,,,0
ph_local_8,28,-2,3,99.000,,,0
ph_local_8,29,-1,0,99.000,,,0
ph_local_8,29,-1,1,99.000,,,0
ph_local_8,29,-1,2,99.000,,,0
ph_local_8,29,-1,3,99.000,,,0
ph_local_8,30,0,0,32.203,0.9491,0.1979,0
ph_local_8,30,0,1,29.162,0.9196,0.1896,0
ph_local_8,30,0,2,29.309,0.9085,0.1708,0
ph_local_8,30,0,3,29.016,0.9008,0.1540,0
ph_local_8,31,1,0,28.828,0.9191,0.1626,0
ph_local_8,31,1,1,26.437,0.9046,0.1738,0
ph_local_8,31,1,2,26.351,0.9027,0.1814,0
ph_local_8,31,1,3,24.525,0.8899,0.1674,0
ph_local_8,32,2,0,24.427,0.8888,0.1718,0
ph_local_8,32,2,1,24.556,0.8785,0.2079,0
ph_local_8,32,2,2,25.135,0.8766,0.2080,0
ph_local_8,32,2,3,25.072,0.8674,0.1938,0
ph_local_8,33,3,0,24.201,0.8736,0.1928,0
ph_local_8,33,3,1,23.946,0.8697,0.2136,0
ph_local_8,33,3,2,25.218,0.8763,0.2004,0
ph_local_8,33,3,3,24.907,0.8747,0.1844,0
ph_local_8,34,4,0,24.109,0.8790,0.1798,0
ph_local_8,34,4,1,24.601,0.8789,0.1840,0
ph_local_8,34,4,2,25.548,0.8819,0.1868,0
ph_local_8,34,4,3,25.292,0.8758,0.1774,0
ph_local_8,35,5,0,25.491,0.8769,0.1800,0
ph_local_8,35,5,1,23.398,0.8521,0.2064,0
ph_local_8,35,5,2,23.807,0.8512,0.1969,0
ph_local_8,35,5,3,23.884,0.8432,0.1875,0
ph_local_8,36,6,0,23.713,0.8470,0.1848,0
ph_local_8,36,6,1,22.770,0.8397,0.2033,0
ph_local_8,36,6,2,22.718,0.8418,0.2028,0
ph_local_8,36,6,3,22.522,0.8338,0.1913,0
ph_local_8,37,7,0,22.423,0.8396,0.1883,0
ph_local_8,37,7,1,22.357,0.8359,0.1952,0
ph_local_8,37,7,2,22.002,0.8344,0.1950,0
ph_local_8,37,7,3,21.713,0.8260,0.1870,0
ph_local_8,38,8,0,21.974,0.8551,0.2057,0
ph_local_8,38,8,1,24.395,0.8991,0.2846,0
ph_local_8,38,8,2,25.478,0.9066,0.3127,0
ph_local_8,38,8,3,24.435,0.8980,0.3253,0
ph_local_8,39,9,0,26.742,0.9278,0.2806,0
ph_local_8,39,9,1,29.069,0.9438,0.2818,0
ph_local_8,39,9,2,30.048,0.9496,0.2623,0
ph_local_8,39,9,3,29.236,0.9460,0.2561,0
ph_local_8,40,10,0,31.183,0.9626,0.2265,0
ph_local_8,40,10,1,32.726,0.9693,0.2309,0
ph_local_8,40,10,2,33.138,0.9708,0.2275,0
ph_local_8,40,10,3,33.195,0.9710,0.2253,0
ph_local_8,41,11,0,32.932,0.9730,0.2178,0
ph_local_8,41,11,1,34.831,0.9768,0.2485,0
ph_local_8,41,11,2,34.490,0.9757,0.2564,0
ph_local_8,41,11,3,33.421,0.9705,0.2598,0
ph_local_8,42,12,0,33.872,0.9769,0.2445,0
ph_local_8,42,12,1,33.952,0.9790,0.2569,0
ph_local_8,42,12,2,33.497,0.9784,0.2545,0
ph_local_8,42,12,3,32.870,0.9758,0.2424,0
ph_local_8,43,13,0,34.951,0.9818,0.2374,0
ph_local_8,43,13,1,35.480,0.9828,0.2522,0
ph_local_8,43,13,2,35.267,0.9827,0.2581,0
ph_local_8,43,13,3,34.908,0.9807,0.2635,0
ph_local_8,44,14,0,34.088,0.9809,0.2452,0
ph_local_8,44,14,1,33.453,0.9779,0.2575,0
ph_local_8,44,14,2,33.718,0.9778,0.2502,0
ph_local_8,44,14,3,31.040,0.9710,0.2474,0
ph_local_8,45,15,0,35.386,0.9807,0.2296,0
ph_local_8,45,15,1,35.729,0.9809,0.2254,0
ph_local_8,45,15,2,32.438,0.9771,0.2161,0
ph_local_8,45,15,3,32.003,0.9762,0.2172,0
ph_local_8,46,16,0,36.284,0.9845,0.2102,0
ph_local_8,46,16,1,34.859,0.9850,0.2175,0
ph_local_8,46,16,2,35.727,0.9849,0.2151,0
ph_local_8,46,16,3,35.447,0.9831,0.2151,0
ph_local_8,47,17,0,37.124,0.9839,0.2082,0
ph_local_8,47,17,1,36.234,0.9827,0.2209,0
ph_local_8,47,17,2,36.307,0.9839,0.2209,0
ph_local_8,47,17,3,34.226,0.9788,0.2232,0
ph_local_8,48,18,0,33.569,0.9784,0.2179,0
ph_local_8,48,18,1,31.789,0.9753,0.2342,0
ph_local_8,48,18,2,31.639,0.9765,0.2364,0
ph_local_8,48,18,3,30.910,0.9715,0.2319,0
ph_local_8,49,19,0,31.867,0.9724,0.2333,0
ph_local_8,49,19,1,34.774,0.9804,0.2484,0
ph_local_8,49,19,2,34.586,0.9810,0.2524,0
ph_local_8,49,19,3,33.851,0.9783,0.2516,0
ph_local_8,50,20,0,32.635,0.9753,0.2455,0
ph_local_8,50,20,1,33.317,0.9770,0.2533,0
ph_local_8,50,20,2,33.987,0.9774,0.2551,0
ph_local_8,50,20,3,32.089,0.9746,0.2553,0
ph_local_8,51,21,0,32.118,0.9755,0.2469,0
ph_local_8,51,21,1,34.008,0.9774,0.2507,0
ph_local_8,51,21,2,35.656,0.9822,0.2448,0
ph_local_8,51,21,3,34.789,0.9792,0.2368,0
ph_local_8,52,22,0,35.535,0.9819,0.2295,0
ph_local_8,52,22,1,35.304,0.9826,0.2433,0
ph_local_8,52,22,2,34.307,0.9827,0.2442,0
ph_local_8,52,22,3,33.669,0.9789,0.2400,0
ph_local_8,53,23,0,33.202,0.9793,0.2332,0
ph_local_8,53,23,1,32.959,0.9766,0.2398,0
ph_local_8,53,23,2,33.953,0.9790,0.2363,0
ph_local_8,53,23,3,31.897,0.9751,0.2308,0
ph_local_8,54,24,0,31.812,0.9764,0.2207,0
ph_local_8,54,24,1,32.020,0.9770,0.2350,0
ph_local_8,54,24,2,32.312,0.9745,0.2352,0
ph_local_8,54,24,3,31.639,0.9736,0.2292,0
ph_local_8,55,25,0,33.695,0.9810,0.2226,0
ph_local_8,55,25,1,33.823,0.9812,0.2286,0
ph_local_8,55,25,2,33.859,0.9825,0.2410,0
ph_local_8,55,25,3,33.009,0.9797,0.2473,0
ph_local_8,56,26,0,34.941,0.9830,0.2407,0
ph_local_8,56,26,1,34.872,0.9829,0.2502,0
ph_local_8,56,26,2,36.226,0.9854,0.2470,0
ph_local_8,56,26,3,34.833,0.9827,0.2399,0
ph_local_8,57,27,0,35.825,0.9866,0.2343,0
ph_local_8,57,27,1,37.144,0.9884,0.2430,0
ph_local_8,57,27,2,35.317,0.9870,0.2442,0
ph_local_8,57,27,3,35.246,0.9866,0.2335,0
ph_local_8,58,28,0,35.289,0.9871,0.2312,0
ph_local_8,58,28,1,35.514,0.9859,0.2486,0
ph_local_8,58,28,2,36.515,0.9879,0.2590,0
ph_local_8,58,28,3,35.492,0.9846,0.2590,0
ph_local_8,59,29,0,35.105,0.9842,0.2569,0
ph_local_8,59,29,1,35.711,0.9846,0.2614,0
ph_local_8,59,29,2,35.977,0.9869,0.2670,0
ph_local_8,59,29,3,32.587,0.9799,0.2627,0
ph_local_8,60,30,0,32.794,0.9784,0.2491,0
ph_local_8,60,30,1,32.547,0.9810,0.2570,0
ph_local_8,60,30,2,33.018,0.9819,0.2586,0
ph_local_8,60,30,3,32.106,0.9807,0.2548,0
ph_local_8,61,31,0,34.195,0.9817,0.2428,0
ph_local_8,61,31,1,35.372,0.9851,0.2631,0
ph_local_8,61,31,2,35.095,0.9861,0.2601,0
ph_local_8,61,31,3,36.844,0.9877,0.2513,0
ph_local_8,62,32,0,37.192,0.9874,0.2216,0
ph_local_8,62,32,1,36.898,0.9877,0.2368,0
ph_local_8,62,32,2,39.699,0.9893,0.2877,0
ph_local_8,62,32,3,36.787,0.9868,0.2788,0
ph_local_8,63,33,0,36.876,0.9884,0.2448,0
ph_local_8,63,33,1,38.072,0.9896,0.2571,0
ph_local_8,63,33,2,39.724,0.9908,0.2645,0
ph_local_8,63,33,3,38.270,0.9894,0.2499,0
ph_local_8,64,34,0,38.848,0.9898,0.2372,0
ph_local_8,64,34,1,37.237,0.9884,0.2635,0
ph_local_8,64,34,2,36.931,0.9885,0.2550,0
ph_local_8,64,34,3,36.184,0.9878,0.2435,0
ph_local_8,65,35,0,36.371,0.9866,0.2416,0
ph_local_8,65,35,1,37.191,0.9883,0.2514,0
ph_local_8,65,35,2,36.490,0.9880,0.2605,0
ph_local_8,65,35,3,35.296,0.9851,0.2598,0
ph_local_8,66,36,0,34.611,0.9839,0.2497,0
ph_local_8,66,36,1,36.906,0.9876,0.2549,0
ph_local_8,66,36,2,39.165,0.9895,0.2580,0
ph_local_8,66,36,3,37.568,0.9888,0.2535,0
ph_local_8,67,37,0,36.348,0.9864,0.2382,0
ph_local_8,67,37,1,37.395,0.9862,0.2568,0
ph_local_8,67,37,2,38.326,0.9880,0.2537,0
ph_local_8,67,37,3,35.615,0.9836,0.2518,0
ph_local_8,68,38,0,35.669,0.9830,0.2580,0
ph_local_8,68,38,1,37.845,0.9874,0.2768,0
ph_local_8,68,38,2,39.469,0.9894,0.2685,0
ph_local_8,68,38,3,38.615,0.9892,0.2651,0
ph_local_8,69,39,0,36.570,0.9856,0.2575,0
ph_local_8,69,39,1,37.146,0.9873,0.2630,0
ph_local_8,69,39,2,36.929,0.9869,0.2640,0
ph_local_8,69,39,3,36.831,0.9855,0.2649,0
ph_localrefresh,1,-29,0,99.000,,,0
ph_localrefresh,1,-29,1,99.000,,,0
ph_localrefresh,1,-29,2,99.000,,,0
ph_localrefresh,1,-29,3,99.000,,,0
ph_localrefresh,2,-28,0,99.000,,,0
ph_localrefresh,2,-28,1,99.000,,,0
ph_localrefresh,2,-28,2,99.000,,,0
ph_localrefresh,2,-28,3,99.000,,,0
ph_localrefresh,3,-27,0,99.000,,,0
ph_localrefresh,3,-27,1,99.000,,,0
ph_localrefresh,3,-27,2,99.000,,,0
ph_localrefresh,3,-27,3,99.000,,,0
ph_localrefresh,4,-26,0,99.000,,,0
ph_localrefresh,4,-26,1,99.000,,,0
ph_localrefresh,4,-26,2,99.000,,,0
ph_localrefresh,4,-26,3,99.000,,,0
ph_localrefresh,5,-25,0,99.000,,,0
ph_localrefresh,5,-25,1,99.000,,,0
ph_localrefresh,5,-25,2,99.000,,,0
ph_localrefresh,5,-25,3,99.000,,,0
ph_localrefresh,6,-24,0,99.000,,,0
ph_localrefresh,6,-24,1,99.000,,,0
ph_localrefresh,6,-24,2,99.000,,,0
ph_localrefresh,6,-24,3,99.000,,,0
ph_localrefresh,7,-23,0,99.000,,,0
ph_localrefresh,7,-23,1,99.000,,,0
ph_localrefresh,7,-23,2,99.000,,,0
ph_localrefresh,7,-23,3,99.000,,,0
ph_localrefresh,8,-22,0,99.000,,,0
ph_localrefresh,8,-22,1,99.000,,,0
ph_localrefresh,8,-22,2,99.000,,,0
ph_localrefresh,8,-22,3,99.000,,,0
ph_localrefresh,9,-21,0,99.000,,,0
ph_localrefresh,9,-21,1,99.000,,,0
ph_localrefresh,9,-21,2,99.000,,,0
ph_localrefresh,9,-21,3,99.000,,,0
ph_localrefresh,10,-20,0,99.000,,,0
ph_localrefresh,10,-20,1,99.000,,,0
ph_localrefresh,10,-20,2,99.000,,,0
ph_localrefresh,10,-20,3,99.000,,,0
ph_localrefresh,11,-19,0,99.000,,,0
ph_localrefresh,11,-19,1,99.000,,,0
ph_localrefresh,11,-19,2,99.000,,,0
ph_localrefresh,11,-19,3,99.000,,,0
ph_localrefresh,12,-18,0,99.000,,,0
ph_localrefresh,12,-18,1,99.000,,,0
ph_localrefresh,12,-18,2,99.000,,,0
ph_localrefresh,12,-18,3,99.000,,,0
ph_localrefresh,13,-17,0,99.000,,,0
ph_localrefresh,13,-17,1,99.000,,,0
ph_localrefresh,13,-17,2,99.000,,,0
ph_localrefresh,13,-17,3,99.000,,,0
ph_localrefresh,14,-16,0,99.000,,,0
ph_localrefresh,14,-16,1,99.000,,,0
ph_localrefresh,14,-16,2,99.000,,,0
ph_localrefresh,14,-16,3,99.000,,,0
ph_localrefresh,15,-15,0,99.000,,,0
ph_localrefresh,15,-15,1,99.000,,,0
ph_localrefresh,15,-15,2,99.000,,,0
ph_localrefresh,15,-15,3,99.000,,,0
ph_localrefresh,16,-14,0,99.000,,,0
ph_localrefresh,16,-14,1,99.000,,,0
ph_localrefresh,16,-14,2,99.000,,,0
ph_localrefresh,16,-14,3,99.000,,,0
ph_localrefresh,17,-13,0,99.000,,,0
ph_localrefresh,17,-13,1,99.000,,,0
ph_localrefresh,17,-13,2,99.000,,,0
ph_localrefresh,17,-13,3,99.000,,,0
ph_localrefresh,18,-12,0,99.000,,,0
ph_localrefresh,18,-12,1,99.000,,,0
ph_localrefresh,18,-12,2,99.000,,,0
ph_localrefresh,18,-12,3,99.000,,,0
ph_localrefresh,19,-11,0,99.000,,,0
ph_localrefresh,19,-11,1,99.000,,,0
ph_localrefresh,19,-11,2,99.000,,,0
ph_localrefresh,19,-11,3,99.000,,,0
ph_localrefresh,20,-10,0,99.000,,,0
ph_localrefresh,20,-10,1,99.000,,,0
ph_localrefresh,20,-10,2,99.000,,,0
ph_localrefresh,20,-10,3,99.000,,,0
ph_localrefresh,21,-9,0,99.000,,,0
ph_localrefresh,21,-9,1,99.000,,,0
ph_localrefresh,21,-9,2,99.000,,,0
ph_localrefresh,21,-9,3,99.000,,,0
ph_localrefresh,22,-8,0,99.000,,,0
ph_localrefresh,22,-8,1,99.000,,,0
ph_localrefresh,22,-8,2,99.000,,,0
ph_localrefresh,22,-8,3,99.000,,,0
ph_localrefresh,23,-7,0,99.000,,,0
ph_localrefresh,23,-7,1,99.000,,,0
ph_localrefresh,23,-7,2,99.000,,,0
ph_localrefresh,23,-7,3,99.000,,,0
ph_localrefresh,24,-6,0,99.000,,,0
ph_localrefresh,24,-6,1,99.000,,,0
ph_localrefresh,24,-6,2,99.000,,,0
ph_localrefresh,24,-6,3,99.000,,,0
ph_localrefresh,25,-5,0,99.000,,,0
ph_localrefresh,25,-5,1,99.000,,,0
ph_localrefresh,25,-5,2,99.000,,,0
ph_localrefresh,25,-5,3,99.000,,,0
ph_localrefresh,26,-4,0,99.000,,,0
ph_localrefresh,26,-4,1,99.000,,,0
ph_localrefresh,26,-4,2,99.000,,,0
ph_localrefresh,26,-4,3,99.000,,,0
ph_localrefresh,27,-3,0,99.000,,,0
ph_localrefresh,27,-3,1,99.000,,,0
ph_localrefresh,27,-3,2,99.000,,,0
ph_localrefresh,27,-3,3,99.000,,,0
ph_localrefresh,28,-2,0,99.000,,,0
ph_localrefresh,28,-2,1,99.000,,,0
ph_localrefresh,28,-2,2,99.000,,,0
ph_localrefresh,28,-2,3,99.000,,,0
ph_localrefresh,29,-1,0,99.000,,,0
ph_localrefresh,29,-1,1,99.000,,,0
ph_localrefresh,29,-1,2,99.000,,,0
ph_localrefresh,29,-1,3,99.000,,,0
ph_localrefresh,30,0,0,31.709,0.9438,0.1938,0
ph_localrefresh,30,0,1,28.875,0.9200,0.1910,0
ph_localrefresh,30,0,2,28.420,0.9127,0.1774,0
ph_localrefresh,30,0,3,28.995,0.9085,0.1600,0
ph_localrefresh,31,1,0,28.244,0.9195,0.1654,0
ph_localrefresh,31,1,1,26.465,0.9086,0.1769,0
ph_localrefresh,31,1,2,26.127,0.9049,0.1862,0
ph_localrefresh,31,1,3,23.984,0.8890,0.1710,0
ph_localrefresh,32,2,0,24.247,0.8872,0.1744,0
ph_localrefresh,32,2,1,25.174,0.8817,0.2073,0
ph_localrefresh,32,2,2,26.054,0.8777,0.2044,0
ph_localrefresh,32,2,3,25.169,0.8656,0.1897,0
ph_localrefresh,33,3,0,24.797,0.8779,0.1924,0
ph_localrefresh,33,3,1,23.982,0.8739,0.2173,0
ph_localrefresh,33,3,2,25.044,0.8782,0.2053,0
ph_localrefresh,33,3,3,24.809,0.8762,0.1888,0
ph_localrefresh,34,4,0,23.092,0.8731,0.1846,0
ph_localrefresh,34,4,1,23.547,0.8768,0.1905,0
ph_localrefresh,34,4,2,24.152,0.8790,0.1931,0
ph_localrefresh,34,4,3,24.153,0.8724,0.1824,0
ph_localrefresh,35,5,0,23.481,0.8703,0.1902,0
ph_localrefresh,35,5,1,22.252,0.8495,0.2184,0
ph_localrefresh,35,5,2,22.291,0.8469,0.2153,0
ph_localrefresh,35,5,3,22.645,0.8409,0.2059,0
ph_localrefresh,36,6,0,22.409,0.8452,0.2062,0
ph_localrefresh,36,6,1,21.716,0.8405,0.2231,0
ph_localrefresh,36,6,2,21.830,0.8427,0.2258,0
ph_localrefresh,36,6,3,21.694,0.8361,0.2180,0
ph_localrefresh,37,7,0,21.824,0.8406,0.2146,0
ph_localrefresh,37,7,1,21.785,0.8381,0.2189,0
ph_localrefresh,37,7,2,21.802,0.8391,0.2184,0
ph_localrefresh,37,7,3,21.950,0.8424,0.2176,0
ph_localrefresh,38,8,0,21.389,0.8303,0.2152,0
ph_localrefresh,38,8,1,21.731,0.8187,0.2393,0
ph_localrefresh,38,8,2,22.394,0.8242,0.2433,0
ph_localrefresh,38,8,3,21.695,0.8059,0.2333,0
ph_localrefresh,39,9,0,22.754,0.8367,0.2209,0
ph_localrefresh,39,9,1,23.657,0.8412,0.2249,0
ph_localrefresh,39,9,2,24.197,0.8502,0.2176,0
ph_localrefresh,39,9,3,24.120,0.8521,0.2090,0
ph_localrefresh,40,10,0,24.173,0.8693,0.1942,0
ph_localrefresh,40,10,1,24.829,0.8741,0.1979,0
ph_localrefresh,40,10,2,24.788,0.8738,0.2004,0
ph_localrefresh,40,10,3,24.383,0.8723,0.1931,0
ph_localrefresh,41,11,0,24.297,0.8759,0.1929,0
ph_localrefresh,41,11,1,24.364,0.8704,0.2177,0
ph_localrefresh,41,11,2,24.595,0.8666,0.2220,0
ph_localrefresh,41,11,3,22.456,0.8390,0.2192,0
ph_localrefresh,42,12,0,22.356,0.8472,0.2174,0
ph_localrefresh,42,12,1,22.791,0.8518,0.2299,0
ph_localrefresh,42,12,2,23.332,0.8539,0.2237,0
ph_localrefresh,42,12,3,22.797,0.8442,0.2129,0
ph_localrefresh,43,13,0,22.832,0.8466,0.2115,0
ph_localrefresh,43,13,1,22.886,0.8435,0.2209,0
ph_localrefresh,43,13,2,22.942,0.8386,0.2208,0
ph_localrefresh,43,13,3,22.413,0.8279,0.2150,0
ph_localrefresh,44,14,0,22.388,0.8409,0.2194,0
ph_localrefresh,44,14,1,21.937,0.8328,0.2361,0
ph_localrefresh,44,14,2,23.230,0.8404,0.2287,0
ph_localrefresh,44,14,3,23.592,0.8229,0.2139,0
ph_localrefresh,45,15,0,24.955,0.8664,0.2104,0
ph_localrefresh,45,15,1,24.480,0.8594,0.2165,0
ph_localrefresh,45,15,2,24.640,0.8647,0.2036,0
ph_localrefresh,45,15,3,24.750,0.8643,0.1992,0
ph_localrefresh,46,16,0,25.152,0.8728,0.1938,0
ph_localrefresh,46,16,1,24.262,0.8668,0.1974,0
ph_localrefresh,46,16,2,24.717,0.8728,0.1963,0
ph_localrefresh,46,16,3,24.378,0.8657,0.1902,0
ph_localrefresh,47,17,0,24.590,0.8640,0.1944,0
ph_localrefresh,47,17,1,24.095,0.8599,0.2098,0
ph_localrefresh,47,17,2,24.118,0.8576,0.2092,0
ph_localrefresh,47,17,3,23.364,0.8440,0.2054,0
ph_localrefresh,48,18,0,22.480,0.8458,0.2088,0
ph_localrefresh,48,18,1,22.182,0.8434,0.2233,0
ph_localrefresh,48,18,2,22.204,0.8433,0.2243,0
ph_localrefresh,48,18,3,22.546,0.8412,0.2143,0
ph_localrefresh,49,19,0,21.377,0.8288,0.2160,0
ph_localrefresh,49,19,1,22.036,0.8228,0.2281,0
ph_localrefresh,49,19,2,22.609,0.8206,0.2271,0
ph_localrefresh,49,19,3,22.127,0.8070,0.2233,0
ph_localrefresh,50,20,0,21.748,0.8162,0.2221,0
ph_localrefresh,50,20,1,21.871,0.8181,0.2321,0
ph_localrefresh,50,20,2,22.391,0.8205,0.2359,0
ph_localrefresh,50,20,3,22.988,0.8151,0.2233,0
ph_localrefresh,51,21,0,22.791,0.8272,0.2187,0
ph_localrefresh,51,21,1,22.798,0.8286,0.2282,0
ph_localrefresh,51,21,2,23.504,0.8382,0.2279,0
ph_localrefresh,51,21,3,23.924,0.8391,0.2178,0
ph_localrefresh,52,22,0,23.813,0.8533,0.2113,0
ph_localrefresh,52,22,1,23.634,0.8479,0.2210,0
ph_localrefresh,52,22,2,23.405,0.8442,0.2231,0
ph_localrefresh,52,22,3,22.675,0.8285,0.2151,0
ph_localrefresh,53,23,0,22.600,0.8455,0.2184,0
ph_localrefresh,53,23,1,22.121,0.8402,0.2282,0
ph_localrefresh,53,23,2,22.632,0.8410,0.2194,0
ph_localrefresh,53,23,3,22.273,0.8381,0.2122,0
ph_localrefresh,54,24,0,21.835,0.8464,0.2055,0
ph_localrefresh,54,24,1,21.473,0.8358,0.2323,0
ph_localrefresh,54,24,2,22.134,0.8416,0.2334,0
ph_localrefresh,54,24,3,21.176,0.8339,0.2266,0
ph_localrefresh,55,25,0,20.450,0.8292,0.2377,0
ph_localrefresh,55,25,1,20.857,0.8257,0.2696,0
ph_localrefresh,55,25,2,21.728,0.8265,0.2948,0
ph_localrefresh,55,25,3,22.288,0.8178,0.2896,0
ph_localrefresh,56,26,0,22.160,0.8200,0.2965,0
ph_localrefresh,56,26,1,22.105,0.8109,0.3197,0
ph_localrefresh,56,26,2,23.091,0.8111,0.3251,0
ph_localrefresh,56,26,3,22.938,0.7975,0.3179,0
ph_localrefresh,57,27,0,23.577,0.8262,0.2924,0
ph_localrefresh,57,27,1,23.374,0.8346,0.2992,0
ph_localrefresh,57,27,2,23.529,0.8307,0.3085,0
ph_localrefresh,57,27,3,23.436,0.8246,0.3038,0
ph_localrefresh,58,28,0,22.860,0.8455,0.2631,0
ph_localrefresh,58,28,1,23.086,0.8395,0.2829,0
ph_localrefresh,58,28,2,23.292,0.8335,0.2809,0
ph_localrefresh,58,28,3,22.813,0.8237,0.2831,0
ph_localrefresh,59,29,0,23.603,0.8395,0.2593,0
ph_localrefresh,59,29,1,22.669,0.8308,0.2630,0
ph_localrefresh,59,29,2,22.583,0.8283,0.2614,0
ph_localrefresh,59,29,3,22.787,0.8303,0.2514,0
ph_localrefresh,60,30,0,22.476,0.8375,0.2371,0
ph_localrefresh,60,30,1,21.736,0.8305,0.2499,0
ph_localrefresh,60,30,2,21.985,0.8335,0.2485,0
ph_localrefresh,60,30,3,22.395,0.8349,0.2352,0
ph_localrefresh,61,31,0,22.009,0.8263,0.2331,0
ph_localrefresh,61,31,1,22.370,0.8266,0.2577,0
ph_localrefresh,61,31,2,23.406,0.8357,0.2511,0
ph_localrefresh,61,31,3,22.453,0.8224,0.2338,0
ph_localrefresh,62,32,0,21.389,0.8326,0.2045,0
ph_localrefresh,62,32,1,21.305,0.8202,0.2083,0
ph_localrefresh,62,32,2,22.473,0.7657,0.2194,0
ph_localrefresh,62,32,3,21.565,0.7520,0.2166,0
ph_localrefresh,63,33,0,22.344,0.8054,0.2110,0
ph_localrefresh,63,33,1,23.431,0.8162,0.2247,0
ph_localrefresh,63,33,2,24.104,0.8212,0.2282,0
ph_localrefresh,63,33,3,22.801,0.8047,0.2130,0
ph_localrefresh,64,34,0,23.179,0.8221,0.2138,0
ph_localrefresh,64,34,1,22.396,0.8190,0.2530,0
ph_localrefresh,64,34,2,22.901,0.8198,0.2496,0
ph_localrefresh,64,34,3,22.887,0.8203,0.2380,0
ph_localrefresh,65,35,0,23.102,0.8261,0.2228,0
ph_localrefresh,65,35,1,22.366,0.8194,0.2376,0
ph_localrefresh,65,35,2,22.728,0.8190,0.2468,0
ph_localrefresh,65,35,3,22.527,0.8122,0.2390,0
ph_localrefresh,66,36,0,22.325,0.8162,0.2244,0
ph_localrefresh,66,36,1,22.649,0.8284,0.2440,0
ph_localrefresh,66,36,2,23.593,0.8344,0.2452,0
ph_localrefresh,66,36,3,23.755,0.8336,0.2379,0
ph_localrefresh,67,37,0,23.289,0.8371,0.2219,0
ph_localrefresh,67,37,1,23.023,0.8301,0.2356,0
ph_localrefresh,67,37,2,23.067,0.8341,0.2455,0
ph_localrefresh,67,37,3,22.374,0.8204,0.2304,0
ph_localrefresh,68,38,0,22.199,0.8191,0.2423,0
ph_localrefresh,68,38,1,22.125,0.8123,0.2621,0
ph_localrefresh,68,38,2,23.075,0.8255,0.2610,0
ph_localrefresh,68,38,3,22.664,0.8187,0.2545,0
ph_localrefresh,69,39,0,22.481,0.8226,0.2342,0
ph_localrefresh,69,39,1,22.129,0.8217,0.2368,0
ph_localrefresh,69,39,2,22.764,0.8233,0.2362,0
ph_localrefresh,69,39,3,22.990,0.8213,0.2356,0
