config,call,rel_call,frame,psnr,ssim,missing
repeat,30,0,0,34.022,0.9749,0
repeat,30,0,1,34.133,0.9747,0
repeat,30,0,2,34.019,0.9744,0
repeat,30,0,3,34.137,0.9747,0
repeat,31,1,0,34.265,0.9755,0
repeat,31,1,1,34.125,0.9750,0
repeat,31,1,2,34.326,0.9758,0
repeat,31,1,3,34.271,0.9754,0
repeat,32,2,0,34.207,0.9750,0
repeat,32,2,1,33.657,0.9734,0
repeat,32,2,2,33.446,0.9730,0
repeat,32,2,3,33.442,0.9724,0
repeat,33,3,0,33.847,0.9731,0
repeat,33,3,1,34.047,0.9736,0
repeat,33,3,2,33.928,0.9734,0
repeat,33,3,3,33.506,0.9727,0
repeat,34,4,0,34.086,0.9746,0
repeat,34,4,1,34.389,0.9758,0
repeat,34,4,2,34.083,0.9754,0
repeat,34,4,3,33.472,0.9746,0
repeat,35,5,0,33.782,0.9760,0
repeat,35,5,1,33.205,0.9748,0
repeat,35,5,2,32.165,0.9731,0
repeat,35,5,3,32.216,0.9722,0
repeat,36,6,0,33.107,0.9755,0
repeat,36,6,1,34.257,0.9769,0
repeat,36,6,2,33.762,0.9760,0
repeat,36,6,3,33.432,0.9745,0
repeat,37,7,0,33.362,0.9745,0
repeat,37,7,1,33.376,0.9740,0
repeat,37,7,2,32.684,0.9721,0
repeat,37,7,3,32.605,0.9723,0
repeat,38,8,0,32.373,0.9724,0
repeat,38,8,1,32.569,0.9722,0
repeat,38,8,2,31.780,0.9705,0
repeat,38,8,3,31.724,0.9700,0
repeat,39,9,0,31.739,0.9710,0
repeat,39,9,1,31.850,0.9711,0
repeat,39,9,2,32.140,0.9725,0
repeat,39,9,3,32.511,0.9730,0
repeat,40,10,0,32.824,0.9746,0
repeat,40,10,1,31.733,0.9669,0
repeat,40,10,2,32.194,0.9687,0
repeat,40,10,3,32.329,0.9688,0
repeat,41,11,0,32.320,0.9670,0
repeat,41,11,1,31.481,0.9651,0
repeat,41,11,2,31.317,0.9646,0
repeat,41,11,3,31.330,0.9638,0
repeat,42,12,0,31.238,0.9646,0
repeat,42,12,1,30.981,0.9630,0
repeat,42,12,2,30.716,0.9631,0
repeat,42,12,3,30.804,0.9625,0
repeat,43,13,0,31.039,0.9643,0
repeat,43,13,1,31.122,0.9635,0
repeat,43,13,2,31.015,0.9630,0
repeat,43,13,3,30.975,0.9624,0
repeat,44,14,0,31.289,0.9618,0
repeat,44,14,1,31.670,0.9612,0
repeat,44,14,2,31.903,0.9614,0
repeat,44,14,3,31.924,0.9608,0
repeat,45,15,0,31.831,0.9609,0
repeat,45,15,1,31.770,0.9604,0
repeat,45,15,2,31.815,0.9616,0
repeat,45,15,3,31.858,0.9619,0
repeat,46,16,0,31.984,0.9648,0
repeat,46,16,1,31.834,0.9645,0
repeat,46,16,2,31.631,0.9651,0
repeat,46,16,3,31.504,0.9648,0
repeat,47,17,0,30.106,0.9656,0
repeat,47,17,1,29.949,0.9659,0
repeat,47,17,2,30.333,0.9675,0
repeat,47,17,3,30.263,0.9672,0
repeat,48,18,0,31.313,0.9691,0
repeat,48,18,1,32.120,0.9702,0
repeat,48,18,2,32.253,0.9704,0
repeat,48,18,3,32.014,0.9694,0
repeat,49,19,0,31.919,0.9686,0
repeat,49,19,1,31.785,0.9671,0
repeat,49,19,2,31.823,0.9668,0
repeat,49,19,3,31.725,0.9662,0
repeat,50,20,0,32.125,0.9678,0
repeat,50,20,1,32.341,0.9677,0
repeat,50,20,2,32.382,0.9679,0
repeat,50,20,3,32.349,0.9677,0
repeat,51,21,0,32.588,0.9696,0
repeat,51,21,1,32.593,0.9697,0
repeat,51,21,2,32.499,0.9695,0
repeat,51,21,3,32.484,0.9691,0
repeat,52,22,0,32.533,0.9702,0
repeat,52,22,1,32.252,0.9692,0
repeat,52,22,2,32.967,0.9716,0
repeat,52,22,3,32.885,0.9711,0
repeat,53,23,0,32.554,0.9702,0
repeat,53,23,1,32.439,0.9707,0
repeat,53,23,2,33.294,0.9723,0
repeat,53,23,3,33.212,0.9720,0
repeat,54,24,0,32.999,0.9715,0
repeat,54,24,1,33.216,0.9709,0
repeat,54,24,2,32.543,0.9695,0
repeat,54,24,3,32.126,0.9688,0
repeat,55,25,0,32.261,0.9699,0
repeat,55,25,1,32.705,0.9703,0
repeat,55,25,2,32.558,0.9697,0
repeat,55,25,3,31.159,0.9658,0
repeat,56,26,0,31.927,0.9677,0
repeat,56,26,1,31.595,0.9659,0
repeat,56,26,2,31.726,0.9674,0
repeat,56,26,3,31.120,0.9638,0
repeat,57,27,0,31.522,0.9656,0
repeat,57,27,1,32.295,0.9679,0
repeat,57,27,2,32.323,0.9687,0
repeat,57,27,3,31.988,0.9666,0
repeat,58,28,0,31.679,0.9661,0
repeat,58,28,1,32.194,0.9667,0
repeat,58,28,2,32.326,0.9669,0
repeat,58,28,3,32.018,0.9653,0
repeat,59,29,0,32.362,0.9671,0
repeat,59,29,1,32.162,0.9666,0
repeat,59,29,2,31.048,0.9643,0
repeat,59,29,3,31.048,0.9639,0
repeat,60,30,0,30.924,0.9644,0
repeat,60,30,1,30.560,0.9559,0
repeat,60,30,2,29.627,0.9543,0
repeat,60,30,3,29.930,0.9480,0
repeat,61,31,0,31.261,0.9556,0
repeat,61,31,1,31.053,0.9567,0
repeat,61,31,2,31.291,0.9580,0
repeat,61,31,3,31.376,0.9578,0
repeat,62,32,0,31.654,0.9591,0
repeat,62,32,1,31.165,0.9583,0
repeat,62,32,2,30.916,0.9575,0
repeat,62,32,3,30.759,0.9557,0
repeat,63,33,0,30.766,0.9572,0
repeat,63,33,1,30.338,0.9555,0
repeat,63,33,2,29.900,0.9536,0
repeat,63,33,3,29.754,0.9521,0
repeat,64,34,0,30.067,0.9559,0
repeat,64,34,1,30.162,0.9551,0
repeat,64,34,2,30.181,0.9544,0
repeat,64,34,3,30.241,0.9535,0
repeat,65,35,0,30.552,0.9547,0
repeat,65,35,1,30.842,0.9548,0
repeat,65,35,2,31.008,0.9547,0
repeat,65,35,3,31.150,0.9542,0
repeat,66,36,0,31.160,0.9555,0
repeat,66,36,1,31.155,0.9552,0
repeat,66,36,2,31.528,0.9565,0
repeat,66,36,3,31.737,0.9569,0
repeat,67,37,0,32.172,0.9589,0
repeat,67,37,1,31.689,0.9588,0
repeat,67,37,2,31.921,0.9596,0
repeat,67,37,3,31.853,0.9596,0
repeat,68,38,0,32.229,0.9613,0
repeat,68,38,1,32.454,0.9621,0
repeat,68,38,2,32.705,0.9635,0
repeat,68,38,3,32.627,0.9629,0
repeat,69,39,0,32.750,0.9657,0
repeat,69,39,1,33.006,0.9666,0
repeat,69,39,2,33.066,0.9668,0
repeat,69,39,3,33.017,0.9661,0
seed_shift,30,0,0,24.075,0.7602,0
seed_shift,30,0,1,23.869,0.7554,0
seed_shift,30,0,2,23.805,0.7532,0
seed_shift,30,0,3,23.737,0.7515,0
seed_shift,31,1,0,23.920,0.7622,0
seed_shift,31,1,1,23.207,0.7567,0
seed_shift,31,1,2,22.128,0.7458,0
seed_shift,31,1,3,21.523,0.7407,0
seed_shift,32,2,0,21.864,0.7504,0
seed_shift,32,2,1,22.042,0.7481,0
seed_shift,32,2,2,21.797,0.7409,0
seed_shift,32,2,3,22.388,0.7408,0
seed_shift,33,3,0,22.597,0.7524,0
seed_shift,33,3,1,22.309,0.7470,0
seed_shift,33,3,2,22.338,0.7437,0
seed_shift,33,3,3,22.297,0.7409,0
seed_shift,34,4,0,22.576,0.7504,0
seed_shift,34,4,1,23.611,0.7622,0
seed_shift,34,4,2,23.376,0.7567,0
seed_shift,34,4,3,23.140,0.7553,0
seed_shift,35,5,0,23.317,0.7677,0
seed_shift,35,5,1,22.896,0.7618,0
seed_shift,35,5,2,22.000,0.7473,0
seed_shift,35,5,3,22.321,0.7482,0
seed_shift,36,6,0,23.296,0.7667,0
seed_shift,36,6,1,22.895,0.7605,0
seed_shift,36,6,2,23.409,0.7591,0
seed_shift,36,6,3,23.165,0.7565,0
seed_shift,37,7,0,23.640,0.7679,0
seed_shift,37,7,1,24.110,0.7711,0
seed_shift,37,7,2,23.840,0.7602,0
seed_shift,37,7,3,23.660,0.7570,0
seed_shift,38,8,0,23.450,0.7762,0
seed_shift,38,8,1,23.501,0.7742,0
seed_shift,38,8,2,23.249,0.7646,0
seed_shift,38,8,3,23.281,0.7629,0
seed_shift,39,9,0,23.756,0.7777,0
seed_shift,39,9,1,24.084,0.7812,0
seed_shift,39,9,2,23.824,0.7741,0
seed_shift,39,9,3,23.987,0.7761,0
seed_shift,40,10,0,23.913,0.7860,0
seed_shift,40,10,1,22.728,0.7697,0
seed_shift,40,10,2,22.711,0.7747,0
seed_shift,40,10,3,23.330,0.7769,0
seed_shift,41,11,0,23.377,0.7762,0
seed_shift,41,11,1,23.079,0.7648,0
seed_shift,41,11,2,22.936,0.7601,0
seed_shift,41,11,3,23.047,0.7600,0
seed_shift,42,12,0,23.242,0.7702,0
seed_shift,42,12,1,23.274,0.7669,0
seed_shift,42,12,2,23.346,0.7657,0
seed_shift,42,12,3,23.341,0.7645,0
seed_shift,43,13,0,23.659,0.7697,0
seed_shift,43,13,1,23.715,0.7652,0
seed_shift,43,13,2,23.546,0.7595,0
seed_shift,43,13,3,23.494,0.7568,0
seed_shift,44,14,0,23.517,0.7581,0
seed_shift,44,14,1,23.311,0.7528,0
seed_shift,44,14,2,23.095,0.7468,0
seed_shift,44,14,3,23.019,0.7429,0
seed_shift,45,15,0,22.991,0.7486,0
seed_shift,45,15,1,22.745,0.7441,0
seed_shift,45,15,2,22.485,0.7393,0
seed_shift,45,15,3,22.347,0.7370,0
seed_shift,46,16,0,22.392,0.7466,0
seed_shift,46,16,1,22.256,0.7428,0
seed_shift,46,16,2,22.157,0.7407,0
seed_shift,46,16,3,21.964,0.7366,0
seed_shift,47,17,0,22.178,0.7471,0
seed_shift,47,17,1,22.136,0.7465,0
seed_shift,47,17,2,22.218,0.7457,0
seed_shift,47,17,3,22.338,0.7473,0
seed_shift,48,18,0,22.331,0.7564,0
seed_shift,48,18,1,22.378,0.7556,0
seed_shift,48,18,2,22.529,0.7532,0
seed_shift,48,18,3,22.335,0.7507,0
seed_shift,49,19,0,22.366,0.7581,0
seed_shift,49,19,1,22.357,0.7566,0
seed_shift,49,19,2,22.559,0.7545,0
seed_shift,49,19,3,23.088,0.7537,0
seed_shift,50,20,0,23.479,0.7597,0
seed_shift,50,20,1,23.355,0.7538,0
seed_shift,50,20,2,23.067,0.7444,0
seed_shift,50,20,3,22.988,0.7401,0
seed_shift,51,21,0,23.052,0.7474,0
seed_shift,51,21,1,22.126,0.7396,0
seed_shift,51,21,2,22.353,0.7375,0
seed_shift,51,21,3,22.448,0.7358,0
seed_shift,52,22,0,22.908,0.7520,0
seed_shift,52,22,1,22.464,0.7476,0
seed_shift,52,22,2,22.265,0.7417,0
seed_shift,52,22,3,22.510,0.7414,0
seed_shift,53,23,0,22.827,0.7546,0
seed_shift,53,23,1,21.816,0.7466,0
seed_shift,53,23,2,22.259,0.7487,0
seed_shift,53,23,3,22.588,0.7513,0
seed_shift,54,24,0,23.131,0.7612,0
seed_shift,54,24,1,23.010,0.7577,0
seed_shift,54,24,2,21.449,0.7411,0
seed_shift,54,24,3,21.762,0.7475,0
seed_shift,55,25,0,23.166,0.7673,0
seed_shift,55,25,1,22.891,0.7627,0
seed_shift,55,25,2,22.095,0.7524,0
seed_shift,55,25,3,21.100,0.7444,0
seed_shift,56,26,0,21.452,0.7574,0
seed_shift,56,26,1,22.950,0.7670,0
seed_shift,56,26,2,22.820,0.7610,0
seed_shift,56,26,3,22.762,0.7598,0
seed_shift,57,27,0,23.184,0.7724,0
seed_shift,57,27,1,23.060,0.7683,0
seed_shift,57,27,2,22.795,0.7620,0
seed_shift,57,27,3,23.117,0.7641,0
seed_shift,58,28,0,23.045,0.7788,0
seed_shift,58,28,1,23.055,0.7777,0
seed_shift,58,28,2,22.806,0.7670,0
seed_shift,58,28,3,22.572,0.7633,0
seed_shift,59,29,0,22.423,0.7701,0
seed_shift,59,29,1,22.574,0.7704,0
seed_shift,59,29,2,23.238,0.7699,0
seed_shift,59,29,3,23.281,0.7680,0
seed_shift,60,30,0,23.130,0.7725,0
seed_shift,60,30,1,22.634,0.7800,0
seed_shift,60,30,2,20.086,0.7290,0
seed_shift,60,30,3,20.053,0.7276,0
seed_shift,61,31,0,21.200,0.7596,0
seed_shift,61,31,1,21.364,0.7547,0
seed_shift,61,31,2,21.458,0.7542,0
seed_shift,61,31,3,21.647,0.7561,0
seed_shift,62,32,0,22.340,0.7708,0
seed_shift,62,32,1,22.601,0.7700,0
seed_shift,62,32,2,22.745,0.7702,0
seed_shift,62,32,3,22.954,0.7719,0
seed_shift,63,33,0,23.381,0.7770,0
seed_shift,63,33,1,23.457,0.7740,0
seed_shift,63,33,2,23.272,0.7704,0
seed_shift,63,33,3,23.043,0.7658,0
seed_shift,64,34,0,23.239,0.7701,0
seed_shift,64,34,1,23.381,0.7688,0
seed_shift,64,34,2,23.481,0.7660,0
seed_shift,64,34,3,23.498,0.7635,0
seed_shift,65,35,0,23.545,0.7654,0
seed_shift,65,35,1,23.282,0.7588,0
seed_shift,65,35,2,22.830,0.7487,0
seed_shift,65,35,3,22.379,0.7412,0
seed_shift,66,36,0,22.612,0.7481,0
seed_shift,66,36,1,22.599,0.7441,0
seed_shift,66,36,2,22.506,0.7384,0
seed_shift,66,36,3,22.460,0.7357,0
seed_shift,67,37,0,22.536,0.7425,0
seed_shift,67,37,1,22.335,0.7384,0
seed_shift,67,37,2,22.283,0.7348,0
seed_shift,67,37,3,22.439,0.7341,0
seed_shift,68,38,0,22.854,0.7425,0
seed_shift,68,38,1,22.988,0.7421,0
seed_shift,68,38,2,22.999,0.7379,0
seed_shift,68,38,3,23.095,0.7365,0
seed_shift,69,39,0,22.975,0.7439,0
seed_shift,69,39,1,22.998,0.7411,0
seed_shift,69,39,2,23.081,0.7373,0
seed_shift,69,39,3,22.985,0.7338,0
drop_inflight,30,0,0,34.022,0.9749,0
drop_inflight,30,0,1,34.133,0.9747,0
drop_inflight,30,0,2,34.019,0.9744,0
drop_inflight,30,0,3,34.137,0.9747,0
drop_inflight,31,1,0,34.265,0.9755,0
drop_inflight,31,1,1,34.125,0.9750,0
drop_inflight,31,1,2,34.326,0.9758,0
drop_inflight,31,1,3,34.271,0.9754,0
drop_inflight,32,2,0,34.207,0.9750,0
drop_inflight,32,2,1,33.657,0.9734,0
drop_inflight,32,2,2,33.446,0.9730,0
drop_inflight,32,2,3,33.442,0.9724,0
drop_inflight,33,3,0,33.847,0.9731,0
drop_inflight,33,3,1,34.047,0.9736,0
drop_inflight,33,3,2,33.928,0.9734,0
drop_inflight,33,3,3,33.506,0.9727,0
drop_inflight,34,4,0,34.086,0.9746,0
drop_inflight,34,4,1,34.389,0.9758,0
drop_inflight,34,4,2,34.083,0.9754,0
drop_inflight,34,4,3,33.472,0.9746,0
drop_inflight,35,5,0,33.782,0.9760,0
drop_inflight,35,5,1,33.205,0.9748,0
drop_inflight,35,5,2,32.165,0.9731,0
drop_inflight,35,5,3,32.216,0.9722,0
drop_inflight,36,6,0,33.107,0.9755,0
drop_inflight,36,6,1,34.257,0.9769,0
drop_inflight,36,6,2,33.762,0.9760,0
drop_inflight,36,6,3,33.432,0.9745,0
drop_inflight,37,7,0,33.362,0.9745,0
drop_inflight,37,7,1,33.376,0.9740,0
drop_inflight,37,7,2,32.684,0.9721,0
drop_inflight,37,7,3,32.605,0.9723,0
drop_inflight,38,8,0,32.373,0.9724,0
drop_inflight,38,8,1,32.569,0.9722,0
drop_inflight,38,8,2,31.780,0.9705,0
drop_inflight,38,8,3,31.724,0.9700,0
drop_inflight,39,9,0,31.739,0.9710,0
drop_inflight,39,9,1,31.850,0.9711,0
drop_inflight,39,9,2,32.140,0.9725,0
drop_inflight,39,9,3,32.511,0.9730,0
drop_inflight,40,10,0,32.824,0.9746,0
drop_inflight,40,10,1,31.733,0.9669,0
drop_inflight,40,10,2,32.194,0.9687,0
drop_inflight,40,10,3,32.329,0.9688,0
drop_inflight,41,11,0,32.320,0.9670,0
drop_inflight,41,11,1,31.481,0.9651,0
drop_inflight,41,11,2,31.317,0.9646,0
drop_inflight,41,11,3,31.330,0.9638,0
drop_inflight,42,12,0,31.238,0.9646,0
drop_inflight,42,12,1,30.981,0.9630,0
drop_inflight,42,12,2,30.716,0.9631,0
drop_inflight,42,12,3,30.804,0.9625,0
drop_inflight,43,13,0,31.039,0.9643,0
drop_inflight,43,13,1,31.122,0.9635,0
drop_inflight,43,13,2,31.015,0.9630,0
drop_inflight,43,13,3,30.975,0.9624,0
drop_inflight,44,14,0,31.289,0.9618,0
drop_inflight,44,14,1,31.670,0.9612,0
drop_inflight,44,14,2,31.903,0.9614,0
drop_inflight,44,14,3,31.924,0.9608,0
drop_inflight,45,15,0,31.831,0.9609,0
drop_inflight,45,15,1,31.770,0.9604,0
drop_inflight,45,15,2,31.815,0.9616,0
drop_inflight,45,15,3,31.858,0.9619,0
drop_inflight,46,16,0,31.984,0.9648,0
drop_inflight,46,16,1,31.834,0.9645,0
drop_inflight,46,16,2,31.631,0.9651,0
drop_inflight,46,16,3,31.504,0.9648,0
drop_inflight,47,17,0,30.106,0.9656,0
drop_inflight,47,17,1,29.949,0.9659,0
drop_inflight,47,17,2,30.333,0.9675,0
drop_inflight,47,17,3,30.263,0.9672,0
drop_inflight,48,18,0,31.313,0.9691,0
drop_inflight,48,18,1,32.120,0.9702,0
drop_inflight,48,18,2,32.253,0.9704,0
drop_inflight,48,18,3,32.014,0.9694,0
drop_inflight,49,19,0,31.919,0.9686,0
drop_inflight,49,19,1,31.785,0.9671,0
drop_inflight,49,19,2,31.823,0.9668,0
drop_inflight,49,19,3,31.725,0.9662,0
drop_inflight,50,20,0,32.125,0.9678,0
drop_inflight,50,20,1,32.341,0.9677,0
drop_inflight,50,20,2,32.382,0.9679,0
drop_inflight,50,20,3,32.349,0.9677,0
drop_inflight,51,21,0,32.588,0.9696,0
drop_inflight,51,21,1,32.593,0.9697,0
drop_inflight,51,21,2,32.499,0.9695,0
drop_inflight,51,21,3,32.484,0.9691,0
drop_inflight,52,22,0,32.533,0.9702,0
drop_inflight,52,22,1,32.252,0.9692,0
drop_inflight,52,22,2,32.967,0.9716,0
drop_inflight,52,22,3,32.885,0.9711,0
drop_inflight,53,23,0,32.554,0.9702,0
drop_inflight,53,23,1,32.439,0.9707,0
drop_inflight,53,23,2,33.294,0.9723,0
drop_inflight,53,23,3,33.212,0.9720,0
drop_inflight,54,24,0,32.999,0.9715,0
drop_inflight,54,24,1,33.216,0.9709,0
drop_inflight,54,24,2,32.543,0.9695,0
drop_inflight,54,24,3,32.126,0.9688,0
drop_inflight,55,25,0,32.261,0.9699,0
drop_inflight,55,25,1,32.705,0.9703,0
drop_inflight,55,25,2,32.558,0.9697,0
drop_inflight,55,25,3,31.159,0.9658,0
drop_inflight,56,26,0,31.927,0.9677,0
drop_inflight,56,26,1,31.595,0.9659,0
drop_inflight,56,26,2,31.726,0.9674,0
drop_inflight,56,26,3,31.120,0.9638,0
drop_inflight,57,27,0,31.522,0.9656,0
drop_inflight,57,27,1,32.295,0.9679,0
drop_inflight,57,27,2,32.323,0.9687,0
drop_inflight,57,27,3,31.988,0.9666,0
drop_inflight,58,28,0,31.679,0.9661,0
drop_inflight,58,28,1,32.194,0.9667,0
drop_inflight,58,28,2,32.326,0.9669,0
drop_inflight,58,28,3,32.018,0.9653,0
drop_inflight,59,29,0,32.362,0.9671,0
drop_inflight,59,29,1,32.162,0.9666,0
drop_inflight,59,29,2,31.048,0.9643,0
drop_inflight,59,29,3,31.048,0.9639,0
drop_inflight,60,30,0,30.924,0.9644,0
drop_inflight,60,30,1,30.560,0.9559,0
drop_inflight,60,30,2,29.627,0.9543,0
drop_inflight,60,30,3,29.930,0.9480,0
drop_inflight,61,31,0,31.261,0.9556,0
drop_inflight,61,31,1,31.053,0.9567,0
drop_inflight,61,31,2,31.291,0.9580,0
drop_inflight,61,31,3,31.376,0.9578,0
drop_inflight,62,32,0,31.654,0.9591,0
drop_inflight,62,32,1,31.165,0.9583,0
drop_inflight,62,32,2,30.916,0.9575,0
drop_inflight,62,32,3,30.759,0.9557,0
drop_inflight,63,33,0,30.766,0.9572,0
drop_inflight,63,33,1,30.338,0.9555,0
drop_inflight,63,33,2,29.900,0.9536,0
drop_inflight,63,33,3,29.754,0.9521,0
drop_inflight,64,34,0,30.067,0.9559,0
drop_inflight,64,34,1,30.162,0.9551,0
drop_inflight,64,34,2,30.181,0.9544,0
drop_inflight,64,34,3,30.241,0.9535,0
drop_inflight,65,35,0,30.552,0.9547,0
drop_inflight,65,35,1,30.842,0.9548,0
drop_inflight,65,35,2,31.008,0.9547,0
drop_inflight,65,35,3,31.150,0.9542,0
drop_inflight,66,36,0,31.160,0.9555,0
drop_inflight,66,36,1,31.155,0.9552,0
drop_inflight,66,36,2,31.528,0.9565,0
drop_inflight,66,36,3,31.737,0.9569,0
drop_inflight,67,37,0,32.172,0.9589,0
drop_inflight,67,37,1,31.689,0.9588,0
drop_inflight,67,37,2,31.921,0.9596,0
drop_inflight,67,37,3,31.853,0.9596,0
drop_inflight,68,38,0,32.229,0.9613,0
drop_inflight,68,38,1,32.454,0.9621,0
drop_inflight,68,38,2,32.705,0.9635,0
drop_inflight,68,38,3,32.627,0.9629,0
drop_inflight,69,39,0,32.750,0.9657,0
drop_inflight,69,39,1,33.006,0.9666,0
drop_inflight,69,39,2,33.066,0.9668,0
drop_inflight,69,39,3,33.017,0.9661,0
drop_kv_recent,30,0,0,27.002,0.8287,0
drop_kv_recent,30,0,1,25.539,0.7934,0
drop_kv_recent,30,0,2,24.706,0.7735,0
drop_kv_recent,30,0,3,24.380,0.7645,0
drop_kv_recent,31,1,0,24.613,0.8107,0
drop_kv_recent,31,1,1,22.950,0.8115,0
drop_kv_recent,31,1,2,22.696,0.8160,0
drop_kv_recent,31,1,3,22.223,0.8157,0
drop_kv_recent,32,2,0,21.578,0.8324,0
drop_kv_recent,32,2,1,21.516,0.8363,0
drop_kv_recent,32,2,2,22.915,0.8494,0
drop_kv_recent,32,2,3,22.830,0.8470,0
drop_kv_recent,33,3,0,23.631,0.8662,0
drop_kv_recent,33,3,1,24.384,0.8747,0
drop_kv_recent,33,3,2,24.485,0.8760,0
drop_kv_recent,33,3,3,24.428,0.8756,0
drop_kv_recent,34,4,0,24.998,0.8928,0
drop_kv_recent,34,4,1,25.810,0.9018,0
drop_kv_recent,34,4,2,26.097,0.9057,0
drop_kv_recent,34,4,3,26.224,0.9064,0
drop_kv_recent,35,5,0,27.170,0.9222,0
drop_kv_recent,35,5,1,27.973,0.9299,0
drop_kv_recent,35,5,2,28.572,0.9351,0
drop_kv_recent,35,5,3,28.328,0.9339,0
drop_kv_recent,36,6,0,28.950,0.9483,0
drop_kv_recent,36,6,1,30.558,0.9536,0
drop_kv_recent,36,6,2,31.222,0.9564,0
drop_kv_recent,36,6,3,31.038,0.9553,0
drop_kv_recent,37,7,0,31.982,0.9617,0
drop_kv_recent,37,7,1,32.230,0.9629,0
drop_kv_recent,37,7,2,32.486,0.9640,0
drop_kv_recent,37,7,3,32.512,0.9640,0
drop_kv_recent,38,8,0,32.621,0.9677,0
drop_kv_recent,38,8,1,32.800,0.9675,0
drop_kv_recent,38,8,2,32.283,0.9667,0
drop_kv_recent,38,8,3,32.428,0.9665,0
drop_kv_recent,39,9,0,32.331,0.9682,0
drop_kv_recent,39,9,1,32.385,0.9682,0
drop_kv_recent,39,9,2,32.920,0.9700,0
drop_kv_recent,39,9,3,33.409,0.9711,0
drop_kv_recent,40,10,0,33.545,0.9731,0
drop_kv_recent,40,10,1,31.176,0.9647,0
drop_kv_recent,40,10,2,32.057,0.9670,0
drop_kv_recent,40,10,3,32.133,0.9664,0
drop_kv_recent,41,11,0,32.341,0.9663,0
drop_kv_recent,41,11,1,31.545,0.9646,0
drop_kv_recent,41,11,2,31.370,0.9641,0
drop_kv_recent,41,11,3,31.352,0.9635,0
drop_kv_recent,42,12,0,31.233,0.9636,0
drop_kv_recent,42,12,1,30.942,0.9621,0
drop_kv_recent,42,12,2,30.639,0.9619,0
drop_kv_recent,42,12,3,30.719,0.9616,0
drop_kv_recent,43,13,0,30.937,0.9635,0
drop_kv_recent,43,13,1,30.978,0.9627,0
drop_kv_recent,43,13,2,30.862,0.9623,0
drop_kv_recent,43,13,3,30.820,0.9617,0
drop_kv_recent,44,14,0,31.155,0.9612,0
drop_kv_recent,44,14,1,31.579,0.9608,0
drop_kv_recent,44,14,2,31.820,0.9610,0
drop_kv_recent,44,14,3,31.856,0.9604,0
drop_kv_recent,45,15,0,31.785,0.9603,0
drop_kv_recent,45,15,1,31.739,0.9600,0
drop_kv_recent,45,15,2,31.785,0.9608,0
drop_kv_recent,45,15,3,31.828,0.9611,0
drop_kv_recent,46,16,0,31.989,0.9643,0
drop_kv_recent,46,16,1,31.860,0.9641,0
drop_kv_recent,46,16,2,31.661,0.9647,0
drop_kv_recent,46,16,3,31.520,0.9643,0
drop_kv_recent,47,17,0,30.104,0.9656,0
drop_kv_recent,47,17,1,29.946,0.9660,0
drop_kv_recent,47,17,2,30.356,0.9676,0
drop_kv_recent,47,17,3,30.293,0.9674,0
drop_kv_recent,48,18,0,31.354,0.9695,0
drop_kv_recent,48,18,1,32.186,0.9708,0
drop_kv_recent,48,18,2,32.269,0.9710,0
drop_kv_recent,48,18,3,31.980,0.9700,0
drop_kv_recent,49,19,0,31.915,0.9690,0
drop_kv_recent,49,19,1,31.838,0.9674,0
drop_kv_recent,49,19,2,31.906,0.9672,0
drop_kv_recent,49,19,3,31.831,0.9666,0
drop_kv_recent,50,20,0,32.223,0.9685,0
drop_kv_recent,50,20,1,32.433,0.9683,0
drop_kv_recent,50,20,2,32.469,0.9686,0
drop_kv_recent,50,20,3,32.450,0.9684,0
drop_kv_recent,51,21,0,32.694,0.9703,0
drop_kv_recent,51,21,1,32.703,0.9704,0
drop_kv_recent,51,21,2,32.581,0.9701,0
drop_kv_recent,51,21,3,32.593,0.9699,0
drop_kv_recent,52,22,0,32.690,0.9712,0
drop_kv_recent,52,22,1,32.417,0.9701,0
drop_kv_recent,52,22,2,32.998,0.9719,0
drop_kv_recent,52,22,3,32.902,0.9714,0
drop_kv_recent,53,23,0,32.516,0.9703,0
drop_kv_recent,53,23,1,32.459,0.9710,0
drop_kv_recent,53,23,2,33.240,0.9725,0
drop_kv_recent,53,23,3,33.158,0.9722,0
drop_kv_recent,54,24,0,32.868,0.9718,0
drop_kv_recent,54,24,1,33.128,0.9713,0
drop_kv_recent,54,24,2,32.438,0.9700,0
drop_kv_recent,54,24,3,32.044,0.9692,0
drop_kv_recent,55,25,0,32.117,0.9699,0
drop_kv_recent,55,25,1,32.640,0.9703,0
drop_kv_recent,55,25,2,32.548,0.9697,0
drop_kv_recent,55,25,3,31.227,0.9660,0
drop_kv_recent,56,26,0,32.015,0.9680,0
drop_kv_recent,56,26,1,31.696,0.9664,0
drop_kv_recent,56,26,2,31.728,0.9675,0
drop_kv_recent,56,26,3,31.138,0.9640,0
drop_kv_recent,57,27,0,31.474,0.9655,0
drop_kv_recent,57,27,1,32.210,0.9678,0
drop_kv_recent,57,27,2,32.165,0.9684,0
drop_kv_recent,57,27,3,31.793,0.9661,0
drop_kv_recent,58,28,0,31.550,0.9660,0
drop_kv_recent,58,28,1,32.122,0.9668,0
drop_kv_recent,58,28,2,32.277,0.9672,0
drop_kv_recent,58,28,3,31.998,0.9658,0
drop_kv_recent,59,29,0,32.332,0.9673,0
drop_kv_recent,59,29,1,32.071,0.9665,0
drop_kv_recent,59,29,2,30.922,0.9641,0
drop_kv_recent,59,29,3,30.928,0.9637,0
drop_kv_recent,60,30,0,30.831,0.9641,0
drop_kv_recent,60,30,1,30.552,0.9560,0
drop_kv_recent,60,30,2,29.394,0.9532,0
drop_kv_recent,60,30,3,29.763,0.9480,0
drop_kv_recent,61,31,0,31.172,0.9550,0
drop_kv_recent,61,31,1,30.974,0.9562,0
drop_kv_recent,61,31,2,31.219,0.9574,0
drop_kv_recent,61,31,3,31.309,0.9573,0
drop_kv_recent,62,32,0,31.558,0.9588,0
drop_kv_recent,62,32,1,31.068,0.9578,0
drop_kv_recent,62,32,2,30.871,0.9572,0
drop_kv_recent,62,32,3,30.737,0.9555,0
drop_kv_recent,63,33,0,30.747,0.9570,0
drop_kv_recent,63,33,1,30.387,0.9554,0
drop_kv_recent,63,33,2,29.963,0.9534,0
drop_kv_recent,63,33,3,29.810,0.9517,0
drop_kv_recent,64,34,0,30.114,0.9556,0
drop_kv_recent,64,34,1,30.199,0.9549,0
drop_kv_recent,64,34,2,30.192,0.9542,0
drop_kv_recent,64,34,3,30.246,0.9532,0
drop_kv_recent,65,35,0,30.567,0.9549,0
drop_kv_recent,65,35,1,30.859,0.9549,0
drop_kv_recent,65,35,2,31.055,0.9549,0
drop_kv_recent,65,35,3,31.221,0.9546,0
drop_kv_recent,66,36,0,31.211,0.9558,0
drop_kv_recent,66,36,1,31.203,0.9554,0
drop_kv_recent,66,36,2,31.554,0.9565,0
drop_kv_recent,66,36,3,31.777,0.9571,0
drop_kv_recent,67,37,0,32.169,0.9588,0
drop_kv_recent,67,37,1,31.713,0.9587,0
drop_kv_recent,67,37,2,31.932,0.9597,0
drop_kv_recent,67,37,3,31.879,0.9597,0
drop_kv_recent,68,38,0,32.285,0.9616,0
drop_kv_recent,68,38,1,32.434,0.9626,0
drop_kv_recent,68,38,2,32.703,0.9639,0
drop_kv_recent,68,38,3,32.584,0.9632,0
drop_kv_recent,69,39,0,32.761,0.9658,0
drop_kv_recent,69,39,1,32.973,0.9667,0
drop_kv_recent,69,39,2,33.029,0.9669,0
drop_kv_recent,69,39,3,33.004,0.9662,0
drop_kv_sink,30,0,0,29.667,0.8886,0
drop_kv_sink,30,0,1,27.929,0.8669,0
drop_kv_sink,30,0,2,27.174,0.8514,0
drop_kv_sink,30,0,3,26.314,0.8368,0
drop_kv_sink,31,1,0,25.757,0.8406,0
drop_kv_sink,31,1,1,24.607,0.8288,0
drop_kv_sink,31,1,2,23.766,0.8203,0
drop_kv_sink,31,1,3,22.542,0.8032,0
drop_kv_sink,32,2,0,22.147,0.8050,0
drop_kv_sink,32,2,1,22.463,0.8078,0
drop_kv_sink,32,2,2,22.340,0.8046,0
drop_kv_sink,32,2,3,22.239,0.7984,0
drop_kv_sink,33,3,0,22.229,0.7995,0
drop_kv_sink,33,3,1,22.204,0.7990,0
drop_kv_sink,33,3,2,22.070,0.7922,0
drop_kv_sink,33,3,3,21.989,0.7854,0
drop_kv_sink,34,4,0,21.689,0.7846,0
drop_kv_sink,34,4,1,21.369,0.7826,0
drop_kv_sink,34,4,2,21.072,0.7775,0
drop_kv_sink,34,4,3,21.028,0.7772,0
drop_kv_sink,35,5,0,20.645,0.7884,0
drop_kv_sink,35,5,1,19.792,0.7769,0
drop_kv_sink,35,5,2,20.691,0.7937,0
drop_kv_sink,35,5,3,20.603,0.7894,0
drop_kv_sink,36,6,0,20.854,0.7941,0
drop_kv_sink,36,6,1,20.691,0.7877,0
drop_kv_sink,36,6,2,20.859,0.7918,0
drop_kv_sink,36,6,3,20.452,0.7801,0
drop_kv_sink,37,7,0,20.422,0.7870,0
drop_kv_sink,37,7,1,20.336,0.7869,0
drop_kv_sink,37,7,2,20.260,0.7814,0
drop_kv_sink,37,7,3,20.279,0.7793,0
drop_kv_sink,38,8,0,20.306,0.7896,0
drop_kv_sink,38,8,1,20.329,0.7904,0
drop_kv_sink,38,8,2,20.462,0.7913,0
drop_kv_sink,38,8,3,20.522,0.7853,0
drop_kv_sink,39,9,0,20.671,0.7978,0
drop_kv_sink,39,9,1,20.920,0.8041,0
drop_kv_sink,39,9,2,20.862,0.8004,0
drop_kv_sink,39,9,3,20.788,0.7955,0
drop_kv_sink,40,10,0,20.524,0.7975,0
drop_kv_sink,40,10,1,20.637,0.7745,0
drop_kv_sink,40,10,2,20.580,0.7789,0
drop_kv_sink,40,10,3,20.149,0.7708,0
drop_kv_sink,41,11,0,20.111,0.7768,0
drop_kv_sink,41,11,1,19.863,0.7697,0
drop_kv_sink,41,11,2,19.847,0.7662,0
drop_kv_sink,41,11,3,19.917,0.7586,0
drop_kv_sink,42,12,0,20.114,0.7658,0
drop_kv_sink,42,12,1,20.287,0.7659,0
drop_kv_sink,42,12,2,20.243,0.7645,0
drop_kv_sink,42,12,3,19.971,0.7572,0
drop_kv_sink,43,13,0,20.521,0.7716,0
drop_kv_sink,43,13,1,20.706,0.7725,0
drop_kv_sink,43,13,2,20.701,0.7713,0
drop_kv_sink,43,13,3,20.568,0.7658,0
drop_kv_sink,44,14,0,20.631,0.7682,0
drop_kv_sink,44,14,1,20.580,0.7638,0
drop_kv_sink,44,14,2,20.470,0.7583,0
drop_kv_sink,44,14,3,20.341,0.7519,0
drop_kv_sink,45,15,0,20.146,0.7516,0
drop_kv_sink,45,15,1,19.864,0.7454,0
drop_kv_sink,45,15,2,19.771,0.7391,0
drop_kv_sink,45,15,3,19.625,0.7331,0
drop_kv_sink,46,16,0,19.448,0.7508,0
drop_kv_sink,46,16,1,19.295,0.7486,0
drop_kv_sink,46,16,2,19.187,0.7452,0
drop_kv_sink,46,16,3,18.930,0.7395,0
drop_kv_sink,47,17,0,19.074,0.7535,0
drop_kv_sink,47,17,1,18.955,0.7538,0
drop_kv_sink,47,17,2,18.962,0.7537,0
drop_kv_sink,47,17,3,18.898,0.7511,0
drop_kv_sink,48,18,0,18.989,0.7621,0
drop_kv_sink,48,18,1,19.624,0.7683,0
drop_kv_sink,48,18,2,19.777,0.7688,0
drop_kv_sink,48,18,3,19.656,0.7653,0
drop_kv_sink,49,19,0,19.933,0.7725,0
drop_kv_sink,49,19,1,20.073,0.7705,0
drop_kv_sink,49,19,2,19.947,0.7663,0
drop_kv_sink,49,19,3,19.786,0.7610,0
drop_kv_sink,50,20,0,20.012,0.7656,0
drop_kv_sink,50,20,1,20.201,0.7678,0
drop_kv_sink,50,20,2,20.275,0.7652,0
drop_kv_sink,50,20,3,20.283,0.7627,0
drop_kv_sink,51,21,0,20.372,0.7698,0
drop_kv_sink,51,21,1,20.601,0.7740,0
drop_kv_sink,51,21,2,20.353,0.7702,0
drop_kv_sink,51,21,3,20.414,0.7690,0
drop_kv_sink,52,22,0,20.541,0.7793,0
drop_kv_sink,52,22,1,20.252,0.7730,0
drop_kv_sink,52,22,2,20.533,0.7738,0
drop_kv_sink,52,22,3,20.548,0.7716,0
drop_kv_sink,53,23,0,20.651,0.7814,0
drop_kv_sink,53,23,1,20.410,0.7784,0
drop_kv_sink,53,23,2,20.270,0.7754,0
drop_kv_sink,53,23,3,20.306,0.7748,0
drop_kv_sink,54,24,0,20.096,0.7808,0
drop_kv_sink,54,24,1,20.279,0.7816,0
drop_kv_sink,54,24,2,20.439,0.7870,0
drop_kv_sink,54,24,3,20.086,0.7807,0
drop_kv_sink,55,25,0,19.898,0.7897,0
drop_kv_sink,55,25,1,20.565,0.7977,0
drop_kv_sink,55,25,2,20.005,0.7871,0
drop_kv_sink,55,25,3,20.082,0.7844,0
drop_kv_sink,56,26,0,20.602,0.8007,0
drop_kv_sink,56,26,1,21.193,0.8075,0
drop_kv_sink,56,26,2,21.358,0.8049,0
drop_kv_sink,56,26,3,20.762,0.7951,0
drop_kv_sink,57,27,0,21.064,0.8013,0
drop_kv_sink,57,27,1,21.560,0.8067,0
drop_kv_sink,57,27,2,21.193,0.8013,0
drop_kv_sink,57,27,3,20.978,0.7988,0
drop_kv_sink,58,28,0,21.103,0.8083,0
drop_kv_sink,58,28,1,20.849,0.8038,0
drop_kv_sink,58,28,2,21.303,0.8110,0
drop_kv_sink,58,28,3,21.565,0.8120,0
drop_kv_sink,59,29,0,21.568,0.8176,0
drop_kv_sink,59,29,1,21.592,0.8177,0
drop_kv_sink,59,29,2,21.505,0.8153,0
drop_kv_sink,59,29,3,21.436,0.8114,0
drop_kv_sink,60,30,0,21.154,0.8117,0
drop_kv_sink,60,30,1,21.491,0.8136,0
drop_kv_sink,60,30,2,19.887,0.7802,0
drop_kv_sink,60,30,3,19.755,0.7652,0
drop_kv_sink,61,31,0,19.562,0.7742,0
drop_kv_sink,61,31,1,19.602,0.7804,0
drop_kv_sink,61,31,2,19.663,0.7806,0
drop_kv_sink,61,31,3,19.552,0.7775,0
drop_kv_sink,62,32,0,19.763,0.7805,0
drop_kv_sink,62,32,1,19.995,0.7837,0
drop_kv_sink,62,32,2,20.011,0.7829,0
drop_kv_sink,62,32,3,19.910,0.7811,0
drop_kv_sink,63,33,0,20.134,0.7839,0
drop_kv_sink,63,33,1,20.382,0.7851,0
drop_kv_sink,63,33,2,20.278,0.7827,0
drop_kv_sink,63,33,3,19.813,0.7731,0
drop_kv_sink,64,34,0,20.155,0.7802,0
drop_kv_sink,64,34,1,20.520,0.7839,0
drop_kv_sink,64,34,2,20.649,0.7819,0
drop_kv_sink,64,34,3,20.649,0.7791,0
drop_kv_sink,65,35,0,20.555,0.7779,0
drop_kv_sink,65,35,1,20.713,0.7782,0
drop_kv_sink,65,35,2,20.712,0.7727,0
drop_kv_sink,65,35,3,20.522,0.7667,0
drop_kv_sink,66,36,0,20.438,0.7680,0
drop_kv_sink,66,36,1,20.818,0.7719,0
drop_kv_sink,66,36,2,20.768,0.7673,0
drop_kv_sink,66,36,3,20.616,0.7613,0
drop_kv_sink,67,37,0,20.758,0.7685,0
drop_kv_sink,67,37,1,20.682,0.7660,0
drop_kv_sink,67,37,2,20.537,0.7631,0
drop_kv_sink,67,37,3,20.149,0.7599,0
drop_kv_sink,68,38,0,20.264,0.7630,0
drop_kv_sink,68,38,1,20.335,0.7613,0
drop_kv_sink,68,38,2,20.359,0.7597,0
drop_kv_sink,68,38,3,20.345,0.7542,0
drop_kv_sink,69,39,0,20.341,0.7592,0
drop_kv_sink,69,39,1,20.222,0.7579,0
drop_kv_sink,69,39,2,20.040,0.7534,0
drop_kv_sink,69,39,3,20.178,0.7477,0
drop_kv_all,30,0,0,22.673,0.7331,0
drop_kv_all,30,0,1,20.985,0.6954,0
drop_kv_all,30,0,2,20.103,0.6710,0
drop_kv_all,30,0,3,19.824,0.6599,0
drop_kv_all,31,1,0,17.773,0.6608,0
drop_kv_all,31,1,1,16.756,0.6421,0
drop_kv_all,31,1,2,16.398,0.6333,0
drop_kv_all,31,1,3,16.196,0.6288,0
drop_kv_all,32,2,0,16.352,0.6530,0
drop_kv_all,32,2,1,17.017,0.6540,0
drop_kv_all,32,2,2,16.999,0.6548,0
drop_kv_all,32,2,3,16.546,0.6498,0
drop_kv_all,33,3,0,16.455,0.6656,0
drop_kv_all,33,3,1,16.663,0.6822,0
drop_kv_all,33,3,2,16.951,0.6831,0
drop_kv_all,33,3,3,17.047,0.6782,0
drop_kv_all,34,4,0,16.805,0.6905,0
drop_kv_all,34,4,1,17.203,0.7010,0
drop_kv_all,34,4,2,17.163,0.6974,0
drop_kv_all,34,4,3,16.902,0.6910,0
drop_kv_all,35,5,0,17.010,0.7124,0
drop_kv_all,35,5,1,17.200,0.7225,0
drop_kv_all,35,5,2,17.161,0.7205,0
drop_kv_all,35,5,3,17.083,0.7152,0
drop_kv_all,36,6,0,17.108,0.7186,0
drop_kv_all,36,6,1,17.170,0.7214,0
drop_kv_all,36,6,2,17.202,0.7156,0
drop_kv_all,36,6,3,17.041,0.7082,0
drop_kv_all,37,7,0,16.932,0.7179,0
drop_kv_all,37,7,1,16.883,0.7214,0
drop_kv_all,37,7,2,16.953,0.7170,0
drop_kv_all,37,7,3,16.526,0.7101,0
drop_kv_all,38,8,0,16.551,0.7212,0
drop_kv_all,38,8,1,16.512,0.7196,0
drop_kv_all,38,8,2,16.572,0.7185,0
drop_kv_all,38,8,3,16.644,0.7143,0
drop_kv_all,39,9,0,16.775,0.7307,0
drop_kv_all,39,9,1,16.898,0.7330,0
drop_kv_all,39,9,2,16.871,0.7306,0
drop_kv_all,39,9,3,16.862,0.7275,0
drop_kv_all,40,10,0,16.725,0.7338,0
drop_kv_all,40,10,1,16.440,0.7081,0
drop_kv_all,40,10,2,16.323,0.7138,0
drop_kv_all,40,10,3,16.381,0.7107,0
drop_kv_all,41,11,0,16.902,0.7284,0
drop_kv_all,41,11,1,16.981,0.7253,0
drop_kv_all,41,11,2,17.018,0.7224,0
drop_kv_all,41,11,3,17.154,0.7171,0
drop_kv_all,42,12,0,18.746,0.7392,0
drop_kv_all,42,12,1,18.719,0.7396,0
drop_kv_all,42,12,2,18.658,0.7405,0
drop_kv_all,42,12,3,18.538,0.7377,0
drop_kv_all,43,13,0,18.901,0.7504,0
drop_kv_all,43,13,1,18.995,0.7517,0
drop_kv_all,43,13,2,18.993,0.7499,0
drop_kv_all,43,13,3,18.932,0.7464,0
drop_kv_all,44,14,0,18.964,0.7445,0
drop_kv_all,44,14,1,18.909,0.7405,0
drop_kv_all,44,14,2,18.802,0.7324,0
drop_kv_all,44,14,3,18.720,0.7263,0
drop_kv_all,45,15,0,18.640,0.7252,0
drop_kv_all,45,15,1,18.487,0.7202,0
drop_kv_all,45,15,2,18.339,0.7112,0
drop_kv_all,45,15,3,18.195,0.7041,0
drop_kv_all,46,16,0,18.107,0.7193,0
drop_kv_all,46,16,1,18.031,0.7173,0
drop_kv_all,46,16,2,17.954,0.7137,0
drop_kv_all,46,16,3,17.783,0.7094,0
drop_kv_all,47,17,0,18.027,0.7236,0
drop_kv_all,47,17,1,17.875,0.7217,0
drop_kv_all,47,17,2,17.773,0.7188,0
drop_kv_all,47,17,3,17.632,0.7155,0
drop_kv_all,48,18,0,17.567,0.7259,0
drop_kv_all,48,18,1,17.437,0.7271,0
drop_kv_all,48,18,2,17.460,0.7256,0
drop_kv_all,48,18,3,17.491,0.7232,0
drop_kv_all,49,19,0,17.481,0.7313,0
drop_kv_all,49,19,1,17.800,0.7327,0
drop_kv_all,49,19,2,18.074,0.7330,0
drop_kv_all,49,19,3,18.228,0.7292,0
drop_kv_all,50,20,0,18.546,0.7356,0
drop_kv_all,50,20,1,18.705,0.7331,0
drop_kv_all,50,20,2,18.552,0.7269,0
drop_kv_all,50,20,3,18.492,0.7229,0
drop_kv_all,51,21,0,18.672,0.7282,0
drop_kv_all,51,21,1,18.591,0.7275,0
drop_kv_all,51,21,2,18.181,0.7237,0
drop_kv_all,51,21,3,17.871,0.7196,0
drop_kv_all,52,22,0,18.000,0.7315,0
drop_kv_all,52,22,1,18.073,0.7295,0
drop_kv_all,52,22,2,18.052,0.7281,0
drop_kv_all,52,22,3,17.917,0.7243,0
drop_kv_all,53,23,0,17.809,0.7328,0
drop_kv_all,53,23,1,18.284,0.7363,0
drop_kv_all,53,23,2,18.339,0.7395,0
drop_kv_all,53,23,3,18.038,0.7362,0
drop_kv_all,54,24,0,17.735,0.7410,0
drop_kv_all,54,24,1,18.229,0.7463,0
drop_kv_all,54,24,2,18.347,0.7491,0
drop_kv_all,54,24,3,18.183,0.7469,0
drop_kv_all,55,25,0,18.228,0.7593,0
drop_kv_all,55,25,1,18.399,0.7586,0
drop_kv_all,55,25,2,18.894,0.7582,0
drop_kv_all,55,25,3,18.092,0.7482,0
drop_kv_all,56,26,0,18.461,0.7593,0
drop_kv_all,56,26,1,19.013,0.7632,0
drop_kv_all,56,26,2,19.118,0.7607,0
drop_kv_all,56,26,3,18.774,0.7555,0
drop_kv_all,57,27,0,19.235,0.7635,0
drop_kv_all,57,27,1,19.256,0.7632,0
drop_kv_all,57,27,2,18.949,0.7594,0
drop_kv_all,57,27,3,18.795,0.7571,0
drop_kv_all,58,28,0,18.670,0.7705,0
drop_kv_all,58,28,1,18.520,0.7713,0
drop_kv_all,58,28,2,18.652,0.7729,0
drop_kv_all,58,28,3,18.563,0.7699,0
drop_kv_all,59,29,0,18.482,0.7772,0
drop_kv_all,59,29,1,18.490,0.7780,0
drop_kv_all,59,29,2,18.373,0.7771,0
drop_kv_all,59,29,3,18.414,0.7749,0
drop_kv_all,60,30,0,18.109,0.7747,0
drop_kv_all,60,30,1,18.226,0.7724,0
drop_kv_all,60,30,2,17.641,0.7403,0
drop_kv_all,60,30,3,17.690,0.7348,0
drop_kv_all,61,31,0,18.801,0.7604,0
drop_kv_all,61,31,1,18.835,0.7651,0
drop_kv_all,61,31,2,18.835,0.7637,0
drop_kv_all,61,31,3,18.756,0.7602,0
drop_kv_all,62,32,0,19.079,0.7661,0
drop_kv_all,62,32,1,19.627,0.7728,0
drop_kv_all,62,32,2,19.675,0.7726,0
drop_kv_all,62,32,3,19.536,0.7710,0
drop_kv_all,63,33,0,19.750,0.7761,0
drop_kv_all,63,33,1,20.057,0.7809,0
drop_kv_all,63,33,2,19.989,0.7798,0
drop_kv_all,63,33,3,19.609,0.7704,0
drop_kv_all,64,34,0,19.911,0.7729,0
drop_kv_all,64,34,1,20.157,0.7771,0
drop_kv_all,64,34,2,20.286,0.7770,0
drop_kv_all,64,34,3,20.279,0.7734,0
drop_kv_all,65,35,0,20.188,0.7704,0
drop_kv_all,65,35,1,20.108,0.7667,0
drop_kv_all,65,35,2,19.873,0.7584,0
drop_kv_all,65,35,3,19.697,0.7519,0
drop_kv_all,66,36,0,19.595,0.7477,0
drop_kv_all,66,36,1,19.806,0.7491,0
drop_kv_all,66,36,2,19.913,0.7487,0
drop_kv_all,66,36,3,19.780,0.7442,0
drop_kv_all,67,37,0,19.775,0.7450,0
drop_kv_all,67,37,1,19.634,0.7422,0
drop_kv_all,67,37,2,19.466,0.7383,0
drop_kv_all,67,37,3,19.016,0.7326,0
drop_kv_all,68,38,0,18.625,0.7359,0
drop_kv_all,68,38,1,18.138,0.7315,0
drop_kv_all,68,38,2,18.174,0.7294,0
drop_kv_all,68,38,3,18.136,0.7238,0
drop_kv_all,69,39,0,18.483,0.7327,0
drop_kv_all,69,39,1,18.706,0.7344,0
drop_kv_all,69,39,2,18.712,0.7297,0
drop_kv_all,69,39,3,18.705,0.7253,0
drop_vae_enc,30,0,0,34.022,0.9749,0
drop_vae_enc,30,0,1,34.133,0.9747,0
drop_vae_enc,30,0,2,34.019,0.9744,0
drop_vae_enc,30,0,3,34.137,0.9747,0
drop_vae_enc,31,1,0,32.865,0.9500,0
drop_vae_enc,31,1,1,28.546,0.9243,0
drop_vae_enc,31,1,2,26.410,0.8811,0
drop_vae_enc,31,1,3,23.628,0.8499,0
drop_vae_enc,32,2,0,23.818,0.8595,0
drop_vae_enc,32,2,1,24.700,0.8610,0
drop_vae_enc,32,2,2,25.187,0.8608,0
drop_vae_enc,32,2,3,25.435,0.8585,0
drop_vae_enc,33,3,0,26.347,0.8668,0
drop_vae_enc,33,3,1,27.547,0.8753,0
drop_vae_enc,33,3,2,27.840,0.8788,0
drop_vae_enc,33,3,3,28.350,0.8819,0
drop_vae_enc,34,4,0,30.224,0.9045,0
drop_vae_enc,34,4,1,30.194,0.9089,0
drop_vae_enc,34,4,2,30.666,0.9158,0
drop_vae_enc,34,4,3,29.188,0.9144,0
drop_vae_enc,35,5,0,30.123,0.9367,0
drop_vae_enc,35,5,1,30.158,0.9388,0
drop_vae_enc,35,5,2,29.390,0.9386,0
drop_vae_enc,35,5,3,29.149,0.9359,0
drop_vae_enc,36,6,0,30.565,0.9489,0
drop_vae_enc,36,6,1,32.203,0.9544,0
drop_vae_enc,36,6,2,31.824,0.9538,0
drop_vae_enc,36,6,3,31.611,0.9519,0
drop_vae_enc,37,7,0,32.694,0.9605,0
drop_vae_enc,37,7,1,32.832,0.9621,0
drop_vae_enc,37,7,2,32.581,0.9617,0
drop_vae_enc,37,7,3,32.211,0.9606,0
drop_vae_enc,38,8,0,32.399,0.9627,0
drop_vae_enc,38,8,1,32.453,0.9620,0
drop_vae_enc,38,8,2,31.890,0.9599,0
drop_vae_enc,38,8,3,31.802,0.9589,0
drop_vae_enc,39,9,0,32.092,0.9624,0
drop_vae_enc,39,9,1,32.109,0.9622,0
drop_vae_enc,39,9,2,32.244,0.9630,0
drop_vae_enc,39,9,3,32.687,0.9642,0
drop_vae_enc,40,10,0,32.967,0.9666,0
drop_vae_enc,40,10,1,31.289,0.9608,0
drop_vae_enc,40,10,2,31.832,0.9646,0
drop_vae_enc,40,10,3,32.279,0.9658,0
drop_vae_enc,41,11,0,32.161,0.9665,0
drop_vae_enc,41,11,1,31.427,0.9647,0
drop_vae_enc,41,11,2,31.244,0.9640,0
drop_vae_enc,41,11,3,31.295,0.9628,0
drop_vae_enc,42,12,0,31.255,0.9654,0
drop_vae_enc,42,12,1,30.981,0.9647,0
drop_vae_enc,42,12,2,30.861,0.9652,0
drop_vae_enc,42,12,3,30.960,0.9651,0
drop_vae_enc,43,13,0,31.134,0.9658,0
drop_vae_enc,43,13,1,31.026,0.9647,0
drop_vae_enc,43,13,2,30.954,0.9641,0
drop_vae_enc,43,13,3,30.956,0.9636,0
drop_vae_enc,44,14,0,31.403,0.9634,0
drop_vae_enc,44,14,1,31.877,0.9629,0
drop_vae_enc,44,14,2,32.146,0.9631,0
drop_vae_enc,44,14,3,32.208,0.9624,0
drop_vae_enc,45,15,0,32.099,0.9625,0
drop_vae_enc,45,15,1,32.025,0.9623,0
drop_vae_enc,45,15,2,32.023,0.9630,0
drop_vae_enc,45,15,3,32.075,0.9634,0
drop_vae_enc,46,16,0,32.170,0.9661,0
drop_vae_enc,46,16,1,32.028,0.9660,0
drop_vae_enc,46,16,2,31.845,0.9670,0
drop_vae_enc,46,16,3,31.698,0.9665,0
drop_vae_enc,47,17,0,30.154,0.9670,0
drop_vae_enc,47,17,1,30.008,0.9675,0
drop_vae_enc,47,17,2,30.393,0.9688,0
drop_vae_enc,47,17,3,30.321,0.9687,0
drop_vae_enc,48,18,0,31.426,0.9709,0
drop_vae_enc,48,18,1,32.194,0.9721,0
drop_vae_enc,48,18,2,32.408,0.9725,0
drop_vae_enc,48,18,3,32.307,0.9719,0
drop_vae_enc,49,19,0,32.272,0.9705,0
drop_vae_enc,49,19,1,32.027,0.9685,0
drop_vae_enc,49,19,2,32.100,0.9685,0
drop_vae_enc,49,19,3,31.924,0.9677,0
drop_vae_enc,50,20,0,32.339,0.9695,0
drop_vae_enc,50,20,1,32.682,0.9698,0
drop_vae_enc,50,20,2,32.836,0.9701,0
drop_vae_enc,50,20,3,32.856,0.9701,0
drop_vae_enc,51,21,0,33.143,0.9719,0
drop_vae_enc,51,21,1,33.122,0.9720,0
drop_vae_enc,51,21,2,33.086,0.9721,0
drop_vae_enc,51,21,3,33.012,0.9718,0
drop_vae_enc,52,22,0,32.907,0.9723,0
drop_vae_enc,52,22,1,32.917,0.9724,0
drop_vae_enc,52,22,2,33.175,0.9730,0
drop_vae_enc,52,22,3,33.123,0.9726,0
drop_vae_enc,53,23,0,32.753,0.9715,0
drop_vae_enc,53,23,1,32.790,0.9722,0
drop_vae_enc,53,23,2,33.218,0.9733,0
drop_vae_enc,53,23,3,33.339,0.9733,0
drop_vae_enc,54,24,0,33.086,0.9727,0
drop_vae_enc,54,24,1,32.686,0.9712,0
drop_vae_enc,54,24,2,32.851,0.9717,0
drop_vae_enc,54,24,3,32.027,0.9698,0
drop_vae_enc,55,25,0,32.445,0.9711,0
drop_vae_enc,55,25,1,32.745,0.9712,0
drop_vae_enc,55,25,2,32.631,0.9705,0
drop_vae_enc,55,25,3,31.511,0.9675,0
drop_vae_enc,56,26,0,32.470,0.9699,0
drop_vae_enc,56,26,1,32.119,0.9686,0
drop_vae_enc,56,26,2,32.202,0.9690,0
drop_vae_enc,56,26,3,32.257,0.9692,0
drop_vae_enc,57,27,0,32.252,0.9694,0
drop_vae_enc,57,27,1,32.694,0.9703,0
drop_vae_enc,57,27,2,32.590,0.9703,0
drop_vae_enc,57,27,3,32.115,0.9682,0
drop_vae_enc,58,28,0,32.218,0.9686,0
drop_vae_enc,58,28,1,32.639,0.9690,0
drop_vae_enc,58,28,2,32.354,0.9681,0
drop_vae_enc,58,28,3,32.258,0.9673,0
drop_vae_enc,59,29,0,32.561,0.9686,0
drop_vae_enc,59,29,1,32.319,0.9681,0
drop_vae_enc,59,29,2,31.230,0.9659,0
drop_vae_enc,59,29,3,31.203,0.9654,0
drop_vae_enc,60,30,0,31.229,0.9663,0
drop_vae_enc,60,30,1,31.260,0.9655,0
drop_vae_enc,60,30,2,29.879,0.9589,0
drop_vae_enc,60,30,3,30.292,0.9583,0
drop_vae_enc,61,31,0,31.630,0.9636,0
drop_vae_enc,61,31,1,31.342,0.9628,0
drop_vae_enc,61,31,2,31.604,0.9638,0
drop_vae_enc,61,31,3,31.673,0.9634,0
drop_vae_enc,62,32,0,32.024,0.9651,0
drop_vae_enc,62,32,1,31.518,0.9647,0
drop_vae_enc,62,32,2,31.337,0.9647,0
drop_vae_enc,62,32,3,31.179,0.9632,0
drop_vae_enc,63,33,0,31.180,0.9637,0
drop_vae_enc,63,33,1,30.701,0.9619,0
drop_vae_enc,63,33,2,30.296,0.9599,0
drop_vae_enc,63,33,3,30.227,0.9587,0
drop_vae_enc,64,34,0,30.411,0.9601,0
drop_vae_enc,64,34,1,30.438,0.9592,0
drop_vae_enc,64,34,2,30.395,0.9583,0
drop_vae_enc,64,34,3,30.435,0.9574,0
drop_vae_enc,65,35,0,30.683,0.9572,0
drop_vae_enc,65,35,1,31.001,0.9573,0
drop_vae_enc,65,35,2,31.209,0.9573,0
drop_vae_enc,65,35,3,31.347,0.9567,0
drop_vae_enc,66,36,0,31.382,0.9584,0
drop_vae_enc,66,36,1,31.582,0.9592,0
drop_vae_enc,66,36,2,31.727,0.9597,0
drop_vae_enc,66,36,3,32.032,0.9603,0
drop_vae_enc,67,37,0,32.429,0.9627,0
drop_vae_enc,67,37,1,31.850,0.9627,0
drop_vae_enc,67,37,2,32.207,0.9634,0
drop_vae_enc,67,37,3,32.144,0.9635,0
drop_vae_enc,68,38,0,32.788,0.9661,0
drop_vae_enc,68,38,1,33.023,0.9672,0
drop_vae_enc,68,38,2,33.161,0.9681,0
drop_vae_enc,68,38,3,33.122,0.9679,0
drop_vae_enc,69,39,0,33.275,0.9691,0
drop_vae_enc,69,39,1,33.421,0.9697,0
drop_vae_enc,69,39,2,33.481,0.9699,0
drop_vae_enc,69,39,3,33.488,0.9694,0
drop_vae_dec,30,0,0,18.904,0.6292,0
drop_vae_dec,30,0,1,17.487,0.5180,0
drop_vae_dec,30,0,2,20.802,0.7104,0
drop_vae_dec,30,0,3,21.129,0.7283,0
drop_vae_dec,31,1,0,24.251,0.8152,0
drop_vae_dec,31,1,1,26.426,0.8623,0
drop_vae_dec,31,1,2,28.504,0.8896,0
drop_vae_dec,31,1,3,28.453,0.8884,0
drop_vae_dec,32,2,0,30.121,0.9214,0
drop_vae_dec,32,2,1,29.808,0.9214,0
drop_vae_dec,32,2,2,26.015,0.8303,0
drop_vae_dec,32,2,3,25.138,0.8019,0
drop_vae_dec,33,3,0,30.602,0.9374,0
drop_vae_dec,33,3,1,32.798,0.9560,0
drop_vae_dec,33,3,2,33.433,0.9581,0
drop_vae_dec,33,3,3,33.064,0.9538,0
drop_vae_dec,34,4,0,32.822,0.9573,0
drop_vae_dec,34,4,1,32.514,0.9592,0
drop_vae_dec,34,4,2,32.035,0.9582,0
drop_vae_dec,34,4,3,31.549,0.9563,0
drop_vae_dec,35,5,0,33.077,0.9651,0
drop_vae_dec,35,5,1,32.807,0.9633,0
drop_vae_dec,35,5,2,32.135,0.9643,0
drop_vae_dec,35,5,3,32.254,0.9634,0
drop_vae_dec,36,6,0,32.767,0.9672,0
drop_vae_dec,36,6,1,33.667,0.9687,0
drop_vae_dec,36,6,2,33.122,0.9673,0
drop_vae_dec,36,6,3,32.906,0.9663,0
drop_vae_dec,37,7,0,33.138,0.9698,0
drop_vae_dec,37,7,1,33.273,0.9696,0
drop_vae_dec,37,7,2,32.666,0.9686,0
drop_vae_dec,37,7,3,32.593,0.9688,0
drop_vae_dec,38,8,0,32.144,0.9676,0
drop_vae_dec,38,8,1,32.180,0.9670,0
drop_vae_dec,38,8,2,31.445,0.9630,0
drop_vae_dec,38,8,3,31.406,0.9618,0
drop_vae_dec,39,9,0,31.642,0.9671,0
drop_vae_dec,39,9,1,31.817,0.9676,0
drop_vae_dec,39,9,2,32.164,0.9697,0
drop_vae_dec,39,9,3,32.565,0.9703,0
drop_vae_dec,40,10,0,32.740,0.9719,0
drop_vae_dec,40,10,1,31.623,0.9658,0
drop_vae_dec,40,10,2,32.018,0.9672,0
drop_vae_dec,40,10,3,32.224,0.9670,0
drop_vae_dec,41,11,0,32.305,0.9659,0
drop_vae_dec,41,11,1,31.523,0.9646,0
drop_vae_dec,41,11,2,31.331,0.9641,0
drop_vae_dec,41,11,3,31.354,0.9636,0
drop_vae_dec,42,12,0,31.215,0.9645,0
drop_vae_dec,42,12,1,30.997,0.9629,0
drop_vae_dec,42,12,2,30.679,0.9627,0
drop_vae_dec,42,12,3,30.776,0.9623,0
drop_vae_dec,43,13,0,31.015,0.9640,0
drop_vae_dec,43,13,1,31.144,0.9634,0
drop_vae_dec,43,13,2,31.007,0.9628,0
drop_vae_dec,43,13,3,30.969,0.9622,0
drop_vae_dec,44,14,0,31.276,0.9618,0
drop_vae_dec,44,14,1,31.670,0.9613,0
drop_vae_dec,44,14,2,31.884,0.9615,0
drop_vae_dec,44,14,3,31.911,0.9608,0
drop_vae_dec,45,15,0,31.817,0.9609,0
drop_vae_dec,45,15,1,31.767,0.9605,0
drop_vae_dec,45,15,2,31.803,0.9616,0
drop_vae_dec,45,15,3,31.851,0.9618,0
drop_vae_dec,46,16,0,31.977,0.9648,0
drop_vae_dec,46,16,1,31.828,0.9645,0
drop_vae_dec,46,16,2,31.626,0.9652,0
drop_vae_dec,46,16,3,31.500,0.9648,0
drop_vae_dec,47,17,0,30.101,0.9656,0
drop_vae_dec,47,17,1,29.944,0.9659,0
drop_vae_dec,47,17,2,30.328,0.9675,0
drop_vae_dec,47,17,3,30.261,0.9672,0
drop_vae_dec,48,18,0,31.312,0.9691,0
drop_vae_dec,48,18,1,32.113,0.9702,0
drop_vae_dec,48,18,2,32.250,0.9704,0
drop_vae_dec,48,18,3,32.008,0.9694,0
drop_vae_dec,49,19,0,31.913,0.9686,0
drop_vae_dec,49,19,1,31.780,0.9671,0
drop_vae_dec,49,19,2,31.822,0.9668,0
drop_vae_dec,49,19,3,31.722,0.9662,0
drop_vae_dec,50,20,0,32.124,0.9678,0
drop_vae_dec,50,20,1,32.341,0.9677,0
drop_vae_dec,50,20,2,32.379,0.9679,0
drop_vae_dec,50,20,3,32.350,0.9677,0
drop_vae_dec,51,21,0,32.585,0.9696,0
drop_vae_dec,51,21,1,32.591,0.9697,0
drop_vae_dec,51,21,2,32.498,0.9695,0
drop_vae_dec,51,21,3,32.481,0.9691,0
drop_vae_dec,52,22,0,32.534,0.9703,0
drop_vae_dec,52,22,1,32.255,0.9692,0
drop_vae_dec,52,22,2,32.970,0.9716,0
drop_vae_dec,52,22,3,32.884,0.9711,0
drop_vae_dec,53,23,0,32.553,0.9702,0
drop_vae_dec,53,23,1,32.440,0.9707,0
drop_vae_dec,53,23,2,33.292,0.9723,0
drop_vae_dec,53,23,3,33.212,0.9719,0
drop_vae_dec,54,24,0,33.003,0.9716,0
drop_vae_dec,54,24,1,33.214,0.9709,0
drop_vae_dec,54,24,2,32.541,0.9696,0
drop_vae_dec,54,24,3,32.125,0.9688,0
drop_vae_dec,55,25,0,32.260,0.9699,0
drop_vae_dec,55,25,1,32.705,0.9703,0
drop_vae_dec,55,25,2,32.557,0.9697,0
drop_vae_dec,55,25,3,31.157,0.9658,0
drop_vae_dec,56,26,0,31.927,0.9677,0
drop_vae_dec,56,26,1,31.591,0.9659,0
drop_vae_dec,56,26,2,31.727,0.9674,0
drop_vae_dec,56,26,3,31.121,0.9638,0
drop_vae_dec,57,27,0,31.524,0.9656,0
drop_vae_dec,57,27,1,32.293,0.9678,0
drop_vae_dec,57,27,2,32.323,0.9687,0
drop_vae_dec,57,27,3,31.989,0.9666,0
drop_vae_dec,58,28,0,31.680,0.9661,0
drop_vae_dec,58,28,1,32.193,0.9667,0
drop_vae_dec,58,28,2,32.324,0.9669,0
drop_vae_dec,58,28,3,32.019,0.9653,0
drop_vae_dec,59,29,0,32.363,0.9671,0
drop_vae_dec,59,29,1,32.162,0.9666,0
drop_vae_dec,59,29,2,31.047,0.9643,0
drop_vae_dec,59,29,3,31.048,0.9639,0
drop_vae_dec,60,30,0,30.923,0.9644,0
drop_vae_dec,60,30,1,30.559,0.9559,0
drop_vae_dec,60,30,2,29.628,0.9543,0
drop_vae_dec,60,30,3,29.930,0.9480,0
drop_vae_dec,61,31,0,31.263,0.9556,0
drop_vae_dec,61,31,1,31.053,0.9567,0
drop_vae_dec,61,31,2,31.291,0.9580,0
drop_vae_dec,61,31,3,31.376,0.9579,0
drop_vae_dec,62,32,0,31.655,0.9591,0
drop_vae_dec,62,32,1,31.165,0.9583,0
drop_vae_dec,62,32,2,30.916,0.9575,0
drop_vae_dec,62,32,3,30.759,0.9557,0
drop_vae_dec,63,33,0,30.765,0.9572,0
drop_vae_dec,63,33,1,30.338,0.9555,0
drop_vae_dec,63,33,2,29.900,0.9536,0
drop_vae_dec,63,33,3,29.754,0.9521,0
drop_vae_dec,64,34,0,30.067,0.9559,0
drop_vae_dec,64,34,1,30.161,0.9551,0
drop_vae_dec,64,34,2,30.180,0.9544,0
drop_vae_dec,64,34,3,30.241,0.9535,0
drop_vae_dec,65,35,0,30.552,0.9547,0
drop_vae_dec,65,35,1,30.842,0.9548,0
drop_vae_dec,65,35,2,31.009,0.9547,0
drop_vae_dec,65,35,3,31.150,0.9542,0
drop_vae_dec,66,36,0,31.160,0.9555,0
drop_vae_dec,66,36,1,31.155,0.9552,0
drop_vae_dec,66,36,2,31.528,0.9565,0
drop_vae_dec,66,36,3,31.737,0.9569,0
drop_vae_dec,67,37,0,32.172,0.9589,0
drop_vae_dec,67,37,1,31.689,0.9588,0
drop_vae_dec,67,37,2,31.921,0.9596,0
drop_vae_dec,67,37,3,31.853,0.9596,0
drop_vae_dec,68,38,0,32.229,0.9613,0
drop_vae_dec,68,38,1,32.454,0.9621,0
drop_vae_dec,68,38,2,32.705,0.9635,0
drop_vae_dec,68,38,3,32.627,0.9629,0
drop_vae_dec,69,39,0,32.750,0.9657,0
drop_vae_dec,69,39,1,33.006,0.9666,0
drop_vae_dec,69,39,2,33.066,0.9668,0
drop_vae_dec,69,39,3,33.017,0.9661,0
drop_vae_all,30,0,0,18.904,0.6292,0
drop_vae_all,30,0,1,17.487,0.5180,0
drop_vae_all,30,0,2,20.802,0.7104,0
drop_vae_all,30,0,3,21.129,0.7283,0
drop_vae_all,31,1,0,24.246,0.8104,0
drop_vae_all,31,1,1,25.056,0.8578,0
drop_vae_all,31,1,2,24.975,0.8677,0
drop_vae_all,31,1,3,23.140,0.8557,0
drop_vae_all,32,2,0,23.129,0.8690,0
drop_vae_all,32,2,1,23.054,0.8395,0
drop_vae_all,32,2,2,20.931,0.6931,0
drop_vae_all,32,2,3,20.531,0.6591,0
drop_vae_all,33,3,0,24.056,0.8312,0
drop_vae_all,33,3,1,26.250,0.8741,0
drop_vae_all,33,3,2,27.507,0.8955,0
drop_vae_all,33,3,3,28.635,0.9081,0
drop_vae_all,34,4,0,30.149,0.9019,0
drop_vae_all,34,4,1,30.045,0.9065,0
drop_vae_all,34,4,2,30.198,0.9096,0
drop_vae_all,34,4,3,28.701,0.9077,0
drop_vae_all,35,5,0,29.826,0.9269,0
drop_vae_all,35,5,1,29.943,0.9272,0
drop_vae_all,35,5,2,29.418,0.9322,0
drop_vae_all,35,5,3,29.307,0.9323,0
drop_vae_all,36,6,0,30.561,0.9457,0
drop_vae_all,36,6,1,32.070,0.9513,0
drop_vae_all,36,6,2,31.615,0.9507,0
drop_vae_all,36,6,3,31.438,0.9497,0
drop_vae_all,37,7,0,32.609,0.9598,0
drop_vae_all,37,7,1,32.826,0.9614,0
drop_vae_all,37,7,2,32.612,0.9613,0
drop_vae_all,37,7,3,32.226,0.9595,0
drop_vae_all,38,8,0,32.390,0.9636,0
drop_vae_all,38,8,1,32.314,0.9627,0
drop_vae_all,38,8,2,31.716,0.9587,0
drop_vae_all,38,8,3,31.592,0.9562,0
drop_vae_all,39,9,0,32.104,0.9627,0
drop_vae_all,39,9,1,32.209,0.9631,0
drop_vae_all,39,9,2,32.401,0.9645,0
drop_vae_all,39,9,3,32.871,0.9656,0
drop_vae_all,40,10,0,32.985,0.9666,0
drop_vae_all,40,10,1,31.209,0.9609,0
drop_vae_all,40,10,2,31.672,0.9632,0
drop_vae_all,40,10,3,32.153,0.9637,0
drop_vae_all,41,11,0,32.137,0.9654,0
drop_vae_all,41,11,1,31.456,0.9640,0
drop_vae_all,41,11,2,31.254,0.9634,0
drop_vae_all,41,11,3,31.323,0.9628,0
drop_vae_all,42,12,0,31.236,0.9654,0
drop_vae_all,42,12,1,30.999,0.9646,0
drop_vae_all,42,12,2,30.826,0.9649,0
drop_vae_all,42,12,3,30.929,0.9647,0
drop_vae_all,43,13,0,31.113,0.9654,0
drop_vae_all,43,13,1,31.048,0.9645,0
drop_vae_all,43,13,2,30.950,0.9639,0
drop_vae_all,43,13,3,30.952,0.9635,0
drop_vae_all,44,14,0,31.396,0.9634,0
drop_vae_all,44,14,1,31.873,0.9629,0
drop_vae_all,44,14,2,32.123,0.9631,0
drop_vae_all,44,14,3,32.194,0.9624,0
drop_vae_all,45,15,0,32.082,0.9624,0
drop_vae_all,45,15,1,32.017,0.9623,0
drop_vae_all,45,15,2,32.009,0.9629,0
drop_vae_all,45,15,3,32.066,0.9633,0
drop_vae_all,46,16,0,32.163,0.9661,0
drop_vae_all,46,16,1,32.022,0.9661,0
drop_vae_all,46,16,2,31.837,0.9670,0
drop_vae_all,46,16,3,31.692,0.9665,0
drop_vae_all,47,17,0,30.150,0.9670,0
drop_vae_all,47,17,1,30.002,0.9675,0
drop_vae_all,47,17,2,30.390,0.9688,0
drop_vae_all,47,17,3,30.319,0.9687,0
drop_vae_all,48,18,0,31.422,0.9709,0
drop_vae_all,48,18,1,32.189,0.9721,0
drop_vae_all,48,18,2,32.408,0.9726,0
drop_vae_all,48,18,3,32.304,0.9719,0
drop_vae_all,49,19,0,32.266,0.9705,0
drop_vae_all,49,19,1,32.025,0.9685,0
drop_vae_all,49,19,2,32.095,0.9685,0
drop_vae_all,49,19,3,31.926,0.9678,0
drop_vae_all,50,20,0,32.337,0.9695,0
drop_vae_all,50,20,1,32.677,0.9698,0
drop_vae_all,50,20,2,32.835,0.9702,0
drop_vae_all,50,20,3,32.857,0.9701,0
drop_vae_all,51,21,0,33.140,0.9719,0
drop_vae_all,51,21,1,33.121,0.9720,0
drop_vae_all,51,21,2,33.082,0.9721,0
drop_vae_all,51,21,3,33.011,0.9718,0
drop_vae_all,52,22,0,32.907,0.9723,0
drop_vae_all,52,22,1,32.920,0.9724,0
drop_vae_all,52,22,2,33.179,0.9730,0
drop_vae_all,52,22,3,33.124,0.9726,0
drop_vae_all,53,23,0,32.750,0.9715,0
drop_vae_all,53,23,1,32.789,0.9722,0
drop_vae_all,53,23,2,33.216,0.9732,0
drop_vae_all,53,23,3,33.341,0.9733,0
drop_vae_all,54,24,0,33.086,0.9727,0
drop_vae_all,54,24,1,32.685,0.9712,0
drop_vae_all,54,24,2,32.850,0.9717,0
drop_vae_all,54,24,3,32.025,0.9698,0
drop_vae_all,55,25,0,32.446,0.9711,0
drop_vae_all,55,25,1,32.744,0.9712,0
drop_vae_all,55,25,2,32.631,0.9705,0
drop_vae_all,55,25,3,31.509,0.9675,0
drop_vae_all,56,26,0,32.471,0.9699,0
drop_vae_all,56,26,1,32.120,0.9686,0
drop_vae_all,56,26,2,32.202,0.9690,0
drop_vae_all,56,26,3,32.256,0.9692,0
drop_vae_all,57,27,0,32.248,0.9694,0
drop_vae_all,57,27,1,32.695,0.9704,0
drop_vae_all,57,27,2,32.590,0.9703,0
drop_vae_all,57,27,3,32.114,0.9682,0
drop_vae_all,58,28,0,32.217,0.9686,0
drop_vae_all,58,28,1,32.641,0.9690,0
drop_vae_all,58,28,2,32.353,0.9681,0
drop_vae_all,58,28,3,32.257,0.9673,0
drop_vae_all,59,29,0,32.558,0.9686,0
drop_vae_all,59,29,1,32.318,0.9680,0
drop_vae_all,59,29,2,31.230,0.9659,0
drop_vae_all,59,29,3,31.204,0.9654,0
drop_vae_all,60,30,0,31.229,0.9663,0
drop_vae_all,60,30,1,31.261,0.9655,0
drop_vae_all,60,30,2,29.880,0.9589,0
drop_vae_all,60,30,3,30.293,0.9583,0
drop_vae_all,61,31,0,31.632,0.9636,0
drop_vae_all,61,31,1,31.342,0.9628,0
drop_vae_all,61,31,2,31.604,0.9638,0
drop_vae_all,61,31,3,31.672,0.9634,0
drop_vae_all,62,32,0,32.024,0.9651,0
drop_vae_all,62,32,1,31.517,0.9647,0
drop_vae_all,62,32,2,31.336,0.9647,0
drop_vae_all,62,32,3,31.179,0.9632,0
drop_vae_all,63,33,0,31.179,0.9637,0
drop_vae_all,63,33,1,30.701,0.9619,0
drop_vae_all,63,33,2,30.296,0.9599,0
drop_vae_all,63,33,3,30.227,0.9587,0
drop_vae_all,64,34,0,30.411,0.9601,0
drop_vae_all,64,34,1,30.438,0.9593,0
drop_vae_all,64,34,2,30.395,0.9583,0
drop_vae_all,64,34,3,30.434,0.9574,0
drop_vae_all,65,35,0,30.682,0.9572,0
drop_vae_all,65,35,1,31.001,0.9573,0
drop_vae_all,65,35,2,31.208,0.9573,0
drop_vae_all,65,35,3,31.347,0.9567,0
drop_vae_all,66,36,0,31.382,0.9585,0
drop_vae_all,66,36,1,31.582,0.9592,0
drop_vae_all,66,36,2,31.727,0.9597,0
drop_vae_all,66,36,3,32.032,0.9603,0
drop_vae_all,67,37,0,32.429,0.9627,0
drop_vae_all,67,37,1,31.850,0.9627,0
drop_vae_all,67,37,2,32.207,0.9634,0
drop_vae_all,67,37,3,32.144,0.9635,0
drop_vae_all,68,38,0,32.788,0.9661,0
drop_vae_all,68,38,1,33.023,0.9672,0
drop_vae_all,68,38,2,33.161,0.9681,0
drop_vae_all,68,38,3,33.122,0.9679,0
drop_vae_all,69,39,0,33.275,0.9691,0
drop_vae_all,69,39,1,33.421,0.9697,0
drop_vae_all,69,39,2,33.481,0.9699,0
drop_vae_all,69,39,3,33.488,0.9694,0
drop_all,30,0,0,15.424,0.4269,0
drop_all,30,0,1,15.702,0.4178,0
drop_all,30,0,2,17.218,0.5725,0
drop_all,30,0,3,17.643,0.5901,0
drop_all,31,1,0,17.725,0.6441,0
drop_all,31,1,1,16.087,0.6265,0
drop_all,31,1,2,15.469,0.5592,0
drop_all,31,1,3,15.368,0.5647,0
drop_all,32,2,0,15.921,0.5872,0
drop_all,32,2,1,15.539,0.5830,0
drop_all,32,2,2,14.778,0.4569,0
drop_all,32,2,3,14.781,0.4611,0
drop_all,33,3,0,16.045,0.6334,0
drop_all,33,3,1,16.569,0.6626,0
drop_all,33,3,2,16.822,0.6668,0
drop_all,33,3,3,16.894,0.6647,0
drop_all,34,4,0,16.730,0.6826,0
drop_all,34,4,1,17.144,0.6932,0
drop_all,34,4,2,17.089,0.6908,0
drop_all,34,4,3,16.710,0.6838,0
drop_all,35,5,0,16.828,0.7084,0
drop_all,35,5,1,17.251,0.7186,0
drop_all,35,5,2,17.402,0.7169,0
drop_all,35,5,3,17.333,0.7140,0
drop_all,36,6,0,17.191,0.7196,0
drop_all,36,6,1,17.435,0.7231,0
drop_all,36,6,2,17.421,0.7172,0
drop_all,36,6,3,17.253,0.7108,0
drop_all,37,7,0,17.245,0.7216,0
drop_all,37,7,1,17.297,0.7223,0
drop_all,37,7,2,17.416,0.7182,0
drop_all,37,7,3,17.141,0.7119,0
drop_all,38,8,0,16.996,0.7239,0
drop_all,38,8,1,17.021,0.7224,0
drop_all,38,8,2,17.117,0.7211,0
drop_all,38,8,3,17.220,0.7173,0
drop_all,39,9,0,17.367,0.7334,0
drop_all,39,9,1,17.496,0.7358,0
drop_all,39,9,2,17.437,0.7329,0
drop_all,39,9,3,17.502,0.7315,0
drop_all,40,10,0,17.373,0.7382,0
drop_all,40,10,1,17.315,0.7212,0
drop_all,40,10,2,17.301,0.7255,0
drop_all,40,10,3,17.215,0.7201,0
drop_all,41,11,0,18.017,0.7379,0
drop_all,41,11,1,18.018,0.7347,0
drop_all,41,11,2,18.020,0.7329,0
drop_all,41,11,3,18.108,0.7269,0
drop_all,42,12,0,18.741,0.7416,0
drop_all,42,12,1,19.518,0.7482,0
drop_all,42,12,2,19.503,0.7491,0
drop_all,42,12,3,19.335,0.7456,0
drop_all,43,13,0,19.725,0.7581,0
drop_all,43,13,1,19.726,0.7579,0
drop_all,43,13,2,19.701,0.7576,0
drop_all,43,13,3,19.691,0.7552,0
drop_all,44,14,0,19.722,0.7538,0
drop_all,44,14,1,19.645,0.7496,0
drop_all,44,14,2,19.468,0.7430,0
drop_all,44,14,3,19.368,0.7378,0
drop_all,45,15,0,19.255,0.7359,0
drop_all,45,15,1,19.081,0.7304,0
drop_all,45,15,2,18.912,0.7222,0
drop_all,45,15,3,18.771,0.7159,0
drop_all,46,16,0,18.629,0.7280,0
drop_all,46,16,1,18.476,0.7249,0
drop_all,46,16,2,18.359,0.7216,0
drop_all,46,16,3,18.172,0.7174,0
drop_all,47,17,0,18.325,0.7283,0
drop_all,47,17,1,18.117,0.7258,0
drop_all,47,17,2,17.967,0.7226,0
drop_all,47,17,3,17.810,0.7196,0
drop_all,48,18,0,17.695,0.7287,0
drop_all,48,18,1,17.519,0.7296,0
drop_all,48,18,2,17.527,0.7278,0
drop_all,48,18,3,17.610,0.7260,0
drop_all,49,19,0,17.631,0.7345,0
drop_all,49,19,1,17.870,0.7355,0
drop_all,49,19,2,18.080,0.7345,0
drop_all,49,19,3,18.255,0.7308,0
drop_all,50,20,0,18.487,0.7360,0
drop_all,50,20,1,18.669,0.7340,0
drop_all,50,20,2,18.648,0.7293,0
drop_all,50,20,3,18.670,0.7256,0
drop_all,51,21,0,18.738,0.7290,0
drop_all,51,21,1,18.583,0.7280,0
drop_all,51,21,2,18.035,0.7237,0
drop_all,51,21,3,17.729,0.7188,0
drop_all,52,22,0,17.935,0.7302,0
drop_all,52,22,1,18.108,0.7297,0
drop_all,52,22,2,18.125,0.7292,0
drop_all,52,22,3,18.018,0.7257,0
drop_all,53,23,0,17.913,0.7354,0
drop_all,53,23,1,18.475,0.7395,0
drop_all,53,23,2,18.626,0.7429,0
drop_all,53,23,3,18.345,0.7395,0
drop_all,54,24,0,17.961,0.7428,0
drop_all,54,24,1,18.458,0.7485,0
drop_all,54,24,2,18.528,0.7514,0
drop_all,54,24,3,18.477,0.7491,0
drop_all,55,25,0,18.428,0.7598,0
drop_all,55,25,1,18.687,0.7594,0
drop_all,55,25,2,19.208,0.7582,0
drop_all,55,25,3,18.293,0.7468,0
drop_all,56,26,0,18.580,0.7567,0
drop_all,56,26,1,19.019,0.7590,0
drop_all,56,26,2,19.155,0.7564,0
drop_all,56,26,3,18.838,0.7512,0
drop_all,57,27,0,19.203,0.7589,0
drop_all,57,27,1,19.462,0.7606,0
drop_all,57,27,2,19.213,0.7567,0
drop_all,57,27,3,19.142,0.7544,0
drop_all,58,28,0,18.998,0.7698,0
drop_all,58,28,1,18.804,0.7704,0
drop_all,58,28,2,18.970,0.7733,0
drop_all,58,28,3,18.896,0.7705,0
drop_all,59,29,0,18.748,0.7789,0
drop_all,59,29,1,18.727,0.7808,0
drop_all,59,29,2,18.550,0.7810,0
drop_all,59,29,3,18.601,0.7795,0
drop_all,60,30,0,18.328,0.7795,0
drop_all,60,30,1,18.458,0.7758,0
drop_all,60,30,2,17.944,0.7440,0
drop_all,60,30,3,18.004,0.7394,0
drop_all,61,31,0,18.554,0.7539,0
drop_all,61,31,1,18.590,0.7600,0
drop_all,61,31,2,18.588,0.7588,0
drop_all,61,31,3,18.481,0.7536,0
drop_all,62,32,0,18.798,0.7583,0
drop_all,62,32,1,19.414,0.7656,0
drop_all,62,32,2,19.452,0.7640,0
drop_all,62,32,3,19.319,0.7623,0
drop_all,63,33,0,19.571,0.7707,0
drop_all,63,33,1,19.970,0.7769,0
drop_all,63,33,2,19.916,0.7770,0
drop_all,63,33,3,19.568,0.7693,0
drop_all,64,34,0,19.851,0.7726,0
drop_all,64,34,1,20.082,0.7768,0
drop_all,64,34,2,20.189,0.7777,0
drop_all,64,34,3,20.178,0.7746,0
drop_all,65,35,0,20.128,0.7716,0
drop_all,65,35,1,20.034,0.7679,0
drop_all,65,35,2,19.826,0.7603,0
drop_all,65,35,3,19.649,0.7538,0
drop_all,66,36,0,19.501,0.7469,0
drop_all,66,36,1,19.768,0.7493,0
drop_all,66,36,2,19.918,0.7498,0
drop_all,66,36,3,19.758,0.7451,0
drop_all,67,37,0,19.800,0.7461,0
drop_all,67,37,1,19.683,0.7443,0
drop_all,67,37,2,19.545,0.7411,0
drop_all,67,37,3,19.087,0.7357,0
drop_all,68,38,0,18.769,0.7394,0
drop_all,68,38,1,18.319,0.7357,0
drop_all,68,38,2,18.363,0.7329,0
drop_all,68,38,3,18.354,0.7286,0
drop_all,69,39,0,18.723,0.7384,0
drop_all,69,39,1,18.878,0.7401,0
drop_all,69,39,2,18.910,0.7357,0
drop_all,69,39,3,18.929,0.7327,0
cold_restart,30,0,0,16.021,0.5313,0
cold_restart,30,0,1,15.710,0.5198,0
cold_restart,30,0,2,15.003,0.5033,0
cold_restart,30,0,3,14.898,0.5056,0
cold_restart,31,1,0,,,1
cold_restart,31,1,1,,,1
cold_restart,31,1,2,,,1
cold_restart,31,1,3,,,1
cold_restart,32,2,0,16.147,0.5814,0
cold_restart,32,2,1,16.928,0.6093,0
cold_restart,32,2,2,17.470,0.6302,0
cold_restart,32,2,3,17.702,0.6419,0
cold_restart,33,3,0,18.276,0.6757,0
cold_restart,33,3,1,18.551,0.6881,0
cold_restart,33,3,2,18.640,0.6927,0
cold_restart,33,3,3,18.985,0.6994,0
cold_restart,34,4,0,19.185,0.7208,0
cold_restart,34,4,1,19.622,0.7348,0
cold_restart,34,4,2,19.846,0.7413,0
cold_restart,34,4,3,19.467,0.7383,0
cold_restart,35,5,0,20.070,0.7575,0
cold_restart,35,5,1,20.052,0.7639,0
cold_restart,35,5,2,19.941,0.7599,0
cold_restart,35,5,3,19.946,0.7582,0
cold_restart,36,6,0,19.456,0.7535,0
cold_restart,36,6,1,20.115,0.7608,0
cold_restart,36,6,2,21.180,0.7785,0
cold_restart,36,6,3,21.132,0.7735,0
cold_restart,37,7,0,21.502,0.7954,0
cold_restart,37,7,1,21.875,0.7994,0
cold_restart,37,7,2,22.007,0.8014,0
cold_restart,37,7,3,22.392,0.8018,0
cold_restart,38,8,0,23.053,0.8230,0
cold_restart,38,8,1,23.319,0.8270,0
cold_restart,38,8,2,22.620,0.8239,0
cold_restart,38,8,3,22.702,0.8226,0
cold_restart,39,9,0,23.034,0.8298,0
cold_restart,39,9,1,23.266,0.8329,0
cold_restart,39,9,2,23.009,0.8313,0
cold_restart,39,9,3,23.259,0.8325,0
cold_restart,40,10,0,22.999,0.8322,0
cold_restart,40,10,1,20.205,0.8063,0
cold_restart,40,10,2,20.446,0.8143,0
cold_restart,40,10,3,19.985,0.8011,0
cold_restart,41,11,0,20.608,0.8069,0
cold_restart,41,11,1,20.597,0.8100,0
cold_restart,41,11,2,20.609,0.8091,0
cold_restart,41,11,3,20.598,0.8004,0
cold_restart,42,12,0,20.850,0.8038,0
cold_restart,42,12,1,20.840,0.8024,0
cold_restart,42,12,2,21.118,0.8056,0
cold_restart,42,12,3,21.077,0.8005,0
cold_restart,43,13,0,21.396,0.8117,0
cold_restart,43,13,1,21.432,0.8118,0
cold_restart,43,13,2,21.565,0.8139,0
cold_restart,43,13,3,21.617,0.8127,0
cold_restart,44,14,0,21.662,0.8138,0
cold_restart,44,14,1,21.657,0.8124,0
cold_restart,44,14,2,21.547,0.8083,0
cold_restart,44,14,3,21.467,0.8045,0
cold_restart,45,15,0,21.543,0.8056,0
cold_restart,45,15,1,21.502,0.8041,0
cold_restart,45,15,2,21.473,0.8030,0
cold_restart,45,15,3,21.431,0.8002,0
cold_restart,46,16,0,21.359,0.8075,0
cold_restart,46,16,1,21.134,0.8071,0
cold_restart,46,16,2,20.998,0.8060,0
cold_restart,46,16,3,20.802,0.8048,0
cold_restart,47,17,0,20.739,0.8110,0
cold_restart,47,17,1,20.930,0.8121,0
cold_restart,47,17,2,20.970,0.8124,0
cold_restart,47,17,3,20.925,0.8110,0
cold_restart,48,18,0,20.685,0.8066,0
cold_restart,48,18,1,20.920,0.8072,0
cold_restart,48,18,2,20.865,0.8030,0
cold_restart,48,18,3,20.786,0.7988,0
cold_restart,49,19,0,20.628,0.7969,0
cold_restart,49,19,1,20.825,0.7987,0
cold_restart,49,19,2,20.683,0.7959,0
cold_restart,49,19,3,20.578,0.7917,0
cold_restart,50,20,0,20.480,0.7903,0
cold_restart,50,20,1,20.941,0.7990,0
cold_restart,50,20,2,20.957,0.7974,0
cold_restart,50,20,3,21.117,0.7980,0
cold_restart,51,21,0,20.808,0.7960,0
cold_restart,51,21,1,21.019,0.8000,0
cold_restart,51,21,2,21.147,0.8022,0
cold_restart,51,21,3,21.148,0.8009,0
cold_restart,52,22,0,21.342,0.8031,0
cold_restart,52,22,1,21.051,0.7963,0
cold_restart,52,22,2,21.459,0.8005,0
cold_restart,52,22,3,21.529,0.7993,0
cold_restart,53,23,0,21.729,0.7995,0
cold_restart,53,23,1,21.917,0.8007,0
cold_restart,53,23,2,21.983,0.8005,0
cold_restart,53,23,3,21.826,0.7955,0
cold_restart,54,24,0,22.100,0.7999,0
cold_restart,54,24,1,22.478,0.8045,0
cold_restart,54,24,2,22.630,0.8069,0
cold_restart,54,24,3,22.698,0.8070,0
cold_restart,55,25,0,22.612,0.8156,0
cold_restart,55,25,1,22.720,0.8201,0
cold_restart,55,25,2,22.660,0.8192,0
cold_restart,55,25,3,21.958,0.8109,0
cold_restart,56,26,0,22.737,0.8209,0
cold_restart,56,26,1,22.877,0.8209,0
cold_restart,56,26,2,23.343,0.8222,0
cold_restart,56,26,3,23.207,0.8169,0
cold_restart,57,27,0,23.045,0.8163,0
cold_restart,57,27,1,23.326,0.8167,0
cold_restart,57,27,2,22.142,0.8098,0
cold_restart,57,27,3,22.166,0.8080,0
cold_restart,58,28,0,22.056,0.8107,0
cold_restart,58,28,1,20.724,0.7936,0
cold_restart,58,28,2,21.514,0.8007,0
cold_restart,58,28,3,21.686,0.7982,0
cold_restart,59,29,0,21.625,0.7949,0
cold_restart,59,29,1,22.378,0.7982,0
cold_restart,59,29,2,21.969,0.7928,0
cold_restart,59,29,3,22.292,0.7918,0
cold_restart,60,30,0,22.209,0.8071,0
cold_restart,60,30,1,21.602,0.8036,0
cold_restart,60,30,2,19.901,0.7934,0
cold_restart,60,30,3,19.963,0.7887,0
cold_restart,61,31,0,20.478,0.8041,0
cold_restart,61,31,1,20.645,0.8062,0
cold_restart,61,31,2,20.681,0.8086,0
cold_restart,61,31,3,20.607,0.8088,0
cold_restart,62,32,0,20.862,0.8128,0
cold_restart,62,32,1,20.981,0.8122,0
cold_restart,62,32,2,21.066,0.8102,0
cold_restart,62,32,3,20.988,0.8064,0
cold_restart,63,33,0,21.194,0.8081,0
cold_restart,63,33,1,21.243,0.8057,0
cold_restart,63,33,2,21.190,0.8017,0
cold_restart,63,33,3,21.028,0.7953,0
cold_restart,64,34,0,21.138,0.7970,0
cold_restart,64,34,1,21.332,0.7974,0
cold_restart,64,34,2,21.487,0.7972,0
cold_restart,64,34,3,21.598,0.7951,0
cold_restart,65,35,0,21.470,0.7879,0
cold_restart,65,35,1,21.678,0.7883,0
cold_restart,65,35,2,21.813,0.7874,0
cold_restart,65,35,3,21.785,0.7839,0
cold_restart,66,36,0,21.886,0.7874,0
cold_restart,66,36,1,22.070,0.7893,0
cold_restart,66,36,2,21.883,0.7876,0
cold_restart,66,36,3,22.025,0.7879,0
cold_restart,67,37,0,21.914,0.7922,0
cold_restart,67,37,1,22.132,0.7945,0
cold_restart,67,37,2,21.648,0.7909,0
cold_restart,67,37,3,21.744,0.7920,0
cold_restart,68,38,0,20.703,0.7754,0
cold_restart,68,38,1,21.196,0.7779,0
cold_restart,68,38,2,21.214,0.7742,0
cold_restart,68,38,3,21.074,0.7702,0
cold_restart,69,39,0,20.857,0.7664,0
cold_restart,69,39,1,21.260,0.7711,0
cold_restart,69,39,2,21.153,0.7670,0
cold_restart,69,39,3,21.093,0.7641,0
delay_kv_recent_1,30,0,0,27.002,0.8287,0
delay_kv_recent_1,30,0,1,25.539,0.7934,0
delay_kv_recent_1,30,0,2,24.706,0.7735,0
delay_kv_recent_1,30,0,3,24.380,0.7645,0
delay_kv_recent_1,31,1,0,25.440,0.8429,0
delay_kv_recent_1,31,1,1,24.140,0.8515,0
delay_kv_recent_1,31,1,2,23.790,0.8560,0
delay_kv_recent_1,31,1,3,23.111,0.8536,0
delay_kv_recent_1,32,2,0,22.209,0.8570,0
delay_kv_recent_1,32,2,1,23.452,0.8690,0
delay_kv_recent_1,32,2,2,25.548,0.8852,0
delay_kv_recent_1,32,2,3,24.835,0.8775,0
delay_kv_recent_1,33,3,0,25.848,0.8960,0
delay_kv_recent_1,33,3,1,26.953,0.9039,0
delay_kv_recent_1,33,3,2,27.004,0.9042,0
delay_kv_recent_1,33,3,3,26.775,0.9030,0
delay_kv_recent_1,34,4,0,27.493,0.9178,0
delay_kv_recent_1,34,4,1,28.413,0.9252,0
delay_kv_recent_1,34,4,2,28.842,0.9297,0
delay_kv_recent_1,34,4,3,29.196,0.9319,0
delay_kv_recent_1,35,5,0,29.952,0.9418,0
delay_kv_recent_1,35,5,1,30.145,0.9446,0
delay_kv_recent_1,35,5,2,30.469,0.9471,0
delay_kv_recent_1,35,5,3,30.033,0.9446,0
delay_kv_recent_1,36,6,0,30.406,0.9563,0
delay_kv_recent_1,36,6,1,31.658,0.9608,0
delay_kv_recent_1,36,6,2,31.741,0.9619,0
delay_kv_recent_1,36,6,3,31.571,0.9606,0
delay_kv_recent_1,37,7,0,32.097,0.9647,0
delay_kv_recent_1,37,7,1,32.290,0.9653,0
delay_kv_recent_1,37,7,2,32.242,0.9653,0
delay_kv_recent_1,37,7,3,32.232,0.9652,0
delay_kv_recent_1,38,8,0,32.448,0.9683,0
delay_kv_recent_1,38,8,1,32.651,0.9680,0
delay_kv_recent_1,38,8,2,32.200,0.9672,0
delay_kv_recent_1,38,8,3,32.266,0.9671,0
delay_kv_recent_1,39,9,0,32.173,0.9685,0
delay_kv_recent_1,39,9,1,32.242,0.9682,0
delay_kv_recent_1,39,9,2,32.801,0.9703,0
delay_kv_recent_1,39,9,3,33.273,0.9712,0
delay_kv_recent_1,40,10,0,33.419,0.9731,0
delay_kv_recent_1,40,10,1,31.364,0.9652,0
delay_kv_recent_1,40,10,2,32.063,0.9674,0
delay_kv_recent_1,40,10,3,32.303,0.9673,0
delay_kv_recent_1,41,11,0,32.637,0.9673,0
delay_kv_recent_1,41,11,1,31.952,0.9655,0
delay_kv_recent_1,41,11,2,31.792,0.9650,0
delay_kv_recent_1,41,11,3,31.752,0.9643,0
delay_kv_recent_1,42,12,0,31.634,0.9647,0
delay_kv_recent_1,42,12,1,31.281,0.9630,0
delay_kv_recent_1,42,12,2,30.956,0.9628,0
delay_kv_recent_1,42,12,3,31.038,0.9624,0
delay_kv_recent_1,43,13,0,31.257,0.9642,0
delay_kv_recent_1,43,13,1,31.290,0.9634,0
delay_kv_recent_1,43,13,2,31.129,0.9628,0
delay_kv_recent_1,43,13,3,31.070,0.9621,0
delay_kv_recent_1,44,14,0,31.317,0.9615,0
delay_kv_recent_1,44,14,1,31.677,0.9609,0
delay_kv_recent_1,44,14,2,31.909,0.9611,0
delay_kv_recent_1,44,14,3,31.938,0.9605,0
delay_kv_recent_1,45,15,0,31.831,0.9604,0
delay_kv_recent_1,45,15,1,31.760,0.9600,0
delay_kv_recent_1,45,15,2,31.785,0.9609,0
delay_kv_recent_1,45,15,3,31.833,0.9613,0
delay_kv_recent_1,46,16,0,31.982,0.9644,0
delay_kv_recent_1,46,16,1,31.862,0.9643,0
delay_kv_recent_1,46,16,2,31.675,0.9651,0
delay_kv_recent_1,46,16,3,31.583,0.9648,0
delay_kv_recent_1,47,17,0,30.166,0.9660,0
delay_kv_recent_1,47,17,1,29.987,0.9663,0
delay_kv_recent_1,47,17,2,30.364,0.9678,0
delay_kv_recent_1,47,17,3,30.296,0.9675,0
delay_kv_recent_1,48,18,0,31.436,0.9697,0
delay_kv_recent_1,48,18,1,32.213,0.9708,0
delay_kv_recent_1,48,18,2,32.263,0.9710,0
delay_kv_recent_1,48,18,3,32.023,0.9701,0
delay_kv_recent_1,49,19,0,31.948,0.9691,0
delay_kv_recent_1,49,19,1,31.842,0.9676,0
delay_kv_recent_1,49,19,2,31.908,0.9674,0
delay_kv_recent_1,49,19,3,31.765,0.9667,0
delay_kv_recent_1,50,20,0,32.164,0.9684,0
delay_kv_recent_1,50,20,1,32.397,0.9683,0
delay_kv_recent_1,50,20,2,32.461,0.9687,0
delay_kv_recent_1,50,20,3,32.439,0.9685,0
delay_kv_recent_1,51,21,0,32.649,0.9702,0
delay_kv_recent_1,51,21,1,32.629,0.9701,0
delay_kv_recent_1,51,21,2,32.509,0.9697,0
delay_kv_recent_1,51,21,3,32.539,0.9695,0
delay_kv_recent_1,52,22,0,32.568,0.9706,0
delay_kv_recent_1,52,22,1,32.291,0.9696,0
delay_kv_recent_1,52,22,2,33.005,0.9720,0
delay_kv_recent_1,52,22,3,32.916,0.9716,0
delay_kv_recent_1,53,23,0,32.646,0.9705,0
delay_kv_recent_1,53,23,1,32.556,0.9710,0
delay_kv_recent_1,53,23,2,33.299,0.9725,0
delay_kv_recent_1,53,23,3,33.176,0.9720,0
delay_kv_recent_1,54,24,0,32.884,0.9718,0
delay_kv_recent_1,54,24,1,33.084,0.9712,0
delay_kv_recent_1,54,24,2,32.439,0.9699,0
delay_kv_recent_1,54,24,3,31.939,0.9689,0
delay_kv_recent_1,55,25,0,31.998,0.9696,0
delay_kv_recent_1,55,25,1,32.585,0.9704,0
delay_kv_recent_1,55,25,2,32.485,0.9697,0
delay_kv_recent_1,55,25,3,31.100,0.9657,0
delay_kv_recent_1,56,26,0,32.014,0.9680,0
delay_kv_recent_1,56,26,1,31.653,0.9663,0
delay_kv_recent_1,56,26,2,31.741,0.9674,0
delay_kv_recent_1,56,26,3,31.182,0.9642,0
delay_kv_recent_1,57,27,0,31.658,0.9660,0
delay_kv_recent_1,57,27,1,32.356,0.9682,0
delay_kv_recent_1,57,27,2,32.338,0.9688,0
delay_kv_recent_1,57,27,3,31.935,0.9664,0
delay_kv_recent_1,58,28,0,31.665,0.9662,0
delay_kv_recent_1,58,28,1,32.175,0.9669,0
delay_kv_recent_1,58,28,2,32.354,0.9674,0
delay_kv_recent_1,58,28,3,32.031,0.9659,0
delay_kv_recent_1,59,29,0,32.403,0.9672,0
delay_kv_recent_1,59,29,1,32.154,0.9666,0
delay_kv_recent_1,59,29,2,30.961,0.9642,0
delay_kv_recent_1,59,29,3,30.962,0.9636,0
delay_kv_recent_1,60,30,0,30.876,0.9643,0
delay_kv_recent_1,60,30,1,30.591,0.9559,0
delay_kv_recent_1,60,30,2,29.525,0.9537,0
delay_kv_recent_1,60,30,3,29.835,0.9481,0
delay_kv_recent_1,61,31,0,31.191,0.9552,0
delay_kv_recent_1,61,31,1,30.946,0.9562,0
delay_kv_recent_1,61,31,2,31.189,0.9575,0
delay_kv_recent_1,61,31,3,31.289,0.9573,0
delay_kv_recent_1,62,32,0,31.532,0.9584,0
delay_kv_recent_1,62,32,1,31.057,0.9577,0
delay_kv_recent_1,62,32,2,30.867,0.9571,0
delay_kv_recent_1,62,32,3,30.748,0.9553,0
delay_kv_recent_1,63,33,0,30.758,0.9568,0
delay_kv_recent_1,63,33,1,30.368,0.9552,0
delay_kv_recent_1,63,33,2,29.920,0.9532,0
delay_kv_recent_1,63,33,3,29.810,0.9519,0
delay_kv_recent_1,64,34,0,30.102,0.9554,0
delay_kv_recent_1,64,34,1,30.188,0.9548,0
delay_kv_recent_1,64,34,2,30.186,0.9541,0
delay_kv_recent_1,64,34,3,30.228,0.9528,0
delay_kv_recent_1,65,35,0,30.548,0.9547,0
delay_kv_recent_1,65,35,1,30.845,0.9549,0
delay_kv_recent_1,65,35,2,31.025,0.9548,0
delay_kv_recent_1,65,35,3,31.176,0.9543,0
delay_kv_recent_1,66,36,0,31.165,0.9555,0
delay_kv_recent_1,66,36,1,31.172,0.9553,0
delay_kv_recent_1,66,36,2,31.525,0.9564,0
delay_kv_recent_1,66,36,3,31.771,0.9571,0
delay_kv_recent_1,67,37,0,32.176,0.9589,0
delay_kv_recent_1,67,37,1,31.746,0.9588,0
delay_kv_recent_1,67,37,2,31.996,0.9597,0
delay_kv_recent_1,67,37,3,31.926,0.9595,0
delay_kv_recent_1,68,38,0,32.219,0.9616,0
delay_kv_recent_1,68,38,1,32.415,0.9625,0
delay_kv_recent_1,68,38,2,32.687,0.9638,0
delay_kv_recent_1,68,38,3,32.601,0.9631,0
delay_kv_recent_1,69,39,0,32.726,0.9657,0
delay_kv_recent_1,69,39,1,32.961,0.9667,0
delay_kv_recent_1,69,39,2,33.022,0.9669,0
delay_kv_recent_1,69,39,3,33.000,0.9662,0
delay_kv_recent_2,30,0,0,27.002,0.8287,0
delay_kv_recent_2,30,0,1,25.539,0.7934,0
delay_kv_recent_2,30,0,2,24.706,0.7735,0
delay_kv_recent_2,30,0,3,24.380,0.7645,0
delay_kv_recent_2,31,1,0,24.613,0.8107,0
delay_kv_recent_2,31,1,1,22.950,0.8115,0
delay_kv_recent_2,31,1,2,22.696,0.8160,0
delay_kv_recent_2,31,1,3,22.223,0.8157,0
delay_kv_recent_2,32,2,0,21.578,0.8324,0
delay_kv_recent_2,32,2,1,21.516,0.8363,0
delay_kv_recent_2,32,2,2,22.915,0.8494,0
delay_kv_recent_2,32,2,3,22.830,0.8470,0
delay_kv_recent_2,33,3,0,23.631,0.8662,0
delay_kv_recent_2,33,3,1,24.384,0.8747,0
delay_kv_recent_2,33,3,2,24.485,0.8760,0
delay_kv_recent_2,33,3,3,24.428,0.8756,0
delay_kv_recent_2,34,4,0,24.998,0.8928,0
delay_kv_recent_2,34,4,1,25.810,0.9018,0
delay_kv_recent_2,34,4,2,26.097,0.9057,0
delay_kv_recent_2,34,4,3,26.224,0.9064,0
delay_kv_recent_2,35,5,0,27.170,0.9222,0
delay_kv_recent_2,35,5,1,27.973,0.9299,0
delay_kv_recent_2,35,5,2,28.572,0.9351,0
delay_kv_recent_2,35,5,3,28.328,0.9339,0
delay_kv_recent_2,36,6,0,28.950,0.9483,0
delay_kv_recent_2,36,6,1,30.558,0.9536,0
delay_kv_recent_2,36,6,2,31.222,0.9564,0
delay_kv_recent_2,36,6,3,31.038,0.9553,0
delay_kv_recent_2,37,7,0,31.982,0.9617,0
delay_kv_recent_2,37,7,1,32.230,0.9629,0
delay_kv_recent_2,37,7,2,32.486,0.9640,0
delay_kv_recent_2,37,7,3,32.512,0.9640,0
delay_kv_recent_2,38,8,0,32.621,0.9677,0
delay_kv_recent_2,38,8,1,32.800,0.9675,0
delay_kv_recent_2,38,8,2,32.283,0.9667,0
delay_kv_recent_2,38,8,3,32.428,0.9665,0
delay_kv_recent_2,39,9,0,32.331,0.9682,0
delay_kv_recent_2,39,9,1,32.385,0.9682,0
delay_kv_recent_2,39,9,2,32.920,0.9700,0
delay_kv_recent_2,39,9,3,33.409,0.9711,0
delay_kv_recent_2,40,10,0,33.545,0.9731,0
delay_kv_recent_2,40,10,1,31.176,0.9647,0
delay_kv_recent_2,40,10,2,32.057,0.9670,0
delay_kv_recent_2,40,10,3,32.133,0.9664,0
delay_kv_recent_2,41,11,0,32.341,0.9663,0
delay_kv_recent_2,41,11,1,31.545,0.9646,0
delay_kv_recent_2,41,11,2,31.370,0.9641,0
delay_kv_recent_2,41,11,3,31.352,0.9635,0
delay_kv_recent_2,42,12,0,31.233,0.9636,0
delay_kv_recent_2,42,12,1,30.942,0.9621,0
delay_kv_recent_2,42,12,2,30.639,0.9619,0
delay_kv_recent_2,42,12,3,30.719,0.9616,0
delay_kv_recent_2,43,13,0,30.937,0.9635,0
delay_kv_recent_2,43,13,1,30.978,0.9627,0
delay_kv_recent_2,43,13,2,30.862,0.9623,0
delay_kv_recent_2,43,13,3,30.820,0.9617,0
delay_kv_recent_2,44,14,0,31.155,0.9612,0
delay_kv_recent_2,44,14,1,31.579,0.9608,0
delay_kv_recent_2,44,14,2,31.820,0.9610,0
delay_kv_recent_2,44,14,3,31.856,0.9604,0
delay_kv_recent_2,45,15,0,31.785,0.9603,0
delay_kv_recent_2,45,15,1,31.739,0.9600,0
delay_kv_recent_2,45,15,2,31.785,0.9608,0
delay_kv_recent_2,45,15,3,31.828,0.9611,0
delay_kv_recent_2,46,16,0,31.989,0.9643,0
delay_kv_recent_2,46,16,1,31.860,0.9641,0
delay_kv_recent_2,46,16,2,31.661,0.9647,0
delay_kv_recent_2,46,16,3,31.520,0.9643,0
delay_kv_recent_2,47,17,0,30.104,0.9656,0
delay_kv_recent_2,47,17,1,29.946,0.9660,0
delay_kv_recent_2,47,17,2,30.356,0.9676,0
delay_kv_recent_2,47,17,3,30.293,0.9674,0
delay_kv_recent_2,48,18,0,31.354,0.9695,0
delay_kv_recent_2,48,18,1,32.186,0.9708,0
delay_kv_recent_2,48,18,2,32.269,0.9710,0
delay_kv_recent_2,48,18,3,31.980,0.9700,0
delay_kv_recent_2,49,19,0,31.915,0.9690,0
delay_kv_recent_2,49,19,1,31.838,0.9674,0
delay_kv_recent_2,49,19,2,31.906,0.9672,0
delay_kv_recent_2,49,19,3,31.831,0.9666,0
delay_kv_recent_2,50,20,0,32.223,0.9685,0
delay_kv_recent_2,50,20,1,32.433,0.9683,0
delay_kv_recent_2,50,20,2,32.469,0.9686,0
delay_kv_recent_2,50,20,3,32.450,0.9684,0
delay_kv_recent_2,51,21,0,32.694,0.9703,0
delay_kv_recent_2,51,21,1,32.703,0.9704,0
delay_kv_recent_2,51,21,2,32.581,0.9701,0
delay_kv_recent_2,51,21,3,32.593,0.9699,0
delay_kv_recent_2,52,22,0,32.690,0.9712,0
delay_kv_recent_2,52,22,1,32.417,0.9701,0
delay_kv_recent_2,52,22,2,32.998,0.9719,0
delay_kv_recent_2,52,22,3,32.902,0.9714,0
delay_kv_recent_2,53,23,0,32.516,0.9703,0
delay_kv_recent_2,53,23,1,32.459,0.9710,0
delay_kv_recent_2,53,23,2,33.240,0.9725,0
delay_kv_recent_2,53,23,3,33.158,0.9722,0
delay_kv_recent_2,54,24,0,32.868,0.9718,0
delay_kv_recent_2,54,24,1,33.128,0.9713,0
delay_kv_recent_2,54,24,2,32.438,0.9700,0
delay_kv_recent_2,54,24,3,32.044,0.9692,0
delay_kv_recent_2,55,25,0,32.117,0.9699,0
delay_kv_recent_2,55,25,1,32.640,0.9703,0
delay_kv_recent_2,55,25,2,32.548,0.9697,0
delay_kv_recent_2,55,25,3,31.227,0.9660,0
delay_kv_recent_2,56,26,0,32.015,0.9680,0
delay_kv_recent_2,56,26,1,31.696,0.9664,0
delay_kv_recent_2,56,26,2,31.728,0.9675,0
delay_kv_recent_2,56,26,3,31.138,0.9640,0
delay_kv_recent_2,57,27,0,31.474,0.9655,0
delay_kv_recent_2,57,27,1,32.210,0.9678,0
delay_kv_recent_2,57,27,2,32.165,0.9684,0
delay_kv_recent_2,57,27,3,31.793,0.9661,0
delay_kv_recent_2,58,28,0,31.550,0.9660,0
delay_kv_recent_2,58,28,1,32.122,0.9668,0
delay_kv_recent_2,58,28,2,32.277,0.9672,0
delay_kv_recent_2,58,28,3,31.998,0.9658,0
delay_kv_recent_2,59,29,0,32.332,0.9673,0
delay_kv_recent_2,59,29,1,32.071,0.9665,0
delay_kv_recent_2,59,29,2,30.922,0.9641,0
delay_kv_recent_2,59,29,3,30.928,0.9637,0
delay_kv_recent_2,60,30,0,30.831,0.9641,0
delay_kv_recent_2,60,30,1,30.552,0.9560,0
delay_kv_recent_2,60,30,2,29.394,0.9532,0
delay_kv_recent_2,60,30,3,29.763,0.9480,0
delay_kv_recent_2,61,31,0,31.172,0.9550,0
delay_kv_recent_2,61,31,1,30.974,0.9562,0
delay_kv_recent_2,61,31,2,31.219,0.9574,0
delay_kv_recent_2,61,31,3,31.309,0.9573,0
delay_kv_recent_2,62,32,0,31.558,0.9588,0
delay_kv_recent_2,62,32,1,31.068,0.9578,0
delay_kv_recent_2,62,32,2,30.871,0.9572,0
delay_kv_recent_2,62,32,3,30.737,0.9555,0
delay_kv_recent_2,63,33,0,30.747,0.9570,0
delay_kv_recent_2,63,33,1,30.387,0.9554,0
delay_kv_recent_2,63,33,2,29.963,0.9534,0
delay_kv_recent_2,63,33,3,29.810,0.9517,0
delay_kv_recent_2,64,34,0,30.114,0.9556,0
delay_kv_recent_2,64,34,1,30.199,0.9549,0
delay_kv_recent_2,64,34,2,30.192,0.9542,0
delay_kv_recent_2,64,34,3,30.246,0.9532,0
delay_kv_recent_2,65,35,0,30.567,0.9549,0
delay_kv_recent_2,65,35,1,30.859,0.9549,0
delay_kv_recent_2,65,35,2,31.055,0.9549,0
delay_kv_recent_2,65,35,3,31.221,0.9546,0
delay_kv_recent_2,66,36,0,31.211,0.9558,0
delay_kv_recent_2,66,36,1,31.203,0.9554,0
delay_kv_recent_2,66,36,2,31.554,0.9565,0
delay_kv_recent_2,66,36,3,31.777,0.9571,0
delay_kv_recent_2,67,37,0,32.169,0.9588,0
delay_kv_recent_2,67,37,1,31.713,0.9587,0
delay_kv_recent_2,67,37,2,31.932,0.9597,0
delay_kv_recent_2,67,37,3,31.879,0.9597,0
delay_kv_recent_2,68,38,0,32.285,0.9616,0
delay_kv_recent_2,68,38,1,32.434,0.9626,0
delay_kv_recent_2,68,38,2,32.703,0.9639,0
delay_kv_recent_2,68,38,3,32.584,0.9632,0
delay_kv_recent_2,69,39,0,32.761,0.9658,0
delay_kv_recent_2,69,39,1,32.973,0.9667,0
delay_kv_recent_2,69,39,2,33.029,0.9669,0
delay_kv_recent_2,69,39,3,33.004,0.9662,0
delay_kv_sink_1,30,0,0,29.667,0.8886,0
delay_kv_sink_1,30,0,1,27.929,0.8669,0
delay_kv_sink_1,30,0,2,27.174,0.8514,0
delay_kv_sink_1,30,0,3,26.314,0.8368,0
delay_kv_sink_1,31,1,0,27.170,0.8736,0
delay_kv_sink_1,31,1,1,26.089,0.8715,0
delay_kv_sink_1,31,1,2,26.354,0.8793,0
delay_kv_sink_1,31,1,3,25.091,0.8694,0
delay_kv_sink_1,32,2,0,24.018,0.8735,0
delay_kv_sink_1,32,2,1,25.699,0.8830,0
delay_kv_sink_1,32,2,2,25.731,0.8846,0
delay_kv_sink_1,32,2,3,25.115,0.8760,0
delay_kv_sink_1,33,3,0,24.843,0.8709,0
delay_kv_sink_1,33,3,1,25.380,0.8724,0
delay_kv_sink_1,33,3,2,25.445,0.8688,0
delay_kv_sink_1,33,3,3,25.268,0.8619,0
delay_kv_sink_1,34,4,0,25.757,0.8741,0
delay_kv_sink_1,34,4,1,25.566,0.8744,0
delay_kv_sink_1,34,4,2,25.460,0.8740,0
delay_kv_sink_1,34,4,3,24.998,0.8683,0
delay_kv_sink_1,35,5,0,25.294,0.8848,0
delay_kv_sink_1,35,5,1,23.522,0.8682,0
delay_kv_sink_1,35,5,2,24.818,0.8802,0
delay_kv_sink_1,35,5,3,24.507,0.8746,0
delay_kv_sink_1,36,6,0,25.186,0.8824,0
delay_kv_sink_1,36,6,1,24.599,0.8699,0
delay_kv_sink_1,36,6,2,25.819,0.8823,0
delay_kv_sink_1,36,6,3,25.709,0.8767,0
delay_kv_sink_1,37,7,0,25.298,0.8751,0
delay_kv_sink_1,37,7,1,25.428,0.8752,0
delay_kv_sink_1,37,7,2,25.443,0.8755,0
delay_kv_sink_1,37,7,3,25.933,0.8746,0
delay_kv_sink_1,38,8,0,25.863,0.8822,0
delay_kv_sink_1,38,8,1,25.929,0.8831,0
delay_kv_sink_1,38,8,2,25.866,0.8845,0
delay_kv_sink_1,38,8,3,25.557,0.8779,0
delay_kv_sink_1,39,9,0,25.665,0.8902,0
delay_kv_sink_1,39,9,1,26.349,0.8975,0
delay_kv_sink_1,39,9,2,26.256,0.8969,0
delay_kv_sink_1,39,9,3,25.661,0.8883,0
delay_kv_sink_1,40,10,0,25.172,0.8875,0
delay_kv_sink_1,40,10,1,24.699,0.8742,0
delay_kv_sink_1,40,10,2,25.627,0.8886,0
delay_kv_sink_1,40,10,3,24.483,0.8760,0
delay_kv_sink_1,41,11,0,25.181,0.8861,0
delay_kv_sink_1,41,11,1,24.887,0.8814,0
delay_kv_sink_1,41,11,2,24.671,0.8789,0
delay_kv_sink_1,41,11,3,25.059,0.8772,0
delay_kv_sink_1,42,12,0,25.332,0.8852,0
delay_kv_sink_1,42,12,1,25.720,0.8867,0
delay_kv_sink_1,42,12,2,25.618,0.8868,0
delay_kv_sink_1,42,12,3,25.355,0.8823,0
delay_kv_sink_1,43,13,0,25.826,0.8898,0
delay_kv_sink_1,43,13,1,25.924,0.8889,0
delay_kv_sink_1,43,13,2,25.766,0.8866,0
delay_kv_sink_1,43,13,3,25.826,0.8831,0
delay_kv_sink_1,44,14,0,26.165,0.8880,0
delay_kv_sink_1,44,14,1,26.386,0.8863,0
delay_kv_sink_1,44,14,2,26.546,0.8846,0
delay_kv_sink_1,44,14,3,26.457,0.8794,0
delay_kv_sink_1,45,15,0,26.269,0.8828,0
delay_kv_sink_1,45,15,1,26.124,0.8830,0
delay_kv_sink_1,45,15,2,25.793,0.8791,0
delay_kv_sink_1,45,15,3,25.411,0.8740,0
delay_kv_sink_1,46,16,0,24.875,0.8781,0
delay_kv_sink_1,46,16,1,24.761,0.8770,0
delay_kv_sink_1,46,16,2,24.353,0.8726,0
delay_kv_sink_1,46,16,3,23.746,0.8673,0
delay_kv_sink_1,47,17,0,23.623,0.8744,0
delay_kv_sink_1,47,17,1,23.640,0.8758,0
delay_kv_sink_1,47,17,2,24.314,0.8787,0
delay_kv_sink_1,47,17,3,24.560,0.8780,0
delay_kv_sink_1,48,18,0,25.164,0.8861,0
delay_kv_sink_1,48,18,1,25.679,0.8882,0
delay_kv_sink_1,48,18,2,25.502,0.8885,0
delay_kv_sink_1,48,18,3,24.941,0.8855,0
delay_kv_sink_1,49,19,0,24.699,0.8903,0
delay_kv_sink_1,49,19,1,25.555,0.8911,0
delay_kv_sink_1,49,19,2,25.882,0.8913,0
delay_kv_sink_1,49,19,3,26.193,0.8900,0
delay_kv_sink_1,50,20,0,26.455,0.8895,0
delay_kv_sink_1,50,20,1,26.150,0.8846,0
delay_kv_sink_1,50,20,2,26.091,0.8828,0
delay_kv_sink_1,50,20,3,26.001,0.8803,0
delay_kv_sink_1,51,21,0,26.174,0.8842,0
delay_kv_sink_1,51,21,1,25.883,0.8819,0
delay_kv_sink_1,51,21,2,25.569,0.8802,0
delay_kv_sink_1,51,21,3,25.255,0.8766,0
delay_kv_sink_1,52,22,0,24.611,0.8731,0
delay_kv_sink_1,52,22,1,24.999,0.8747,0
delay_kv_sink_1,52,22,2,25.106,0.8738,0
delay_kv_sink_1,52,22,3,24.573,0.8665,0
delay_kv_sink_1,53,23,0,25.021,0.8727,0
delay_kv_sink_1,53,23,1,23.509,0.8607,0
delay_kv_sink_1,53,23,2,24.883,0.8720,0
delay_kv_sink_1,53,23,3,24.971,0.8689,0
delay_kv_sink_1,54,24,0,24.752,0.8721,0
delay_kv_sink_1,54,24,1,25.101,0.8763,0
delay_kv_sink_1,54,24,2,25.521,0.8823,0
delay_kv_sink_1,54,24,3,24.242,0.8710,0
delay_kv_sink_1,55,25,0,24.108,0.8766,0
delay_kv_sink_1,55,25,1,24.727,0.8806,0
delay_kv_sink_1,55,25,2,23.840,0.8710,0
delay_kv_sink_1,55,25,3,23.464,0.8608,0
delay_kv_sink_1,56,26,0,22.728,0.8614,0
delay_kv_sink_1,56,26,1,25.407,0.8814,0
delay_kv_sink_1,56,26,2,25.410,0.8773,0
delay_kv_sink_1,56,26,3,24.622,0.8673,0
delay_kv_sink_1,57,27,0,24.120,0.8668,0
delay_kv_sink_1,57,27,1,24.563,0.8688,0
delay_kv_sink_1,57,27,2,24.854,0.8722,0
delay_kv_sink_1,57,27,3,24.509,0.8661,0
delay_kv_sink_1,58,28,0,25.143,0.8798,0
delay_kv_sink_1,58,28,1,24.197,0.8711,0
delay_kv_sink_1,58,28,2,24.730,0.8797,0
delay_kv_sink_1,58,28,3,25.048,0.8784,0
delay_kv_sink_1,59,29,0,25.104,0.8852,0
delay_kv_sink_1,59,29,1,25.117,0.8870,0
delay_kv_sink_1,59,29,2,25.108,0.8861,0
delay_kv_sink_1,59,29,3,24.759,0.8776,0
delay_kv_sink_1,60,30,0,24.459,0.8762,0
delay_kv_sink_1,60,30,1,24.395,0.8685,0
delay_kv_sink_1,60,30,2,23.000,0.8733,0
delay_kv_sink_1,60,30,3,23.961,0.8642,0
delay_kv_sink_1,61,31,0,24.652,0.8800,0
delay_kv_sink_1,61,31,1,24.380,0.8913,0
delay_kv_sink_1,61,31,2,24.231,0.8910,0
delay_kv_sink_1,61,31,3,24.219,0.8889,0
delay_kv_sink_1,62,32,0,24.539,0.8928,0
delay_kv_sink_1,62,32,1,24.612,0.8938,0
delay_kv_sink_1,62,32,2,24.196,0.8887,0
delay_kv_sink_1,62,32,3,24.129,0.8864,0
delay_kv_sink_1,63,33,0,24.485,0.8913,0
delay_kv_sink_1,63,33,1,24.490,0.8849,0
delay_kv_sink_1,63,33,2,23.932,0.8825,0
delay_kv_sink_1,63,33,3,23.237,0.8727,0
delay_kv_sink_1,64,34,0,23.552,0.8823,0
delay_kv_sink_1,64,34,1,23.923,0.8846,0
delay_kv_sink_1,64,34,2,23.840,0.8825,0
delay_kv_sink_1,64,34,3,23.887,0.8787,0
delay_kv_sink_1,65,35,0,23.656,0.8807,0
delay_kv_sink_1,65,35,1,23.928,0.8820,0
delay_kv_sink_1,65,35,2,23.894,0.8786,0
delay_kv_sink_1,65,35,3,23.474,0.8712,0
delay_kv_sink_1,66,36,0,23.302,0.8677,0
delay_kv_sink_1,66,36,1,23.901,0.8717,0
delay_kv_sink_1,66,36,2,24.247,0.8730,0
delay_kv_sink_1,66,36,3,24.181,0.8677,0
delay_kv_sink_1,67,37,0,24.848,0.8736,0
delay_kv_sink_1,67,37,1,25.368,0.8759,0
delay_kv_sink_1,67,37,2,25.721,0.8776,0
delay_kv_sink_1,67,37,3,25.455,0.8745,0
delay_kv_sink_1,68,38,0,26.195,0.8799,0
delay_kv_sink_1,68,38,1,26.263,0.8795,0
delay_kv_sink_1,68,38,2,26.449,0.8803,0
delay_kv_sink_1,68,38,3,26.449,0.8780,0
delay_kv_sink_1,69,39,0,26.140,0.8809,0
delay_kv_sink_1,69,39,1,26.135,0.8791,0
delay_kv_sink_1,69,39,2,26.548,0.8810,0
delay_kv_sink_1,69,39,3,26.337,0.8763,0
delay_kv_sink_4,30,0,0,29.667,0.8886,0
delay_kv_sink_4,30,0,1,27.929,0.8669,0
delay_kv_sink_4,30,0,2,27.174,0.8514,0
delay_kv_sink_4,30,0,3,26.314,0.8368,0
delay_kv_sink_4,31,1,0,25.757,0.8406,0
delay_kv_sink_4,31,1,1,24.607,0.8288,0
delay_kv_sink_4,31,1,2,23.766,0.8203,0
delay_kv_sink_4,31,1,3,22.542,0.8032,0
delay_kv_sink_4,32,2,0,22.147,0.8050,0
delay_kv_sink_4,32,2,1,22.463,0.8078,0
delay_kv_sink_4,32,2,2,22.340,0.8046,0
delay_kv_sink_4,32,2,3,22.239,0.7984,0
delay_kv_sink_4,33,3,0,22.229,0.7995,0
delay_kv_sink_4,33,3,1,22.204,0.7990,0
delay_kv_sink_4,33,3,2,22.070,0.7922,0
delay_kv_sink_4,33,3,3,21.989,0.7854,0
delay_kv_sink_4,34,4,0,21.689,0.7846,0
delay_kv_sink_4,34,4,1,21.369,0.7826,0
delay_kv_sink_4,34,4,2,21.072,0.7775,0
delay_kv_sink_4,34,4,3,21.028,0.7772,0
delay_kv_sink_4,35,5,0,20.645,0.7884,0
delay_kv_sink_4,35,5,1,19.792,0.7769,0
delay_kv_sink_4,35,5,2,20.691,0.7937,0
delay_kv_sink_4,35,5,3,20.603,0.7894,0
delay_kv_sink_4,36,6,0,20.854,0.7941,0
delay_kv_sink_4,36,6,1,20.691,0.7877,0
delay_kv_sink_4,36,6,2,20.859,0.7918,0
delay_kv_sink_4,36,6,3,20.452,0.7801,0
delay_kv_sink_4,37,7,0,20.422,0.7870,0
delay_kv_sink_4,37,7,1,20.336,0.7869,0
delay_kv_sink_4,37,7,2,20.260,0.7814,0
delay_kv_sink_4,37,7,3,20.279,0.7793,0
delay_kv_sink_4,38,8,0,20.306,0.7896,0
delay_kv_sink_4,38,8,1,20.329,0.7904,0
delay_kv_sink_4,38,8,2,20.462,0.7913,0
delay_kv_sink_4,38,8,3,20.522,0.7853,0
delay_kv_sink_4,39,9,0,20.671,0.7978,0
delay_kv_sink_4,39,9,1,20.920,0.8041,0
delay_kv_sink_4,39,9,2,20.862,0.8004,0
delay_kv_sink_4,39,9,3,20.788,0.7955,0
delay_kv_sink_4,40,10,0,20.524,0.7975,0
delay_kv_sink_4,40,10,1,20.637,0.7745,0
delay_kv_sink_4,40,10,2,20.580,0.7789,0
delay_kv_sink_4,40,10,3,20.149,0.7708,0
delay_kv_sink_4,41,11,0,20.111,0.7768,0
delay_kv_sink_4,41,11,1,19.863,0.7697,0
delay_kv_sink_4,41,11,2,19.847,0.7662,0
delay_kv_sink_4,41,11,3,19.917,0.7586,0
delay_kv_sink_4,42,12,0,20.114,0.7658,0
delay_kv_sink_4,42,12,1,20.287,0.7659,0
delay_kv_sink_4,42,12,2,20.243,0.7645,0
delay_kv_sink_4,42,12,3,19.971,0.7572,0
delay_kv_sink_4,43,13,0,20.521,0.7716,0
delay_kv_sink_4,43,13,1,20.706,0.7725,0
delay_kv_sink_4,43,13,2,20.701,0.7713,0
delay_kv_sink_4,43,13,3,20.568,0.7658,0
delay_kv_sink_4,44,14,0,20.631,0.7682,0
delay_kv_sink_4,44,14,1,20.580,0.7638,0
delay_kv_sink_4,44,14,2,20.470,0.7583,0
delay_kv_sink_4,44,14,3,20.341,0.7519,0
delay_kv_sink_4,45,15,0,20.146,0.7516,0
delay_kv_sink_4,45,15,1,19.864,0.7454,0
delay_kv_sink_4,45,15,2,19.771,0.7391,0
delay_kv_sink_4,45,15,3,19.625,0.7331,0
delay_kv_sink_4,46,16,0,19.448,0.7508,0
delay_kv_sink_4,46,16,1,19.295,0.7486,0
delay_kv_sink_4,46,16,2,19.187,0.7452,0
delay_kv_sink_4,46,16,3,18.930,0.7395,0
delay_kv_sink_4,47,17,0,19.074,0.7535,0
delay_kv_sink_4,47,17,1,18.955,0.7538,0
delay_kv_sink_4,47,17,2,18.962,0.7537,0
delay_kv_sink_4,47,17,3,18.898,0.7511,0
delay_kv_sink_4,48,18,0,18.989,0.7621,0
delay_kv_sink_4,48,18,1,19.624,0.7683,0
delay_kv_sink_4,48,18,2,19.777,0.7688,0
delay_kv_sink_4,48,18,3,19.656,0.7653,0
delay_kv_sink_4,49,19,0,19.933,0.7725,0
delay_kv_sink_4,49,19,1,20.073,0.7705,0
delay_kv_sink_4,49,19,2,19.947,0.7663,0
delay_kv_sink_4,49,19,3,19.786,0.7610,0
delay_kv_sink_4,50,20,0,20.012,0.7656,0
delay_kv_sink_4,50,20,1,20.201,0.7678,0
delay_kv_sink_4,50,20,2,20.275,0.7652,0
delay_kv_sink_4,50,20,3,20.283,0.7627,0
delay_kv_sink_4,51,21,0,20.372,0.7698,0
delay_kv_sink_4,51,21,1,20.601,0.7740,0
delay_kv_sink_4,51,21,2,20.353,0.7702,0
delay_kv_sink_4,51,21,3,20.414,0.7690,0
delay_kv_sink_4,52,22,0,20.541,0.7793,0
delay_kv_sink_4,52,22,1,20.252,0.7730,0
delay_kv_sink_4,52,22,2,20.533,0.7738,0
delay_kv_sink_4,52,22,3,20.548,0.7716,0
delay_kv_sink_4,53,23,0,20.651,0.7814,0
delay_kv_sink_4,53,23,1,20.410,0.7784,0
delay_kv_sink_4,53,23,2,20.270,0.7754,0
delay_kv_sink_4,53,23,3,20.306,0.7748,0
delay_kv_sink_4,54,24,0,20.096,0.7808,0
delay_kv_sink_4,54,24,1,20.279,0.7816,0
delay_kv_sink_4,54,24,2,20.439,0.7870,0
delay_kv_sink_4,54,24,3,20.086,0.7807,0
delay_kv_sink_4,55,25,0,19.898,0.7897,0
delay_kv_sink_4,55,25,1,20.565,0.7977,0
delay_kv_sink_4,55,25,2,20.005,0.7871,0
delay_kv_sink_4,55,25,3,20.082,0.7844,0
delay_kv_sink_4,56,26,0,20.602,0.8007,0
delay_kv_sink_4,56,26,1,21.193,0.8075,0
delay_kv_sink_4,56,26,2,21.358,0.8049,0
delay_kv_sink_4,56,26,3,20.762,0.7951,0
delay_kv_sink_4,57,27,0,21.064,0.8013,0
delay_kv_sink_4,57,27,1,21.560,0.8067,0
delay_kv_sink_4,57,27,2,21.193,0.8013,0
delay_kv_sink_4,57,27,3,20.978,0.7988,0
delay_kv_sink_4,58,28,0,21.103,0.8083,0
delay_kv_sink_4,58,28,1,20.849,0.8038,0
delay_kv_sink_4,58,28,2,21.303,0.8110,0
delay_kv_sink_4,58,28,3,21.565,0.8120,0
delay_kv_sink_4,59,29,0,21.568,0.8176,0
delay_kv_sink_4,59,29,1,21.592,0.8177,0
delay_kv_sink_4,59,29,2,21.505,0.8153,0
delay_kv_sink_4,59,29,3,21.436,0.8114,0
delay_kv_sink_4,60,30,0,21.154,0.8117,0
delay_kv_sink_4,60,30,1,21.491,0.8136,0
delay_kv_sink_4,60,30,2,19.887,0.7802,0
delay_kv_sink_4,60,30,3,19.755,0.7652,0
delay_kv_sink_4,61,31,0,19.562,0.7742,0
delay_kv_sink_4,61,31,1,19.602,0.7804,0
delay_kv_sink_4,61,31,2,19.663,0.7806,0
delay_kv_sink_4,61,31,3,19.552,0.7775,0
delay_kv_sink_4,62,32,0,19.763,0.7805,0
delay_kv_sink_4,62,32,1,19.995,0.7837,0
delay_kv_sink_4,62,32,2,20.011,0.7829,0
delay_kv_sink_4,62,32,3,19.910,0.7811,0
delay_kv_sink_4,63,33,0,20.134,0.7839,0
delay_kv_sink_4,63,33,1,20.382,0.7851,0
delay_kv_sink_4,63,33,2,20.278,0.7827,0
delay_kv_sink_4,63,33,3,19.813,0.7731,0
delay_kv_sink_4,64,34,0,20.155,0.7802,0
delay_kv_sink_4,64,34,1,20.520,0.7839,0
delay_kv_sink_4,64,34,2,20.649,0.7819,0
delay_kv_sink_4,64,34,3,20.649,0.7791,0
delay_kv_sink_4,65,35,0,20.555,0.7779,0
delay_kv_sink_4,65,35,1,20.713,0.7782,0
delay_kv_sink_4,65,35,2,20.712,0.7727,0
delay_kv_sink_4,65,35,3,20.522,0.7667,0
delay_kv_sink_4,66,36,0,20.438,0.7680,0
delay_kv_sink_4,66,36,1,20.818,0.7719,0
delay_kv_sink_4,66,36,2,20.768,0.7673,0
delay_kv_sink_4,66,36,3,20.616,0.7613,0
delay_kv_sink_4,67,37,0,20.758,0.7685,0
delay_kv_sink_4,67,37,1,20.682,0.7660,0
delay_kv_sink_4,67,37,2,20.537,0.7631,0
delay_kv_sink_4,67,37,3,20.149,0.7599,0
delay_kv_sink_4,68,38,0,20.264,0.7630,0
delay_kv_sink_4,68,38,1,20.335,0.7613,0
delay_kv_sink_4,68,38,2,20.359,0.7597,0
delay_kv_sink_4,68,38,3,20.345,0.7542,0
delay_kv_sink_4,69,39,0,20.341,0.7592,0
delay_kv_sink_4,69,39,1,20.222,0.7579,0
delay_kv_sink_4,69,39,2,20.040,0.7534,0
delay_kv_sink_4,69,39,3,20.178,0.7477,0
delay_kv_sink_16,30,0,0,29.667,0.8886,0
delay_kv_sink_16,30,0,1,27.929,0.8669,0
delay_kv_sink_16,30,0,2,27.174,0.8514,0
delay_kv_sink_16,30,0,3,26.314,0.8368,0
delay_kv_sink_16,31,1,0,25.757,0.8406,0
delay_kv_sink_16,31,1,1,24.607,0.8288,0
delay_kv_sink_16,31,1,2,23.766,0.8203,0
delay_kv_sink_16,31,1,3,22.542,0.8032,0
delay_kv_sink_16,32,2,0,22.147,0.8050,0
delay_kv_sink_16,32,2,1,22.463,0.8078,0
delay_kv_sink_16,32,2,2,22.340,0.8046,0
delay_kv_sink_16,32,2,3,22.239,0.7984,0
delay_kv_sink_16,33,3,0,22.229,0.7995,0
delay_kv_sink_16,33,3,1,22.204,0.7990,0
delay_kv_sink_16,33,3,2,22.070,0.7922,0
delay_kv_sink_16,33,3,3,21.989,0.7854,0
delay_kv_sink_16,34,4,0,21.689,0.7846,0
delay_kv_sink_16,34,4,1,21.369,0.7826,0
delay_kv_sink_16,34,4,2,21.072,0.7775,0
delay_kv_sink_16,34,4,3,21.028,0.7772,0
delay_kv_sink_16,35,5,0,20.645,0.7884,0
delay_kv_sink_16,35,5,1,19.792,0.7769,0
delay_kv_sink_16,35,5,2,20.691,0.7937,0
delay_kv_sink_16,35,5,3,20.603,0.7894,0
delay_kv_sink_16,36,6,0,20.854,0.7941,0
delay_kv_sink_16,36,6,1,20.691,0.7877,0
delay_kv_sink_16,36,6,2,20.859,0.7918,0
delay_kv_sink_16,36,6,3,20.452,0.7801,0
delay_kv_sink_16,37,7,0,20.422,0.7870,0
delay_kv_sink_16,37,7,1,20.336,0.7869,0
delay_kv_sink_16,37,7,2,20.260,0.7814,0
delay_kv_sink_16,37,7,3,20.279,0.7793,0
delay_kv_sink_16,38,8,0,20.306,0.7896,0
delay_kv_sink_16,38,8,1,20.329,0.7904,0
delay_kv_sink_16,38,8,2,20.462,0.7913,0
delay_kv_sink_16,38,8,3,20.522,0.7853,0
delay_kv_sink_16,39,9,0,20.671,0.7978,0
delay_kv_sink_16,39,9,1,20.920,0.8041,0
delay_kv_sink_16,39,9,2,20.862,0.8004,0
delay_kv_sink_16,39,9,3,20.788,0.7955,0
delay_kv_sink_16,40,10,0,20.524,0.7975,0
delay_kv_sink_16,40,10,1,20.637,0.7745,0
delay_kv_sink_16,40,10,2,20.580,0.7789,0
delay_kv_sink_16,40,10,3,20.149,0.7708,0
delay_kv_sink_16,41,11,0,20.111,0.7768,0
delay_kv_sink_16,41,11,1,19.863,0.7697,0
delay_kv_sink_16,41,11,2,19.847,0.7662,0
delay_kv_sink_16,41,11,3,19.917,0.7586,0
delay_kv_sink_16,42,12,0,20.114,0.7658,0
delay_kv_sink_16,42,12,1,20.287,0.7659,0
delay_kv_sink_16,42,12,2,20.243,0.7645,0
delay_kv_sink_16,42,12,3,19.971,0.7572,0
delay_kv_sink_16,43,13,0,20.521,0.7716,0
delay_kv_sink_16,43,13,1,20.706,0.7725,0
delay_kv_sink_16,43,13,2,20.701,0.7713,0
delay_kv_sink_16,43,13,3,20.568,0.7658,0
delay_kv_sink_16,44,14,0,20.631,0.7682,0
delay_kv_sink_16,44,14,1,20.580,0.7638,0
delay_kv_sink_16,44,14,2,20.470,0.7583,0
delay_kv_sink_16,44,14,3,20.341,0.7519,0
delay_kv_sink_16,45,15,0,20.146,0.7516,0
delay_kv_sink_16,45,15,1,19.864,0.7454,0
delay_kv_sink_16,45,15,2,19.771,0.7391,0
delay_kv_sink_16,45,15,3,19.625,0.7331,0
delay_kv_sink_16,46,16,0,19.448,0.7508,0
delay_kv_sink_16,46,16,1,19.295,0.7486,0
delay_kv_sink_16,46,16,2,19.187,0.7452,0
delay_kv_sink_16,46,16,3,18.930,0.7395,0
delay_kv_sink_16,47,17,0,19.074,0.7535,0
delay_kv_sink_16,47,17,1,18.955,0.7538,0
delay_kv_sink_16,47,17,2,18.962,0.7537,0
delay_kv_sink_16,47,17,3,18.898,0.7511,0
delay_kv_sink_16,48,18,0,18.989,0.7621,0
delay_kv_sink_16,48,18,1,19.624,0.7683,0
delay_kv_sink_16,48,18,2,19.777,0.7688,0
delay_kv_sink_16,48,18,3,19.656,0.7653,0
delay_kv_sink_16,49,19,0,19.933,0.7725,0
delay_kv_sink_16,49,19,1,20.073,0.7705,0
delay_kv_sink_16,49,19,2,19.947,0.7663,0
delay_kv_sink_16,49,19,3,19.786,0.7610,0
delay_kv_sink_16,50,20,0,20.012,0.7656,0
delay_kv_sink_16,50,20,1,20.201,0.7678,0
delay_kv_sink_16,50,20,2,20.275,0.7652,0
delay_kv_sink_16,50,20,3,20.283,0.7627,0
delay_kv_sink_16,51,21,0,20.372,0.7698,0
delay_kv_sink_16,51,21,1,20.601,0.7740,0
delay_kv_sink_16,51,21,2,20.353,0.7702,0
delay_kv_sink_16,51,21,3,20.414,0.7690,0
delay_kv_sink_16,52,22,0,20.541,0.7793,0
delay_kv_sink_16,52,22,1,20.252,0.7730,0
delay_kv_sink_16,52,22,2,20.533,0.7738,0
delay_kv_sink_16,52,22,3,20.548,0.7716,0
delay_kv_sink_16,53,23,0,20.651,0.7814,0
delay_kv_sink_16,53,23,1,20.410,0.7784,0
delay_kv_sink_16,53,23,2,20.270,0.7754,0
delay_kv_sink_16,53,23,3,20.306,0.7748,0
delay_kv_sink_16,54,24,0,20.096,0.7808,0
delay_kv_sink_16,54,24,1,20.279,0.7816,0
delay_kv_sink_16,54,24,2,20.439,0.7870,0
delay_kv_sink_16,54,24,3,20.086,0.7807,0
delay_kv_sink_16,55,25,0,19.898,0.7897,0
delay_kv_sink_16,55,25,1,20.565,0.7977,0
delay_kv_sink_16,55,25,2,20.005,0.7871,0
delay_kv_sink_16,55,25,3,20.082,0.7844,0
delay_kv_sink_16,56,26,0,20.602,0.8007,0
delay_kv_sink_16,56,26,1,21.193,0.8075,0
delay_kv_sink_16,56,26,2,21.358,0.8049,0
delay_kv_sink_16,56,26,3,20.762,0.7951,0
delay_kv_sink_16,57,27,0,21.064,0.8013,0
delay_kv_sink_16,57,27,1,21.560,0.8067,0
delay_kv_sink_16,57,27,2,21.193,0.8013,0
delay_kv_sink_16,57,27,3,20.978,0.7988,0
delay_kv_sink_16,58,28,0,21.103,0.8083,0
delay_kv_sink_16,58,28,1,20.849,0.8038,0
delay_kv_sink_16,58,28,2,21.303,0.8110,0
delay_kv_sink_16,58,28,3,21.565,0.8120,0
delay_kv_sink_16,59,29,0,21.568,0.8176,0
delay_kv_sink_16,59,29,1,21.592,0.8177,0
delay_kv_sink_16,59,29,2,21.505,0.8153,0
delay_kv_sink_16,59,29,3,21.436,0.8114,0
delay_kv_sink_16,60,30,0,21.154,0.8117,0
delay_kv_sink_16,60,30,1,21.491,0.8136,0
delay_kv_sink_16,60,30,2,19.887,0.7802,0
delay_kv_sink_16,60,30,3,19.755,0.7652,0
delay_kv_sink_16,61,31,0,19.562,0.7742,0
delay_kv_sink_16,61,31,1,19.602,0.7804,0
delay_kv_sink_16,61,31,2,19.663,0.7806,0
delay_kv_sink_16,61,31,3,19.552,0.7775,0
delay_kv_sink_16,62,32,0,19.763,0.7805,0
delay_kv_sink_16,62,32,1,19.995,0.7837,0
delay_kv_sink_16,62,32,2,20.011,0.7829,0
delay_kv_sink_16,62,32,3,19.910,0.7811,0
delay_kv_sink_16,63,33,0,20.134,0.7839,0
delay_kv_sink_16,63,33,1,20.382,0.7851,0
delay_kv_sink_16,63,33,2,20.278,0.7827,0
delay_kv_sink_16,63,33,3,19.813,0.7731,0
delay_kv_sink_16,64,34,0,20.155,0.7802,0
delay_kv_sink_16,64,34,1,20.520,0.7839,0
delay_kv_sink_16,64,34,2,20.649,0.7819,0
delay_kv_sink_16,64,34,3,20.649,0.7791,0
delay_kv_sink_16,65,35,0,20.555,0.7779,0
delay_kv_sink_16,65,35,1,20.713,0.7782,0
delay_kv_sink_16,65,35,2,20.712,0.7727,0
delay_kv_sink_16,65,35,3,20.522,0.7667,0
delay_kv_sink_16,66,36,0,20.438,0.7680,0
delay_kv_sink_16,66,36,1,20.818,0.7719,0
delay_kv_sink_16,66,36,2,20.768,0.7673,0
delay_kv_sink_16,66,36,3,20.616,0.7613,0
delay_kv_sink_16,67,37,0,20.758,0.7685,0
delay_kv_sink_16,67,37,1,20.682,0.7660,0
delay_kv_sink_16,67,37,2,20.537,0.7631,0
delay_kv_sink_16,67,37,3,20.149,0.7599,0
delay_kv_sink_16,68,38,0,20.264,0.7630,0
delay_kv_sink_16,68,38,1,20.335,0.7613,0
delay_kv_sink_16,68,38,2,20.359,0.7597,0
delay_kv_sink_16,68,38,3,20.345,0.7542,0
delay_kv_sink_16,69,39,0,20.341,0.7592,0
delay_kv_sink_16,69,39,1,20.222,0.7579,0
delay_kv_sink_16,69,39,2,20.040,0.7534,0
delay_kv_sink_16,69,39,3,20.178,0.7477,0
delay_kv_all_1,30,0,0,22.673,0.7331,0
delay_kv_all_1,30,0,1,20.985,0.6954,0
delay_kv_all_1,30,0,2,20.103,0.6710,0
delay_kv_all_1,30,0,3,19.824,0.6599,0
delay_kv_all_1,31,1,0,21.294,0.7546,0
delay_kv_all_1,31,1,1,20.863,0.7609,0
delay_kv_all_1,31,1,2,21.736,0.7731,0
delay_kv_all_1,31,1,3,21.727,0.7710,0
delay_kv_all_1,32,2,0,21.574,0.7936,0
delay_kv_all_1,32,2,1,24.357,0.8257,0
delay_kv_all_1,32,2,2,24.684,0.8312,0
delay_kv_all_1,32,2,3,24.276,0.8264,0
delay_kv_all_1,33,3,0,24.052,0.8387,0
delay_kv_all_1,33,3,1,25.587,0.8518,0
delay_kv_all_1,33,3,2,25.674,0.8500,0
delay_kv_all_1,33,3,3,25.129,0.8412,0
delay_kv_all_1,34,4,0,25.714,0.8676,0
delay_kv_all_1,34,4,1,26.425,0.8754,0
delay_kv_all_1,34,4,2,26.647,0.8779,0
delay_kv_all_1,34,4,3,26.079,0.8717,0
delay_kv_all_1,35,5,0,26.456,0.8920,0
delay_kv_all_1,35,5,1,24.486,0.8770,0
delay_kv_all_1,35,5,2,24.948,0.8848,0
delay_kv_all_1,35,5,3,24.550,0.8795,0
delay_kv_all_1,36,6,0,25.428,0.8897,0
delay_kv_all_1,36,6,1,25.423,0.8819,0
delay_kv_all_1,36,6,2,26.464,0.8930,0
delay_kv_all_1,36,6,3,26.127,0.8856,0
delay_kv_all_1,37,7,0,25.722,0.8863,0
delay_kv_all_1,37,7,1,26.581,0.8928,0
delay_kv_all_1,37,7,2,26.328,0.8903,0
delay_kv_all_1,37,7,3,26.666,0.8890,0
delay_kv_all_1,38,8,0,27.381,0.9025,0
delay_kv_all_1,38,8,1,27.464,0.9038,0
delay_kv_all_1,38,8,2,27.270,0.9030,0
delay_kv_all_1,38,8,3,26.953,0.8964,0
delay_kv_all_1,39,9,0,27.232,0.9046,0
delay_kv_all_1,39,9,1,27.486,0.9056,0
delay_kv_all_1,39,9,2,27.221,0.9021,0
delay_kv_all_1,39,9,3,27.007,0.8940,0
delay_kv_all_1,40,10,0,26.692,0.8963,0
delay_kv_all_1,40,10,1,25.327,0.8861,0
delay_kv_all_1,40,10,2,26.322,0.9003,0
delay_kv_all_1,40,10,3,25.116,0.8878,0
delay_kv_all_1,41,11,0,25.992,0.8998,0
delay_kv_all_1,41,11,1,25.484,0.8943,0
delay_kv_all_1,41,11,2,25.255,0.8913,0
delay_kv_all_1,41,11,3,25.586,0.8891,0
delay_kv_all_1,42,12,0,25.880,0.8981,0
delay_kv_all_1,42,12,1,26.231,0.8995,0
delay_kv_all_1,42,12,2,26.124,0.8993,0
delay_kv_all_1,42,12,3,25.936,0.8968,0
delay_kv_all_1,43,13,0,26.551,0.9064,0
delay_kv_all_1,43,13,1,26.765,0.9074,0
delay_kv_all_1,43,13,2,26.577,0.9060,0
delay_kv_all_1,43,13,3,26.701,0.9037,0
delay_kv_all_1,44,14,0,27.399,0.9082,0
delay_kv_all_1,44,14,1,27.795,0.9070,0
delay_kv_all_1,44,14,2,27.820,0.9055,0
delay_kv_all_1,44,14,3,27.581,0.9006,0
delay_kv_all_1,45,15,0,27.365,0.9027,0
delay_kv_all_1,45,15,1,27.132,0.9024,0
delay_kv_all_1,45,15,2,26.757,0.8983,0
delay_kv_all_1,45,15,3,26.404,0.8934,0
delay_kv_all_1,46,16,0,25.730,0.8964,0
delay_kv_all_1,46,16,1,25.629,0.8956,0
delay_kv_all_1,46,16,2,25.217,0.8932,0
delay_kv_all_1,46,16,3,24.653,0.8894,0
delay_kv_all_1,47,17,0,24.499,0.8969,0
delay_kv_all_1,47,17,1,24.036,0.8974,0
delay_kv_all_1,47,17,2,24.846,0.9008,0
delay_kv_all_1,47,17,3,25.457,0.9007,0
delay_kv_all_1,48,18,0,26.304,0.9078,0
delay_kv_all_1,48,18,1,27.147,0.9112,0
delay_kv_all_1,48,18,2,27.161,0.9132,0
delay_kv_all_1,48,18,3,26.434,0.9103,0
delay_kv_all_1,49,19,0,26.443,0.9144,0
delay_kv_all_1,49,19,1,27.014,0.9149,0
delay_kv_all_1,49,19,2,27.139,0.9140,0
delay_kv_all_1,49,19,3,27.172,0.9118,0
delay_kv_all_1,50,20,0,27.524,0.9129,0
delay_kv_all_1,50,20,1,27.752,0.9115,0
delay_kv_all_1,50,20,2,27.908,0.9106,0
delay_kv_all_1,50,20,3,27.771,0.9071,0
delay_kv_all_1,51,21,0,27.893,0.9090,0
delay_kv_all_1,51,21,1,27.458,0.9062,0
delay_kv_all_1,51,21,2,27.220,0.9057,0
delay_kv_all_1,51,21,3,25.833,0.8950,0
delay_kv_all_1,52,22,0,25.356,0.8939,0
delay_kv_all_1,52,22,1,26.200,0.8980,0
delay_kv_all_1,52,22,2,26.521,0.8989,0
delay_kv_all_1,52,22,3,26.039,0.8931,0
delay_kv_all_1,53,23,0,26.417,0.8966,0
delay_kv_all_1,53,23,1,24.647,0.8838,0
delay_kv_all_1,53,23,2,25.991,0.8932,0
delay_kv_all_1,53,23,3,25.957,0.8893,0
delay_kv_all_1,54,24,0,25.234,0.8905,0
delay_kv_all_1,54,24,1,26.404,0.9009,0
delay_kv_all_1,54,24,2,26.612,0.9045,0
delay_kv_all_1,54,24,3,25.607,0.8959,0
delay_kv_all_1,55,25,0,25.287,0.8982,0
delay_kv_all_1,55,25,1,25.625,0.8995,0
delay_kv_all_1,55,25,2,25.395,0.8942,0
delay_kv_all_1,55,25,3,24.274,0.8815,0
delay_kv_all_1,56,26,0,22.942,0.8723,0
delay_kv_all_1,56,26,1,25.497,0.8899,0
delay_kv_all_1,56,26,2,25.557,0.8848,0
delay_kv_all_1,56,26,3,24.523,0.8728,0
delay_kv_all_1,57,27,0,24.333,0.8739,0
delay_kv_all_1,57,27,1,24.648,0.8702,0
delay_kv_all_1,57,27,2,24.850,0.8768,0
delay_kv_all_1,57,27,3,23.585,0.8607,0
delay_kv_all_1,58,28,0,24.948,0.8772,0
delay_kv_all_1,58,28,1,24.850,0.8761,0
delay_kv_all_1,58,28,2,25.036,0.8826,0
delay_kv_all_1,58,28,3,25.136,0.8798,0
delay_kv_all_1,59,29,0,25.115,0.8845,0
delay_kv_all_1,59,29,1,25.012,0.8835,0
delay_kv_all_1,59,29,2,25.165,0.8843,0
delay_kv_all_1,59,29,3,24.944,0.8766,0
delay_kv_all_1,60,30,0,24.717,0.8762,0
delay_kv_all_1,60,30,1,24.380,0.8665,0
delay_kv_all_1,60,30,2,22.881,0.8709,0
delay_kv_all_1,60,30,3,23.532,0.8617,0
delay_kv_all_1,61,31,0,24.455,0.8770,0
delay_kv_all_1,61,31,1,24.382,0.8902,0
delay_kv_all_1,61,31,2,24.355,0.8900,0
delay_kv_all_1,61,31,3,24.352,0.8886,0
delay_kv_all_1,62,32,0,24.576,0.8919,0
delay_kv_all_1,62,32,1,24.602,0.8930,0
delay_kv_all_1,62,32,2,24.165,0.8866,0
delay_kv_all_1,62,32,3,24.081,0.8850,0
delay_kv_all_1,63,33,0,24.455,0.8895,0
delay_kv_all_1,63,33,1,24.598,0.8852,0
delay_kv_all_1,63,33,2,23.901,0.8806,0
delay_kv_all_1,63,33,3,23.223,0.8698,0
delay_kv_all_1,64,34,0,23.649,0.8844,0
delay_kv_all_1,64,34,1,24.010,0.8875,0
delay_kv_all_1,64,34,2,23.994,0.8864,0
delay_kv_all_1,64,34,3,24.095,0.8840,0
delay_kv_all_1,65,35,0,23.923,0.8870,0
delay_kv_all_1,65,35,1,24.140,0.8877,0
delay_kv_all_1,65,35,2,24.179,0.8851,0
delay_kv_all_1,65,35,3,23.861,0.8793,0
delay_kv_all_1,66,36,0,23.851,0.8766,0
delay_kv_all_1,66,36,1,24.519,0.8812,0
delay_kv_all_1,66,36,2,24.943,0.8848,0
delay_kv_all_1,66,36,3,25.036,0.8825,0
delay_kv_all_1,67,37,0,25.904,0.8902,0
delay_kv_all_1,67,37,1,26.521,0.8931,0
delay_kv_all_1,67,37,2,26.720,0.8938,0
delay_kv_all_1,67,37,3,26.333,0.8903,0
delay_kv_all_1,68,38,0,27.046,0.8937,0
delay_kv_all_1,68,38,1,26.827,0.8928,0
delay_kv_all_1,68,38,2,27.131,0.8950,0
delay_kv_all_1,68,38,3,27.001,0.8916,0
delay_kv_all_1,69,39,0,26.769,0.8949,0
delay_kv_all_1,69,39,1,26.722,0.8936,0
delay_kv_all_1,69,39,2,27.160,0.8946,0
delay_kv_all_1,69,39,3,26.934,0.8884,0
