config,call,rel_call,frame,psnr,ssim,ssim_in,missing
repeat,0,-30,0,99.000,,,0
repeat,0,-30,1,99.000,,,0
repeat,0,-30,2,99.000,,,0
repeat,0,-30,3,99.000,,,0
repeat,1,-29,0,99.000,,,0
repeat,1,-29,1,99.000,,,0
repeat,1,-29,2,99.000,,,0
repeat,1,-29,3,99.000,,,0
repeat,2,-28,0,99.000,,,0
repeat,2,-28,1,99.000,,,0
repeat,2,-28,2,99.000,,,0
repeat,2,-28,3,99.000,,,0
repeat,3,-27,0,99.000,,,0
repeat,3,-27,1,99.000,,,0
repeat,3,-27,2,99.000,,,0
repeat,3,-27,3,99.000,,,0
repeat,4,-26,0,99.000,,,0
repeat,4,-26,1,99.000,,,0
repeat,4,-26,2,99.000,,,0
repeat,4,-26,3,99.000,,,0
repeat,5,-25,0,99.000,,,0
repeat,5,-25,1,99.000,,,0
repeat,5,-25,2,99.000,,,0
repeat,5,-25,3,99.000,,,0
repeat,6,-24,0,99.000,,,0
repeat,6,-24,1,99.000,,,0
repeat,6,-24,2,99.000,,,0
repeat,6,-24,3,99.000,,,0
repeat,7,-23,0,99.000,,,0
repeat,7,-23,1,99.000,,,0
repeat,7,-23,2,99.000,,,0
repeat,7,-23,3,99.000,,,0
repeat,8,-22,0,99.000,,,0
repeat,8,-22,1,99.000,,,0
repeat,8,-22,2,99.000,,,0
repeat,8,-22,3,99.000,,,0
repeat,9,-21,0,99.000,,,0
repeat,9,-21,1,99.000,,,0
repeat,9,-21,2,99.000,,,0
repeat,9,-21,3,99.000,,,0
repeat,10,-20,0,99.000,,,0
repeat,10,-20,1,99.000,,,0
repeat,10,-20,2,99.000,,,0
repeat,10,-20,3,99.000,,,0
repeat,11,-19,0,99.000,,,0
repeat,11,-19,1,99.000,,,0
repeat,11,-19,2,99.000,,,0
repeat,11,-19,3,99.000,,,0
repeat,12,-18,0,99.000,,,0
repeat,12,-18,1,99.000,,,0
repeat,12,-18,2,99.000,,,0
repeat,12,-18,3,99.000,,,0
repeat,13,-17,0,99.000,,,0
repeat,13,-17,1,99.000,,,0
repeat,13,-17,2,99.000,,,0
repeat,13,-17,3,99.000,,,0
repeat,14,-16,0,99.000,,,0
repeat,14,-16,1,99.000,,,0
repeat,14,-16,2,99.000,,,0
repeat,14,-16,3,99.000,,,0
repeat,15,-15,0,99.000,,,0
repeat,15,-15,1,99.000,,,0
repeat,15,-15,2,99.000,,,0
repeat,15,-15,3,99.000,,,0
repeat,16,-14,0,99.000,,,0
repeat,16,-14,1,99.000,,,0
repeat,16,-14,2,99.000,,,0
repeat,16,-14,3,99.000,,,0
repeat,17,-13,0,99.000,,,0
repeat,17,-13,1,99.000,,,0
repeat,17,-13,2,99.000,,,0
repeat,17,-13,3,99.000,,,0
repeat,18,-12,0,99.000,,,0
repeat,18,-12,1,99.000,,,0
repeat,18,-12,2,99.000,,,0
repeat,18,-12,3,99.000,,,0
repeat,19,-11,0,99.000,,,0
repeat,19,-11,1,99.000,,,0
repeat,19,-11,2,99.000,,,0
repeat,19,-11,3,99.000,,,0
repeat,20,-10,0,99.000,,,0
repeat,20,-10,1,99.000,,,0
repeat,20,-10,2,99.000,,,0
repeat,20,-10,3,99.000,,,0
repeat,21,-9,0,99.000,,,0
repeat,21,-9,1,99.000,,,0
repeat,21,-9,2,99.000,,,0
repeat,21,-9,3,99.000,,,0
repeat,22,-8,0,99.000,,,0
repeat,22,-8,1,99.000,,,0
repeat,22,-8,2,99.000,,,0
repeat,22,-8,3,99.000,,,0
repeat,23,-7,0,99.000,,,0
repeat,23,-7,1,99.000,,,0
repeat,23,-7,2,99.000,,,0
repeat,23,-7,3,99.000,,,0
repeat,24,-6,0,99.000,,,0
repeat,24,-6,1,99.000,,,0
repeat,24,-6,2,99.000,,,0
repeat,24,-6,3,99.000,,,0
repeat,25,-5,0,99.000,,,0
repeat,25,-5,1,99.000,,,0
repeat,25,-5,2,99.000,,,0
repeat,25,-5,3,99.000,,,0
repeat,26,-4,0,99.000,,,0
repeat,26,-4,1,99.000,,,0
repeat,26,-4,2,99.000,,,0
repeat,26,-4,3,99.000,,,0
repeat,27,-3,0,99.000,,,0
repeat,27,-3,1,99.000,,,0
repeat,27,-3,2,99.000,,,0
repeat,27,-3,3,99.000,,,0
repeat,28,-2,0,99.000,,,0
repeat,28,-2,1,99.000,,,0
repeat,28,-2,2,99.000,,,0
repeat,28,-2,3,99.000,,,0
repeat,29,-1,0,99.000,,,0
repeat,29,-1,1,99.000,,,0
repeat,29,-1,2,99.000,,,0
repeat,29,-1,3,99.000,,,0
repeat,30,0,0,99.000,1.0000,0.7725,0
repeat,30,0,1,99.000,1.0000,0.8012,0
repeat,30,0,2,99.000,1.0000,0.7815,0
repeat,30,0,3,99.000,1.0000,0.7727,0
repeat,31,1,0,99.000,1.0000,0.7733,0
repeat,31,1,1,99.000,1.0000,0.7828,0
repeat,31,1,2,99.000,1.0000,0.7703,0
repeat,31,1,3,99.000,1.0000,0.7666,0
repeat,32,2,0,99.000,1.0000,0.7748,0
repeat,32,2,1,99.000,1.0000,0.7752,0
repeat,32,2,2,99.000,1.0000,0.7735,0
repeat,32,2,3,99.000,1.0000,0.7699,0
repeat,33,3,0,99.000,1.0000,0.7712,0
repeat,33,3,1,99.000,1.0000,0.7708,0
repeat,33,3,2,99.000,1.0000,0.7719,0
repeat,33,3,3,99.000,1.0000,0.7695,0
repeat,34,4,0,99.000,1.0000,0.7670,0
repeat,34,4,1,99.000,1.0000,0.7798,0
repeat,34,4,2,99.000,1.0000,0.7779,0
repeat,34,4,3,99.000,1.0000,0.7729,0
repeat,35,5,0,99.000,1.0000,0.7791,0
repeat,35,5,1,99.000,1.0000,0.7814,0
repeat,35,5,2,99.000,1.0000,0.7818,0
repeat,35,5,3,99.000,1.0000,0.7789,0
repeat,36,6,0,99.000,1.0000,0.7843,0
repeat,36,6,1,99.000,1.0000,0.7852,0
repeat,36,6,2,99.000,1.0000,0.7853,0
repeat,36,6,3,99.000,1.0000,0.7829,0
repeat,37,7,0,99.000,1.0000,0.7867,0
repeat,37,7,1,99.000,1.0000,0.7831,0
repeat,37,7,2,99.000,1.0000,0.7840,0
repeat,37,7,3,99.000,1.0000,0.7744,0
repeat,38,8,0,99.000,1.0000,0.7804,0
repeat,38,8,1,99.000,1.0000,0.7749,0
repeat,38,8,2,99.000,1.0000,0.7729,0
repeat,38,8,3,99.000,1.0000,0.7592,0
repeat,39,9,0,99.000,1.0000,0.7629,0
repeat,39,9,1,99.000,1.0000,0.7631,0
repeat,39,9,2,99.000,1.0000,0.7622,0
repeat,39,9,3,99.000,1.0000,0.7592,0
repeat,40,10,0,99.000,1.0000,0.7656,0
repeat,40,10,1,99.000,1.0000,0.7702,0
repeat,40,10,2,99.000,1.0000,0.7724,0
repeat,40,10,3,99.000,1.0000,0.7610,0
repeat,41,11,0,99.000,1.0000,0.7757,0
repeat,41,11,1,99.000,1.0000,0.7787,0
repeat,41,11,2,99.000,1.0000,0.7781,0
repeat,41,11,3,99.000,1.0000,0.7724,0
repeat,42,12,0,99.000,1.0000,0.7815,0
repeat,42,12,1,99.000,1.0000,0.7796,0
repeat,42,12,2,99.000,1.0000,0.7772,0
repeat,42,12,3,99.000,1.0000,0.7685,0
repeat,43,13,0,99.000,1.0000,0.7724,0
repeat,43,13,1,99.000,1.0000,0.7703,0
repeat,43,13,2,99.000,1.0000,0.7617,0
repeat,43,13,3,99.000,1.0000,0.7446,0
repeat,44,14,0,99.000,1.0000,0.7577,0
repeat,44,14,1,99.000,1.0000,0.7589,0
repeat,44,14,2,99.000,1.0000,0.7567,0
repeat,44,14,3,99.000,1.0000,0.7494,0
repeat,45,15,0,99.000,1.0000,0.7614,0
repeat,45,15,1,99.000,1.0000,0.7624,0
repeat,45,15,2,99.000,1.0000,0.7585,0
repeat,45,15,3,99.000,1.0000,0.7551,0
repeat,46,16,0,99.000,1.0000,0.7647,0
repeat,46,16,1,99.000,1.0000,0.7672,0
repeat,46,16,2,99.000,1.0000,0.7673,0
repeat,46,16,3,99.000,1.0000,0.7644,0
repeat,47,17,0,99.000,1.0000,0.7686,0
repeat,47,17,1,99.000,1.0000,0.7701,0
repeat,47,17,2,99.000,1.0000,0.7703,0
repeat,47,17,3,99.000,1.0000,0.7690,0
repeat,48,18,0,99.000,1.0000,0.7733,0
repeat,48,18,1,99.000,1.0000,0.7736,0
repeat,48,18,2,99.000,1.0000,0.7711,0
repeat,48,18,3,99.000,1.0000,0.7677,0
repeat,49,19,0,99.000,1.0000,0.7625,0
repeat,49,19,1,99.000,1.0000,0.7690,0
repeat,49,19,2,99.000,1.0000,0.7624,0
repeat,49,19,3,99.000,1.0000,0.7569,0
repeat,50,20,0,99.000,1.0000,0.7615,0
repeat,50,20,1,99.000,1.0000,0.7672,0
repeat,50,20,2,99.000,1.0000,0.7631,0
repeat,50,20,3,99.000,1.0000,0.7610,0
repeat,51,21,0,99.000,1.0000,0.7649,0
repeat,51,21,1,99.000,1.0000,0.7672,0
repeat,51,21,2,99.000,1.0000,0.7667,0
repeat,51,21,3,99.000,1.0000,0.7646,0
repeat,52,22,0,99.000,1.0000,0.7693,0
repeat,52,22,1,99.000,1.0000,0.7679,0
repeat,52,22,2,99.000,1.0000,0.7648,0
repeat,52,22,3,99.000,1.0000,0.7631,0
repeat,53,23,0,99.000,1.0000,0.7679,0
repeat,53,23,1,99.000,1.0000,0.7695,0
repeat,53,23,2,99.000,1.0000,0.7682,0
repeat,53,23,3,99.000,1.0000,0.7685,0
repeat,54,24,0,99.000,1.0000,0.7609,0
repeat,54,24,1,99.000,1.0000,0.7703,0
repeat,54,24,2,99.000,1.0000,0.7627,0
repeat,54,24,3,99.000,1.0000,0.7586,0
repeat,55,25,0,99.000,1.0000,0.7652,0
repeat,55,25,1,99.000,1.0000,0.7686,0
repeat,55,25,2,99.000,1.0000,0.7668,0
repeat,55,25,3,99.000,1.0000,0.7627,0
repeat,56,26,0,99.000,1.0000,0.7638,0
repeat,56,26,1,99.000,1.0000,0.7700,0
repeat,56,26,2,99.000,1.0000,0.7645,0
repeat,56,26,3,99.000,1.0000,0.7566,0
repeat,57,27,0,99.000,1.0000,0.7558,0
repeat,57,27,1,99.000,1.0000,0.7694,0
repeat,57,27,2,99.000,1.0000,0.7680,0
repeat,57,27,3,99.000,1.0000,0.7587,0
repeat,58,28,0,99.000,1.0000,0.7570,0
repeat,58,28,1,99.000,1.0000,0.7696,0
repeat,58,28,2,99.000,1.0000,0.7648,0
repeat,58,28,3,99.000,1.0000,0.7621,0
repeat,59,29,0,99.000,1.0000,0.7684,0
repeat,59,29,1,99.000,1.0000,0.7701,0
repeat,59,29,2,99.000,1.0000,0.7682,0
repeat,59,29,3,99.000,1.0000,0.7666,0
repeat,60,30,0,99.000,1.0000,0.7730,0
repeat,60,30,1,99.000,1.0000,0.7739,0
repeat,60,30,2,99.000,1.0000,0.7766,0
repeat,60,30,3,99.000,1.0000,0.7714,0
repeat,61,31,0,99.000,1.0000,0.7802,0
repeat,61,31,1,99.000,1.0000,0.7808,0
repeat,61,31,2,99.000,1.0000,0.7816,0
repeat,61,31,3,99.000,1.0000,0.7814,0
repeat,62,32,0,99.000,1.0000,0.7790,0
repeat,62,32,1,99.000,1.0000,0.7608,0
repeat,62,32,2,99.000,1.0000,0.7645,0
repeat,62,32,3,99.000,1.0000,0.7647,0
repeat,63,33,0,99.000,1.0000,0.7751,0
repeat,63,33,1,99.000,1.0000,0.7773,0
repeat,63,33,2,99.000,1.0000,0.7788,0
repeat,63,33,3,99.000,1.0000,0.7740,0
repeat,64,34,0,99.000,1.0000,0.7768,0
repeat,64,34,1,99.000,1.0000,0.7794,0
repeat,64,34,2,99.000,1.0000,0.7774,0
repeat,64,34,3,99.000,1.0000,0.7718,0
repeat,65,35,0,99.000,1.0000,0.7786,0
repeat,65,35,1,99.000,1.0000,0.7846,0
repeat,65,35,2,99.000,1.0000,0.7852,0
repeat,65,35,3,99.000,1.0000,0.7784,0
repeat,66,36,0,99.000,1.0000,0.7848,0
repeat,66,36,1,99.000,1.0000,0.7845,0
repeat,66,36,2,99.000,1.0000,0.7879,0
repeat,66,36,3,99.000,1.0000,0.7850,0
repeat,67,37,0,99.000,1.0000,0.7884,0
repeat,67,37,1,99.000,1.0000,0.7936,0
repeat,67,37,2,99.000,1.0000,0.7929,0
repeat,67,37,3,99.000,1.0000,0.7904,0
repeat,68,38,0,99.000,1.0000,0.7943,0
repeat,68,38,1,99.000,1.0000,0.7904,0
repeat,68,38,2,99.000,1.0000,0.7900,0
repeat,68,38,3,99.000,1.0000,0.7867,0
repeat,69,39,0,99.000,1.0000,0.7831,0
repeat,69,39,1,99.000,1.0000,0.7817,0
repeat,69,39,2,99.000,1.0000,0.7850,0
repeat,69,39,3,99.000,1.0000,0.7854,0
xfer_sink+meta+inflight,0,-30,0,99.000,,,0
xfer_sink+meta+inflight,0,-30,1,99.000,,,0
xfer_sink+meta+inflight,0,-30,2,99.000,,,0
xfer_sink+meta+inflight,0,-30,3,99.000,,,0
xfer_sink+meta+inflight,1,-29,0,99.000,,,0
xfer_sink+meta+inflight,1,-29,1,99.000,,,0
xfer_sink+meta+inflight,1,-29,2,99.000,,,0
xfer_sink+meta+inflight,1,-29,3,99.000,,,0
xfer_sink+meta+inflight,2,-28,0,99.000,,,0
xfer_sink+meta+inflight,2,-28,1,99.000,,,0
xfer_sink+meta+inflight,2,-28,2,99.000,,,0
xfer_sink+meta+inflight,2,-28,3,99.000,,,0
xfer_sink+meta+inflight,3,-27,0,99.000,,,0
xfer_sink+meta+inflight,3,-27,1,99.000,,,0
xfer_sink+meta+inflight,3,-27,2,99.000,,,0
xfer_sink+meta+inflight,3,-27,3,99.000,,,0
xfer_sink+meta+inflight,4,-26,0,99.000,,,0
xfer_sink+meta+inflight,4,-26,1,99.000,,,0
xfer_sink+meta+inflight,4,-26,2,99.000,,,0
xfer_sink+meta+inflight,4,-26,3,99.000,,,0
xfer_sink+meta+inflight,5,-25,0,99.000,,,0
xfer_sink+meta+inflight,5,-25,1,99.000,,,0
xfer_sink+meta+inflight,5,-25,2,99.000,,,0
xfer_sink+meta+inflight,5,-25,3,99.000,,,0
xfer_sink+meta+inflight,6,-24,0,99.000,,,0
xfer_sink+meta+inflight,6,-24,1,99.000,,,0
xfer_sink+meta+inflight,6,-24,2,99.000,,,0
xfer_sink+meta+inflight,6,-24,3,99.000,,,0
xfer_sink+meta+inflight,7,-23,0,99.000,,,0
xfer_sink+meta+inflight,7,-23,1,99.000,,,0
xfer_sink+meta+inflight,7,-23,2,99.000,,,0
xfer_sink+meta+inflight,7,-23,3,99.000,,,0
xfer_sink+meta+inflight,8,-22,0,99.000,,,0
xfer_sink+meta+inflight,8,-22,1,99.000,,,0
xfer_sink+meta+inflight,8,-22,2,99.000,,,0
xfer_sink+meta+inflight,8,-22,3,99.000,,,0
xfer_sink+meta+inflight,9,-21,0,99.000,,,0
xfer_sink+meta+inflight,9,-21,1,99.000,,,0
xfer_sink+meta+inflight,9,-21,2,99.000,,,0
xfer_sink+meta+inflight,9,-21,3,99.000,,,0
xfer_sink+meta+inflight,10,-20,0,99.000,,,0
xfer_sink+meta+inflight,10,-20,1,99.000,,,0
xfer_sink+meta+inflight,10,-20,2,99.000,,,0
xfer_sink+meta+inflight,10,-20,3,99.000,,,0
xfer_sink+meta+inflight,11,-19,0,99.000,,,0
xfer_sink+meta+inflight,11,-19,1,99.000,,,0
xfer_sink+meta+inflight,11,-19,2,99.000,,,0
xfer_sink+meta+inflight,11,-19,3,99.000,,,0
xfer_sink+meta+inflight,12,-18,0,99.000,,,0
xfer_sink+meta+inflight,12,-18,1,99.000,,,0
xfer_sink+meta+inflight,12,-18,2,99.000,,,0
xfer_sink+meta+inflight,12,-18,3,99.000,,,0
xfer_sink+meta+inflight,13,-17,0,99.000,,,0
xfer_sink+meta+inflight,13,-17,1,99.000,,,0
xfer_sink+meta+inflight,13,-17,2,99.000,,,0
xfer_sink+meta+inflight,13,-17,3,99.000,,,0
xfer_sink+meta+inflight,14,-16,0,99.000,,,0
xfer_sink+meta+inflight,14,-16,1,99.000,,,0
xfer_sink+meta+inflight,14,-16,2,99.000,,,0
xfer_sink+meta+inflight,14,-16,3,99.000,,,0
xfer_sink+meta+inflight,15,-15,0,99.000,,,0
xfer_sink+meta+inflight,15,-15,1,99.000,,,0
xfer_sink+meta+inflight,15,-15,2,99.000,,,0
xfer_sink+meta+inflight,15,-15,3,99.000,,,0
xfer_sink+meta+inflight,16,-14,0,99.000,,,0
xfer_sink+meta+inflight,16,-14,1,99.000,,,0
xfer_sink+meta+inflight,16,-14,2,99.000,,,0
xfer_sink+meta+inflight,16,-14,3,99.000,,,0
xfer_sink+meta+inflight,17,-13,0,99.000,,,0
xfer_sink+meta+inflight,17,-13,1,99.000,,,0
xfer_sink+meta+inflight,17,-13,2,99.000,,,0
xfer_sink+meta+inflight,17,-13,3,99.000,,,0
xfer_sink+meta+inflight,18,-12,0,99.000,,,0
xfer_sink+meta+inflight,18,-12,1,99.000,,,0
xfer_sink+meta+inflight,18,-12,2,99.000,,,0
xfer_sink+meta+inflight,18,-12,3,99.000,,,0
xfer_sink+meta+inflight,19,-11,0,99.000,,,0
xfer_sink+meta+inflight,19,-11,1,99.000,,,0
xfer_sink+meta+inflight,19,-11,2,99.000,,,0
xfer_sink+meta+inflight,19,-11,3,99.000,,,0
xfer_sink+meta+inflight,20,-10,0,99.000,,,0
xfer_sink+meta+inflight,20,-10,1,99.000,,,0
xfer_sink+meta+inflight,20,-10,2,99.000,,,0
xfer_sink+meta+inflight,20,-10,3,99.000,,,0
xfer_sink+meta+inflight,21,-9,0,99.000,,,0
xfer_sink+meta+inflight,21,-9,1,99.000,,,0
xfer_sink+meta+inflight,21,-9,2,99.000,,,0
xfer_sink+meta+inflight,21,-9,3,99.000,,,0
xfer_sink+meta+inflight,22,-8,0,99.000,,,0
xfer_sink+meta+inflight,22,-8,1,99.000,,,0
xfer_sink+meta+inflight,22,-8,2,99.000,,,0
xfer_sink+meta+inflight,22,-8,3,99.000,,,0
xfer_sink+meta+inflight,23,-7,0,99.000,,,0
xfer_sink+meta+inflight,23,-7,1,99.000,,,0
xfer_sink+meta+inflight,23,-7,2,99.000,,,0
xfer_sink+meta+inflight,23,-7,3,99.000,,,0
xfer_sink+meta+inflight,24,-6,0,99.000,,,0
xfer_sink+meta+inflight,24,-6,1,99.000,,,0
xfer_sink+meta+inflight,24,-6,2,99.000,,,0
xfer_sink+meta+inflight,24,-6,3,99.000,,,0
xfer_sink+meta+inflight,25,-5,0,99.000,,,0
xfer_sink+meta+inflight,25,-5,1,99.000,,,0
xfer_sink+meta+inflight,25,-5,2,99.000,,,0
xfer_sink+meta+inflight,25,-5,3,99.000,,,0
xfer_sink+meta+inflight,26,-4,0,99.000,,,0
xfer_sink+meta+inflight,26,-4,1,99.000,,,0
xfer_sink+meta+inflight,26,-4,2,99.000,,,0
xfer_sink+meta+inflight,26,-4,3,99.000,,,0
xfer_sink+meta+inflight,27,-3,0,99.000,,,0
xfer_sink+meta+inflight,27,-3,1,99.000,,,0
xfer_sink+meta+inflight,27,-3,2,99.000,,,0
xfer_sink+meta+inflight,27,-3,3,99.000,,,0
xfer_sink+meta+inflight,28,-2,0,99.000,,,0
xfer_sink+meta+inflight,28,-2,1,99.000,,,0
xfer_sink+meta+inflight,28,-2,2,99.000,,,0
xfer_sink+meta+inflight,28,-2,3,99.000,,,0
xfer_sink+meta+inflight,29,-1,0,99.000,,,0
xfer_sink+meta+inflight,29,-1,1,99.000,,,0
xfer_sink+meta+inflight,29,-1,2,99.000,,,0
xfer_sink+meta+inflight,29,-1,3,99.000,,,0
xfer_sink+meta+inflight,30,0,0,16.150,0.7657,0.6922,0
xfer_sink+meta+inflight,30,0,1,18.122,0.8265,0.7224,0
xfer_sink+meta+inflight,30,0,2,17.878,0.8167,0.7102,0
xfer_sink+meta+inflight,30,0,3,18.577,0.8259,0.7226,0
xfer_sink+meta+inflight,31,1,0,20.728,0.8655,0.7472,0
xfer_sink+meta+inflight,31,1,1,22.779,0.8869,0.7643,0
xfer_sink+meta+inflight,31,1,2,22.577,0.8883,0.7517,0
xfer_sink+meta+inflight,31,1,3,22.393,0.8823,0.7461,0
xfer_sink+meta+inflight,32,2,0,23.690,0.8965,0.7580,0
xfer_sink+meta+inflight,32,2,1,24.517,0.9139,0.7624,0
xfer_sink+meta+inflight,32,2,2,24.551,0.9168,0.7628,0
xfer_sink+meta+inflight,32,2,3,24.464,0.9157,0.7595,0
xfer_sink+meta+inflight,33,3,0,25.227,0.9222,0.7618,0
xfer_sink+meta+inflight,33,3,1,25.671,0.9245,0.7640,0
xfer_sink+meta+inflight,33,3,2,26.122,0.9313,0.7673,0
xfer_sink+meta+inflight,33,3,3,26.144,0.9294,0.7640,0
xfer_sink+meta+inflight,34,4,0,27.077,0.9349,0.7630,0
xfer_sink+meta+inflight,34,4,1,29.514,0.9501,0.7781,0
xfer_sink+meta+inflight,34,4,2,29.515,0.9534,0.7748,0
xfer_sink+meta+inflight,34,4,3,29.462,0.9523,0.7697,0
xfer_sink+meta+inflight,35,5,0,31.499,0.9664,0.7771,0
xfer_sink+meta+inflight,35,5,1,32.162,0.9706,0.7794,0
xfer_sink+meta+inflight,35,5,2,32.528,0.9728,0.7802,0
xfer_sink+meta+inflight,35,5,3,32.517,0.9731,0.7772,0
xfer_sink+meta+inflight,36,6,0,33.572,0.9757,0.7839,0
xfer_sink+meta+inflight,36,6,1,33.881,0.9770,0.7848,0
xfer_sink+meta+inflight,36,6,2,33.786,0.9769,0.7841,0
xfer_sink+meta+inflight,36,6,3,33.679,0.9766,0.7815,0
xfer_sink+meta+inflight,37,7,0,34.707,0.9812,0.7860,0
xfer_sink+meta+inflight,37,7,1,35.180,0.9839,0.7820,0
xfer_sink+meta+inflight,37,7,2,36.672,0.9876,0.7842,0
xfer_sink+meta+inflight,37,7,3,36.478,0.9870,0.7749,0
xfer_sink+meta+inflight,38,8,0,37.405,0.9883,0.7811,0
xfer_sink+meta+inflight,38,8,1,39.204,0.9916,0.7757,0
xfer_sink+meta+inflight,38,8,2,39.097,0.9920,0.7730,0
xfer_sink+meta+inflight,38,8,3,39.087,0.9918,0.7592,0
xfer_sink+meta+inflight,39,9,0,39.647,0.9924,0.7631,0
xfer_sink+meta+inflight,39,9,1,40.899,0.9938,0.7630,0
xfer_sink+meta+inflight,39,9,2,40.684,0.9939,0.7621,0
xfer_sink+meta+inflight,39,9,3,40.601,0.9939,0.7590,0
xfer_sink+meta+inflight,40,10,0,41.178,0.9943,0.7656,0
xfer_sink+meta+inflight,40,10,1,41.380,0.9944,0.7698,0
xfer_sink+meta+inflight,40,10,2,41.595,0.9948,0.7718,0
xfer_sink+meta+inflight,40,10,3,41.372,0.9947,0.7604,0
xfer_sink+meta+inflight,41,11,0,43.069,0.9956,0.7755,0
xfer_sink+meta+inflight,41,11,1,43.410,0.9959,0.7782,0
xfer_sink+meta+inflight,41,11,2,43.403,0.9959,0.7776,0
xfer_sink+meta+inflight,41,11,3,43.245,0.9958,0.7719,0
xfer_sink+meta+inflight,42,12,0,44.557,0.9964,0.7814,0
xfer_sink+meta+inflight,42,12,1,45.241,0.9968,0.7793,0
xfer_sink+meta+inflight,42,12,2,44.961,0.9968,0.7770,0
xfer_sink+meta+inflight,42,12,3,44.991,0.9968,0.7682,0
xfer_sink+meta+inflight,43,13,0,45.178,0.9970,0.7720,0
xfer_sink+meta+inflight,43,13,1,45.213,0.9969,0.7701,0
xfer_sink+meta+inflight,43,13,2,45.296,0.9970,0.7615,0
xfer_sink+meta+inflight,43,13,3,45.151,0.9969,0.7445,0
xfer_sink+meta+inflight,44,14,0,46.368,0.9973,0.7577,0
xfer_sink+meta+inflight,44,14,1,46.822,0.9974,0.7590,0
xfer_sink+meta+inflight,44,14,2,46.664,0.9974,0.7568,0
xfer_sink+meta+inflight,44,14,3,46.507,0.9973,0.7496,0
xfer_sink+meta+inflight,45,15,0,47.310,0.9976,0.7616,0
xfer_sink+meta+inflight,45,15,1,46.924,0.9976,0.7625,0
xfer_sink+meta+inflight,45,15,2,46.829,0.9975,0.7585,0
xfer_sink+meta+inflight,45,15,3,46.323,0.9974,0.7551,0
xfer_sink+meta+inflight,46,16,0,47.453,0.9977,0.7647,0
xfer_sink+meta+inflight,46,16,1,46.902,0.9976,0.7672,0
xfer_sink+meta+inflight,46,16,2,46.752,0.9975,0.7673,0
xfer_sink+meta+inflight,46,16,3,46.609,0.9974,0.7644,0
xfer_sink+meta+inflight,47,17,0,47.358,0.9977,0.7686,0
xfer_sink+meta+inflight,47,17,1,47.626,0.9977,0.7701,0
xfer_sink+meta+inflight,47,17,2,47.313,0.9976,0.7702,0
xfer_sink+meta+inflight,47,17,3,46.978,0.9976,0.7690,0
xfer_sink+meta+inflight,48,18,0,47.523,0.9977,0.7734,0
xfer_sink+meta+inflight,48,18,1,46.871,0.9976,0.7737,0
xfer_sink+meta+inflight,48,18,2,46.565,0.9975,0.7711,0
xfer_sink+meta+inflight,48,18,3,46.056,0.9974,0.7677,0
xfer_sink+meta+inflight,49,19,0,47.004,0.9976,0.7624,0
xfer_sink+meta+inflight,49,19,1,47.572,0.9977,0.7691,0
xfer_sink+meta+inflight,49,19,2,45.948,0.9972,0.7626,0
xfer_sink+meta+inflight,49,19,3,45.714,0.9972,0.7570,0
xfer_sink+meta+inflight,50,20,0,46.744,0.9976,0.7618,0
xfer_sink+meta+inflight,50,20,1,45.662,0.9976,0.7673,0
xfer_sink+meta+inflight,50,20,2,44.249,0.9973,0.7633,0
xfer_sink+meta+inflight,50,20,3,43.919,0.9971,0.7612,0
xfer_sink+meta+inflight,51,21,0,45.548,0.9975,0.7650,0
xfer_sink+meta+inflight,51,21,1,45.869,0.9976,0.7672,0
xfer_sink+meta+inflight,51,21,2,45.693,0.9975,0.7666,0
xfer_sink+meta+inflight,51,21,3,45.517,0.9975,0.7645,0
xfer_sink+meta+inflight,52,22,0,46.145,0.9977,0.7693,0
xfer_sink+meta+inflight,52,22,1,46.612,0.9977,0.7679,0
xfer_sink+meta+inflight,52,22,2,46.162,0.9976,0.7648,0
xfer_sink+meta+inflight,52,22,3,46.009,0.9975,0.7633,0
xfer_sink+meta+inflight,53,23,0,46.464,0.9977,0.7679,0
xfer_sink+meta+inflight,53,23,1,45.988,0.9975,0.7694,0
xfer_sink+meta+inflight,53,23,2,46.042,0.9975,0.7681,0
xfer_sink+meta+inflight,53,23,3,45.823,0.9974,0.7685,0
xfer_sink+meta+inflight,54,24,0,46.391,0.9976,0.7609,0
xfer_sink+meta+inflight,54,24,1,47.935,0.9977,0.7702,0
xfer_sink+meta+inflight,54,24,2,44.793,0.9971,0.7625,0
xfer_sink+meta+inflight,54,24,3,44.497,0.9971,0.7585,0
xfer_sink+meta+inflight,55,25,0,45.736,0.9974,0.7650,0
xfer_sink+meta+inflight,55,25,1,46.526,0.9976,0.7683,0
xfer_sink+meta+inflight,55,25,2,46.278,0.9976,0.7666,0
xfer_sink+meta+inflight,55,25,3,46.109,0.9975,0.7625,0
xfer_sink+meta+inflight,56,26,0,46.799,0.9978,0.7638,0
xfer_sink+meta+inflight,56,26,1,46.816,0.9978,0.7700,0
xfer_sink+meta+inflight,56,26,2,46.485,0.9977,0.7645,0
xfer_sink+meta+inflight,56,26,3,46.284,0.9977,0.7565,0
xfer_sink+meta+inflight,57,27,0,46.886,0.9979,0.7557,0
xfer_sink+meta+inflight,57,27,1,47.146,0.9978,0.7695,0
xfer_sink+meta+inflight,57,27,2,46.909,0.9978,0.7679,0
xfer_sink+meta+inflight,57,27,3,46.518,0.9977,0.7586,0
xfer_sink+meta+inflight,58,28,0,47.484,0.9979,0.7568,0
xfer_sink+meta+inflight,58,28,1,47.191,0.9978,0.7695,0
xfer_sink+meta+inflight,58,28,2,46.940,0.9977,0.7649,0
xfer_sink+meta+inflight,58,28,3,46.878,0.9977,0.7622,0
xfer_sink+meta+inflight,59,29,0,48.078,0.9979,0.7684,0
xfer_sink+meta+inflight,59,29,1,47.458,0.9978,0.7701,0
xfer_sink+meta+inflight,59,29,2,47.239,0.9977,0.7682,0
xfer_sink+meta+inflight,59,29,3,47.054,0.9976,0.7666,0
xfer_sink+meta+inflight,60,30,0,47.523,0.9979,0.7729,0
xfer_sink+meta+inflight,60,30,1,47.628,0.9979,0.7740,0
xfer_sink+meta+inflight,60,30,2,46.246,0.9977,0.7765,0
xfer_sink+meta+inflight,60,30,3,46.371,0.9977,0.7713,0
xfer_sink+meta+inflight,61,31,0,46.252,0.9976,0.7802,0
xfer_sink+meta+inflight,61,31,1,46.182,0.9975,0.7810,0
xfer_sink+meta+inflight,61,31,2,45.934,0.9974,0.7816,0
xfer_sink+meta+inflight,61,31,3,45.741,0.9974,0.7814,0
xfer_sink+meta+inflight,62,32,0,45.615,0.9973,0.7789,0
xfer_sink+meta+inflight,62,32,1,43.460,0.9969,0.7608,0
xfer_sink+meta+inflight,62,32,2,43.621,0.9970,0.7644,0
xfer_sink+meta+inflight,62,32,3,43.414,0.9970,0.7648,0
xfer_sink+meta+inflight,63,33,0,44.913,0.9975,0.7751,0
xfer_sink+meta+inflight,63,33,1,45.932,0.9977,0.7773,0
xfer_sink+meta+inflight,63,33,2,46.139,0.9977,0.7787,0
xfer_sink+meta+inflight,63,33,3,46.018,0.9977,0.7740,0
xfer_sink+meta+inflight,64,34,0,46.259,0.9978,0.7767,0
xfer_sink+meta+inflight,64,34,1,46.256,0.9978,0.7795,0
xfer_sink+meta+inflight,64,34,2,45.752,0.9978,0.7775,0
xfer_sink+meta+inflight,64,34,3,45.383,0.9977,0.7719,0
xfer_sink+meta+inflight,65,35,0,46.471,0.9979,0.7786,0
xfer_sink+meta+inflight,65,35,1,46.713,0.9979,0.7846,0
xfer_sink+meta+inflight,65,35,2,46.670,0.9979,0.7853,0
xfer_sink+meta+inflight,65,35,3,46.558,0.9978,0.7784,0
xfer_sink+meta+inflight,66,36,0,47.393,0.9981,0.7848,0
xfer_sink+meta+inflight,66,36,1,47.313,0.9980,0.7846,0
xfer_sink+meta+inflight,66,36,2,46.975,0.9980,0.7880,0
xfer_sink+meta+inflight,66,36,3,46.672,0.9979,0.7851,0
xfer_sink+meta+inflight,67,37,0,47.206,0.9981,0.7885,0
xfer_sink+meta+inflight,67,37,1,48.259,0.9981,0.7937,0
xfer_sink+meta+inflight,67,37,2,46.661,0.9978,0.7929,0
xfer_sink+meta+inflight,67,37,3,46.392,0.9977,0.7903,0
xfer_sink+meta+inflight,68,38,0,47.282,0.9980,0.7944,0
xfer_sink+meta+inflight,68,38,1,47.612,0.9981,0.7903,0
xfer_sink+meta+inflight,68,38,2,46.908,0.9980,0.7901,0
xfer_sink+meta+inflight,68,38,3,46.837,0.9979,0.7868,0
xfer_sink+meta+inflight,69,39,0,47.907,0.9981,0.7831,0
xfer_sink+meta+inflight,69,39,1,47.912,0.9982,0.7817,0
xfer_sink+meta+inflight,69,39,2,47.591,0.9981,0.7849,0
xfer_sink+meta+inflight,69,39,3,47.438,0.9980,0.7854,0
xfer_sink+meta,0,-30,0,99.000,,,0
xfer_sink+meta,0,-30,1,99.000,,,0
xfer_sink+meta,0,-30,2,99.000,,,0
xfer_sink+meta,0,-30,3,99.000,,,0
xfer_sink+meta,1,-29,0,99.000,,,0
xfer_sink+meta,1,-29,1,99.000,,,0
xfer_sink+meta,1,-29,2,99.000,,,0
xfer_sink+meta,1,-29,3,99.000,,,0
xfer_sink+meta,2,-28,0,99.000,,,0
xfer_sink+meta,2,-28,1,99.000,,,0
xfer_sink+meta,2,-28,2,99.000,,,0
xfer_sink+meta,2,-28,3,99.000,,,0
xfer_sink+meta,3,-27,0,99.000,,,0
xfer_sink+meta,3,-27,1,99.000,,,0
xfer_sink+meta,3,-27,2,99.000,,,0
xfer_sink+meta,3,-27,3,99.000,,,0
xfer_sink+meta,4,-26,0,99.000,,,0
xfer_sink+meta,4,-26,1,99.000,,,0
xfer_sink+meta,4,-26,2,99.000,,,0
xfer_sink+meta,4,-26,3,99.000,,,0
xfer_sink+meta,5,-25,0,99.000,,,0
xfer_sink+meta,5,-25,1,99.000,,,0
xfer_sink+meta,5,-25,2,99.000,,,0
xfer_sink+meta,5,-25,3,99.000,,,0
xfer_sink+meta,6,-24,0,99.000,,,0
xfer_sink+meta,6,-24,1,99.000,,,0
xfer_sink+meta,6,-24,2,99.000,,,0
xfer_sink+meta,6,-24,3,99.000,,,0
xfer_sink+meta,7,-23,0,99.000,,,0
xfer_sink+meta,7,-23,1,99.000,,,0
xfer_sink+meta,7,-23,2,99.000,,,0
xfer_sink+meta,7,-23,3,99.000,,,0
xfer_sink+meta,8,-22,0,99.000,,,0
xfer_sink+meta,8,-22,1,99.000,,,0
xfer_sink+meta,8,-22,2,99.000,,,0
xfer_sink+meta,8,-22,3,99.000,,,0
xfer_sink+meta,9,-21,0,99.000,,,0
xfer_sink+meta,9,-21,1,99.000,,,0
xfer_sink+meta,9,-21,2,99.000,,,0
xfer_sink+meta,9,-21,3,99.000,,,0
xfer_sink+meta,10,-20,0,99.000,,,0
xfer_sink+meta,10,-20,1,99.000,,,0
xfer_sink+meta,10,-20,2,99.000,,,0
xfer_sink+meta,10,-20,3,99.000,,,0
xfer_sink+meta,11,-19,0,99.000,,,0
xfer_sink+meta,11,-19,1,99.000,,,0
xfer_sink+meta,11,-19,2,99.000,,,0
xfer_sink+meta,11,-19,3,99.000,,,0
xfer_sink+meta,12,-18,0,99.000,,,0
xfer_sink+meta,12,-18,1,99.000,,,0
xfer_sink+meta,12,-18,2,99.000,,,0
xfer_sink+meta,12,-18,3,99.000,,,0
xfer_sink+meta,13,-17,0,99.000,,,0
xfer_sink+meta,13,-17,1,99.000,,,0
xfer_sink+meta,13,-17,2,99.000,,,0
xfer_sink+meta,13,-17,3,99.000,,,0
xfer_sink+meta,14,-16,0,99.000,,,0
xfer_sink+meta,14,-16,1,99.000,,,0
xfer_sink+meta,14,-16,2,99.000,,,0
xfer_sink+meta,14,-16,3,99.000,,,0
xfer_sink+meta,15,-15,0,99.000,,,0
xfer_sink+meta,15,-15,1,99.000,,,0
xfer_sink+meta,15,-15,2,99.000,,,0
xfer_sink+meta,15,-15,3,99.000,,,0
xfer_sink+meta,16,-14,0,99.000,,,0
xfer_sink+meta,16,-14,1,99.000,,,0
xfer_sink+meta,16,-14,2,99.000,,,0
xfer_sink+meta,16,-14,3,99.000,,,0
xfer_sink+meta,17,-13,0,99.000,,,0
xfer_sink+meta,17,-13,1,99.000,,,0
xfer_sink+meta,17,-13,2,99.000,,,0
xfer_sink+meta,17,-13,3,99.000,,,0
xfer_sink+meta,18,-12,0,99.000,,,0
xfer_sink+meta,18,-12,1,99.000,,,0
xfer_sink+meta,18,-12,2,99.000,,,0
xfer_sink+meta,18,-12,3,99.000,,,0
xfer_sink+meta,19,-11,0,99.000,,,0
xfer_sink+meta,19,-11,1,99.000,,,0
xfer_sink+meta,19,-11,2,99.000,,,0
xfer_sink+meta,19,-11,3,99.000,,,0
xfer_sink+meta,20,-10,0,99.000,,,0
xfer_sink+meta,20,-10,1,99.000,,,0
xfer_sink+meta,20,-10,2,99.000,,,0
xfer_sink+meta,20,-10,3,99.000,,,0
xfer_sink+meta,21,-9,0,99.000,,,0
xfer_sink+meta,21,-9,1,99.000,,,0
xfer_sink+meta,21,-9,2,99.000,,,0
xfer_sink+meta,21,-9,3,99.000,,,0
xfer_sink+meta,22,-8,0,99.000,,,0
xfer_sink+meta,22,-8,1,99.000,,,0
xfer_sink+meta,22,-8,2,99.000,,,0
xfer_sink+meta,22,-8,3,99.000,,,0
xfer_sink+meta,23,-7,0,99.000,,,0
xfer_sink+meta,23,-7,1,99.000,,,0
xfer_sink+meta,23,-7,2,99.000,,,0
xfer_sink+meta,23,-7,3,99.000,,,0
xfer_sink+meta,24,-6,0,99.000,,,0
xfer_sink+meta,24,-6,1,99.000,,,0
xfer_sink+meta,24,-6,2,99.000,,,0
xfer_sink+meta,24,-6,3,99.000,,,0
xfer_sink+meta,25,-5,0,99.000,,,0
xfer_sink+meta,25,-5,1,99.000,,,0
xfer_sink+meta,25,-5,2,99.000,,,0
xfer_sink+meta,25,-5,3,99.000,,,0
xfer_sink+meta,26,-4,0,99.000,,,0
xfer_sink+meta,26,-4,1,99.000,,,0
xfer_sink+meta,26,-4,2,99.000,,,0
xfer_sink+meta,26,-4,3,99.000,,,0
xfer_sink+meta,27,-3,0,99.000,,,0
xfer_sink+meta,27,-3,1,99.000,,,0
xfer_sink+meta,27,-3,2,99.000,,,0
xfer_sink+meta,27,-3,3,99.000,,,0
xfer_sink+meta,28,-2,0,99.000,,,0
xfer_sink+meta,28,-2,1,99.000,,,0
xfer_sink+meta,28,-2,2,99.000,,,0
xfer_sink+meta,28,-2,3,99.000,,,0
xfer_sink+meta,29,-1,0,99.000,,,0
xfer_sink+meta,29,-1,1,99.000,,,0
xfer_sink+meta,29,-1,2,99.000,,,0
xfer_sink+meta,29,-1,3,99.000,,,0
xfer_sink+meta,30,0,0,16.150,0.7657,0.6922,0
xfer_sink+meta,30,0,1,18.122,0.8265,0.7224,0
xfer_sink+meta,30,0,2,17.878,0.8167,0.7102,0
xfer_sink+meta,30,0,3,18.577,0.8259,0.7226,0
xfer_sink+meta,31,1,0,20.728,0.8655,0.7472,0
xfer_sink+meta,31,1,1,22.779,0.8869,0.7643,0
xfer_sink+meta,31,1,2,22.577,0.8883,0.7517,0
xfer_sink+meta,31,1,3,22.393,0.8823,0.7461,0
xfer_sink+meta,32,2,0,23.690,0.8965,0.7580,0
xfer_sink+meta,32,2,1,24.517,0.9139,0.7624,0
xfer_sink+meta,32,2,2,24.551,0.9168,0.7628,0
xfer_sink+meta,32,2,3,24.464,0.9157,0.7595,0
xfer_sink+meta,33,3,0,25.227,0.9222,0.7618,0
xfer_sink+meta,33,3,1,25.671,0.9245,0.7640,0
xfer_sink+meta,33,3,2,26.122,0.9313,0.7673,0
xfer_sink+meta,33,3,3,26.144,0.9294,0.7640,0
xfer_sink+meta,34,4,0,27.077,0.9349,0.7630,0
xfer_sink+meta,34,4,1,29.514,0.9501,0.7781,0
xfer_sink+meta,34,4,2,29.515,0.9534,0.7748,0
xfer_sink+meta,34,4,3,29.462,0.9523,0.7697,0
xfer_sink+meta,35,5,0,31.499,0.9664,0.7771,0
xfer_sink+meta,35,5,1,32.162,0.9706,0.7794,0
xfer_sink+meta,35,5,2,32.528,0.9728,0.7802,0
xfer_sink+meta,35,5,3,32.517,0.9731,0.7772,0
xfer_sink+meta,36,6,0,33.572,0.9757,0.7839,0
xfer_sink+meta,36,6,1,33.881,0.9770,0.7848,0
xfer_sink+meta,36,6,2,33.786,0.9769,0.7841,0
xfer_sink+meta,36,6,3,33.679,0.9766,0.7815,0
xfer_sink+meta,37,7,0,34.707,0.9812,0.7860,0
xfer_sink+meta,37,7,1,35.180,0.9839,0.7820,0
xfer_sink+meta,37,7,2,36.672,0.9876,0.7842,0
xfer_sink+meta,37,7,3,36.478,0.9870,0.7749,0
xfer_sink+meta,38,8,0,37.405,0.9883,0.7811,0
xfer_sink+meta,38,8,1,39.204,0.9916,0.7757,0
xfer_sink+meta,38,8,2,39.097,0.9920,0.7730,0
xfer_sink+meta,38,8,3,39.087,0.9918,0.7592,0
xfer_sink+meta,39,9,0,39.647,0.9924,0.7631,0
xfer_sink+meta,39,9,1,40.899,0.9938,0.7630,0
xfer_sink+meta,39,9,2,40.684,0.9939,0.7621,0
xfer_sink+meta,39,9,3,40.601,0.9939,0.7590,0
xfer_sink+meta,40,10,0,41.178,0.9943,0.7656,0
xfer_sink+meta,40,10,1,41.380,0.9944,0.7698,0
xfer_sink+meta,40,10,2,41.595,0.9948,0.7718,0
xfer_sink+meta,40,10,3,41.372,0.9947,0.7604,0
xfer_sink+meta,41,11,0,43.069,0.9956,0.7755,0
xfer_sink+meta,41,11,1,43.410,0.9959,0.7782,0
xfer_sink+meta,41,11,2,43.403,0.9959,0.7776,0
xfer_sink+meta,41,11,3,43.245,0.9958,0.7719,0
xfer_sink+meta,42,12,0,44.557,0.9964,0.7814,0
xfer_sink+meta,42,12,1,45.241,0.9968,0.7793,0
xfer_sink+meta,42,12,2,44.961,0.9968,0.7770,0
xfer_sink+meta,42,12,3,44.991,0.9968,0.7682,0
xfer_sink+meta,43,13,0,45.178,0.9970,0.7720,0
xfer_sink+meta,43,13,1,45.213,0.9969,0.7701,0
xfer_sink+meta,43,13,2,45.296,0.9970,0.7615,0
xfer_sink+meta,43,13,3,45.151,0.9969,0.7445,0
xfer_sink+meta,44,14,0,46.368,0.9973,0.7577,0
xfer_sink+meta,44,14,1,46.822,0.9974,0.7590,0
xfer_sink+meta,44,14,2,46.664,0.9974,0.7568,0
xfer_sink+meta,44,14,3,46.507,0.9973,0.7496,0
xfer_sink+meta,45,15,0,47.310,0.9976,0.7616,0
xfer_sink+meta,45,15,1,46.924,0.9976,0.7625,0
xfer_sink+meta,45,15,2,46.829,0.9975,0.7585,0
xfer_sink+meta,45,15,3,46.323,0.9974,0.7551,0
xfer_sink+meta,46,16,0,47.453,0.9977,0.7647,0
xfer_sink+meta,46,16,1,46.902,0.9976,0.7672,0
xfer_sink+meta,46,16,2,46.752,0.9975,0.7673,0
xfer_sink+meta,46,16,3,46.609,0.9974,0.7644,0
xfer_sink+meta,47,17,0,47.358,0.9977,0.7686,0
xfer_sink+meta,47,17,1,47.626,0.9977,0.7701,0
xfer_sink+meta,47,17,2,47.313,0.9976,0.7702,0
xfer_sink+meta,47,17,3,46.978,0.9976,0.7690,0
xfer_sink+meta,48,18,0,47.523,0.9977,0.7734,0
xfer_sink+meta,48,18,1,46.871,0.9976,0.7737,0
xfer_sink+meta,48,18,2,46.565,0.9975,0.7711,0
xfer_sink+meta,48,18,3,46.056,0.9974,0.7677,0
xfer_sink+meta,49,19,0,47.004,0.9976,0.7624,0
xfer_sink+meta,49,19,1,47.572,0.9977,0.7691,0
xfer_sink+meta,49,19,2,45.948,0.9972,0.7626,0
xfer_sink+meta,49,19,3,45.714,0.9972,0.7570,0
xfer_sink+meta,50,20,0,46.744,0.9976,0.7618,0
xfer_sink+meta,50,20,1,45.662,0.9976,0.7673,0
xfer_sink+meta,50,20,2,44.249,0.9973,0.7633,0
xfer_sink+meta,50,20,3,43.919,0.9971,0.7612,0
xfer_sink+meta,51,21,0,45.548,0.9975,0.7650,0
xfer_sink+meta,51,21,1,45.869,0.9976,0.7672,0
xfer_sink+meta,51,21,2,45.693,0.9975,0.7666,0
xfer_sink+meta,51,21,3,45.517,0.9975,0.7645,0
xfer_sink+meta,52,22,0,46.145,0.9977,0.7693,0
xfer_sink+meta,52,22,1,46.612,0.9977,0.7679,0
xfer_sink+meta,52,22,2,46.162,0.9976,0.7648,0
xfer_sink+meta,52,22,3,46.009,0.9975,0.7633,0
xfer_sink+meta,53,23,0,46.464,0.9977,0.7679,0
xfer_sink+meta,53,23,1,45.988,0.9975,0.7694,0
xfer_sink+meta,53,23,2,46.042,0.9975,0.7681,0
xfer_sink+meta,53,23,3,45.823,0.9974,0.7685,0
xfer_sink+meta,54,24,0,46.391,0.9976,0.7609,0
xfer_sink+meta,54,24,1,47.935,0.9977,0.7702,0
xfer_sink+meta,54,24,2,44.793,0.9971,0.7625,0
xfer_sink+meta,54,24,3,44.497,0.9971,0.7585,0
xfer_sink+meta,55,25,0,45.736,0.9974,0.7650,0
xfer_sink+meta,55,25,1,46.526,0.9976,0.7683,0
xfer_sink+meta,55,25,2,46.278,0.9976,0.7666,0
xfer_sink+meta,55,25,3,46.109,0.9975,0.7625,0
xfer_sink+meta,56,26,0,46.799,0.9978,0.7638,0
xfer_sink+meta,56,26,1,46.816,0.9978,0.7700,0
xfer_sink+meta,56,26,2,46.485,0.9977,0.7645,0
xfer_sink+meta,56,26,3,46.284,0.9977,0.7565,0
xfer_sink+meta,57,27,0,46.886,0.9979,0.7557,0
xfer_sink+meta,57,27,1,47.146,0.9978,0.7695,0
xfer_sink+meta,57,27,2,46.909,0.9978,0.7679,0
xfer_sink+meta,57,27,3,46.518,0.9977,0.7586,0
xfer_sink+meta,58,28,0,47.484,0.9979,0.7568,0
xfer_sink+meta,58,28,1,47.191,0.9978,0.7695,0
xfer_sink+meta,58,28,2,46.940,0.9977,0.7649,0
xfer_sink+meta,58,28,3,46.878,0.9977,0.7622,0
xfer_sink+meta,59,29,0,48.078,0.9979,0.7684,0
xfer_sink+meta,59,29,1,47.458,0.9978,0.7701,0
xfer_sink+meta,59,29,2,47.239,0.9977,0.7682,0
xfer_sink+meta,59,29,3,47.054,0.9976,0.7666,0
xfer_sink+meta,60,30,0,47.523,0.9979,0.7729,0
xfer_sink+meta,60,30,1,47.628,0.9979,0.7740,0
xfer_sink+meta,60,30,2,46.246,0.9977,0.7765,0
xfer_sink+meta,60,30,3,46.371,0.9977,0.7713,0
xfer_sink+meta,61,31,0,46.252,0.9976,0.7802,0
xfer_sink+meta,61,31,1,46.182,0.9975,0.7810,0
xfer_sink+meta,61,31,2,45.934,0.9974,0.7816,0
xfer_sink+meta,61,31,3,45.741,0.9974,0.7814,0
xfer_sink+meta,62,32,0,45.615,0.9973,0.7789,0
xfer_sink+meta,62,32,1,43.460,0.9969,0.7608,0
xfer_sink+meta,62,32,2,43.621,0.9970,0.7644,0
xfer_sink+meta,62,32,3,43.414,0.9970,0.7648,0
xfer_sink+meta,63,33,0,44.913,0.9975,0.7751,0
xfer_sink+meta,63,33,1,45.932,0.9977,0.7773,0
xfer_sink+meta,63,33,2,46.139,0.9977,0.7787,0
xfer_sink+meta,63,33,3,46.018,0.9977,0.7740,0
xfer_sink+meta,64,34,0,46.259,0.9978,0.7767,0
xfer_sink+meta,64,34,1,46.256,0.9978,0.7795,0
xfer_sink+meta,64,34,2,45.752,0.9978,0.7775,0
xfer_sink+meta,64,34,3,45.383,0.9977,0.7719,0
xfer_sink+meta,65,35,0,46.471,0.9979,0.7786,0
xfer_sink+meta,65,35,1,46.713,0.9979,0.7846,0
xfer_sink+meta,65,35,2,46.670,0.9979,0.7853,0
xfer_sink+meta,65,35,3,46.558,0.9978,0.7784,0
xfer_sink+meta,66,36,0,47.393,0.9981,0.7848,0
xfer_sink+meta,66,36,1,47.313,0.9980,0.7846,0
xfer_sink+meta,66,36,2,46.975,0.9980,0.7880,0
xfer_sink+meta,66,36,3,46.672,0.9979,0.7851,0
xfer_sink+meta,67,37,0,47.206,0.9981,0.7885,0
xfer_sink+meta,67,37,1,48.259,0.9981,0.7937,0
xfer_sink+meta,67,37,2,46.661,0.9978,0.7929,0
xfer_sink+meta,67,37,3,46.392,0.9977,0.7903,0
xfer_sink+meta,68,38,0,47.282,0.9980,0.7944,0
xfer_sink+meta,68,38,1,47.612,0.9981,0.7903,0
xfer_sink+meta,68,38,2,46.908,0.9980,0.7901,0
xfer_sink+meta,68,38,3,46.837,0.9979,0.7868,0
xfer_sink+meta,69,39,0,47.907,0.9981,0.7831,0
xfer_sink+meta,69,39,1,47.912,0.9982,0.7817,0
xfer_sink+meta,69,39,2,47.591,0.9981,0.7849,0
xfer_sink+meta,69,39,3,47.438,0.9980,0.7854,0
xfer_meta+inflight,0,-30,0,99.000,,,0
xfer_meta+inflight,0,-30,1,99.000,,,0
xfer_meta+inflight,0,-30,2,99.000,,,0
xfer_meta+inflight,0,-30,3,99.000,,,0
xfer_meta+inflight,1,-29,0,99.000,,,0
xfer_meta+inflight,1,-29,1,99.000,,,0
xfer_meta+inflight,1,-29,2,99.000,,,0
xfer_meta+inflight,1,-29,3,99.000,,,0
xfer_meta+inflight,2,-28,0,99.000,,,0
xfer_meta+inflight,2,-28,1,99.000,,,0
xfer_meta+inflight,2,-28,2,99.000,,,0
xfer_meta+inflight,2,-28,3,99.000,,,0
xfer_meta+inflight,3,-27,0,99.000,,,0
xfer_meta+inflight,3,-27,1,99.000,,,0
xfer_meta+inflight,3,-27,2,99.000,,,0
xfer_meta+inflight,3,-27,3,99.000,,,0
xfer_meta+inflight,4,-26,0,99.000,,,0
xfer_meta+inflight,4,-26,1,99.000,,,0
xfer_meta+inflight,4,-26,2,99.000,,,0
xfer_meta+inflight,4,-26,3,99.000,,,0
xfer_meta+inflight,5,-25,0,99.000,,,0
xfer_meta+inflight,5,-25,1,99.000,,,0
xfer_meta+inflight,5,-25,2,99.000,,,0
xfer_meta+inflight,5,-25,3,99.000,,,0
xfer_meta+inflight,6,-24,0,99.000,,,0
xfer_meta+inflight,6,-24,1,99.000,,,0
xfer_meta+inflight,6,-24,2,99.000,,,0
xfer_meta+inflight,6,-24,3,99.000,,,0
xfer_meta+inflight,7,-23,0,99.000,,,0
xfer_meta+inflight,7,-23,1,99.000,,,0
xfer_meta+inflight,7,-23,2,99.000,,,0
xfer_meta+inflight,7,-23,3,99.000,,,0
xfer_meta+inflight,8,-22,0,99.000,,,0
xfer_meta+inflight,8,-22,1,99.000,,,0
xfer_meta+inflight,8,-22,2,99.000,,,0
xfer_meta+inflight,8,-22,3,99.000,,,0
xfer_meta+inflight,9,-21,0,99.000,,,0
xfer_meta+inflight,9,-21,1,99.000,,,0
xfer_meta+inflight,9,-21,2,99.000,,,0
xfer_meta+inflight,9,-21,3,99.000,,,0
xfer_meta+inflight,10,-20,0,99.000,,,0
xfer_meta+inflight,10,-20,1,99.000,,,0
xfer_meta+inflight,10,-20,2,99.000,,,0
xfer_meta+inflight,10,-20,3,99.000,,,0
xfer_meta+inflight,11,-19,0,99.000,,,0
xfer_meta+inflight,11,-19,1,99.000,,,0
xfer_meta+inflight,11,-19,2,99.000,,,0
xfer_meta+inflight,11,-19,3,99.000,,,0
xfer_meta+inflight,12,-18,0,99.000,,,0
xfer_meta+inflight,12,-18,1,99.000,,,0
xfer_meta+inflight,12,-18,2,99.000,,,0
xfer_meta+inflight,12,-18,3,99.000,,,0
xfer_meta+inflight,13,-17,0,99.000,,,0
xfer_meta+inflight,13,-17,1,99.000,,,0
xfer_meta+inflight,13,-17,2,99.000,,,0
xfer_meta+inflight,13,-17,3,99.000,,,0
xfer_meta+inflight,14,-16,0,99.000,,,0
xfer_meta+inflight,14,-16,1,99.000,,,0
xfer_meta+inflight,14,-16,2,99.000,,,0
xfer_meta+inflight,14,-16,3,99.000,,,0
xfer_meta+inflight,15,-15,0,99.000,,,0
xfer_meta+inflight,15,-15,1,99.000,,,0
xfer_meta+inflight,15,-15,2,99.000,,,0
xfer_meta+inflight,15,-15,3,99.000,,,0
xfer_meta+inflight,16,-14,0,99.000,,,0
xfer_meta+inflight,16,-14,1,99.000,,,0
xfer_meta+inflight,16,-14,2,99.000,,,0
xfer_meta+inflight,16,-14,3,99.000,,,0
xfer_meta+inflight,17,-13,0,99.000,,,0
xfer_meta+inflight,17,-13,1,99.000,,,0
xfer_meta+inflight,17,-13,2,99.000,,,0
xfer_meta+inflight,17,-13,3,99.000,,,0
xfer_meta+inflight,18,-12,0,99.000,,,0
xfer_meta+inflight,18,-12,1,99.000,,,0
xfer_meta+inflight,18,-12,2,99.000,,,0
xfer_meta+inflight,18,-12,3,99.000,,,0
xfer_meta+inflight,19,-11,0,99.000,,,0
xfer_meta+inflight,19,-11,1,99.000,,,0
xfer_meta+inflight,19,-11,2,99.000,,,0
xfer_meta+inflight,19,-11,3,99.000,,,0
xfer_meta+inflight,20,-10,0,99.000,,,0
xfer_meta+inflight,20,-10,1,99.000,,,0
xfer_meta+inflight,20,-10,2,99.000,,,0
xfer_meta+inflight,20,-10,3,99.000,,,0
xfer_meta+inflight,21,-9,0,99.000,,,0
xfer_meta+inflight,21,-9,1,99.000,,,0
xfer_meta+inflight,21,-9,2,99.000,,,0
xfer_meta+inflight,21,-9,3,99.000,,,0
xfer_meta+inflight,22,-8,0,99.000,,,0
xfer_meta+inflight,22,-8,1,99.000,,,0
xfer_meta+inflight,22,-8,2,99.000,,,0
xfer_meta+inflight,22,-8,3,99.000,,,0
xfer_meta+inflight,23,-7,0,99.000,,,0
xfer_meta+inflight,23,-7,1,99.000,,,0
xfer_meta+inflight,23,-7,2,99.000,,,0
xfer_meta+inflight,23,-7,3,99.000,,,0
xfer_meta+inflight,24,-6,0,99.000,,,0
xfer_meta+inflight,24,-6,1,99.000,,,0
xfer_meta+inflight,24,-6,2,99.000,,,0
xfer_meta+inflight,24,-6,3,99.000,,,0
xfer_meta+inflight,25,-5,0,99.000,,,0
xfer_meta+inflight,25,-5,1,99.000,,,0
xfer_meta+inflight,25,-5,2,99.000,,,0
xfer_meta+inflight,25,-5,3,99.000,,,0
xfer_meta+inflight,26,-4,0,99.000,,,0
xfer_meta+inflight,26,-4,1,99.000,,,0
xfer_meta+inflight,26,-4,2,99.000,,,0
xfer_meta+inflight,26,-4,3,99.000,,,0
xfer_meta+inflight,27,-3,0,99.000,,,0
xfer_meta+inflight,27,-3,1,99.000,,,0
xfer_meta+inflight,27,-3,2,99.000,,,0
xfer_meta+inflight,27,-3,3,99.000,,,0
xfer_meta+inflight,28,-2,0,99.000,,,0
xfer_meta+inflight,28,-2,1,99.000,,,0
xfer_meta+inflight,28,-2,2,99.000,,,0
xfer_meta+inflight,28,-2,3,99.000,,,0
xfer_meta+inflight,29,-1,0,99.000,,,0
xfer_meta+inflight,29,-1,1,99.000,,,0
xfer_meta+inflight,29,-1,2,99.000,,,0
xfer_meta+inflight,29,-1,3,99.000,,,0
xfer_meta+inflight,30,0,0,14.443,0.5526,0.5325,0
xfer_meta+inflight,30,0,1,15.081,0.6045,0.5768,0
xfer_meta+inflight,30,0,2,15.979,0.6213,0.5843,0
xfer_meta+inflight,30,0,3,16.469,0.6437,0.6015,0
xfer_meta+inflight,31,1,0,19.166,0.7742,0.7289,0
xfer_meta+inflight,31,1,1,20.253,0.7956,0.7403,0
xfer_meta+inflight,31,1,2,20.139,0.8012,0.7451,0
xfer_meta+inflight,31,1,3,20.054,0.7978,0.7366,0
xfer_meta+inflight,32,2,0,21.513,0.8240,0.7579,0
xfer_meta+inflight,32,2,1,21.456,0.8309,0.7613,0
xfer_meta+inflight,32,2,2,21.392,0.8327,0.7606,0
xfer_meta+inflight,32,2,3,21.229,0.8283,0.7545,0
xfer_meta+inflight,33,3,0,21.779,0.8370,0.7560,0
xfer_meta+inflight,33,3,1,21.869,0.8369,0.7583,0
xfer_meta+inflight,33,3,2,21.670,0.8358,0.7565,0
xfer_meta+inflight,33,3,3,21.509,0.8327,0.7514,0
xfer_meta+inflight,34,4,0,21.698,0.8388,0.7510,0
xfer_meta+inflight,34,4,1,21.601,0.8399,0.7570,0
xfer_meta+inflight,34,4,2,21.509,0.8403,0.7567,0
xfer_meta+inflight,34,4,3,21.456,0.8378,0.7501,0
xfer_meta+inflight,35,5,0,21.832,0.8471,0.7629,0
xfer_meta+inflight,35,5,1,21.763,0.8450,0.7671,0
xfer_meta+inflight,35,5,2,21.788,0.8467,0.7661,0
xfer_meta+inflight,35,5,3,21.714,0.8453,0.7625,0
xfer_meta+inflight,36,6,0,21.990,0.8439,0.7726,0
xfer_meta+inflight,36,6,1,21.924,0.8406,0.7731,0
xfer_meta+inflight,36,6,2,21.812,0.8366,0.7714,0
xfer_meta+inflight,36,6,3,21.720,0.8343,0.7679,0
xfer_meta+inflight,37,7,0,21.901,0.8429,0.7767,0
xfer_meta+inflight,37,7,1,21.845,0.8471,0.7728,0
xfer_meta+inflight,37,7,2,21.568,0.8464,0.7725,0
xfer_meta+inflight,37,7,3,21.410,0.8425,0.7647,0
xfer_meta+inflight,38,8,0,21.706,0.8559,0.7705,0
xfer_meta+inflight,38,8,1,22.049,0.8657,0.7656,0
xfer_meta+inflight,38,8,2,22.139,0.8681,0.7616,0
xfer_meta+inflight,38,8,3,22.097,0.8671,0.7479,0
xfer_meta+inflight,39,9,0,21.955,0.8636,0.7533,0
xfer_meta+inflight,39,9,1,21.858,0.8654,0.7529,0
xfer_meta+inflight,39,9,2,21.827,0.8657,0.7521,0
xfer_meta+inflight,39,9,3,21.789,0.8648,0.7479,0
xfer_meta+inflight,40,10,0,21.831,0.8676,0.7554,0
xfer_meta+inflight,40,10,1,22.291,0.8697,0.7622,0
xfer_meta+inflight,40,10,2,21.774,0.8641,0.7599,0
xfer_meta+inflight,40,10,3,21.740,0.8621,0.7487,0
xfer_meta+inflight,41,11,0,22.329,0.8603,0.7658,0
xfer_meta+inflight,41,11,1,22.489,0.8606,0.7712,0
xfer_meta+inflight,41,11,2,22.524,0.8604,0.7693,0
xfer_meta+inflight,41,11,3,22.531,0.8605,0.7626,0
xfer_meta+inflight,42,12,0,22.722,0.8646,0.7758,0
xfer_meta+inflight,42,12,1,22.438,0.8593,0.7749,0
xfer_meta+inflight,42,12,2,22.244,0.8550,0.7700,0
xfer_meta+inflight,42,12,3,22.151,0.8531,0.7582,0
xfer_meta+inflight,43,13,0,22.354,0.8582,0.7704,0
xfer_meta+inflight,43,13,1,22.335,0.8628,0.7650,0
xfer_meta+inflight,43,13,2,22.240,0.8614,0.7527,0
xfer_meta+inflight,43,13,3,22.171,0.8594,0.7331,0
xfer_meta+inflight,44,14,0,22.804,0.8629,0.7525,0
xfer_meta+inflight,44,14,1,22.985,0.8692,0.7516,0
xfer_meta+inflight,44,14,2,23.022,0.8716,0.7474,0
xfer_meta+inflight,44,14,3,23.023,0.8714,0.7398,0
xfer_meta+inflight,45,15,0,23.241,0.8720,0.7527,0
xfer_meta+inflight,45,15,1,23.099,0.8697,0.7517,0
xfer_meta+inflight,45,15,2,23.004,0.8665,0.7455,0
xfer_meta+inflight,45,15,3,22.928,0.8643,0.7407,0
xfer_meta+inflight,46,16,0,23.117,0.8662,0.7530,0
xfer_meta+inflight,46,16,1,23.151,0.8674,0.7580,0
xfer_meta+inflight,46,16,2,23.142,0.8665,0.7596,0
xfer_meta+inflight,46,16,3,23.109,0.8658,0.7597,0
xfer_meta+inflight,47,17,0,23.293,0.8686,0.7655,0
xfer_meta+inflight,47,17,1,23.072,0.8594,0.7615,0
xfer_meta+inflight,47,17,2,22.565,0.8458,0.7553,0
xfer_meta+inflight,47,17,3,22.341,0.8400,0.7524,0
xfer_meta+inflight,48,18,0,22.578,0.8472,0.7603,0
xfer_meta+inflight,48,18,1,22.315,0.8458,0.7609,0
xfer_meta+inflight,48,18,2,21.898,0.8374,0.7593,0
xfer_meta+inflight,48,18,3,21.655,0.8315,0.7563,0
xfer_meta+inflight,49,19,0,21.957,0.8417,0.7496,0
xfer_meta+inflight,49,19,1,21.586,0.8519,0.7590,0
xfer_meta+inflight,49,19,2,21.363,0.8447,0.7523,0
xfer_meta+inflight,49,19,3,21.182,0.8363,0.7464,0
xfer_meta+inflight,50,20,0,21.805,0.8536,0.7575,0
xfer_meta+inflight,50,20,1,22.473,0.8620,0.7602,0
xfer_meta+inflight,50,20,2,22.304,0.8601,0.7599,0
xfer_meta+inflight,50,20,3,22.313,0.8600,0.7572,0
xfer_meta+inflight,51,21,0,22.913,0.8735,0.7632,0
xfer_meta+inflight,51,21,1,22.919,0.8788,0.7666,0
xfer_meta+inflight,51,21,2,22.904,0.8797,0.7644,0
xfer_meta+inflight,51,21,3,22.866,0.8795,0.7605,0
xfer_meta+inflight,52,22,0,23.015,0.8818,0.7673,0
xfer_meta+inflight,52,22,1,22.966,0.8813,0.7662,0
xfer_meta+inflight,52,22,2,22.902,0.8796,0.7627,0
xfer_meta+inflight,52,22,3,22.818,0.8780,0.7611,0
xfer_meta+inflight,53,23,0,22.971,0.8798,0.7686,0
xfer_meta+inflight,53,23,1,22.879,0.8790,0.7706,0
xfer_meta+inflight,53,23,2,22.792,0.8782,0.7684,0
xfer_meta+inflight,53,23,3,22.706,0.8768,0.7672,0
xfer_meta+inflight,54,24,0,22.594,0.8766,0.7596,0
xfer_meta+inflight,54,24,1,21.990,0.8730,0.7668,0
xfer_meta+inflight,54,24,2,21.650,0.8613,0.7583,0
xfer_meta+inflight,54,24,3,21.656,0.8602,0.7550,0
xfer_meta+inflight,55,25,0,22.026,0.8648,0.7670,0
xfer_meta+inflight,55,25,1,22.144,0.8717,0.7693,0
xfer_meta+inflight,55,25,2,22.143,0.8723,0.7664,0
xfer_meta+inflight,55,25,3,22.103,0.8715,0.7621,0
xfer_meta+inflight,56,26,0,22.245,0.8731,0.7639,0
xfer_meta+inflight,56,26,1,22.217,0.8715,0.7649,0
xfer_meta+inflight,56,26,2,22.223,0.8713,0.7598,0
xfer_meta+inflight,56,26,3,22.164,0.8710,0.7540,0
xfer_meta+inflight,57,27,0,22.167,0.8693,0.7537,0
xfer_meta+inflight,57,27,1,22.614,0.8714,0.7681,0
xfer_meta+inflight,57,27,2,22.298,0.8702,0.7619,0
xfer_meta+inflight,57,27,3,22.082,0.8609,0.7512,0
xfer_meta+inflight,58,28,0,22.601,0.8738,0.7543,0
xfer_meta+inflight,58,28,1,22.984,0.8840,0.7665,0
xfer_meta+inflight,58,28,2,22.810,0.8815,0.7606,0
xfer_meta+inflight,58,28,3,22.778,0.8806,0.7574,0
xfer_meta+inflight,59,29,0,22.989,0.8860,0.7656,0
xfer_meta+inflight,59,29,1,22.941,0.8851,0.7685,0
xfer_meta+inflight,59,29,2,22.834,0.8838,0.7658,0
xfer_meta+inflight,59,29,3,22.779,0.8830,0.7635,0
xfer_meta+inflight,60,30,0,23.024,0.8845,0.7695,0
xfer_meta+inflight,60,30,1,23.147,0.8858,0.7733,0
xfer_meta+inflight,60,30,2,22.630,0.8809,0.7764,0
xfer_meta+inflight,60,30,3,22.687,0.8811,0.7747,0
xfer_meta+inflight,61,31,0,22.575,0.8764,0.7806,0
xfer_meta+inflight,61,31,1,22.577,0.8778,0.7801,0
xfer_meta+inflight,61,31,2,22.533,0.8777,0.7787,0
xfer_meta+inflight,61,31,3,22.552,0.8778,0.7779,0
xfer_meta+inflight,62,32,0,22.477,0.8761,0.7749,0
xfer_meta+inflight,62,32,1,21.349,0.8631,0.7480,0
xfer_meta+inflight,62,32,2,21.492,0.8643,0.7512,0
xfer_meta+inflight,62,32,3,21.456,0.8644,0.7527,0
xfer_meta+inflight,63,33,0,22.081,0.8670,0.7694,0
xfer_meta+inflight,63,33,1,21.934,0.8646,0.7682,0
xfer_meta+inflight,63,33,2,21.427,0.8589,0.7674,0
xfer_meta+inflight,63,33,3,21.228,0.8533,0.7578,0
xfer_meta+inflight,64,34,0,21.443,0.8570,0.7613,0
xfer_meta+inflight,64,34,1,21.720,0.8642,0.7703,0
xfer_meta+inflight,64,34,2,21.492,0.8581,0.7730,0
xfer_meta+inflight,64,34,3,21.339,0.8547,0.7652,0
xfer_meta+inflight,65,35,0,21.530,0.8563,0.7778,0
xfer_meta+inflight,65,35,1,21.913,0.8683,0.7835,0
xfer_meta+inflight,65,35,2,21.787,0.8660,0.7837,0
xfer_meta+inflight,65,35,3,21.592,0.8610,0.7770,0
xfer_meta+inflight,66,36,0,21.767,0.8645,0.7866,0
xfer_meta+inflight,66,36,1,21.840,0.8692,0.7857,0
xfer_meta+inflight,66,36,2,21.763,0.8705,0.7880,0
xfer_meta+inflight,66,36,3,21.677,0.8696,0.7853,0
xfer_meta+inflight,67,37,0,21.791,0.8703,0.7881,0
xfer_meta+inflight,67,37,1,21.949,0.8686,0.7912,0
xfer_meta+inflight,67,37,2,21.332,0.8610,0.7880,0
xfer_meta+inflight,67,37,3,21.134,0.8576,0.7827,0
xfer_meta+inflight,68,38,0,21.255,0.8589,0.7890,0
xfer_meta+inflight,68,38,1,21.451,0.8646,0.7852,0
xfer_meta+inflight,68,38,2,21.434,0.8648,0.7820,0
xfer_meta+inflight,68,38,3,21.412,0.8640,0.7789,0
xfer_meta+inflight,69,39,0,21.595,0.8673,0.7797,0
xfer_meta+inflight,69,39,1,21.759,0.8737,0.7757,0
xfer_meta+inflight,69,39,2,21.854,0.8779,0.7797,0
xfer_meta+inflight,69,39,3,21.762,0.8744,0.7766,0
drop_kv_recent,0,-30,0,99.000,,,0
drop_kv_recent,0,-30,1,99.000,,,0
drop_kv_recent,0,-30,2,99.000,,,0
drop_kv_recent,0,-30,3,99.000,,,0
drop_kv_recent,1,-29,0,99.000,,,0
drop_kv_recent,1,-29,1,99.000,,,0
drop_kv_recent,1,-29,2,99.000,,,0
drop_kv_recent,1,-29,3,99.000,,,0
drop_kv_recent,2,-28,0,99.000,,,0
drop_kv_recent,2,-28,1,99.000,,,0
drop_kv_recent,2,-28,2,99.000,,,0
drop_kv_recent,2,-28,3,99.000,,,0
drop_kv_recent,3,-27,0,99.000,,,0
drop_kv_recent,3,-27,1,99.000,,,0
drop_kv_recent,3,-27,2,99.000,,,0
drop_kv_recent,3,-27,3,99.000,,,0
drop_kv_recent,4,-26,0,99.000,,,0
drop_kv_recent,4,-26,1,99.000,,,0
drop_kv_recent,4,-26,2,99.000,,,0
drop_kv_recent,4,-26,3,99.000,,,0
drop_kv_recent,5,-25,0,99.000,,,0
drop_kv_recent,5,-25,1,99.000,,,0
drop_kv_recent,5,-25,2,99.000,,,0
drop_kv_recent,5,-25,3,99.000,,,0
drop_kv_recent,6,-24,0,99.000,,,0
drop_kv_recent,6,-24,1,99.000,,,0
drop_kv_recent,6,-24,2,99.000,,,0
drop_kv_recent,6,-24,3,99.000,,,0
drop_kv_recent,7,-23,0,99.000,,,0
drop_kv_recent,7,-23,1,99.000,,,0
drop_kv_recent,7,-23,2,99.000,,,0
drop_kv_recent,7,-23,3,99.000,,,0
drop_kv_recent,8,-22,0,99.000,,,0
drop_kv_recent,8,-22,1,99.000,,,0
drop_kv_recent,8,-22,2,99.000,,,0
drop_kv_recent,8,-22,3,99.000,,,0
drop_kv_recent,9,-21,0,99.000,,,0
drop_kv_recent,9,-21,1,99.000,,,0
drop_kv_recent,9,-21,2,99.000,,,0
drop_kv_recent,9,-21,3,99.000,,,0
drop_kv_recent,10,-20,0,99.000,,,0
drop_kv_recent,10,-20,1,99.000,,,0
drop_kv_recent,10,-20,2,99.000,,,0
drop_kv_recent,10,-20,3,99.000,,,0
drop_kv_recent,11,-19,0,99.000,,,0
drop_kv_recent,11,-19,1,99.000,,,0
drop_kv_recent,11,-19,2,99.000,,,0
drop_kv_recent,11,-19,3,99.000,,,0
drop_kv_recent,12,-18,0,99.000,,,0
drop_kv_recent,12,-18,1,99.000,,,0
drop_kv_recent,12,-18,2,99.000,,,0
drop_kv_recent,12,-18,3,99.000,,,0
drop_kv_recent,13,-17,0,99.000,,,0
drop_kv_recent,13,-17,1,99.000,,,0
drop_kv_recent,13,-17,2,99.000,,,0
drop_kv_recent,13,-17,3,99.000,,,0
drop_kv_recent,14,-16,0,99.000,,,0
drop_kv_recent,14,-16,1,99.000,,,0
drop_kv_recent,14,-16,2,99.000,,,0
drop_kv_recent,14,-16,3,99.000,,,0
drop_kv_recent,15,-15,0,99.000,,,0
drop_kv_recent,15,-15,1,99.000,,,0
drop_kv_recent,15,-15,2,99.000,,,0
drop_kv_recent,15,-15,3,99.000,,,0
drop_kv_recent,16,-14,0,99.000,,,0
drop_kv_recent,16,-14,1,99.000,,,0
drop_kv_recent,16,-14,2,99.000,,,0
drop_kv_recent,16,-14,3,99.000,,,0
drop_kv_recent,17,-13,0,99.000,,,0
drop_kv_recent,17,-13,1,99.000,,,0
drop_kv_recent,17,-13,2,99.000,,,0
drop_kv_recent,17,-13,3,99.000,,,0
drop_kv_recent,18,-12,0,99.000,,,0
drop_kv_recent,18,-12,1,99.000,,,0
drop_kv_recent,18,-12,2,99.000,,,0
drop_kv_recent,18,-12,3,99.000,,,0
drop_kv_recent,19,-11,0,99.000,,,0
drop_kv_recent,19,-11,1,99.000,,,0
drop_kv_recent,19,-11,2,99.000,,,0
drop_kv_recent,19,-11,3,99.000,,,0
drop_kv_recent,20,-10,0,99.000,,,0
drop_kv_recent,20,-10,1,99.000,,,0
drop_kv_recent,20,-10,2,99.000,,,0
drop_kv_recent,20,-10,3,99.000,,,0
drop_kv_recent,21,-9,0,99.000,,,0
drop_kv_recent,21,-9,1,99.000,,,0
drop_kv_recent,21,-9,2,99.000,,,0
drop_kv_recent,21,-9,3,99.000,,,0
drop_kv_recent,22,-8,0,99.000,,,0
drop_kv_recent,22,-8,1,99.000,,,0
drop_kv_recent,22,-8,2,99.000,,,0
drop_kv_recent,22,-8,3,99.000,,,0
drop_kv_recent,23,-7,0,99.000,,,0
drop_kv_recent,23,-7,1,99.000,,,0
drop_kv_recent,23,-7,2,99.000,,,0
drop_kv_recent,23,-7,3,99.000,,,0
drop_kv_recent,24,-6,0,99.000,,,0
drop_kv_recent,24,-6,1,99.000,,,0
drop_kv_recent,24,-6,2,99.000,,,0
drop_kv_recent,24,-6,3,99.000,,,0
drop_kv_recent,25,-5,0,99.000,,,0
drop_kv_recent,25,-5,1,99.000,,,0
drop_kv_recent,25,-5,2,99.000,,,0
drop_kv_recent,25,-5,3,99.000,,,0
drop_kv_recent,26,-4,0,99.000,,,0
drop_kv_recent,26,-4,1,99.000,,,0
drop_kv_recent,26,-4,2,99.000,,,0
drop_kv_recent,26,-4,3,99.000,,,0
drop_kv_recent,27,-3,0,99.000,,,0
drop_kv_recent,27,-3,1,99.000,,,0
drop_kv_recent,27,-3,2,99.000,,,0
drop_kv_recent,27,-3,3,99.000,,,0
drop_kv_recent,28,-2,0,99.000,,,0
drop_kv_recent,28,-2,1,99.000,,,0
drop_kv_recent,28,-2,2,99.000,,,0
drop_kv_recent,28,-2,3,99.000,,,0
drop_kv_recent,29,-1,0,99.000,,,0
drop_kv_recent,29,-1,1,99.000,,,0
drop_kv_recent,29,-1,2,99.000,,,0
drop_kv_recent,29,-1,3,99.000,,,0
drop_kv_recent,30,0,0,24.253,0.8898,0.7819,0
drop_kv_recent,30,0,1,23.026,0.9038,0.7926,0
drop_kv_recent,30,0,2,22.071,0.8700,0.7632,0
drop_kv_recent,30,0,3,21.795,0.8606,0.7576,0
drop_kv_recent,31,1,0,23.126,0.8798,0.7625,0
drop_kv_recent,31,1,1,24.514,0.8971,0.7713,0
drop_kv_recent,31,1,2,24.111,0.8992,0.7625,0
drop_kv_recent,31,1,3,23.926,0.8954,0.7562,0
drop_kv_recent,32,2,0,25.225,0.9116,0.7644,0
drop_kv_recent,32,2,1,25.632,0.9217,0.7660,0
drop_kv_recent,32,2,2,25.680,0.9234,0.7659,0
drop_kv_recent,32,2,3,25.590,0.9214,0.7617,0
drop_kv_recent,33,3,0,26.223,0.9271,0.7634,0
drop_kv_recent,33,3,1,26.541,0.9292,0.7658,0
drop_kv_recent,33,3,2,26.722,0.9337,0.7696,0
drop_kv_recent,33,3,3,26.619,0.9320,0.7659,0
drop_kv_recent,34,4,0,27.234,0.9370,0.7643,0
drop_kv_recent,34,4,1,29.376,0.9532,0.7789,0
drop_kv_recent,34,4,2,29.652,0.9567,0.7778,0
drop_kv_recent,34,4,3,29.583,0.9562,0.7733,0
drop_kv_recent,35,5,0,31.252,0.9689,0.7801,0
drop_kv_recent,35,5,1,31.893,0.9728,0.7820,0
drop_kv_recent,35,5,2,32.148,0.9742,0.7822,0
drop_kv_recent,35,5,3,32.185,0.9744,0.7790,0
drop_kv_recent,36,6,0,33.424,0.9784,0.7844,0
drop_kv_recent,36,6,1,33.868,0.9792,0.7852,0
drop_kv_recent,36,6,2,33.947,0.9794,0.7853,0
drop_kv_recent,36,6,3,33.910,0.9791,0.7829,0
drop_kv_recent,37,7,0,35.398,0.9846,0.7868,0
drop_kv_recent,37,7,1,36.079,0.9870,0.7828,0
drop_kv_recent,37,7,2,37.368,0.9894,0.7841,0
drop_kv_recent,37,7,3,37.251,0.9892,0.7741,0
drop_kv_recent,38,8,0,40.647,0.9930,0.7801,0
drop_kv_recent,38,8,1,41.417,0.9942,0.7748,0
drop_kv_recent,38,8,2,41.130,0.9943,0.7727,0
drop_kv_recent,38,8,3,41.237,0.9944,0.7591,0
drop_kv_recent,39,9,0,42.518,0.9954,0.7627,0
drop_kv_recent,39,9,1,43.289,0.9960,0.7629,0
drop_kv_recent,39,9,2,43.118,0.9961,0.7621,0
drop_kv_recent,39,9,3,43.127,0.9961,0.7591,0
drop_kv_recent,40,10,0,43.899,0.9965,0.7656,0
drop_kv_recent,40,10,1,44.673,0.9968,0.7700,0
drop_kv_recent,40,10,2,44.589,0.9968,0.7723,0
drop_kv_recent,40,10,3,44.652,0.9968,0.7609,0
drop_kv_recent,41,11,0,46.496,0.9973,0.7758,0
drop_kv_recent,41,11,1,46.099,0.9973,0.7786,0
drop_kv_recent,41,11,2,46.010,0.9972,0.7780,0
drop_kv_recent,41,11,3,45.951,0.9971,0.7723,0
drop_kv_recent,42,12,0,47.620,0.9977,0.7816,0
drop_kv_recent,42,12,1,47.834,0.9978,0.7795,0
drop_kv_recent,42,12,2,47.671,0.9978,0.7771,0
drop_kv_recent,42,12,3,47.582,0.9977,0.7685,0
drop_kv_recent,43,13,0,47.886,0.9979,0.7723,0
drop_kv_recent,43,13,1,47.709,0.9979,0.7702,0
drop_kv_recent,43,13,2,47.388,0.9978,0.7617,0
drop_kv_recent,43,13,3,47.269,0.9977,0.7447,0
drop_kv_recent,44,14,0,48.549,0.9980,0.7577,0
drop_kv_recent,44,14,1,48.136,0.9980,0.7589,0
drop_kv_recent,44,14,2,48.248,0.9980,0.7566,0
drop_kv_recent,44,14,3,48.067,0.9979,0.7495,0
drop_kv_recent,45,15,0,48.313,0.9981,0.7615,0
drop_kv_recent,45,15,1,48.290,0.9981,0.7625,0
drop_kv_recent,45,15,2,47.923,0.9980,0.7585,0
drop_kv_recent,45,15,3,47.644,0.9979,0.7551,0
drop_kv_recent,46,16,0,48.504,0.9981,0.7648,0
drop_kv_recent,46,16,1,48.181,0.9980,0.7672,0
drop_kv_recent,46,16,2,47.861,0.9979,0.7673,0
drop_kv_recent,46,16,3,47.569,0.9978,0.7643,0
drop_kv_recent,47,17,0,48.080,0.9981,0.7686,0
drop_kv_recent,47,17,1,48.249,0.9980,0.7701,0
drop_kv_recent,47,17,2,48.292,0.9980,0.7702,0
drop_kv_recent,47,17,3,47.873,0.9979,0.7690,0
drop_kv_recent,48,18,0,48.684,0.9981,0.7734,0
drop_kv_recent,48,18,1,48.221,0.9980,0.7738,0
drop_kv_recent,48,18,2,47.759,0.9979,0.7710,0
drop_kv_recent,48,18,3,47.361,0.9978,0.7677,0
drop_kv_recent,49,19,0,48.269,0.9980,0.7624,0
drop_kv_recent,49,19,1,48.920,0.9981,0.7691,0
drop_kv_recent,49,19,2,47.147,0.9977,0.7625,0
drop_kv_recent,49,19,3,47.028,0.9977,0.7569,0
drop_kv_recent,50,20,0,48.049,0.9980,0.7617,0
drop_kv_recent,50,20,1,48.252,0.9981,0.7673,0
drop_kv_recent,50,20,2,46.650,0.9979,0.7632,0
drop_kv_recent,50,20,3,46.559,0.9978,0.7611,0
drop_kv_recent,51,21,0,47.563,0.9980,0.7649,0
drop_kv_recent,51,21,1,47.337,0.9981,0.7670,0
drop_kv_recent,51,21,2,47.312,0.9980,0.7666,0
drop_kv_recent,51,21,3,47.121,0.9980,0.7645,0
drop_kv_recent,52,22,0,47.293,0.9981,0.7692,0
drop_kv_recent,52,22,1,47.598,0.9981,0.7678,0
drop_kv_recent,52,22,2,47.277,0.9980,0.7647,0
drop_kv_recent,52,22,3,47.011,0.9979,0.7631,0
drop_kv_recent,53,23,0,47.667,0.9981,0.7678,0
drop_kv_recent,53,23,1,46.803,0.9980,0.7693,0
drop_kv_recent,53,23,2,47.083,0.9979,0.7681,0
drop_kv_recent,53,23,3,46.692,0.9978,0.7685,0
drop_kv_recent,54,24,0,47.319,0.9981,0.7609,0
drop_kv_recent,54,24,1,49.287,0.9982,0.7706,0
drop_kv_recent,54,24,2,47.073,0.9979,0.7627,0
drop_kv_recent,54,24,3,46.635,0.9979,0.7586,0
drop_kv_recent,55,25,0,48.134,0.9981,0.7651,0
drop_kv_recent,55,25,1,48.855,0.9982,0.7685,0
drop_kv_recent,55,25,2,48.401,0.9981,0.7666,0
drop_kv_recent,55,25,3,48.335,0.9980,0.7626,0
drop_kv_recent,56,26,0,48.982,0.9983,0.7637,0
drop_kv_recent,56,26,1,48.825,0.9983,0.7700,0
drop_kv_recent,56,26,2,48.603,0.9982,0.7646,0
drop_kv_recent,56,26,3,48.444,0.9982,0.7566,0
drop_kv_recent,57,27,0,48.987,0.9983,0.7557,0
drop_kv_recent,57,27,1,49.071,0.9983,0.7694,0
drop_kv_recent,57,27,2,48.223,0.9982,0.7679,0
drop_kv_recent,57,27,3,47.887,0.9981,0.7587,0
drop_kv_recent,58,28,0,48.985,0.9983,0.7568,0
drop_kv_recent,58,28,1,49.077,0.9983,0.7696,0
drop_kv_recent,58,28,2,48.838,0.9982,0.7649,0
drop_kv_recent,58,28,3,48.587,0.9981,0.7622,0
drop_kv_recent,59,29,0,49.635,0.9984,0.7684,0
drop_kv_recent,59,29,1,49.125,0.9982,0.7701,0
drop_kv_recent,59,29,2,48.883,0.9982,0.7683,0
drop_kv_recent,59,29,3,48.759,0.9981,0.7666,0
drop_kv_recent,60,30,0,49.053,0.9983,0.7730,0
drop_kv_recent,60,30,1,49.255,0.9983,0.7740,0
drop_kv_recent,60,30,2,48.286,0.9983,0.7766,0
drop_kv_recent,60,30,3,48.110,0.9982,0.7715,0
drop_kv_recent,61,31,0,47.857,0.9981,0.7802,0
drop_kv_recent,61,31,1,47.707,0.9981,0.7809,0
drop_kv_recent,61,31,2,47.205,0.9980,0.7816,0
drop_kv_recent,61,31,3,46.890,0.9978,0.7814,0
drop_kv_recent,62,32,0,46.972,0.9978,0.7790,0
drop_kv_recent,62,32,1,44.697,0.9974,0.7607,0
drop_kv_recent,62,32,2,44.467,0.9974,0.7644,0
drop_kv_recent,62,32,3,44.496,0.9973,0.7646,0
drop_kv_recent,63,33,0,46.254,0.9979,0.7750,0
drop_kv_recent,63,33,1,46.950,0.9980,0.7772,0
drop_kv_recent,63,33,2,47.235,0.9981,0.7786,0
drop_kv_recent,63,33,3,47.302,0.9981,0.7739,0
drop_kv_recent,64,34,0,47.831,0.9982,0.7767,0
drop_kv_recent,64,34,1,47.570,0.9982,0.7793,0
drop_kv_recent,64,34,2,47.405,0.9982,0.7774,0
drop_kv_recent,64,34,3,47.242,0.9981,0.7719,0
drop_kv_recent,65,35,0,47.436,0.9982,0.7786,0
drop_kv_recent,65,35,1,47.909,0.9982,0.7847,0
drop_kv_recent,65,35,2,47.895,0.9982,0.7852,0
drop_kv_recent,65,35,3,47.857,0.9982,0.7784,0
drop_kv_recent,66,36,0,48.670,0.9984,0.7848,0
drop_kv_recent,66,36,1,48.885,0.9984,0.7846,0
drop_kv_recent,66,36,2,48.702,0.9983,0.7880,0
drop_kv_recent,66,36,3,48.138,0.9982,0.7851,0
drop_kv_recent,67,37,0,49.037,0.9985,0.7885,0
drop_kv_recent,67,37,1,49.146,0.9983,0.7936,0
drop_kv_recent,67,37,2,47.800,0.9982,0.7930,0
drop_kv_recent,67,37,3,47.496,0.9981,0.7904,0
drop_kv_recent,68,38,0,49.042,0.9984,0.7944,0
drop_kv_recent,68,38,1,49.383,0.9984,0.7904,0
drop_kv_recent,68,38,2,48.624,0.9983,0.7901,0
drop_kv_recent,68,38,3,48.508,0.9983,0.7867,0
drop_kv_recent,69,39,0,49.536,0.9985,0.7831,0
drop_kv_recent,69,39,1,49.370,0.9985,0.7817,0
drop_kv_recent,69,39,2,49.604,0.9984,0.7851,0
drop_kv_recent,69,39,3,49.185,0.9984,0.7855,0
drop_vae_all,0,-30,0,99.000,,,0
drop_vae_all,0,-30,1,99.000,,,0
drop_vae_all,0,-30,2,99.000,,,0
drop_vae_all,0,-30,3,99.000,,,0
drop_vae_all,1,-29,0,99.000,,,0
drop_vae_all,1,-29,1,99.000,,,0
drop_vae_all,1,-29,2,99.000,,,0
drop_vae_all,1,-29,3,99.000,,,0
drop_vae_all,2,-28,0,99.000,,,0
drop_vae_all,2,-28,1,99.000,,,0
drop_vae_all,2,-28,2,99.000,,,0
drop_vae_all,2,-28,3,99.000,,,0
drop_vae_all,3,-27,0,99.000,,,0
drop_vae_all,3,-27,1,99.000,,,0
drop_vae_all,3,-27,2,99.000,,,0
drop_vae_all,3,-27,3,99.000,,,0
drop_vae_all,4,-26,0,99.000,,,0
drop_vae_all,4,-26,1,99.000,,,0
drop_vae_all,4,-26,2,99.000,,,0
drop_vae_all,4,-26,3,99.000,,,0
drop_vae_all,5,-25,0,99.000,,,0
drop_vae_all,5,-25,1,99.000,,,0
drop_vae_all,5,-25,2,99.000,,,0
drop_vae_all,5,-25,3,99.000,,,0
drop_vae_all,6,-24,0,99.000,,,0
drop_vae_all,6,-24,1,99.000,,,0
drop_vae_all,6,-24,2,99.000,,,0
drop_vae_all,6,-24,3,99.000,,,0
drop_vae_all,7,-23,0,99.000,,,0
drop_vae_all,7,-23,1,99.000,,,0
drop_vae_all,7,-23,2,99.000,,,0
drop_vae_all,7,-23,3,99.000,,,0
drop_vae_all,8,-22,0,99.000,,,0
drop_vae_all,8,-22,1,99.000,,,0
drop_vae_all,8,-22,2,99.000,,,0
drop_vae_all,8,-22,3,99.000,,,0
drop_vae_all,9,-21,0,99.000,,,0
drop_vae_all,9,-21,1,99.000,,,0
drop_vae_all,9,-21,2,99.000,,,0
drop_vae_all,9,-21,3,99.000,,,0
drop_vae_all,10,-20,0,99.000,,,0
drop_vae_all,10,-20,1,99.000,,,0
drop_vae_all,10,-20,2,99.000,,,0
drop_vae_all,10,-20,3,99.000,,,0
drop_vae_all,11,-19,0,99.000,,,0
drop_vae_all,11,-19,1,99.000,,,0
drop_vae_all,11,-19,2,99.000,,,0
drop_vae_all,11,-19,3,99.000,,,0
drop_vae_all,12,-18,0,99.000,,,0
drop_vae_all,12,-18,1,99.000,,,0
drop_vae_all,12,-18,2,99.000,,,0
drop_vae_all,12,-18,3,99.000,,,0
drop_vae_all,13,-17,0,99.000,,,0
drop_vae_all,13,-17,1,99.000,,,0
drop_vae_all,13,-17,2,99.000,,,0
drop_vae_all,13,-17,3,99.000,,,0
drop_vae_all,14,-16,0,99.000,,,0
drop_vae_all,14,-16,1,99.000,,,0
drop_vae_all,14,-16,2,99.000,,,0
drop_vae_all,14,-16,3,99.000,,,0
drop_vae_all,15,-15,0,99.000,,,0
drop_vae_all,15,-15,1,99.000,,,0
drop_vae_all,15,-15,2,99.000,,,0
drop_vae_all,15,-15,3,99.000,,,0
drop_vae_all,16,-14,0,99.000,,,0
drop_vae_all,16,-14,1,99.000,,,0
drop_vae_all,16,-14,2,99.000,,,0
drop_vae_all,16,-14,3,99.000,,,0
drop_vae_all,17,-13,0,99.000,,,0
drop_vae_all,17,-13,1,99.000,,,0
drop_vae_all,17,-13,2,99.000,,,0
drop_vae_all,17,-13,3,99.000,,,0
drop_vae_all,18,-12,0,99.000,,,0
drop_vae_all,18,-12,1,99.000,,,0
drop_vae_all,18,-12,2,99.000,,,0
drop_vae_all,18,-12,3,99.000,,,0
drop_vae_all,19,-11,0,99.000,,,0
drop_vae_all,19,-11,1,99.000,,,0
drop_vae_all,19,-11,2,99.000,,,0
drop_vae_all,19,-11,3,99.000,,,0
drop_vae_all,20,-10,0,99.000,,,0
drop_vae_all,20,-10,1,99.000,,,0
drop_vae_all,20,-10,2,99.000,,,0
drop_vae_all,20,-10,3,99.000,,,0
drop_vae_all,21,-9,0,99.000,,,0
drop_vae_all,21,-9,1,99.000,,,0
drop_vae_all,21,-9,2,99.000,,,0
drop_vae_all,21,-9,3,99.000,,,0
drop_vae_all,22,-8,0,99.000,,,0
drop_vae_all,22,-8,1,99.000,,,0
drop_vae_all,22,-8,2,99.000,,,0
drop_vae_all,22,-8,3,99.000,,,0
drop_vae_all,23,-7,0,99.000,,,0
drop_vae_all,23,-7,1,99.000,,,0
drop_vae_all,23,-7,2,99.000,,,0
drop_vae_all,23,-7,3,99.000,,,0
drop_vae_all,24,-6,0,99.000,,,0
drop_vae_all,24,-6,1,99.000,,,0
drop_vae_all,24,-6,2,99.000,,,0
drop_vae_all,24,-6,3,99.000,,,0
drop_vae_all,25,-5,0,99.000,,,0
drop_vae_all,25,-5,1,99.000,,,0
drop_vae_all,25,-5,2,99.000,,,0
drop_vae_all,25,-5,3,99.000,,,0
drop_vae_all,26,-4,0,99.000,,,0
drop_vae_all,26,-4,1,99.000,,,0
drop_vae_all,26,-4,2,99.000,,,0
drop_vae_all,26,-4,3,99.000,,,0
drop_vae_all,27,-3,0,99.000,,,0
drop_vae_all,27,-3,1,99.000,,,0
drop_vae_all,27,-3,2,99.000,,,0
drop_vae_all,27,-3,3,99.000,,,0
drop_vae_all,28,-2,0,99.000,,,0
drop_vae_all,28,-2,1,99.000,,,0
drop_vae_all,28,-2,2,99.000,,,0
drop_vae_all,28,-2,3,99.000,,,0
drop_vae_all,29,-1,0,99.000,,,0
drop_vae_all,29,-1,1,99.000,,,0
drop_vae_all,29,-1,2,99.000,,,0
drop_vae_all,29,-1,3,99.000,,,0
drop_vae_all,30,0,0,16.611,0.8060,0.6868,0
drop_vae_all,30,0,1,16.705,0.8175,0.7035,0
drop_vae_all,30,0,2,17.540,0.8328,0.7011,0
drop_vae_all,30,0,3,18.062,0.8412,0.7176,0
drop_vae_all,31,1,0,23.198,0.9156,0.7501,0
drop_vae_all,31,1,1,25.369,0.9283,0.7654,0
drop_vae_all,31,1,2,26.143,0.9350,0.7576,0
drop_vae_all,31,1,3,26.245,0.9311,0.7544,0
drop_vae_all,32,2,0,27.530,0.9388,0.7658,0
drop_vae_all,32,2,1,28.102,0.9513,0.7691,0
drop_vae_all,32,2,2,27.811,0.9520,0.7689,0
drop_vae_all,32,2,3,27.422,0.9494,0.7644,0
drop_vae_all,33,3,0,28.780,0.9543,0.7671,0
drop_vae_all,33,3,1,29.493,0.9588,0.7668,0
drop_vae_all,33,3,2,30.386,0.9658,0.7687,0
drop_vae_all,33,3,3,30.559,0.9663,0.7659,0
drop_vae_all,34,4,0,31.188,0.9665,0.7652,0
drop_vae_all,34,4,1,32.889,0.9733,0.7792,0
drop_vae_all,34,4,2,33.306,0.9782,0.7746,0
drop_vae_all,34,4,3,33.140,0.9769,0.7692,0
drop_vae_all,35,5,0,35.108,0.9841,0.7757,0
drop_vae_all,35,5,1,35.934,0.9864,0.7786,0
drop_vae_all,35,5,2,36.508,0.9879,0.7794,0
drop_vae_all,35,5,3,36.368,0.9879,0.7767,0
drop_vae_all,36,6,0,36.865,0.9875,0.7833,0
drop_vae_all,36,6,1,37.067,0.9876,0.7840,0
drop_vae_all,36,6,2,37.357,0.9884,0.7835,0
drop_vae_all,36,6,3,37.245,0.9883,0.7810,0
drop_vae_all,37,7,0,37.817,0.9893,0.7856,0
drop_vae_all,37,7,1,38.050,0.9904,0.7818,0
drop_vae_all,37,7,2,39.165,0.9919,0.7835,0
drop_vae_all,37,7,3,38.626,0.9910,0.7745,0
drop_vae_all,38,8,0,38.915,0.9913,0.7811,0
drop_vae_all,38,8,1,40.360,0.9930,0.7755,0
drop_vae_all,38,8,2,40.496,0.9935,0.7729,0
drop_vae_all,38,8,3,40.242,0.9932,0.7591,0
drop_vae_all,39,9,0,40.845,0.9938,0.7633,0
drop_vae_all,39,9,1,42.044,0.9948,0.7634,0
drop_vae_all,39,9,2,41.735,0.9949,0.7625,0
drop_vae_all,39,9,3,41.610,0.9948,0.7596,0
drop_vae_all,40,10,0,41.862,0.9949,0.7659,0
drop_vae_all,40,10,1,41.851,0.9949,0.7702,0
drop_vae_all,40,10,2,42.499,0.9953,0.7721,0
drop_vae_all,40,10,3,42.216,0.9952,0.7608,0
drop_vae_all,41,11,0,43.842,0.9959,0.7756,0
drop_vae_all,41,11,1,44.059,0.9963,0.7784,0
drop_vae_all,41,11,2,44.280,0.9963,0.7779,0
drop_vae_all,41,11,3,44.091,0.9962,0.7721,0
drop_vae_all,42,12,0,45.040,0.9967,0.7814,0
drop_vae_all,42,12,1,45.531,0.9970,0.7793,0
drop_vae_all,42,12,2,45.284,0.9969,0.7768,0
drop_vae_all,42,12,3,45.210,0.9969,0.7682,0
drop_vae_all,43,13,0,45.473,0.9971,0.7721,0
drop_vae_all,43,13,1,45.356,0.9971,0.7703,0
drop_vae_all,43,13,2,45.621,0.9971,0.7617,0
drop_vae_all,43,13,3,45.473,0.9971,0.7447,0
drop_vae_all,44,14,0,46.465,0.9973,0.7577,0
drop_vae_all,44,14,1,46.586,0.9974,0.7591,0
drop_vae_all,44,14,2,46.675,0.9974,0.7568,0
drop_vae_all,44,14,3,46.345,0.9973,0.7496,0
drop_vae_all,45,15,0,47.200,0.9976,0.7616,0
drop_vae_all,45,15,1,46.961,0.9976,0.7625,0
drop_vae_all,45,15,2,46.620,0.9975,0.7585,0
drop_vae_all,45,15,3,46.405,0.9974,0.7551,0
drop_vae_all,46,16,0,47.194,0.9977,0.7648,0
drop_vae_all,46,16,1,46.614,0.9976,0.7672,0
drop_vae_all,46,16,2,46.407,0.9975,0.7673,0
drop_vae_all,46,16,3,46.171,0.9974,0.7645,0
drop_vae_all,47,17,0,47.116,0.9977,0.7687,0
drop_vae_all,47,17,1,47.332,0.9977,0.7702,0
drop_vae_all,47,17,2,47.184,0.9976,0.7702,0
drop_vae_all,47,17,3,46.726,0.9976,0.7690,0
drop_vae_all,48,18,0,47.368,0.9977,0.7734,0
drop_vae_all,48,18,1,47.010,0.9977,0.7737,0
drop_vae_all,48,18,2,46.496,0.9975,0.7710,0
drop_vae_all,48,18,3,46.085,0.9974,0.7677,0
drop_vae_all,49,19,0,47.131,0.9976,0.7623,0
drop_vae_all,49,19,1,47.397,0.9977,0.7690,0
drop_vae_all,49,19,2,46.104,0.9972,0.7625,0
drop_vae_all,49,19,3,45.864,0.9971,0.7569,0
drop_vae_all,50,20,0,46.853,0.9976,0.7617,0
drop_vae_all,50,20,1,45.667,0.9976,0.7673,0
drop_vae_all,50,20,2,44.429,0.9973,0.7634,0
drop_vae_all,50,20,3,44.253,0.9971,0.7612,0
drop_vae_all,51,21,0,45.431,0.9975,0.7650,0
drop_vae_all,51,21,1,45.095,0.9974,0.7671,0
drop_vae_all,51,21,2,44.994,0.9974,0.7666,0
drop_vae_all,51,21,3,44.831,0.9973,0.7645,0
drop_vae_all,52,22,0,45.680,0.9976,0.7694,0
drop_vae_all,52,22,1,46.049,0.9976,0.7679,0
drop_vae_all,52,22,2,45.678,0.9975,0.7648,0
drop_vae_all,52,22,3,45.375,0.9974,0.7633,0
drop_vae_all,53,23,0,46.179,0.9976,0.7679,0
drop_vae_all,53,23,1,46.037,0.9975,0.7695,0
drop_vae_all,53,23,2,45.830,0.9974,0.7683,0
drop_vae_all,53,23,3,45.684,0.9974,0.7685,0
drop_vae_all,54,24,0,45.836,0.9975,0.7609,0
drop_vae_all,54,24,1,46.877,0.9976,0.7702,0
drop_vae_all,54,24,2,43.945,0.9969,0.7626,0
drop_vae_all,54,24,3,43.673,0.9969,0.7585,0
drop_vae_all,55,25,0,44.846,0.9972,0.7650,0
drop_vae_all,55,25,1,46.227,0.9975,0.7683,0
drop_vae_all,55,25,2,46.005,0.9975,0.7665,0
drop_vae_all,55,25,3,45.764,0.9974,0.7624,0
drop_vae_all,56,26,0,46.396,0.9977,0.7637,0
drop_vae_all,56,26,1,46.632,0.9978,0.7699,0
drop_vae_all,56,26,2,46.503,0.9977,0.7645,0
drop_vae_all,56,26,3,46.282,0.9977,0.7565,0
drop_vae_all,57,27,0,46.880,0.9978,0.7556,0
drop_vae_all,57,27,1,47.090,0.9978,0.7693,0
drop_vae_all,57,27,2,46.845,0.9978,0.7678,0
drop_vae_all,57,27,3,46.331,0.9976,0.7586,0
drop_vae_all,58,28,0,47.322,0.9978,0.7568,0
drop_vae_all,58,28,1,47.384,0.9978,0.7695,0
drop_vae_all,58,28,2,46.863,0.9977,0.7649,0
drop_vae_all,58,28,3,46.684,0.9976,0.7621,0
drop_vae_all,59,29,0,47.831,0.9979,0.7684,0
drop_vae_all,59,29,1,47.339,0.9978,0.7700,0
drop_vae_all,59,29,2,47.301,0.9978,0.7682,0
drop_vae_all,59,29,3,47.188,0.9977,0.7665,0
drop_vae_all,60,30,0,47.619,0.9979,0.7729,0
drop_vae_all,60,30,1,47.768,0.9979,0.7741,0
drop_vae_all,60,30,2,46.416,0.9977,0.7764,0
drop_vae_all,60,30,3,46.237,0.9976,0.7714,0
drop_vae_all,61,31,0,46.945,0.9978,0.7802,0
drop_vae_all,61,31,1,47.007,0.9978,0.7809,0
drop_vae_all,61,31,2,46.551,0.9976,0.7817,0
drop_vae_all,61,31,3,46.568,0.9976,0.7814,0
drop_vae_all,62,32,0,46.278,0.9975,0.7790,0
drop_vae_all,62,32,1,43.562,0.9969,0.7608,0
drop_vae_all,62,32,2,43.181,0.9968,0.7646,0
drop_vae_all,62,32,3,43.070,0.9968,0.7648,0
drop_vae_all,63,33,0,44.937,0.9975,0.7751,0
drop_vae_all,63,33,1,46.152,0.9977,0.7772,0
drop_vae_all,63,33,2,46.194,0.9978,0.7787,0
drop_vae_all,63,33,3,46.069,0.9977,0.7739,0
drop_vae_all,64,34,0,46.325,0.9978,0.7768,0
drop_vae_all,64,34,1,46.184,0.9978,0.7795,0
drop_vae_all,64,34,2,45.913,0.9978,0.7775,0
drop_vae_all,64,34,3,45.668,0.9977,0.7719,0
drop_vae_all,65,35,0,46.379,0.9979,0.7787,0
drop_vae_all,65,35,1,46.459,0.9979,0.7847,0
drop_vae_all,65,35,2,46.210,0.9979,0.7852,0
drop_vae_all,65,35,3,46.362,0.9978,0.7785,0
drop_vae_all,66,36,0,47.381,0.9981,0.7848,0
drop_vae_all,66,36,1,47.218,0.9980,0.7846,0
drop_vae_all,66,36,2,46.862,0.9980,0.7880,0
drop_vae_all,66,36,3,46.498,0.9979,0.7851,0
drop_vae_all,67,37,0,47.317,0.9981,0.7885,0
drop_vae_all,67,37,1,48.162,0.9980,0.7938,0
drop_vae_all,67,37,2,46.576,0.9979,0.7930,0
drop_vae_all,67,37,3,46.122,0.9977,0.7904,0
drop_vae_all,68,38,0,47.441,0.9981,0.7945,0
drop_vae_all,68,38,1,47.540,0.9981,0.7905,0
drop_vae_all,68,38,2,46.735,0.9979,0.7901,0
drop_vae_all,68,38,3,46.769,0.9979,0.7868,0
drop_vae_all,69,39,0,48.028,0.9982,0.7831,0
drop_vae_all,69,39,1,47.854,0.9982,0.7817,0
drop_vae_all,69,39,2,47.542,0.9981,0.7849,0
drop_vae_all,69,39,3,47.436,0.9980,0.7855,0
ph_zero_8,0,-30,0,99.000,,,0
ph_zero_8,0,-30,1,99.000,,,0
ph_zero_8,0,-30,2,99.000,,,0
ph_zero_8,0,-30,3,99.000,,,0
ph_zero_8,1,-29,0,99.000,,,0
ph_zero_8,1,-29,1,99.000,,,0
ph_zero_8,1,-29,2,99.000,,,0
ph_zero_8,1,-29,3,99.000,,,0
ph_zero_8,2,-28,0,99.000,,,0
ph_zero_8,2,-28,1,99.000,,,0
ph_zero_8,2,-28,2,99.000,,,0
ph_zero_8,2,-28,3,99.000,,,0
ph_zero_8,3,-27,0,99.000,,,0
ph_zero_8,3,-27,1,99.000,,,0
ph_zero_8,3,-27,2,99.000,,,0
ph_zero_8,3,-27,3,99.000,,,0
ph_zero_8,4,-26,0,99.000,,,0
ph_zero_8,4,-26,1,99.000,,,0
ph_zero_8,4,-26,2,99.000,,,0
ph_zero_8,4,-26,3,99.000,,,0
ph_zero_8,5,-25,0,99.000,,,0
ph_zero_8,5,-25,1,99.000,,,0
ph_zero_8,5,-25,2,99.000,,,0
ph_zero_8,5,-25,3,99.000,,,0
ph_zero_8,6,-24,0,99.000,,,0
ph_zero_8,6,-24,1,99.000,,,0
ph_zero_8,6,-24,2,99.000,,,0
ph_zero_8,6,-24,3,99.000,,,0
ph_zero_8,7,-23,0,99.000,,,0
ph_zero_8,7,-23,1,99.000,,,0
ph_zero_8,7,-23,2,99.000,,,0
ph_zero_8,7,-23,3,99.000,,,0
ph_zero_8,8,-22,0,99.000,,,0
ph_zero_8,8,-22,1,99.000,,,0
ph_zero_8,8,-22,2,99.000,,,0
ph_zero_8,8,-22,3,99.000,,,0
ph_zero_8,9,-21,0,99.000,,,0
ph_zero_8,9,-21,1,99.000,,,0
ph_zero_8,9,-21,2,99.000,,,0
ph_zero_8,9,-21,3,99.000,,,0
ph_zero_8,10,-20,0,99.000,,,0
ph_zero_8,10,-20,1,99.000,,,0
ph_zero_8,10,-20,2,99.000,,,0
ph_zero_8,10,-20,3,99.000,,,0
ph_zero_8,11,-19,0,99.000,,,0
ph_zero_8,11,-19,1,99.000,,,0
ph_zero_8,11,-19,2,99.000,,,0
ph_zero_8,11,-19,3,99.000,,,0
ph_zero_8,12,-18,0,99.000,,,0
ph_zero_8,12,-18,1,99.000,,,0
ph_zero_8,12,-18,2,99.000,,,0
ph_zero_8,12,-18,3,99.000,,,0
ph_zero_8,13,-17,0,99.000,,,0
ph_zero_8,13,-17,1,99.000,,,0
ph_zero_8,13,-17,2,99.000,,,0
ph_zero_8,13,-17,3,99.000,,,0
ph_zero_8,14,-16,0,99.000,,,0
ph_zero_8,14,-16,1,99.000,,,0
ph_zero_8,14,-16,2,99.000,,,0
ph_zero_8,14,-16,3,99.000,,,0
ph_zero_8,15,-15,0,99.000,,,0
ph_zero_8,15,-15,1,99.000,,,0
ph_zero_8,15,-15,2,99.000,,,0
ph_zero_8,15,-15,3,99.000,,,0
ph_zero_8,16,-14,0,99.000,,,0
ph_zero_8,16,-14,1,99.000,,,0
ph_zero_8,16,-14,2,99.000,,,0
ph_zero_8,16,-14,3,99.000,,,0
ph_zero_8,17,-13,0,99.000,,,0
ph_zero_8,17,-13,1,99.000,,,0
ph_zero_8,17,-13,2,99.000,,,0
ph_zero_8,17,-13,3,99.000,,,0
ph_zero_8,18,-12,0,99.000,,,0
ph_zero_8,18,-12,1,99.000,,,0
ph_zero_8,18,-12,2,99.000,,,0
ph_zero_8,18,-12,3,99.000,,,0
ph_zero_8,19,-11,0,99.000,,,0
ph_zero_8,19,-11,1,99.000,,,0
ph_zero_8,19,-11,2,99.000,,,0
ph_zero_8,19,-11,3,99.000,,,0
ph_zero_8,20,-10,0,99.000,,,0
ph_zero_8,20,-10,1,99.000,,,0
ph_zero_8,20,-10,2,99.000,,,0
ph_zero_8,20,-10,3,99.000,,,0
ph_zero_8,21,-9,0,99.000,,,0
ph_zero_8,21,-9,1,99.000,,,0
ph_zero_8,21,-9,2,99.000,,,0
ph_zero_8,21,-9,3,99.000,,,0
ph_zero_8,22,-8,0,99.000,,,0
ph_zero_8,22,-8,1,99.000,,,0
ph_zero_8,22,-8,2,99.000,,,0
ph_zero_8,22,-8,3,99.000,,,0
ph_zero_8,23,-7,0,99.000,,,0
ph_zero_8,23,-7,1,99.000,,,0
ph_zero_8,23,-7,2,99.000,,,0
ph_zero_8,23,-7,3,99.000,,,0
ph_zero_8,24,-6,0,99.000,,,0
ph_zero_8,24,-6,1,99.000,,,0
ph_zero_8,24,-6,2,99.000,,,0
ph_zero_8,24,-6,3,99.000,,,0
ph_zero_8,25,-5,0,99.000,,,0
ph_zero_8,25,-5,1,99.000,,,0
ph_zero_8,25,-5,2,99.000,,,0
ph_zero_8,25,-5,3,99.000,,,0
ph_zero_8,26,-4,0,99.000,,,0
ph_zero_8,26,-4,1,99.000,,,0
ph_zero_8,26,-4,2,99.000,,,0
ph_zero_8,26,-4,3,99.000,,,0
ph_zero_8,27,-3,0,99.000,,,0
ph_zero_8,27,-3,1,99.000,,,0
ph_zero_8,27,-3,2,99.000,,,0
ph_zero_8,27,-3,3,99.000,,,0
ph_zero_8,28,-2,0,99.000,,,0
ph_zero_8,28,-2,1,99.000,,,0
ph_zero_8,28,-2,2,99.000,,,0
ph_zero_8,28,-2,3,99.000,,,0
ph_zero_8,29,-1,0,99.000,,,0
ph_zero_8,29,-1,1,99.000,,,0
ph_zero_8,29,-1,2,99.000,,,0
ph_zero_8,29,-1,3,99.000,,,0
ph_zero_8,30,0,0,28.243,0.9442,0.7746,0
ph_zero_8,30,0,1,25.474,0.9291,0.7958,0
ph_zero_8,30,0,2,23.390,0.8915,0.7753,0
ph_zero_8,30,0,3,22.870,0.8805,0.7669,0
ph_zero_8,31,1,0,23.824,0.8866,0.7725,0
ph_zero_8,31,1,1,23.287,0.8778,0.7731,0
ph_zero_8,31,1,2,22.912,0.8751,0.7689,0
ph_zero_8,31,1,3,22.763,0.8701,0.7626,0
ph_zero_8,32,2,0,22.989,0.8711,0.7661,0
ph_zero_8,32,2,1,22.849,0.8695,0.7669,0
ph_zero_8,32,2,2,22.671,0.8676,0.7636,0
ph_zero_8,32,2,3,22.553,0.8642,0.7590,0
ph_zero_8,33,3,0,22.814,0.8638,0.7629,0
ph_zero_8,33,3,1,22.642,0.8587,0.7637,0
ph_zero_8,33,3,2,22.333,0.8546,0.7628,0
ph_zero_8,33,3,3,22.110,0.8500,0.7582,0
ph_zero_8,34,4,0,22.216,0.8517,0.7606,0
ph_zero_8,34,4,1,22.634,0.8477,0.7617,0
ph_zero_8,34,4,2,22.668,0.8488,0.7600,0
ph_zero_8,34,4,3,22.558,0.8436,0.7536,0
ph_zero_8,35,5,0,22.907,0.8584,0.7693,0
ph_zero_8,35,5,1,22.899,0.8619,0.7716,0
ph_zero_8,35,5,2,22.843,0.8612,0.7712,0
ph_zero_8,35,5,3,22.795,0.8605,0.7691,0
ph_zero_8,36,6,0,22.974,0.8648,0.7792,0
ph_zero_8,36,6,1,22.857,0.8635,0.7814,0
ph_zero_8,36,6,2,22.781,0.8614,0.7808,0
ph_zero_8,36,6,3,22.716,0.8602,0.7773,0
ph_zero_8,37,7,0,22.788,0.8643,0.7819,0
ph_zero_8,37,7,1,22.489,0.8619,0.7740,0
ph_zero_8,37,7,2,21.343,0.8530,0.7753,0
ph_zero_8,37,7,3,21.229,0.8496,0.7666,0
ph_zero_8,38,8,0,21.494,0.8707,0.7741,0
ph_zero_8,38,8,1,22.049,0.8815,0.7737,0
ph_zero_8,38,8,2,21.760,0.8812,0.7705,0
ph_zero_8,38,8,3,21.748,0.8811,0.7593,0
ph_zero_8,39,9,0,22.081,0.8917,0.7627,0
ph_zero_8,39,9,1,22.482,0.8986,0.7613,0
ph_zero_8,39,9,2,22.607,0.8999,0.7611,0
ph_zero_8,39,9,3,22.631,0.8997,0.7573,0
ph_zero_8,40,10,0,22.801,0.9044,0.7640,0
ph_zero_8,40,10,1,22.840,0.9017,0.7684,0
ph_zero_8,40,10,2,23.486,0.9092,0.7669,0
ph_zero_8,40,10,3,23.592,0.9095,0.7572,0
ph_zero_8,41,11,0,27.519,0.9388,0.7741,0
ph_zero_8,41,11,1,28.074,0.9444,0.7763,0
ph_zero_8,41,11,2,28.218,0.9454,0.7758,0
ph_zero_8,41,11,3,28.305,0.9464,0.7710,0
ph_zero_8,42,12,0,29.969,0.9584,0.7803,0
ph_zero_8,42,12,1,30.720,0.9649,0.7781,0
ph_zero_8,42,12,2,30.889,0.9661,0.7755,0
ph_zero_8,42,12,3,30.917,0.9664,0.7674,0
ph_zero_8,43,13,0,31.799,0.9712,0.7714,0
ph_zero_8,43,13,1,32.981,0.9778,0.7693,0
ph_zero_8,43,13,2,33.591,0.9808,0.7603,0
ph_zero_8,43,13,3,33.573,0.9809,0.7436,0
ph_zero_8,44,14,0,35.327,0.9850,0.7566,0
ph_zero_8,44,14,1,36.686,0.9885,0.7579,0
ph_zero_8,44,14,2,37.017,0.9894,0.7557,0
ph_zero_8,44,14,3,37.073,0.9895,0.7487,0
ph_zero_8,45,15,0,38.478,0.9915,0.7608,0
ph_zero_8,45,15,1,39.440,0.9928,0.7620,0
ph_zero_8,45,15,2,39.527,0.9931,0.7582,0
ph_zero_8,45,15,3,39.490,0.9930,0.7548,0
ph_zero_8,46,16,0,40.793,0.9940,0.7642,0
ph_zero_8,46,16,1,41.231,0.9943,0.7666,0
ph_zero_8,46,16,2,41.179,0.9943,0.7667,0
ph_zero_8,46,16,3,41.114,0.9943,0.7639,0
ph_zero_8,47,17,0,42.216,0.9951,0.7684,0
ph_zero_8,47,17,1,43.237,0.9958,0.7699,0
ph_zero_8,47,17,2,43.956,0.9963,0.7703,0
ph_zero_8,47,17,3,43.690,0.9962,0.7691,0
ph_zero_8,48,18,0,44.782,0.9967,0.7734,0
ph_zero_8,48,18,1,45.427,0.9970,0.7738,0
ph_zero_8,48,18,2,45.771,0.9971,0.7712,0
ph_zero_8,48,18,3,45.465,0.9971,0.7680,0
ph_zero_8,49,19,0,46.354,0.9974,0.7625,0
ph_zero_8,49,19,1,47.763,0.9977,0.7691,0
ph_zero_8,49,19,2,46.384,0.9974,0.7624,0
ph_zero_8,49,19,3,46.258,0.9974,0.7570,0
ph_zero_8,50,20,0,47.403,0.9978,0.7617,0
ph_zero_8,50,20,1,48.551,0.9980,0.7673,0
ph_zero_8,50,20,2,47.772,0.9979,0.7632,0
ph_zero_8,50,20,3,47.778,0.9979,0.7610,0
ph_zero_8,51,21,0,48.381,0.9981,0.7649,0
ph_zero_8,51,21,1,48.356,0.9981,0.7671,0
ph_zero_8,51,21,2,48.162,0.9980,0.7666,0
ph_zero_8,51,21,3,48.038,0.9980,0.7645,0
ph_zero_8,52,22,0,48.741,0.9982,0.7693,0
ph_zero_8,52,22,1,48.750,0.9981,0.7679,0
ph_zero_8,52,22,2,48.169,0.9980,0.7647,0
ph_zero_8,52,22,3,47.828,0.9979,0.7632,0
ph_zero_8,53,23,0,48.342,0.9981,0.7679,0
ph_zero_8,53,23,1,47.847,0.9980,0.7695,0
ph_zero_8,53,23,2,47.237,0.9979,0.7681,0
ph_zero_8,53,23,3,47.088,0.9978,0.7685,0
ph_zero_8,54,24,0,47.785,0.9980,0.7607,0
ph_zero_8,54,24,1,49.449,0.9981,0.7704,0
ph_zero_8,54,24,2,46.290,0.9977,0.7627,0
ph_zero_8,54,24,3,46.122,0.9977,0.7586,0
ph_zero_8,55,25,0,47.661,0.9980,0.7652,0
ph_zero_8,55,25,1,48.493,0.9981,0.7685,0
ph_zero_8,55,25,2,48.249,0.9981,0.7667,0
ph_zero_8,55,25,3,48.128,0.9980,0.7625,0
ph_zero_8,56,26,0,48.359,0.9982,0.7638,0
ph_zero_8,56,26,1,48.322,0.9982,0.7700,0
ph_zero_8,56,26,2,48.196,0.9981,0.7645,0
ph_zero_8,56,26,3,48.012,0.9981,0.7565,0
ph_zero_8,57,27,0,48.703,0.9983,0.7557,0
ph_zero_8,57,27,1,48.723,0.9982,0.7693,0
ph_zero_8,57,27,2,47.916,0.9981,0.7678,0
ph_zero_8,57,27,3,47.618,0.9981,0.7586,0
ph_zero_8,58,28,0,49.012,0.9982,0.7568,0
ph_zero_8,58,28,1,49.176,0.9982,0.7696,0
ph_zero_8,58,28,2,48.539,0.9981,0.7648,0
ph_zero_8,58,28,3,48.369,0.9980,0.7621,0
ph_zero_8,59,29,0,49.484,0.9983,0.7684,0
ph_zero_8,59,29,1,48.771,0.9982,0.7701,0
ph_zero_8,59,29,2,48.664,0.9981,0.7682,0
ph_zero_8,59,29,3,48.297,0.9980,0.7666,0
ph_zero_8,60,30,0,49.147,0.9983,0.7730,0
ph_zero_8,60,30,1,48.853,0.9982,0.7740,0
ph_zero_8,60,30,2,48.026,0.9982,0.7766,0
ph_zero_8,60,30,3,47.861,0.9981,0.7716,0
ph_zero_8,61,31,0,47.633,0.9981,0.7801,0
ph_zero_8,61,31,1,47.433,0.9980,0.7810,0
ph_zero_8,61,31,2,47.038,0.9979,0.7818,0
ph_zero_8,61,31,3,46.955,0.9978,0.7816,0
ph_zero_8,62,32,0,46.768,0.9978,0.7792,0
ph_zero_8,62,32,1,44.356,0.9974,0.7608,0
ph_zero_8,62,32,2,44.233,0.9973,0.7646,0
ph_zero_8,62,32,3,44.156,0.9973,0.7648,0
ph_zero_8,63,33,0,45.872,0.9979,0.7751,0
ph_zero_8,63,33,1,46.792,0.9980,0.7772,0
ph_zero_8,63,33,2,46.994,0.9980,0.7787,0
ph_zero_8,63,33,3,46.974,0.9980,0.7739,0
ph_zero_8,64,34,0,47.368,0.9981,0.7766,0
ph_zero_8,64,34,1,47.399,0.9981,0.7792,0
ph_zero_8,64,34,2,46.919,0.9981,0.7773,0
ph_zero_8,64,34,3,46.667,0.9980,0.7718,0
ph_zero_8,65,35,0,47.215,0.9981,0.7785,0
ph_zero_8,65,35,1,47.399,0.9982,0.7846,0
ph_zero_8,65,35,2,47.118,0.9981,0.7852,0
ph_zero_8,65,35,3,47.211,0.9981,0.7784,0
ph_zero_8,66,36,0,48.342,0.9983,0.7848,0
ph_zero_8,66,36,1,48.366,0.9983,0.7846,0
ph_zero_8,66,36,2,48.150,0.9982,0.7880,0
ph_zero_8,66,36,3,47.764,0.9981,0.7851,0
ph_zero_8,67,37,0,48.656,0.9984,0.7884,0
ph_zero_8,67,37,1,48.990,0.9982,0.7937,0
ph_zero_8,67,37,2,47.842,0.9981,0.7929,0
ph_zero_8,67,37,3,47.425,0.9980,0.7904,0
ph_zero_8,68,38,0,48.604,0.9984,0.7944,0
ph_zero_8,68,38,1,48.577,0.9983,0.7904,0
ph_zero_8,68,38,2,48.042,0.9982,0.7900,0
ph_zero_8,68,38,3,47.939,0.9982,0.7867,0
ph_zero_8,69,39,0,49.207,0.9984,0.7831,0
ph_zero_8,69,39,1,48.907,0.9984,0.7817,0
ph_zero_8,69,39,2,48.626,0.9983,0.7850,0
ph_zero_8,69,39,3,48.555,0.9983,0.7853,0
ph_local_8,0,-30,0,99.000,,,0
ph_local_8,0,-30,1,99.000,,,0
ph_local_8,0,-30,2,99.000,,,0
ph_local_8,0,-30,3,99.000,,,0
ph_local_8,1,-29,0,99.000,,,0
ph_local_8,1,-29,1,99.000,,,0
ph_local_8,1,-29,2,99.000,,,0
ph_local_8,1,-29,3,99.000,,,0
ph_local_8,2,-28,0,99.000,,,0
ph_local_8,2,-28,1,99.000,,,0
ph_local_8,2,-28,2,99.000,,,0
ph_local_8,2,-28,3,99.000,,,0
ph_local_8,3,-27,0,99.000,,,0
ph_local_8,3,-27,1,99.000,,,0
ph_local_8,3,-27,2,99.000,,,0
ph_local_8,3,-27,3,99.000,,,0
ph_local_8,4,-26,0,99.000,,,0
ph_local_8,4,-26,1,99.000,,,0
ph_local_8,4,-26,2,99.000,,,0
ph_local_8,4,-26,3,99.000,,,0
ph_local_8,5,-25,0,99.000,,,0
ph_local_8,5,-25,1,99.000,,,0
ph_local_8,5,-25,2,99.000,,,0
ph_local_8,5,-25,3,99.000,,,0
ph_local_8,6,-24,0,99.000,,,0
ph_local_8,6,-24,1,99.000,,,0
ph_local_8,6,-24,2,99.000,,,0
ph_local_8,6,-24,3,99.000,,,0
ph_local_8,7,-23,0,99.000,,,0
ph_local_8,7,-23,1,99.000,,,0
ph_local_8,7,-23,2,99.000,,,0
ph_local_8,7,-23,3,99.000,,,0
ph_local_8,8,-22,0,99.000,,,0
ph_local_8,8,-22,1,99.000,,,0
ph_local_8,8,-22,2,99.000,,,0
ph_local_8,8,-22,3,99.000,,,0
ph_local_8,9,-21,0,99.000,,,0
ph_local_8,9,-21,1,99.000,,,0
ph_local_8,9,-21,2,99.000,,,0
ph_local_8,9,-21,3,99.000,,,0
ph_local_8,10,-20,0,99.000,,,0
ph_local_8,10,-20,1,99.000,,,0
ph_local_8,10,-20,2,99.000,,,0
ph_local_8,10,-20,3,99.000,,,0
ph_local_8,11,-19,0,99.000,,,0
ph_local_8,11,-19,1,99.000,,,0
ph_local_8,11,-19,2,99.000,,,0
ph_local_8,11,-19,3,99.000,,,0
ph_local_8,12,-18,0,99.000,,,0
ph_local_8,12,-18,1,99.000,,,0
ph_local_8,12,-18,2,99.000,,,0
ph_local_8,12,-18,3,99.000,,,0
ph_local_8,13,-17,0,99.000,,,0
ph_local_8,13,-17,1,99.000,,,0
ph_local_8,13,-17,2,99.000,,,0
ph_local_8,13,-17,3,99.000,,,0
ph_local_8,14,-16,0,99.000,,,0
ph_local_8,14,-16,1,99.000,,,0
ph_local_8,14,-16,2,99.000,,,0
ph_local_8,14,-16,3,99.000,,,0
ph_local_8,15,-15,0,99.000,,,0
ph_local_8,15,-15,1,99.000,,,0
ph_local_8,15,-15,2,99.000,,,0
ph_local_8,15,-15,3,99.000,,,0
ph_local_8,16,-14,0,99.000,,,0
ph_local_8,16,-14,1,99.000,,,0
ph_local_8,16,-14,2,99.000,,,0
ph_local_8,16,-14,3,99.000,,,0
ph_local_8,17,-13,0,99.000,,,0
ph_local_8,17,-13,1,99.000,,,0
ph_local_8,17,-13,2,99.000,,,0
ph_local_8,17,-13,3,99.000,,,0
ph_local_8,18,-12,0,99.000,,,0
ph_local_8,18,-12,1,99.000,,,0
ph_local_8,18,-12,2,99.000,,,0
ph_local_8,18,-12,3,99.000,,,0
ph_local_8,19,-11,0,99.000,,,0
ph_local_8,19,-11,1,99.000,,,0
ph_local_8,19,-11,2,99.000,,,0
ph_local_8,19,-11,3,99.000,,,0
ph_local_8,20,-10,0,99.000,,,0
ph_local_8,20,-10,1,99.000,,,0
ph_local_8,20,-10,2,99.000,,,0
ph_local_8,20,-10,3,99.000,,,0
ph_local_8,21,-9,0,99.000,,,0
ph_local_8,21,-9,1,99.000,,,0
ph_local_8,21,-9,2,99.000,,,0
ph_local_8,21,-9,3,99.000,,,0
ph_local_8,22,-8,0,99.000,,,0
ph_local_8,22,-8,1,99.000,,,0
ph_local_8,22,-8,2,99.000,,,0
ph_local_8,22,-8,3,99.000,,,0
ph_local_8,23,-7,0,99.000,,,0
ph_local_8,23,-7,1,99.000,,,0
ph_local_8,23,-7,2,99.000,,,0
ph_local_8,23,-7,3,99.000,,,0
ph_local_8,24,-6,0,99.000,,,0
ph_local_8,24,-6,1,99.000,,,0
ph_local_8,24,-6,2,99.000,,,0
ph_local_8,24,-6,3,99.000,,,0
ph_local_8,25,-5,0,99.000,,,0
ph_local_8,25,-5,1,99.000,,,0
ph_local_8,25,-5,2,99.000,,,0
ph_local_8,25,-5,3,99.000,,,0
ph_local_8,26,-4,0,99.000,,,0
ph_local_8,26,-4,1,99.000,,,0
ph_local_8,26,-4,2,99.000,,,0
ph_local_8,26,-4,3,99.000,,,0
ph_local_8,27,-3,0,99.000,,,0
ph_local_8,27,-3,1,99.000,,,0
ph_local_8,27,-3,2,99.000,,,0
ph_local_8,27,-3,3,99.000,,,0
ph_local_8,28,-2,0,99.000,,,0
ph_local_8,28,-2,1,99.000,,,0
ph_local_8,28,-2,2,99.000,,,0
ph_local_8,28,-2,3,99.000,,,0
ph_local_8,29,-1,0,99.000,,,0
ph_local_8,29,-1,1,99.000,,,0
ph_local_8,29,-1,2,99.000,,,0
ph_local_8,29,-1,3,99.000,,,0
ph_local_8,30,0,0,28.433,0.9557,0.7773,0
ph_local_8,30,0,1,26.654,0.9482,0.8002,0
ph_local_8,30,0,2,24.328,0.9194,0.7805,0
ph_local_8,30,0,3,24.336,0.9105,0.7698,0
ph_local_8,31,1,0,26.013,0.9216,0.7702,0
ph_local_8,31,1,1,25.437,0.9118,0.7797,0
ph_local_8,31,1,2,25.061,0.9058,0.7716,0
ph_local_8,31,1,3,25.010,0.9040,0.7676,0
ph_local_8,32,2,0,25.537,0.9144,0.7721,0
ph_local_8,32,2,1,25.524,0.9184,0.7743,0
ph_local_8,32,2,2,25.439,0.9177,0.7741,0
ph_local_8,32,2,3,25.407,0.9176,0.7711,0
ph_local_8,33,3,0,25.494,0.9160,0.7739,0
ph_local_8,33,3,1,25.264,0.9112,0.7757,0
ph_local_8,33,3,2,25.219,0.9110,0.7766,0
ph_local_8,33,3,3,25.024,0.9085,0.7757,0
ph_local_8,34,4,0,25.084,0.9094,0.7739,0
ph_local_8,34,4,1,25.275,0.9091,0.7808,0
ph_local_8,34,4,2,25.190,0.9084,0.7779,0
ph_local_8,34,4,3,25.086,0.9063,0.7728,0
ph_local_8,35,5,0,24.924,0.9062,0.7795,0
ph_local_8,35,5,1,24.757,0.9042,0.7797,0
ph_local_8,35,5,2,24.658,0.9025,0.7787,0
ph_local_8,35,5,3,24.569,0.9015,0.7765,0
ph_local_8,36,6,0,24.774,0.9043,0.7828,0
ph_local_8,36,6,1,24.680,0.9033,0.7849,0
ph_local_8,36,6,2,24.567,0.9007,0.7855,0
ph_local_8,36,6,3,24.472,0.8998,0.7832,0
ph_local_8,37,7,0,24.563,0.9029,0.7869,0
ph_local_8,37,7,1,24.308,0.9031,0.7833,0
ph_local_8,37,7,2,23.804,0.8947,0.7823,0
ph_local_8,37,7,3,23.411,0.8876,0.7714,0
ph_local_8,38,8,0,25.617,0.9206,0.7811,0
ph_local_8,38,8,1,26.562,0.9318,0.7772,0
ph_local_8,38,8,2,26.516,0.9355,0.7761,0
ph_local_8,38,8,3,26.463,0.9346,0.7635,0
ph_local_8,39,9,0,27.294,0.9429,0.7647,0
ph_local_8,39,9,1,27.963,0.9505,0.7638,0
ph_local_8,39,9,2,28.092,0.9531,0.7632,0
ph_local_8,39,9,3,28.077,0.9530,0.7601,0
ph_local_8,40,10,0,28.274,0.9541,0.7664,0
ph_local_8,40,10,1,28.390,0.9518,0.7707,0
ph_local_8,40,10,2,29.140,0.9562,0.7706,0
ph_local_8,40,10,3,29.228,0.9568,0.7594,0
ph_local_8,41,11,0,31.822,0.9701,0.7758,0
ph_local_8,41,11,1,32.340,0.9735,0.7788,0
ph_local_8,41,11,2,32.495,0.9741,0.7778,0
ph_local_8,41,11,3,32.572,0.9745,0.7721,0
ph_local_8,42,12,0,34.118,0.9800,0.7813,0
ph_local_8,42,12,1,34.930,0.9838,0.7794,0
ph_local_8,42,12,2,35.202,0.9847,0.7766,0
ph_local_8,42,12,3,35.250,0.9847,0.7679,0
ph_local_8,43,13,0,36.152,0.9868,0.7715,0
ph_local_8,43,13,1,37.365,0.9895,0.7695,0
ph_local_8,43,13,2,37.984,0.9906,0.7605,0
ph_local_8,43,13,3,37.917,0.9906,0.7438,0
ph_local_8,44,14,0,40.031,0.9929,0.7570,0
ph_local_8,44,14,1,41.433,0.9943,0.7580,0
ph_local_8,44,14,2,41.587,0.9946,0.7558,0
ph_local_8,44,14,3,41.661,0.9946,0.7487,0
ph_local_8,45,15,0,42.776,0.9953,0.7608,0
ph_local_8,45,15,1,43.275,0.9956,0.7618,0
ph_local_8,45,15,2,43.353,0.9957,0.7580,0
ph_local_8,45,15,3,43.179,0.9957,0.7546,0
ph_local_8,46,16,0,44.177,0.9961,0.7642,0
ph_local_8,46,16,1,44.173,0.9962,0.7667,0
ph_local_8,46,16,2,44.177,0.9961,0.7669,0
ph_local_8,46,16,3,44.019,0.9961,0.7641,0
ph_local_8,47,17,0,45.079,0.9966,0.7684,0
ph_local_8,47,17,1,45.944,0.9969,0.7698,0
ph_local_8,47,17,2,45.965,0.9970,0.7701,0
ph_local_8,47,17,3,45.744,0.9969,0.7689,0
ph_local_8,48,18,0,46.531,0.9973,0.7732,0
ph_local_8,48,18,1,46.401,0.9973,0.7736,0
ph_local_8,48,18,2,46.603,0.9974,0.7710,0
ph_local_8,48,18,3,46.264,0.9973,0.7678,0
ph_local_8,49,19,0,47.160,0.9976,0.7624,0
ph_local_8,49,19,1,48.232,0.9978,0.7690,0
ph_local_8,49,19,2,46.938,0.9976,0.7624,0
ph_local_8,49,19,3,46.622,0.9975,0.7570,0
ph_local_8,50,20,0,47.696,0.9978,0.7617,0
ph_local_8,50,20,1,46.968,0.9979,0.7673,0
ph_local_8,50,20,2,45.832,0.9977,0.7632,0
ph_local_8,50,20,3,45.732,0.9977,0.7611,0
ph_local_8,51,21,0,47.331,0.9979,0.7650,0
ph_local_8,51,21,1,47.587,0.9980,0.7673,0
ph_local_8,51,21,2,47.316,0.9980,0.7667,0
ph_local_8,51,21,3,47.138,0.9979,0.7646,0
ph_local_8,52,22,0,47.508,0.9980,0.7694,0
ph_local_8,52,22,1,47.847,0.9980,0.7679,0
ph_local_8,52,22,2,47.498,0.9979,0.7647,0
ph_local_8,52,22,3,47.109,0.9979,0.7632,0
ph_local_8,53,23,0,47.334,0.9980,0.7678,0
ph_local_8,53,23,1,46.888,0.9980,0.7694,0
ph_local_8,53,23,2,46.570,0.9979,0.7682,0
ph_local_8,53,23,3,46.268,0.9978,0.7685,0
ph_local_8,54,24,0,46.995,0.9980,0.7609,0
ph_local_8,54,24,1,49.205,0.9981,0.7704,0
ph_local_8,54,24,2,46.003,0.9977,0.7627,0
ph_local_8,54,24,3,45.690,0.9976,0.7587,0
ph_local_8,55,25,0,46.390,0.9978,0.7652,0
ph_local_8,55,25,1,47.875,0.9980,0.7686,0
ph_local_8,55,25,2,47.603,0.9980,0.7668,0
ph_local_8,55,25,3,47.463,0.9979,0.7628,0
ph_local_8,56,26,0,47.994,0.9981,0.7639,0
ph_local_8,56,26,1,48.162,0.9982,0.7701,0
ph_local_8,56,26,2,48.141,0.9981,0.7646,0
ph_local_8,56,26,3,47.902,0.9981,0.7566,0
ph_local_8,57,27,0,48.385,0.9982,0.7558,0
ph_local_8,57,27,1,48.800,0.9982,0.7694,0
ph_local_8,57,27,2,47.889,0.9981,0.7678,0
ph_local_8,57,27,3,47.635,0.9981,0.7586,0
ph_local_8,58,28,0,48.365,0.9982,0.7567,0
ph_local_8,58,28,1,48.960,0.9982,0.7696,0
ph_local_8,58,28,2,48.486,0.9981,0.7648,0
ph_local_8,58,28,3,48.321,0.9981,0.7621,0
ph_local_8,59,29,0,49.422,0.9983,0.7683,0
ph_local_8,59,29,1,49.074,0.9982,0.7700,0
ph_local_8,59,29,2,48.762,0.9981,0.7682,0
ph_local_8,59,29,3,48.593,0.9981,0.7666,0
ph_local_8,60,30,0,49.176,0.9983,0.7729,0
ph_local_8,60,30,1,49.267,0.9982,0.7739,0
ph_local_8,60,30,2,47.747,0.9981,0.7766,0
ph_local_8,60,30,3,47.802,0.9981,0.7714,0
ph_local_8,61,31,0,47.307,0.9980,0.7802,0
ph_local_8,61,31,1,47.031,0.9978,0.7809,0
ph_local_8,61,31,2,46.728,0.9977,0.7817,0
ph_local_8,61,31,3,46.666,0.9976,0.7815,0
ph_local_8,62,32,0,46.549,0.9977,0.7790,0
ph_local_8,62,32,1,44.450,0.9974,0.7609,0
ph_local_8,62,32,2,44.285,0.9973,0.7646,0
ph_local_8,62,32,3,44.358,0.9973,0.7648,0
ph_local_8,63,33,0,46.412,0.9979,0.7752,0
ph_local_8,63,33,1,47.134,0.9980,0.7773,0
ph_local_8,63,33,2,47.023,0.9980,0.7787,0
ph_local_8,63,33,3,46.847,0.9979,0.7739,0
ph_local_8,64,34,0,47.331,0.9981,0.7768,0
ph_local_8,64,34,1,47.169,0.9981,0.7794,0
ph_local_8,64,34,2,46.822,0.9980,0.7774,0
ph_local_8,64,34,3,46.901,0.9980,0.7719,0
ph_local_8,65,35,0,47.363,0.9981,0.7786,0
ph_local_8,65,35,1,47.633,0.9982,0.7847,0
ph_local_8,65,35,2,47.326,0.9981,0.7853,0
ph_local_8,65,35,3,47.270,0.9981,0.7785,0
ph_local_8,66,36,0,48.260,0.9983,0.7848,0
ph_local_8,66,36,1,48.529,0.9983,0.7846,0
ph_local_8,66,36,2,48.026,0.9983,0.7880,0
ph_local_8,66,36,3,47.800,0.9982,0.7851,0
ph_local_8,67,37,0,48.609,0.9984,0.7885,0
ph_local_8,67,37,1,49.033,0.9983,0.7936,0
ph_local_8,67,37,2,47.577,0.9981,0.7929,0
ph_local_8,67,37,3,47.313,0.9980,0.7903,0
ph_local_8,68,38,0,48.150,0.9983,0.7944,0
ph_local_8,68,38,1,48.589,0.9983,0.7903,0
ph_local_8,68,38,2,47.973,0.9982,0.7900,0
ph_local_8,68,38,3,48.040,0.9982,0.7867,0
ph_local_8,69,39,0,49.052,0.9984,0.7830,0
ph_local_8,69,39,1,49.080,0.9983,0.7816,0
ph_local_8,69,39,2,48.750,0.9983,0.7849,0
ph_local_8,69,39,3,48.381,0.9982,0.7854,0
ph_localrefresh,0,-30,0,99.000,,,0
ph_localrefresh,0,-30,1,99.000,,,0
ph_localrefresh,0,-30,2,99.000,,,0
ph_localrefresh,0,-30,3,99.000,,,0
ph_localrefresh,1,-29,0,99.000,,,0
ph_localrefresh,1,-29,1,99.000,,,0
ph_localrefresh,1,-29,2,99.000,,,0
ph_localrefresh,1,-29,3,99.000,,,0
ph_localrefresh,2,-28,0,99.000,,,0
ph_localrefresh,2,-28,1,99.000,,,0
ph_localrefresh,2,-28,2,99.000,,,0
ph_localrefresh,2,-28,3,99.000,,,0
ph_localrefresh,3,-27,0,99.000,,,0
ph_localrefresh,3,-27,1,99.000,,,0
ph_localrefresh,3,-27,2,99.000,,,0
ph_localrefresh,3,-27,3,99.000,,,0
ph_localrefresh,4,-26,0,99.000,,,0
ph_localrefresh,4,-26,1,99.000,,,0
ph_localrefresh,4,-26,2,99.000,,,0
ph_localrefresh,4,-26,3,99.000,,,0
ph_localrefresh,5,-25,0,99.000,,,0
ph_localrefresh,5,-25,1,99.000,,,0
ph_localrefresh,5,-25,2,99.000,,,0
ph_localrefresh,5,-25,3,99.000,,,0
ph_localrefresh,6,-24,0,99.000,,,0
ph_localrefresh,6,-24,1,99.000,,,0
ph_localrefresh,6,-24,2,99.000,,,0
ph_localrefresh,6,-24,3,99.000,,,0
ph_localrefresh,7,-23,0,99.000,,,0
ph_localrefresh,7,-23,1,99.000,,,0
ph_localrefresh,7,-23,2,99.000,,,0
ph_localrefresh,7,-23,3,99.000,,,0
ph_localrefresh,8,-22,0,99.000,,,0
ph_localrefresh,8,-22,1,99.000,,,0
ph_localrefresh,8,-22,2,99.000,,,0
ph_localrefresh,8,-22,3,99.000,,,0
ph_localrefresh,9,-21,0,99.000,,,0
ph_localrefresh,9,-21,1,99.000,,,0
ph_localrefresh,9,-21,2,99.000,,,0
ph_localrefresh,9,-21,3,99.000,,,0
ph_localrefresh,10,-20,0,99.000,,,0
ph_localrefresh,10,-20,1,99.000,,,0
ph_localrefresh,10,-20,2,99.000,,,0
ph_localrefresh,10,-20,3,99.000,,,0
ph_localrefresh,11,-19,0,99.000,,,0
ph_localrefresh,11,-19,1,99.000,,,0
ph_localrefresh,11,-19,2,99.000,,,0
ph_localrefresh,11,-19,3,99.000,,,0
ph_localrefresh,12,-18,0,99.000,,,0
ph_localrefresh,12,-18,1,99.000,,,0
ph_localrefresh,12,-18,2,99.000,,,0
ph_localrefresh,12,-18,3,99.000,,,0
ph_localrefresh,13,-17,0,99.000,,,0
ph_localrefresh,13,-17,1,99.000,,,0
ph_localrefresh,13,-17,2,99.000,,,0
ph_localrefresh,13,-17,3,99.000,,,0
ph_localrefresh,14,-16,0,99.000,,,0
ph_localrefresh,14,-16,1,99.000,,,0
ph_localrefresh,14,-16,2,99.000,,,0
ph_localrefresh,14,-16,3,99.000,,,0
ph_localrefresh,15,-15,0,99.000,,,0
ph_localrefresh,15,-15,1,99.000,,,0
ph_localrefresh,15,-15,2,99.000,,,0
ph_localrefresh,15,-15,3,99.000,,,0
ph_localrefresh,16,-14,0,99.000,,,0
ph_localrefresh,16,-14,1,99.000,,,0
ph_localrefresh,16,-14,2,99.000,,,0
ph_localrefresh,16,-14,3,99.000,,,0
ph_localrefresh,17,-13,0,99.000,,,0
ph_localrefresh,17,-13,1,99.000,,,0
ph_localrefresh,17,-13,2,99.000,,,0
ph_localrefresh,17,-13,3,99.000,,,0
ph_localrefresh,18,-12,0,99.000,,,0
ph_localrefresh,18,-12,1,99.000,,,0
ph_localrefresh,18,-12,2,99.000,,,0
ph_localrefresh,18,-12,3,99.000,,,0
ph_localrefresh,19,-11,0,99.000,,,0
ph_localrefresh,19,-11,1,99.000,,,0
ph_localrefresh,19,-11,2,99.000,,,0
ph_localrefresh,19,-11,3,99.000,,,0
ph_localrefresh,20,-10,0,99.000,,,0
ph_localrefresh,20,-10,1,99.000,,,0
ph_localrefresh,20,-10,2,99.000,,,0
ph_localrefresh,20,-10,3,99.000,,,0
ph_localrefresh,21,-9,0,99.000,,,0
ph_localrefresh,21,-9,1,99.000,,,0
ph_localrefresh,21,-9,2,99.000,,,0
ph_localrefresh,21,-9,3,99.000,,,0
ph_localrefresh,22,-8,0,99.000,,,0
ph_localrefresh,22,-8,1,99.000,,,0
ph_localrefresh,22,-8,2,99.000,,,0
ph_localrefresh,22,-8,3,99.000,,,0
ph_localrefresh,23,-7,0,99.000,,,0
ph_localrefresh,23,-7,1,99.000,,,0
ph_localrefresh,23,-7,2,99.000,,,0
ph_localrefresh,23,-7,3,99.000,,,0
ph_localrefresh,24,-6,0,99.000,,,0
ph_localrefresh,24,-6,1,99.000,,,0
ph_localrefresh,24,-6,2,99.000,,,0
ph_localrefresh,24,-6,3,99.000,,,0
ph_localrefresh,25,-5,0,99.000,,,0
ph_localrefresh,25,-5,1,99.000,,,0
ph_localrefresh,25,-5,2,99.000,,,0
ph_localrefresh,25,-5,3,99.000,,,0
ph_localrefresh,26,-4,0,99.000,,,0
ph_localrefresh,26,-4,1,99.000,,,0
ph_localrefresh,26,-4,2,99.000,,,0
ph_localrefresh,26,-4,3,99.000,,,0
ph_localrefresh,27,-3,0,99.000,,,0
ph_localrefresh,27,-3,1,99.000,,,0
ph_localrefresh,27,-3,2,99.000,,,0
ph_localrefresh,27,-3,3,99.000,,,0
ph_localrefresh,28,-2,0,99.000,,,0
ph_localrefresh,28,-2,1,99.000,,,0
ph_localrefresh,28,-2,2,99.000,,,0
ph_localrefresh,28,-2,3,99.000,,,0
ph_localrefresh,29,-1,0,99.000,,,0
ph_localrefresh,29,-1,1,99.000,,,0
ph_localrefresh,29,-1,2,99.000,,,0
ph_localrefresh,29,-1,3,99.000,,,0
ph_localrefresh,30,0,0,27.176,0.9395,0.7769,0
ph_localrefresh,30,0,1,26.835,0.9440,0.7991,0
ph_localrefresh,30,0,2,23.872,0.9077,0.7772,0
ph_localrefresh,30,0,3,23.852,0.8982,0.7698,0
ph_localrefresh,31,1,0,24.994,0.9091,0.7712,0
ph_localrefresh,31,1,1,24.851,0.9061,0.7806,0
ph_localrefresh,31,1,2,24.508,0.9029,0.7736,0
ph_localrefresh,31,1,3,24.396,0.9006,0.7690,0
ph_localrefresh,32,2,0,24.826,0.9085,0.7727,0
ph_localrefresh,32,2,1,24.820,0.9117,0.7749,0
ph_localrefresh,32,2,2,24.791,0.9110,0.7747,0
ph_localrefresh,32,2,3,24.778,0.9106,0.7720,0
ph_localrefresh,33,3,0,24.956,0.9084,0.7727,0
ph_localrefresh,33,3,1,24.844,0.9026,0.7732,0
ph_localrefresh,33,3,2,24.807,0.9013,0.7738,0
ph_localrefresh,33,3,3,24.557,0.8979,0.7727,0
ph_localrefresh,34,4,0,24.508,0.8979,0.7685,0
ph_localrefresh,34,4,1,24.499,0.8891,0.7734,0
ph_localrefresh,34,4,2,24.153,0.8878,0.7714,0
ph_localrefresh,34,4,3,23.991,0.8852,0.7662,0
ph_localrefresh,35,5,0,24.120,0.8876,0.7736,0
ph_localrefresh,35,5,1,23.898,0.8851,0.7754,0
ph_localrefresh,35,5,2,23.687,0.8827,0.7745,0
ph_localrefresh,35,5,3,23.575,0.8811,0.7716,0
ph_localrefresh,36,6,0,23.592,0.8815,0.7775,0
ph_localrefresh,36,6,1,23.541,0.8811,0.7793,0
ph_localrefresh,36,6,2,23.375,0.8781,0.7795,0
ph_localrefresh,36,6,3,23.288,0.8769,0.7770,0
ph_localrefresh,37,7,0,23.668,0.8791,0.7826,0
ph_localrefresh,37,7,1,23.510,0.8824,0.7786,0
ph_localrefresh,37,7,2,22.740,0.8741,0.7774,0
ph_localrefresh,37,7,3,22.296,0.8665,0.7706,0
ph_localrefresh,38,8,0,22.740,0.8760,0.7730,0
ph_localrefresh,38,8,1,23.200,0.8816,0.7678,0
ph_localrefresh,38,8,2,22.940,0.8821,0.7667,0
ph_localrefresh,38,8,3,22.852,0.8802,0.7533,0
ph_localrefresh,39,9,0,23.092,0.8750,0.7545,0
ph_localrefresh,39,9,1,22.844,0.8791,0.7571,0
ph_localrefresh,39,9,2,22.739,0.8798,0.7544,0
ph_localrefresh,39,9,3,22.703,0.8789,0.7494,0
ph_localrefresh,40,10,0,22.820,0.8809,0.7565,0
ph_localrefresh,40,10,1,23.304,0.8819,0.7618,0
ph_localrefresh,40,10,2,22.265,0.8725,0.7599,0
ph_localrefresh,40,10,3,22.257,0.8712,0.7490,0
ph_localrefresh,41,11,0,23.545,0.8821,0.7697,0
ph_localrefresh,41,11,1,23.339,0.8799,0.7721,0
ph_localrefresh,41,11,2,23.314,0.8793,0.7702,0
ph_localrefresh,41,11,3,23.294,0.8789,0.7636,0
ph_localrefresh,42,12,0,23.145,0.8764,0.7735,0
ph_localrefresh,42,12,1,22.771,0.8679,0.7730,0
ph_localrefresh,42,12,2,22.625,0.8648,0.7689,0
ph_localrefresh,42,12,3,22.581,0.8642,0.7561,0
ph_localrefresh,43,13,0,22.945,0.8713,0.7665,0
ph_localrefresh,43,13,1,22.948,0.8759,0.7658,0
ph_localrefresh,43,13,2,22.777,0.8750,0.7551,0
ph_localrefresh,43,13,3,22.701,0.8735,0.7355,0
ph_localrefresh,44,14,0,22.997,0.8751,0.7504,0
ph_localrefresh,44,14,1,22.983,0.8794,0.7529,0
ph_localrefresh,44,14,2,22.984,0.8801,0.7492,0
ph_localrefresh,44,14,3,22.976,0.8792,0.7409,0
ph_localrefresh,45,15,0,23.021,0.8766,0.7506,0
ph_localrefresh,45,15,1,22.995,0.8762,0.7511,0
ph_localrefresh,45,15,2,23.013,0.8755,0.7464,0
ph_localrefresh,45,15,3,22.989,0.8747,0.7418,0
ph_localrefresh,46,16,0,23.197,0.8760,0.7542,0
ph_localrefresh,46,16,1,23.240,0.8777,0.7591,0
ph_localrefresh,46,16,2,23.225,0.8765,0.7606,0
ph_localrefresh,46,16,3,23.213,0.8762,0.7599,0
ph_localrefresh,47,17,0,23.352,0.8779,0.7651,0
ph_localrefresh,47,17,1,23.155,0.8693,0.7624,0
ph_localrefresh,47,17,2,22.722,0.8567,0.7581,0
ph_localrefresh,47,17,3,22.526,0.8513,0.7559,0
ph_localrefresh,48,18,0,22.978,0.8643,0.7664,0
ph_localrefresh,48,18,1,22.823,0.8647,0.7684,0
ph_localrefresh,48,18,2,22.462,0.8587,0.7681,0
ph_localrefresh,48,18,3,22.247,0.8540,0.7657,0
ph_localrefresh,49,19,0,22.559,0.8639,0.7579,0
ph_localrefresh,49,19,1,21.941,0.8650,0.7636,0
ph_localrefresh,49,19,2,21.707,0.8613,0.7590,0
ph_localrefresh,49,19,3,21.599,0.8548,0.7547,0
ph_localrefresh,50,20,0,22.004,0.8646,0.7612,0
ph_localrefresh,50,20,1,22.660,0.8733,0.7620,0
ph_localrefresh,50,20,2,22.639,0.8720,0.7626,0
ph_localrefresh,50,20,3,22.655,0.8716,0.7592,0
ph_localrefresh,51,21,0,23.122,0.8826,0.7641,0
ph_localrefresh,51,21,1,23.222,0.8870,0.7679,0
ph_localrefresh,51,21,2,23.294,0.8880,0.7666,0
ph_localrefresh,51,21,3,23.282,0.8884,0.7632,0
ph_localrefresh,52,22,0,23.322,0.8908,0.7668,0
ph_localrefresh,52,22,1,23.244,0.8908,0.7657,0
ph_localrefresh,52,22,2,23.140,0.8890,0.7619,0
ph_localrefresh,52,22,3,23.081,0.8883,0.7601,0
ph_localrefresh,53,23,0,22.951,0.8848,0.7669,0
ph_localrefresh,53,23,1,22.809,0.8830,0.7686,0
ph_localrefresh,53,23,2,22.696,0.8803,0.7665,0
ph_localrefresh,53,23,3,22.627,0.8788,0.7653,0
ph_localrefresh,54,24,0,22.586,0.8794,0.7609,0
ph_localrefresh,54,24,1,22.219,0.8753,0.7672,0
ph_localrefresh,54,24,2,21.632,0.8625,0.7588,0
ph_localrefresh,54,24,3,21.577,0.8610,0.7555,0
ph_localrefresh,55,25,0,21.378,0.8633,0.7662,0
ph_localrefresh,55,25,1,21.629,0.8693,0.7695,0
ph_localrefresh,55,25,2,21.522,0.8696,0.7667,0
ph_localrefresh,55,25,3,21.472,0.8686,0.7622,0
ph_localrefresh,56,26,0,21.448,0.8697,0.7650,0
ph_localrefresh,56,26,1,21.712,0.8706,0.7669,0
ph_localrefresh,56,26,2,21.706,0.8706,0.7627,0
ph_localrefresh,56,26,3,21.645,0.8701,0.7576,0
ph_localrefresh,57,27,0,21.727,0.8691,0.7575,0
ph_localrefresh,57,27,1,22.037,0.8731,0.7706,0
ph_localrefresh,57,27,2,21.952,0.8751,0.7657,0
ph_localrefresh,57,27,3,21.772,0.8672,0.7551,0
ph_localrefresh,58,28,0,22.263,0.8741,0.7580,0
ph_localrefresh,58,28,1,23.055,0.8813,0.7682,0
ph_localrefresh,58,28,2,23.026,0.8800,0.7626,0
ph_localrefresh,58,28,3,23.057,0.8808,0.7593,0
ph_localrefresh,59,29,0,23.161,0.8858,0.7682,0
ph_localrefresh,59,29,1,23.054,0.8852,0.7708,0
ph_localrefresh,59,29,2,22.936,0.8841,0.7684,0
ph_localrefresh,59,29,3,22.890,0.8839,0.7667,0
ph_localrefresh,60,30,0,23.186,0.8888,0.7727,0
ph_localrefresh,60,30,1,23.387,0.8923,0.7762,0
ph_localrefresh,60,30,2,22.612,0.8850,0.7803,0
ph_localrefresh,60,30,3,22.654,0.8853,0.7767,0
ph_localrefresh,61,31,0,22.619,0.8863,0.7844,0
ph_localrefresh,61,31,1,22.806,0.8912,0.7842,0
ph_localrefresh,61,31,2,22.735,0.8906,0.7840,0
ph_localrefresh,61,31,3,22.738,0.8908,0.7840,0
ph_localrefresh,62,32,0,22.715,0.8895,0.7808,0
ph_localrefresh,62,32,1,21.638,0.8754,0.7533,0
ph_localrefresh,62,32,2,21.792,0.8770,0.7559,0
ph_localrefresh,62,32,3,21.754,0.8767,0.7566,0
ph_localrefresh,63,33,0,21.940,0.8714,0.7732,0
ph_localrefresh,63,33,1,21.798,0.8715,0.7738,0
ph_localrefresh,63,33,2,21.313,0.8701,0.7723,0
ph_localrefresh,63,33,3,21.081,0.8641,0.7647,0
ph_localrefresh,64,34,0,21.295,0.8666,0.7671,0
ph_localrefresh,64,34,1,21.628,0.8730,0.7739,0
ph_localrefresh,64,34,2,21.485,0.8677,0.7757,0
ph_localrefresh,64,34,3,21.382,0.8651,0.7672,0
ph_localrefresh,65,35,0,21.488,0.8618,0.7779,0
ph_localrefresh,65,35,1,21.779,0.8720,0.7812,0
ph_localrefresh,65,35,2,21.662,0.8704,0.7812,0
ph_localrefresh,65,35,3,21.486,0.8657,0.7745,0
ph_localrefresh,66,36,0,21.836,0.8703,0.7866,0
ph_localrefresh,66,36,1,21.953,0.8766,0.7873,0
ph_localrefresh,66,36,2,21.918,0.8785,0.7897,0
ph_localrefresh,66,36,3,21.836,0.8773,0.7869,0
ph_localrefresh,67,37,0,21.884,0.8780,0.7916,0
ph_localrefresh,67,37,1,21.881,0.8772,0.7960,0
ph_localrefresh,67,37,2,21.399,0.8702,0.7944,0
ph_localrefresh,67,37,3,21.251,0.8671,0.7899,0
ph_localrefresh,68,38,0,22.009,0.8705,0.7946,0
ph_localrefresh,68,38,1,22.158,0.8756,0.7891,0
ph_localrefresh,68,38,2,21.985,0.8757,0.7870,0
ph_localrefresh,68,38,3,21.895,0.8746,0.7824,0
ph_localrefresh,69,39,0,22.439,0.8792,0.7835,0
ph_localrefresh,69,39,1,22.658,0.8863,0.7803,0
ph_localrefresh,69,39,2,22.723,0.8906,0.7846,0
ph_localrefresh,69,39,3,22.647,0.8886,0.7822,0
