config,call,rel_call,frame,psnr,ssim,ssim_in,missing
repeat,0,-30,0,99.000,,,0
repeat,0,-30,1,99.000,,,0
repeat,0,-30,2,99.000,,,0
repeat,0,-30,3,99.000,,,0
repeat,1,-29,0,99.000,,,0
repeat,1,-29,1,99.000,,,0
repeat,1,-29,2,99.000,,,0
repeat,1,-29,3,99.000,,,0
repeat,2,-28,0,99.000,,,0
repeat,2,-28,1,99.000,,,0
repeat,2,-28,2,99.000,,,0
repeat,2,-28,3,99.000,,,0
repeat,3,-27,0,99.000,,,0
repeat,3,-27,1,99.000,,,0
repeat,3,-27,2,99.000,,,0
repeat,3,-27,3,99.000,,,0
repeat,4,-26,0,99.000,,,0
repeat,4,-26,1,99.000,,,0
repeat,4,-26,2,99.000,,,0
repeat,4,-26,3,99.000,,,0
repeat,5,-25,0,99.000,,,0
repeat,5,-25,1,99.000,,,0
repeat,5,-25,2,99.000,,,0
repeat,5,-25,3,99.000,,,0
repeat,6,-24,0,99.000,,,0
repeat,6,-24,1,99.000,,,0
repeat,6,-24,2,99.000,,,0
repeat,6,-24,3,99.000,,,0
repeat,7,-23,0,99.000,,,0
repeat,7,-23,1,99.000,,,0
repeat,7,-23,2,99.000,,,0
repeat,7,-23,3,99.000,,,0
repeat,8,-22,0,99.000,,,0
repeat,8,-22,1,99.000,,,0
repeat,8,-22,2,99.000,,,0
repeat,8,-22,3,99.000,,,0
repeat,9,-21,0,99.000,,,0
repeat,9,-21,1,99.000,,,0
repeat,9,-21,2,99.000,,,0
repeat,9,-21,3,99.000,,,0
repeat,10,-20,0,99.000,,,0
repeat,10,-20,1,99.000,,,0
repeat,10,-20,2,99.000,,,0
repeat,10,-20,3,99.000,,,0
repeat,11,-19,0,99.000,,,0
repeat,11,-19,1,99.000,,,0
repeat,11,-19,2,99.000,,,0
repeat,11,-19,3,99.000,,,0
repeat,12,-18,0,99.000,,,0
repeat,12,-18,1,99.000,,,0
repeat,12,-18,2,99.000,,,0
repeat,12,-18,3,99.000,,,0
repeat,13,-17,0,99.000,,,0
repeat,13,-17,1,99.000,,,0
repeat,13,-17,2,99.000,,,0
repeat,13,-17,3,99.000,,,0
repeat,14,-16,0,99.000,,,0
repeat,14,-16,1,99.000,,,0
repeat,14,-16,2,99.000,,,0
repeat,14,-16,3,99.000,,,0
repeat,15,-15,0,99.000,,,0
repeat,15,-15,1,99.000,,,0
repeat,15,-15,2,99.000,,,0
repeat,15,-15,3,99.000,,,0
repeat,16,-14,0,99.000,,,0
repeat,16,-14,1,99.000,,,0
repeat,16,-14,2,99.000,,,0
repeat,16,-14,3,99.000,,,0
repeat,17,-13,0,99.000,,,0
repeat,17,-13,1,99.000,,,0
repeat,17,-13,2,99.000,,,0
repeat,17,-13,3,99.000,,,0
repeat,18,-12,0,99.000,,,0
repeat,18,-12,1,99.000,,,0
repeat,18,-12,2,99.000,,,0
repeat,18,-12,3,99.000,,,0
repeat,19,-11,0,99.000,,,0
repeat,19,-11,1,99.000,,,0
repeat,19,-11,2,99.000,,,0
repeat,19,-11,3,99.000,,,0
repeat,20,-10,0,99.000,,,0
repeat,20,-10,1,99.000,,,0
repeat,20,-10,2,99.000,,,0
repeat,20,-10,3,99.000,,,0
repeat,21,-9,0,99.000,,,0
repeat,21,-9,1,99.000,,,0
repeat,21,-9,2,99.000,,,0
repeat,21,-9,3,99.000,,,0
repeat,22,-8,0,99.000,,,0
repeat,22,-8,1,99.000,,,0
repeat,22,-8,2,99.000,,,0
repeat,22,-8,3,99.000,,,0
repeat,23,-7,0,99.000,,,0
repeat,23,-7,1,99.000,,,0
repeat,23,-7,2,99.000,,,0
repeat,23,-7,3,99.000,,,0
repeat,24,-6,0,99.000,,,0
repeat,24,-6,1,99.000,,,0
repeat,24,-6,2,99.000,,,0
repeat,24,-6,3,99.000,,,0
repeat,25,-5,0,99.000,,,0
repeat,25,-5,1,99.000,,,0
repeat,25,-5,2,99.000,,,0
repeat,25,-5,3,99.000,,,0
repeat,26,-4,0,99.000,,,0
repeat,26,-4,1,99.000,,,0
repeat,26,-4,2,99.000,,,0
repeat,26,-4,3,99.000,,,0
repeat,27,-3,0,99.000,,,0
repeat,27,-3,1,99.000,,,0
repeat,27,-3,2,99.000,,,0
repeat,27,-3,3,99.000,,,0
repeat,28,-2,0,99.000,,,0
repeat,28,-2,1,99.000,,,0
repeat,28,-2,2,99.000,,,0
repeat,28,-2,3,99.000,,,0
repeat,29,-1,0,99.000,,,0
repeat,29,-1,1,99.000,,,0
repeat,29,-1,2,99.000,,,0
repeat,29,-1,3,99.000,,,0
repeat,30,0,0,99.000,1.0000,0.2004,0
repeat,30,0,1,99.000,1.0000,0.2108,0
repeat,30,0,2,99.000,1.0000,0.2159,0
repeat,30,0,3,99.000,1.0000,0.1995,0
repeat,31,1,0,99.000,1.0000,0.2033,0
repeat,31,1,1,99.000,1.0000,0.2434,0
repeat,31,1,2,99.000,1.0000,0.2394,0
repeat,31,1,3,99.000,1.0000,0.2213,0
repeat,32,2,0,99.000,1.0000,0.2251,0
repeat,32,2,1,99.000,1.0000,0.2460,0
repeat,32,2,2,99.000,1.0000,0.2361,0
repeat,32,2,3,99.000,1.0000,0.2186,0
repeat,33,3,0,99.000,1.0000,0.2129,0
repeat,33,3,1,99.000,1.0000,0.2271,0
repeat,33,3,2,99.000,1.0000,0.2287,0
repeat,33,3,3,99.000,1.0000,0.2200,0
repeat,34,4,0,99.000,1.0000,0.2195,0
repeat,34,4,1,99.000,1.0000,0.2581,0
repeat,34,4,2,99.000,1.0000,0.2463,0
repeat,34,4,3,99.000,1.0000,0.2352,0
repeat,35,5,0,99.000,1.0000,0.2319,0
repeat,35,5,1,99.000,1.0000,0.2575,0
repeat,35,5,2,99.000,1.0000,0.2571,0
repeat,35,5,3,99.000,1.0000,0.2495,0
repeat,36,6,0,99.000,1.0000,0.2366,0
repeat,36,6,1,99.000,1.0000,0.2489,0
repeat,36,6,2,99.000,1.0000,0.2466,0
repeat,36,6,3,99.000,1.0000,0.2411,0
repeat,37,7,0,99.000,1.0000,0.2329,0
repeat,37,7,1,99.000,1.0000,0.2645,0
repeat,37,7,2,99.000,1.0000,0.2626,0
repeat,37,7,3,99.000,1.0000,0.2576,0
repeat,38,8,0,99.000,1.0000,0.2342,0
repeat,38,8,1,99.000,1.0000,0.2457,0
repeat,38,8,2,99.000,1.0000,0.2250,0
repeat,38,8,3,99.000,1.0000,0.2206,0
repeat,39,9,0,99.000,1.0000,0.2037,0
repeat,39,9,1,99.000,1.0000,0.2192,0
repeat,39,9,2,99.000,1.0000,0.2182,0
repeat,39,9,3,99.000,1.0000,0.2146,0
repeat,40,10,0,99.000,1.0000,0.2021,0
repeat,40,10,1,99.000,1.0000,0.2455,0
repeat,40,10,2,99.000,1.0000,0.2477,0
repeat,40,10,3,99.000,1.0000,0.2442,0
repeat,41,11,0,99.000,1.0000,0.2267,0
repeat,41,11,1,99.000,1.0000,0.2509,0
repeat,41,11,2,99.000,1.0000,0.2392,0
repeat,41,11,3,99.000,1.0000,0.2242,0
repeat,42,12,0,99.000,1.0000,0.2181,0
repeat,42,12,1,99.000,1.0000,0.2392,0
repeat,42,12,2,99.000,1.0000,0.2396,0
repeat,42,12,3,99.000,1.0000,0.2347,0
repeat,43,13,0,99.000,1.0000,0.2181,0
repeat,43,13,1,99.000,1.0000,0.2451,0
repeat,43,13,2,99.000,1.0000,0.2298,0
repeat,43,13,3,99.000,1.0000,0.2246,0
repeat,44,14,0,99.000,1.0000,0.2072,0
repeat,44,14,1,99.000,1.0000,0.2160,0
repeat,44,14,2,99.000,1.0000,0.1972,0
repeat,44,14,3,99.000,1.0000,0.1950,0
repeat,45,15,0,99.000,1.0000,0.1955,0
repeat,45,15,1,99.000,1.0000,0.2101,0
repeat,45,15,2,99.000,1.0000,0.2065,0
repeat,45,15,3,99.000,1.0000,0.2029,0
repeat,46,16,0,99.000,1.0000,0.2003,0
repeat,46,16,1,99.000,1.0000,0.2193,0
repeat,46,16,2,99.000,1.0000,0.2189,0
repeat,46,16,3,99.000,1.0000,0.2170,0
repeat,47,17,0,99.000,1.0000,0.2137,0
repeat,47,17,1,99.000,1.0000,0.2391,0
repeat,47,17,2,99.000,1.0000,0.2364,0
repeat,47,17,3,99.000,1.0000,0.2268,0
repeat,48,18,0,99.000,1.0000,0.2253,0
repeat,48,18,1,99.000,1.0000,0.2451,0
repeat,48,18,2,99.000,1.0000,0.2391,0
repeat,48,18,3,99.000,1.0000,0.2310,0
repeat,49,19,0,99.000,1.0000,0.2247,0
repeat,49,19,1,99.000,1.0000,0.2358,0
repeat,49,19,2,99.000,1.0000,0.2346,0
repeat,49,19,3,99.000,1.0000,0.2337,0
repeat,50,20,0,99.000,1.0000,0.2273,0
repeat,50,20,1,99.000,1.0000,0.2381,0
repeat,50,20,2,99.000,1.0000,0.2280,0
repeat,50,20,3,99.000,1.0000,0.2202,0
repeat,51,21,0,99.000,1.0000,0.2195,0
repeat,51,21,1,99.000,1.0000,0.2347,0
repeat,51,21,2,99.000,1.0000,0.2312,0
repeat,51,21,3,99.000,1.0000,0.2227,0
repeat,52,22,0,99.000,1.0000,0.2184,0
repeat,52,22,1,99.000,1.0000,0.2380,0
repeat,52,22,2,99.000,1.0000,0.2235,0
repeat,52,22,3,99.000,1.0000,0.2149,0
repeat,53,23,0,99.000,1.0000,0.2114,0
repeat,53,23,1,99.000,1.0000,0.2333,0
repeat,53,23,2,99.000,1.0000,0.2305,0
repeat,53,23,3,99.000,1.0000,0.2188,0
repeat,54,24,0,99.000,1.0000,0.2135,0
repeat,54,24,1,99.000,1.0000,0.2324,0
repeat,54,24,2,99.000,1.0000,0.2391,0
repeat,54,24,3,99.000,1.0000,0.2244,0
repeat,55,25,0,99.000,1.0000,0.2223,0
repeat,55,25,1,99.000,1.0000,0.2453,0
repeat,55,25,2,99.000,1.0000,0.2397,0
repeat,55,25,3,99.000,1.0000,0.2232,0
repeat,56,26,0,99.000,1.0000,0.2088,0
repeat,56,26,1,99.000,1.0000,0.2236,0
repeat,56,26,2,99.000,1.0000,0.2219,0
repeat,56,26,3,99.000,1.0000,0.2122,0
repeat,57,27,0,99.000,1.0000,0.2073,0
repeat,57,27,1,99.000,1.0000,0.2362,0
repeat,57,27,2,99.000,1.0000,0.2405,0
repeat,57,27,3,99.000,1.0000,0.2352,0
repeat,58,28,0,99.000,1.0000,0.2372,0
repeat,58,28,1,99.000,1.0000,0.2518,0
repeat,58,28,2,99.000,1.0000,0.2598,0
repeat,58,28,3,99.000,1.0000,0.2426,0
repeat,59,29,0,99.000,1.0000,0.2314,0
repeat,59,29,1,99.000,1.0000,0.2462,0
repeat,59,29,2,99.000,1.0000,0.2443,0
repeat,59,29,3,99.000,1.0000,0.2314,0
repeat,60,30,0,99.000,1.0000,0.2345,0
repeat,60,30,1,99.000,1.0000,0.2659,0
repeat,60,30,2,99.000,1.0000,0.2506,0
repeat,60,30,3,99.000,1.0000,0.2302,0
repeat,61,31,0,99.000,1.0000,0.1998,0
repeat,61,31,1,99.000,1.0000,0.2362,0
repeat,61,31,2,99.000,1.0000,0.2713,0
repeat,61,31,3,99.000,1.0000,0.2561,0
repeat,62,32,0,99.000,1.0000,0.2054,0
repeat,62,32,1,99.000,1.0000,0.2442,0
repeat,62,32,2,99.000,1.0000,0.2353,0
repeat,62,32,3,99.000,1.0000,0.2188,0
repeat,63,33,0,99.000,1.0000,0.2146,0
repeat,63,33,1,99.000,1.0000,0.2462,0
repeat,63,33,2,99.000,1.0000,0.2333,0
repeat,63,33,3,99.000,1.0000,0.2230,0
repeat,64,34,0,99.000,1.0000,0.2153,0
repeat,64,34,1,99.000,1.0000,0.2359,0
repeat,64,34,2,99.000,1.0000,0.2366,0
repeat,64,34,3,99.000,1.0000,0.2282,0
repeat,65,35,0,99.000,1.0000,0.2231,0
repeat,65,35,1,99.000,1.0000,0.2427,0
repeat,65,35,2,99.000,1.0000,0.2433,0
repeat,65,35,3,99.000,1.0000,0.2289,0
repeat,66,36,0,99.000,1.0000,0.2165,0
repeat,66,36,1,99.000,1.0000,0.2453,0
repeat,66,36,2,99.000,1.0000,0.2460,0
repeat,66,36,3,99.000,1.0000,0.2344,0
repeat,67,37,0,99.000,1.0000,0.2324,0
repeat,67,37,1,99.000,1.0000,0.2688,0
repeat,67,37,2,99.000,1.0000,0.2574,0
repeat,67,37,3,99.000,1.0000,0.2461,0
repeat,68,38,0,99.000,1.0000,0.2291,0
repeat,68,38,1,99.000,1.0000,0.2463,0
repeat,68,38,2,99.000,1.0000,0.2380,0
repeat,68,38,3,99.000,1.0000,0.2336,0
repeat,69,39,0,99.000,1.0000,0.2249,0
repeat,69,39,1,99.000,1.0000,0.2469,0
repeat,69,39,2,99.000,1.0000,0.2521,0
repeat,69,39,3,99.000,1.0000,0.2362,0
xfer_sink+meta+inflight,0,-30,0,99.000,,,0
xfer_sink+meta+inflight,0,-30,1,99.000,,,0
xfer_sink+meta+inflight,0,-30,2,99.000,,,0
xfer_sink+meta+inflight,0,-30,3,99.000,,,0
xfer_sink+meta+inflight,1,-29,0,99.000,,,0
xfer_sink+meta+inflight,1,-29,1,99.000,,,0
xfer_sink+meta+inflight,1,-29,2,99.000,,,0
xfer_sink+meta+inflight,1,-29,3,99.000,,,0
xfer_sink+meta+inflight,2,-28,0,99.000,,,0
xfer_sink+meta+inflight,2,-28,1,99.000,,,0
xfer_sink+meta+inflight,2,-28,2,99.000,,,0
xfer_sink+meta+inflight,2,-28,3,99.000,,,0
xfer_sink+meta+inflight,3,-27,0,99.000,,,0
xfer_sink+meta+inflight,3,-27,1,99.000,,,0
xfer_sink+meta+inflight,3,-27,2,99.000,,,0
xfer_sink+meta+inflight,3,-27,3,99.000,,,0
xfer_sink+meta+inflight,4,-26,0,99.000,,,0
xfer_sink+meta+inflight,4,-26,1,99.000,,,0
xfer_sink+meta+inflight,4,-26,2,99.000,,,0
xfer_sink+meta+inflight,4,-26,3,99.000,,,0
xfer_sink+meta+inflight,5,-25,0,99.000,,,0
xfer_sink+meta+inflight,5,-25,1,99.000,,,0
xfer_sink+meta+inflight,5,-25,2,99.000,,,0
xfer_sink+meta+inflight,5,-25,3,99.000,,,0
xfer_sink+meta+inflight,6,-24,0,99.000,,,0
xfer_sink+meta+inflight,6,-24,1,99.000,,,0
xfer_sink+meta+inflight,6,-24,2,99.000,,,0
xfer_sink+meta+inflight,6,-24,3,99.000,,,0
xfer_sink+meta+inflight,7,-23,0,99.000,,,0
xfer_sink+meta+inflight,7,-23,1,99.000,,,0
xfer_sink+meta+inflight,7,-23,2,99.000,,,0
xfer_sink+meta+inflight,7,-23,3,99.000,,,0
xfer_sink+meta+inflight,8,-22,0,99.000,,,0
xfer_sink+meta+inflight,8,-22,1,99.000,,,0
xfer_sink+meta+inflight,8,-22,2,99.000,,,0
xfer_sink+meta+inflight,8,-22,3,99.000,,,0
xfer_sink+meta+inflight,9,-21,0,99.000,,,0
xfer_sink+meta+inflight,9,-21,1,99.000,,,0
xfer_sink+meta+inflight,9,-21,2,99.000,,,0
xfer_sink+meta+inflight,9,-21,3,99.000,,,0
xfer_sink+meta+inflight,10,-20,0,99.000,,,0
xfer_sink+meta+inflight,10,-20,1,99.000,,,0
xfer_sink+meta+inflight,10,-20,2,99.000,,,0
xfer_sink+meta+inflight,10,-20,3,99.000,,,0
xfer_sink+meta+inflight,11,-19,0,99.000,,,0
xfer_sink+meta+inflight,11,-19,1,99.000,,,0
xfer_sink+meta+inflight,11,-19,2,99.000,,,0
xfer_sink+meta+inflight,11,-19,3,99.000,,,0
xfer_sink+meta+inflight,12,-18,0,99.000,,,0
xfer_sink+meta+inflight,12,-18,1,99.000,,,0
xfer_sink+meta+inflight,12,-18,2,99.000,,,0
xfer_sink+meta+inflight,12,-18,3,99.000,,,0
xfer_sink+meta+inflight,13,-17,0,99.000,,,0
xfer_sink+meta+inflight,13,-17,1,99.000,,,0
xfer_sink+meta+inflight,13,-17,2,99.000,,,0
xfer_sink+meta+inflight,13,-17,3,99.000,,,0
xfer_sink+meta+inflight,14,-16,0,99.000,,,0
xfer_sink+meta+inflight,14,-16,1,99.000,,,0
xfer_sink+meta+inflight,14,-16,2,99.000,,,0
xfer_sink+meta+inflight,14,-16,3,99.000,,,0
xfer_sink+meta+inflight,15,-15,0,99.000,,,0
xfer_sink+meta+inflight,15,-15,1,99.000,,,0
xfer_sink+meta+inflight,15,-15,2,99.000,,,0
xfer_sink+meta+inflight,15,-15,3,99.000,,,0
xfer_sink+meta+inflight,16,-14,0,99.000,,,0
xfer_sink+meta+inflight,16,-14,1,99.000,,,0
xfer_sink+meta+inflight,16,-14,2,99.000,,,0
xfer_sink+meta+inflight,16,-14,3,99.000,,,0
xfer_sink+meta+inflight,17,-13,0,99.000,,,0
xfer_sink+meta+inflight,17,-13,1,99.000,,,0
xfer_sink+meta+inflight,17,-13,2,99.000,,,0
xfer_sink+meta+inflight,17,-13,3,99.000,,,0
xfer_sink+meta+inflight,18,-12,0,99.000,,,0
xfer_sink+meta+inflight,18,-12,1,99.000,,,0
xfer_sink+meta+inflight,18,-12,2,99.000,,,0
xfer_sink+meta+inflight,18,-12,3,99.000,,,0
xfer_sink+meta+inflight,19,-11,0,99.000,,,0
xfer_sink+meta+inflight,19,-11,1,99.000,,,0
xfer_sink+meta+inflight,19,-11,2,99.000,,,0
xfer_sink+meta+inflight,19,-11,3,99.000,,,0
xfer_sink+meta+inflight,20,-10,0,99.000,,,0
xfer_sink+meta+inflight,20,-10,1,99.000,,,0
xfer_sink+meta+inflight,20,-10,2,99.000,,,0
xfer_sink+meta+inflight,20,-10,3,99.000,,,0
xfer_sink+meta+inflight,21,-9,0,99.000,,,0
xfer_sink+meta+inflight,21,-9,1,99.000,,,0
xfer_sink+meta+inflight,21,-9,2,99.000,,,0
xfer_sink+meta+inflight,21,-9,3,99.000,,,0
xfer_sink+meta+inflight,22,-8,0,99.000,,,0
xfer_sink+meta+inflight,22,-8,1,99.000,,,0
xfer_sink+meta+inflight,22,-8,2,99.000,,,0
xfer_sink+meta+inflight,22,-8,3,99.000,,,0
xfer_sink+meta+inflight,23,-7,0,99.000,,,0
xfer_sink+meta+inflight,23,-7,1,99.000,,,0
xfer_sink+meta+inflight,23,-7,2,99.000,,,0
xfer_sink+meta+inflight,23,-7,3,99.000,,,0
xfer_sink+meta+inflight,24,-6,0,99.000,,,0
xfer_sink+meta+inflight,24,-6,1,99.000,,,0
xfer_sink+meta+inflight,24,-6,2,99.000,,,0
xfer_sink+meta+inflight,24,-6,3,99.000,,,0
xfer_sink+meta+inflight,25,-5,0,99.000,,,0
xfer_sink+meta+inflight,25,-5,1,99.000,,,0
xfer_sink+meta+inflight,25,-5,2,99.000,,,0
xfer_sink+meta+inflight,25,-5,3,99.000,,,0
xfer_sink+meta+inflight,26,-4,0,99.000,,,0
xfer_sink+meta+inflight,26,-4,1,99.000,,,0
xfer_sink+meta+inflight,26,-4,2,99.000,,,0
xfer_sink+meta+inflight,26,-4,3,99.000,,,0
xfer_sink+meta+inflight,27,-3,0,99.000,,,0
xfer_sink+meta+inflight,27,-3,1,99.000,,,0
xfer_sink+meta+inflight,27,-3,2,99.000,,,0
xfer_sink+meta+inflight,27,-3,3,99.000,,,0
xfer_sink+meta+inflight,28,-2,0,99.000,,,0
xfer_sink+meta+inflight,28,-2,1,99.000,,,0
xfer_sink+meta+inflight,28,-2,2,99.000,,,0
xfer_sink+meta+inflight,28,-2,3,99.000,,,0
xfer_sink+meta+inflight,29,-1,0,99.000,,,0
xfer_sink+meta+inflight,29,-1,1,99.000,,,0
xfer_sink+meta+inflight,29,-1,2,99.000,,,0
xfer_sink+meta+inflight,29,-1,3,99.000,,,0
xfer_sink+meta+inflight,30,0,0,16.162,0.3484,0.4972,0
xfer_sink+meta+inflight,30,0,1,17.166,0.5052,0.4002,0
xfer_sink+meta+inflight,30,0,2,20.966,0.7194,0.2332,0
xfer_sink+meta+inflight,30,0,3,19.832,0.7730,0.2074,0
xfer_sink+meta+inflight,31,1,0,23.210,0.8432,0.2180,0
xfer_sink+meta+inflight,31,1,1,24.736,0.8330,0.3084,0
xfer_sink+meta+inflight,31,1,2,26.048,0.8539,0.2755,0
xfer_sink+meta+inflight,31,1,3,26.332,0.8386,0.2808,0
xfer_sink+meta+inflight,32,2,0,27.761,0.9215,0.2245,0
xfer_sink+meta+inflight,32,2,1,27.770,0.9384,0.2334,0
xfer_sink+meta+inflight,32,2,2,29.511,0.9295,0.2504,0
xfer_sink+meta+inflight,32,2,3,29.448,0.9332,0.2209,0
xfer_sink+meta+inflight,33,3,0,33.116,0.9669,0.1988,0
xfer_sink+meta+inflight,33,3,1,34.366,0.9724,0.2059,0
xfer_sink+meta+inflight,33,3,2,35.241,0.9713,0.2031,0
xfer_sink+meta+inflight,33,3,3,34.849,0.9645,0.1890,0
xfer_sink+meta+inflight,34,4,0,36.785,0.9806,0.2023,0
xfer_sink+meta+inflight,34,4,1,37.276,0.9835,0.2418,0
xfer_sink+meta+inflight,34,4,2,37.682,0.9840,0.2338,0
xfer_sink+meta+inflight,34,4,3,37.241,0.9824,0.2233,0
xfer_sink+meta+inflight,35,5,0,38.599,0.9875,0.2237,0
xfer_sink+meta+inflight,35,5,1,39.693,0.9895,0.2541,0
xfer_sink+meta+inflight,35,5,2,39.437,0.9901,0.2556,0
xfer_sink+meta+inflight,35,5,3,38.463,0.9888,0.2481,0
xfer_sink+meta+inflight,36,6,0,38.063,0.9898,0.2366,0
xfer_sink+meta+inflight,36,6,1,37.043,0.9894,0.2488,0
xfer_sink+meta+inflight,36,6,2,37.633,0.9891,0.2462,0
xfer_sink+meta+inflight,36,6,3,38.160,0.9892,0.2402,0
xfer_sink+meta+inflight,37,7,0,39.925,0.9933,0.2305,0
xfer_sink+meta+inflight,37,7,1,42.091,0.9941,0.2629,0
xfer_sink+meta+inflight,37,7,2,43.433,0.9945,0.2606,0
xfer_sink+meta+inflight,37,7,3,42.334,0.9934,0.2561,0
xfer_sink+meta+inflight,38,8,0,43.283,0.9956,0.2330,0
xfer_sink+meta+inflight,38,8,1,43.879,0.9953,0.2442,0
xfer_sink+meta+inflight,38,8,2,45.167,0.9961,0.2244,0
xfer_sink+meta+inflight,38,8,3,44.625,0.9960,0.2200,0
xfer_sink+meta+inflight,39,9,0,45.582,0.9969,0.2033,0
xfer_sink+meta+inflight,39,9,1,45.658,0.9961,0.2190,0
xfer_sink+meta+inflight,39,9,2,45.080,0.9962,0.2181,0
xfer_sink+meta+inflight,39,9,3,43.783,0.9957,0.2147,0
xfer_sink+meta+inflight,40,10,0,46.565,0.9972,0.2020,0
xfer_sink+meta+inflight,40,10,1,43.081,0.9957,0.2459,0
xfer_sink+meta+inflight,40,10,2,46.248,0.9963,0.2479,0
xfer_sink+meta+inflight,40,10,3,42.294,0.9954,0.2446,0
xfer_sink+meta+inflight,41,11,0,43.337,0.9968,0.2258,0
xfer_sink+meta+inflight,41,11,1,44.620,0.9963,0.2497,0
xfer_sink+meta+inflight,41,11,2,45.681,0.9965,0.2387,0
xfer_sink+meta+inflight,41,11,3,45.139,0.9963,0.2234,0
xfer_sink+meta+inflight,42,12,0,47.177,0.9974,0.2171,0
xfer_sink+meta+inflight,42,12,1,46.539,0.9966,0.2388,0
xfer_sink+meta+inflight,42,12,2,46.684,0.9969,0.2392,0
xfer_sink+meta+inflight,42,12,3,47.105,0.9968,0.2347,0
xfer_sink+meta+inflight,43,13,0,44.719,0.9967,0.2169,0
xfer_sink+meta+inflight,43,13,1,46.526,0.9966,0.2450,0
xfer_sink+meta+inflight,43,13,2,45.200,0.9968,0.2296,0
xfer_sink+meta+inflight,43,13,3,43.485,0.9955,0.2247,0
xfer_sink+meta+inflight,44,14,0,43.169,0.9968,0.2068,0
xfer_sink+meta+inflight,44,14,1,43.571,0.9963,0.2152,0
xfer_sink+meta+inflight,44,14,2,45.946,0.9965,0.1969,0
xfer_sink+meta+inflight,44,14,3,42.243,0.9960,0.1946,0
xfer_sink+meta+inflight,45,15,0,45.300,0.9973,0.1945,0
xfer_sink+meta+inflight,45,15,1,46.256,0.9972,0.2093,0
xfer_sink+meta+inflight,45,15,2,44.722,0.9972,0.2061,0
xfer_sink+meta+inflight,45,15,3,43.941,0.9968,0.2018,0
xfer_sink+meta+inflight,46,16,0,46.575,0.9974,0.1993,0
xfer_sink+meta+inflight,46,16,1,45.709,0.9965,0.2185,0
xfer_sink+meta+inflight,46,16,2,41.909,0.9960,0.2177,0
xfer_sink+meta+inflight,46,16,3,41.741,0.9950,0.2157,0
xfer_sink+meta+inflight,47,17,0,42.384,0.9956,0.2117,0
xfer_sink+meta+inflight,47,17,1,42.845,0.9954,0.2385,0
xfer_sink+meta+inflight,47,17,2,42.478,0.9954,0.2358,0
xfer_sink+meta+inflight,47,17,3,41.073,0.9942,0.2254,0
xfer_sink+meta+inflight,48,18,0,44.563,0.9961,0.2243,0
xfer_sink+meta+inflight,48,18,1,43.455,0.9955,0.2434,0
xfer_sink+meta+inflight,48,18,2,42.357,0.9952,0.2371,0
xfer_sink+meta+inflight,48,18,3,40.048,0.9935,0.2293,0
xfer_sink+meta+inflight,49,19,0,42.492,0.9952,0.2232,0
xfer_sink+meta+inflight,49,19,1,41.971,0.9949,0.2349,0
xfer_sink+meta+inflight,49,19,2,43.662,0.9960,0.2334,0
xfer_sink+meta+inflight,49,19,3,42.352,0.9954,0.2330,0
xfer_sink+meta+inflight,50,20,0,41.005,0.9947,0.2266,0
xfer_sink+meta+inflight,50,20,1,40.032,0.9943,0.2371,0
xfer_sink+meta+inflight,50,20,2,40.941,0.9945,0.2272,0
xfer_sink+meta+inflight,50,20,3,42.289,0.9949,0.2191,0
xfer_sink+meta+inflight,51,21,0,45.172,0.9969,0.2187,0
xfer_sink+meta+inflight,51,21,1,45.769,0.9967,0.2343,0
xfer_sink+meta+inflight,51,21,2,45.380,0.9968,0.2308,0
xfer_sink+meta+inflight,51,21,3,42.422,0.9955,0.2222,0
xfer_sink+meta+inflight,52,22,0,43.338,0.9962,0.2174,0
xfer_sink+meta+inflight,52,22,1,42.248,0.9952,0.2372,0
xfer_sink+meta+inflight,52,22,2,40.637,0.9940,0.2224,0
xfer_sink+meta+inflight,52,22,3,40.109,0.9938,0.2138,0
xfer_sink+meta+inflight,53,23,0,41.842,0.9945,0.2103,0
xfer_sink+meta+inflight,53,23,1,40.981,0.9945,0.2329,0
xfer_sink+meta+inflight,53,23,2,40.615,0.9944,0.2295,0
xfer_sink+meta+inflight,53,23,3,39.762,0.9932,0.2175,0
xfer_sink+meta+inflight,54,24,0,41.123,0.9946,0.2129,0
xfer_sink+meta+inflight,54,24,1,39.483,0.9936,0.2312,0
xfer_sink+meta+inflight,54,24,2,40.546,0.9945,0.2387,0
xfer_sink+meta+inflight,54,24,3,40.982,0.9944,0.2238,0
xfer_sink+meta+inflight,55,25,0,41.491,0.9950,0.2204,0
xfer_sink+meta+inflight,55,25,1,41.467,0.9949,0.2440,0
xfer_sink+meta+inflight,55,25,2,41.667,0.9952,0.2393,0
xfer_sink+meta+inflight,55,25,3,40.600,0.9947,0.2230,0
xfer_sink+meta+inflight,56,26,0,42.421,0.9963,0.2081,0
xfer_sink+meta+inflight,56,26,1,43.453,0.9965,0.2229,0
xfer_sink+meta+inflight,56,26,2,42.671,0.9964,0.2217,0
xfer_sink+meta+inflight,56,26,3,42.631,0.9962,0.2124,0
xfer_sink+meta+inflight,57,27,0,45.779,0.9970,0.2070,0
xfer_sink+meta+inflight,57,27,1,44.163,0.9966,0.2356,0
xfer_sink+meta+inflight,57,27,2,43.664,0.9962,0.2397,0
xfer_sink+meta+inflight,57,27,3,43.664,0.9958,0.2341,0
xfer_sink+meta+inflight,58,28,0,45.135,0.9968,0.2365,0
xfer_sink+meta+inflight,58,28,1,43.967,0.9962,0.2510,0
xfer_sink+meta+inflight,58,28,2,42.821,0.9960,0.2596,0
xfer_sink+meta+inflight,58,28,3,41.477,0.9953,0.2419,0
xfer_sink+meta+inflight,59,29,0,43.145,0.9957,0.2301,0
xfer_sink+meta+inflight,59,29,1,40.907,0.9944,0.2456,0
xfer_sink+meta+inflight,59,29,2,41.302,0.9949,0.2440,0
xfer_sink+meta+inflight,59,29,3,41.589,0.9950,0.2315,0
xfer_sink+meta+inflight,60,30,0,44.381,0.9967,0.2338,0
xfer_sink+meta+inflight,60,30,1,45.259,0.9965,0.2653,0
xfer_sink+meta+inflight,60,30,2,45.063,0.9965,0.2498,0
xfer_sink+meta+inflight,60,30,3,45.180,0.9965,0.2299,0
xfer_sink+meta+inflight,61,31,0,43.145,0.9958,0.1999,0
xfer_sink+meta+inflight,61,31,1,43.151,0.9952,0.2367,0
xfer_sink+meta+inflight,61,31,2,42.633,0.9945,0.2726,0
xfer_sink+meta+inflight,61,31,3,41.488,0.9936,0.2565,0
xfer_sink+meta+inflight,62,32,0,44.234,0.9958,0.2057,0
xfer_sink+meta+inflight,62,32,1,45.821,0.9963,0.2454,0
xfer_sink+meta+inflight,62,32,2,44.915,0.9963,0.2355,0
xfer_sink+meta+inflight,62,32,3,42.357,0.9952,0.2188,0
xfer_sink+meta+inflight,63,33,0,45.055,0.9959,0.2146,0
xfer_sink+meta+inflight,63,33,1,38.169,0.9943,0.2464,0
xfer_sink+meta+inflight,63,33,2,40.681,0.9947,0.2336,0
xfer_sink+meta+inflight,63,33,3,40.433,0.9944,0.2231,0
xfer_sink+meta+inflight,64,34,0,43.770,0.9955,0.2146,0
xfer_sink+meta+inflight,64,34,1,43.003,0.9960,0.2357,0
xfer_sink+meta+inflight,64,34,2,43.562,0.9961,0.2369,0
xfer_sink+meta+inflight,64,34,3,43.421,0.9955,0.2284,0
xfer_sink+meta+inflight,65,35,0,42.937,0.9954,0.2228,0
xfer_sink+meta+inflight,65,35,1,45.464,0.9966,0.2427,0
xfer_sink+meta+inflight,65,35,2,43.557,0.9961,0.2435,0
xfer_sink+meta+inflight,65,35,3,43.397,0.9957,0.2295,0
xfer_sink+meta+inflight,66,36,0,46.148,0.9967,0.2166,0
xfer_sink+meta+inflight,66,36,1,46.329,0.9968,0.2450,0
xfer_sink+meta+inflight,66,36,2,47.711,0.9971,0.2458,0
xfer_sink+meta+inflight,66,36,3,44.823,0.9963,0.2338,0
xfer_sink+meta+inflight,67,37,0,45.839,0.9966,0.2316,0
xfer_sink+meta+inflight,67,37,1,46.152,0.9966,0.2685,0
xfer_sink+meta+inflight,67,37,2,46.081,0.9965,0.2558,0
xfer_sink+meta+inflight,67,37,3,46.916,0.9966,0.2452,0
xfer_sink+meta+inflight,68,38,0,46.040,0.9970,0.2284,0
xfer_sink+meta+inflight,68,38,1,45.467,0.9965,0.2454,0
xfer_sink+meta+inflight,68,38,2,43.420,0.9957,0.2376,0
xfer_sink+meta+inflight,68,38,3,43.107,0.9955,0.2331,0
xfer_sink+meta+inflight,69,39,0,46.559,0.9969,0.2244,0
xfer_sink+meta+inflight,69,39,1,45.824,0.9965,0.2465,0
xfer_sink+meta+inflight,69,39,2,44.995,0.9962,0.2516,0
xfer_sink+meta+inflight,69,39,3,43.863,0.9956,0.2359,0
xfer_sink+meta,0,-30,0,99.000,,,0
xfer_sink+meta,0,-30,1,99.000,,,0
xfer_sink+meta,0,-30,2,99.000,,,0
xfer_sink+meta,0,-30,3,99.000,,,0
xfer_sink+meta,1,-29,0,99.000,,,0
xfer_sink+meta,1,-29,1,99.000,,,0
xfer_sink+meta,1,-29,2,99.000,,,0
xfer_sink+meta,1,-29,3,99.000,,,0
xfer_sink+meta,2,-28,0,99.000,,,0
xfer_sink+meta,2,-28,1,99.000,,,0
xfer_sink+meta,2,-28,2,99.000,,,0
xfer_sink+meta,2,-28,3,99.000,,,0
xfer_sink+meta,3,-27,0,99.000,,,0
xfer_sink+meta,3,-27,1,99.000,,,0
xfer_sink+meta,3,-27,2,99.000,,,0
xfer_sink+meta,3,-27,3,99.000,,,0
xfer_sink+meta,4,-26,0,99.000,,,0
xfer_sink+meta,4,-26,1,99.000,,,0
xfer_sink+meta,4,-26,2,99.000,,,0
xfer_sink+meta,4,-26,3,99.000,,,0
xfer_sink+meta,5,-25,0,99.000,,,0
xfer_sink+meta,5,-25,1,99.000,,,0
xfer_sink+meta,5,-25,2,99.000,,,0
xfer_sink+meta,5,-25,3,99.000,,,0
xfer_sink+meta,6,-24,0,99.000,,,0
xfer_sink+meta,6,-24,1,99.000,,,0
xfer_sink+meta,6,-24,2,99.000,,,0
xfer_sink+meta,6,-24,3,99.000,,,0
xfer_sink+meta,7,-23,0,99.000,,,0
xfer_sink+meta,7,-23,1,99.000,,,0
xfer_sink+meta,7,-23,2,99.000,,,0
xfer_sink+meta,7,-23,3,99.000,,,0
xfer_sink+meta,8,-22,0,99.000,,,0
xfer_sink+meta,8,-22,1,99.000,,,0
xfer_sink+meta,8,-22,2,99.000,,,0
xfer_sink+meta,8,-22,3,99.000,,,0
xfer_sink+meta,9,-21,0,99.000,,,0
xfer_sink+meta,9,-21,1,99.000,,,0
xfer_sink+meta,9,-21,2,99.000,,,0
xfer_sink+meta,9,-21,3,99.000,,,0
xfer_sink+meta,10,-20,0,99.000,,,0
xfer_sink+meta,10,-20,1,99.000,,,0
xfer_sink+meta,10,-20,2,99.000,,,0
xfer_sink+meta,10,-20,3,99.000,,,0
xfer_sink+meta,11,-19,0,99.000,,,0
xfer_sink+meta,11,-19,1,99.000,,,0
xfer_sink+meta,11,-19,2,99.000,,,0
xfer_sink+meta,11,-19,3,99.000,,,0
xfer_sink+meta,12,-18,0,99.000,,,0
xfer_sink+meta,12,-18,1,99.000,,,0
xfer_sink+meta,12,-18,2,99.000,,,0
xfer_sink+meta,12,-18,3,99.000,,,0
xfer_sink+meta,13,-17,0,99.000,,,0
xfer_sink+meta,13,-17,1,99.000,,,0
xfer_sink+meta,13,-17,2,99.000,,,0
xfer_sink+meta,13,-17,3,99.000,,,0
xfer_sink+meta,14,-16,0,99.000,,,0
xfer_sink+meta,14,-16,1,99.000,,,0
xfer_sink+meta,14,-16,2,99.000,,,0
xfer_sink+meta,14,-16,3,99.000,,,0
xfer_sink+meta,15,-15,0,99.000,,,0
xfer_sink+meta,15,-15,1,99.000,,,0
xfer_sink+meta,15,-15,2,99.000,,,0
xfer_sink+meta,15,-15,3,99.000,,,0
xfer_sink+meta,16,-14,0,99.000,,,0
xfer_sink+meta,16,-14,1,99.000,,,0
xfer_sink+meta,16,-14,2,99.000,,,0
xfer_sink+meta,16,-14,3,99.000,,,0
xfer_sink+meta,17,-13,0,99.000,,,0
xfer_sink+meta,17,-13,1,99.000,,,0
xfer_sink+meta,17,-13,2,99.000,,,0
xfer_sink+meta,17,-13,3,99.000,,,0
xfer_sink+meta,18,-12,0,99.000,,,0
xfer_sink+meta,18,-12,1,99.000,,,0
xfer_sink+meta,18,-12,2,99.000,,,0
xfer_sink+meta,18,-12,3,99.000,,,0
xfer_sink+meta,19,-11,0,99.000,,,0
xfer_sink+meta,19,-11,1,99.000,,,0
xfer_sink+meta,19,-11,2,99.000,,,0
xfer_sink+meta,19,-11,3,99.000,,,0
xfer_sink+meta,20,-10,0,99.000,,,0
xfer_sink+meta,20,-10,1,99.000,,,0
xfer_sink+meta,20,-10,2,99.000,,,0
xfer_sink+meta,20,-10,3,99.000,,,0
xfer_sink+meta,21,-9,0,99.000,,,0
xfer_sink+meta,21,-9,1,99.000,,,0
xfer_sink+meta,21,-9,2,99.000,,,0
xfer_sink+meta,21,-9,3,99.000,,,0
xfer_sink+meta,22,-8,0,99.000,,,0
xfer_sink+meta,22,-8,1,99.000,,,0
xfer_sink+meta,22,-8,2,99.000,,,0
xfer_sink+meta,22,-8,3,99.000,,,0
xfer_sink+meta,23,-7,0,99.000,,,0
xfer_sink+meta,23,-7,1,99.000,,,0
xfer_sink+meta,23,-7,2,99.000,,,0
xfer_sink+meta,23,-7,3,99.000,,,0
xfer_sink+meta,24,-6,0,99.000,,,0
xfer_sink+meta,24,-6,1,99.000,,,0
xfer_sink+meta,24,-6,2,99.000,,,0
xfer_sink+meta,24,-6,3,99.000,,,0
xfer_sink+meta,25,-5,0,99.000,,,0
xfer_sink+meta,25,-5,1,99.000,,,0
xfer_sink+meta,25,-5,2,99.000,,,0
xfer_sink+meta,25,-5,3,99.000,,,0
xfer_sink+meta,26,-4,0,99.000,,,0
xfer_sink+meta,26,-4,1,99.000,,,0
xfer_sink+meta,26,-4,2,99.000,,,0
xfer_sink+meta,26,-4,3,99.000,,,0
xfer_sink+meta,27,-3,0,99.000,,,0
xfer_sink+meta,27,-3,1,99.000,,,0
xfer_sink+meta,27,-3,2,99.000,,,0
xfer_sink+meta,27,-3,3,99.000,,,0
xfer_sink+meta,28,-2,0,99.000,,,0
xfer_sink+meta,28,-2,1,99.000,,,0
xfer_sink+meta,28,-2,2,99.000,,,0
xfer_sink+meta,28,-2,3,99.000,,,0
xfer_sink+meta,29,-1,0,99.000,,,0
xfer_sink+meta,29,-1,1,99.000,,,0
xfer_sink+meta,29,-1,2,99.000,,,0
xfer_sink+meta,29,-1,3,99.000,,,0
xfer_sink+meta,30,0,0,16.162,0.3484,0.4972,0
xfer_sink+meta,30,0,1,17.166,0.5052,0.4002,0
xfer_sink+meta,30,0,2,20.966,0.7194,0.2332,0
xfer_sink+meta,30,0,3,19.832,0.7730,0.2074,0
xfer_sink+meta,31,1,0,23.210,0.8432,0.2180,0
xfer_sink+meta,31,1,1,24.736,0.8330,0.3084,0
xfer_sink+meta,31,1,2,26.048,0.8539,0.2755,0
xfer_sink+meta,31,1,3,26.332,0.8386,0.2808,0
xfer_sink+meta,32,2,0,27.761,0.9215,0.2245,0
xfer_sink+meta,32,2,1,27.770,0.9384,0.2334,0
xfer_sink+meta,32,2,2,29.511,0.9295,0.2504,0
xfer_sink+meta,32,2,3,29.448,0.9332,0.2209,0
xfer_sink+meta,33,3,0,33.116,0.9669,0.1988,0
xfer_sink+meta,33,3,1,34.366,0.9724,0.2059,0
xfer_sink+meta,33,3,2,35.241,0.9713,0.2031,0
xfer_sink+meta,33,3,3,34.849,0.9645,0.1890,0
xfer_sink+meta,34,4,0,36.785,0.9806,0.2023,0
xfer_sink+meta,34,4,1,37.276,0.9835,0.2418,0
xfer_sink+meta,34,4,2,37.682,0.9840,0.2338,0
xfer_sink+meta,34,4,3,37.241,0.9824,0.2233,0
xfer_sink+meta,35,5,0,38.599,0.9875,0.2237,0
xfer_sink+meta,35,5,1,39.693,0.9895,0.2541,0
xfer_sink+meta,35,5,2,39.437,0.9901,0.2556,0
xfer_sink+meta,35,5,3,38.463,0.9888,0.2481,0
xfer_sink+meta,36,6,0,38.063,0.9898,0.2366,0
xfer_sink+meta,36,6,1,37.043,0.9894,0.2488,0
xfer_sink+meta,36,6,2,37.633,0.9891,0.2462,0
xfer_sink+meta,36,6,3,38.160,0.9892,0.2402,0
xfer_sink+meta,37,7,0,39.925,0.9933,0.2305,0
xfer_sink+meta,37,7,1,42.091,0.9941,0.2629,0
xfer_sink+meta,37,7,2,43.433,0.9945,0.2606,0
xfer_sink+meta,37,7,3,42.334,0.9934,0.2561,0
xfer_sink+meta,38,8,0,43.283,0.9956,0.2330,0
xfer_sink+meta,38,8,1,43.879,0.9953,0.2442,0
xfer_sink+meta,38,8,2,45.167,0.9961,0.2244,0
xfer_sink+meta,38,8,3,44.625,0.9960,0.2200,0
xfer_sink+meta,39,9,0,45.582,0.9969,0.2033,0
xfer_sink+meta,39,9,1,45.658,0.9961,0.2190,0
xfer_sink+meta,39,9,2,45.080,0.9962,0.2181,0
xfer_sink+meta,39,9,3,43.783,0.9957,0.2147,0
xfer_sink+meta,40,10,0,46.565,0.9972,0.2020,0
xfer_sink+meta,40,10,1,43.081,0.9957,0.2459,0
xfer_sink+meta,40,10,2,46.248,0.9963,0.2479,0
xfer_sink+meta,40,10,3,42.294,0.9954,0.2446,0
xfer_sink+meta,41,11,0,43.337,0.9968,0.2258,0
xfer_sink+meta,41,11,1,44.620,0.9963,0.2497,0
xfer_sink+meta,41,11,2,45.681,0.9965,0.2387,0
xfer_sink+meta,41,11,3,45.139,0.9963,0.2234,0
xfer_sink+meta,42,12,0,47.177,0.9974,0.2171,0
xfer_sink+meta,42,12,1,46.539,0.9966,0.2388,0
xfer_sink+meta,42,12,2,46.684,0.9969,0.2392,0
xfer_sink+meta,42,12,3,47.105,0.9968,0.2347,0
xfer_sink+meta,43,13,0,44.719,0.9967,0.2169,0
xfer_sink+meta,43,13,1,46.526,0.9966,0.2450,0
xfer_sink+meta,43,13,2,45.200,0.9968,0.2296,0
xfer_sink+meta,43,13,3,43.485,0.9955,0.2247,0
xfer_sink+meta,44,14,0,43.169,0.9968,0.2068,0
xfer_sink+meta,44,14,1,43.571,0.9963,0.2152,0
xfer_sink+meta,44,14,2,45.946,0.9965,0.1969,0
xfer_sink+meta,44,14,3,42.243,0.9960,0.1946,0
xfer_sink+meta,45,15,0,45.300,0.9973,0.1945,0
xfer_sink+meta,45,15,1,46.256,0.9972,0.2093,0
xfer_sink+meta,45,15,2,44.722,0.9972,0.2061,0
xfer_sink+meta,45,15,3,43.941,0.9968,0.2018,0
xfer_sink+meta,46,16,0,46.575,0.9974,0.1993,0
xfer_sink+meta,46,16,1,45.709,0.9965,0.2185,0
xfer_sink+meta,46,16,2,41.909,0.9960,0.2177,0
xfer_sink+meta,46,16,3,41.741,0.9950,0.2157,0
xfer_sink+meta,47,17,0,42.384,0.9956,0.2117,0
xfer_sink+meta,47,17,1,42.845,0.9954,0.2385,0
xfer_sink+meta,47,17,2,42.478,0.9954,0.2358,0
xfer_sink+meta,47,17,3,41.073,0.9942,0.2254,0
xfer_sink+meta,48,18,0,44.563,0.9961,0.2243,0
xfer_sink+meta,48,18,1,43.455,0.9955,0.2434,0
xfer_sink+meta,48,18,2,42.357,0.9952,0.2371,0
xfer_sink+meta,48,18,3,40.048,0.9935,0.2293,0
xfer_sink+meta,49,19,0,42.492,0.9952,0.2232,0
xfer_sink+meta,49,19,1,41.971,0.9949,0.2349,0
xfer_sink+meta,49,19,2,43.662,0.9960,0.2334,0
xfer_sink+meta,49,19,3,42.352,0.9954,0.2330,0
xfer_sink+meta,50,20,0,41.005,0.9947,0.2266,0
xfer_sink+meta,50,20,1,40.032,0.9943,0.2371,0
xfer_sink+meta,50,20,2,40.941,0.9945,0.2272,0
xfer_sink+meta,50,20,3,42.289,0.9949,0.2191,0
xfer_sink+meta,51,21,0,45.172,0.9969,0.2187,0
xfer_sink+meta,51,21,1,45.769,0.9967,0.2343,0
xfer_sink+meta,51,21,2,45.380,0.9968,0.2308,0
xfer_sink+meta,51,21,3,42.422,0.9955,0.2222,0
xfer_sink+meta,52,22,0,43.338,0.9962,0.2174,0
xfer_sink+meta,52,22,1,42.248,0.9952,0.2372,0
xfer_sink+meta,52,22,2,40.637,0.9940,0.2224,0
xfer_sink+meta,52,22,3,40.109,0.9938,0.2138,0
xfer_sink+meta,53,23,0,41.842,0.9945,0.2103,0
xfer_sink+meta,53,23,1,40.981,0.9945,0.2329,0
xfer_sink+meta,53,23,2,40.615,0.9944,0.2295,0
xfer_sink+meta,53,23,3,39.762,0.9932,0.2175,0
xfer_sink+meta,54,24,0,41.123,0.9946,0.2129,0
xfer_sink+meta,54,24,1,39.483,0.9936,0.2312,0
xfer_sink+meta,54,24,2,40.546,0.9945,0.2387,0
xfer_sink+meta,54,24,3,40.982,0.9944,0.2238,0
xfer_sink+meta,55,25,0,41.491,0.9950,0.2204,0
xfer_sink+meta,55,25,1,41.467,0.9949,0.2440,0
xfer_sink+meta,55,25,2,41.667,0.9952,0.2393,0
xfer_sink+meta,55,25,3,40.600,0.9947,0.2230,0
xfer_sink+meta,56,26,0,42.421,0.9963,0.2081,0
xfer_sink+meta,56,26,1,43.453,0.9965,0.2229,0
xfer_sink+meta,56,26,2,42.671,0.9964,0.2217,0
xfer_sink+meta,56,26,3,42.631,0.9962,0.2124,0
xfer_sink+meta,57,27,0,45.779,0.9970,0.2070,0
xfer_sink+meta,57,27,1,44.163,0.9966,0.2356,0
xfer_sink+meta,57,27,2,43.664,0.9962,0.2397,0
xfer_sink+meta,57,27,3,43.664,0.9958,0.2341,0
xfer_sink+meta,58,28,0,45.135,0.9968,0.2365,0
xfer_sink+meta,58,28,1,43.967,0.9962,0.2510,0
xfer_sink+meta,58,28,2,42.821,0.9960,0.2596,0
xfer_sink+meta,58,28,3,41.477,0.9953,0.2419,0
xfer_sink+meta,59,29,0,43.145,0.9957,0.2301,0
xfer_sink+meta,59,29,1,40.907,0.9944,0.2456,0
xfer_sink+meta,59,29,2,41.302,0.9949,0.2440,0
xfer_sink+meta,59,29,3,41.589,0.9950,0.2315,0
xfer_sink+meta,60,30,0,44.381,0.9967,0.2338,0
xfer_sink+meta,60,30,1,45.259,0.9965,0.2653,0
xfer_sink+meta,60,30,2,45.063,0.9965,0.2498,0
xfer_sink+meta,60,30,3,45.180,0.9965,0.2299,0
xfer_sink+meta,61,31,0,43.145,0.9958,0.1999,0
xfer_sink+meta,61,31,1,43.151,0.9952,0.2367,0
xfer_sink+meta,61,31,2,42.633,0.9945,0.2726,0
xfer_sink+meta,61,31,3,41.488,0.9936,0.2565,0
xfer_sink+meta,62,32,0,44.234,0.9958,0.2057,0
xfer_sink+meta,62,32,1,45.821,0.9963,0.2454,0
xfer_sink+meta,62,32,2,44.915,0.9963,0.2355,0
xfer_sink+meta,62,32,3,42.357,0.9952,0.2188,0
xfer_sink+meta,63,33,0,45.055,0.9959,0.2146,0
xfer_sink+meta,63,33,1,38.169,0.9943,0.2464,0
xfer_sink+meta,63,33,2,40.681,0.9947,0.2336,0
xfer_sink+meta,63,33,3,40.433,0.9944,0.2231,0
xfer_sink+meta,64,34,0,43.770,0.9955,0.2146,0
xfer_sink+meta,64,34,1,43.003,0.9960,0.2357,0
xfer_sink+meta,64,34,2,43.562,0.9961,0.2369,0
xfer_sink+meta,64,34,3,43.421,0.9955,0.2284,0
xfer_sink+meta,65,35,0,42.937,0.9954,0.2228,0
xfer_sink+meta,65,35,1,45.464,0.9966,0.2427,0
xfer_sink+meta,65,35,2,43.557,0.9961,0.2435,0
xfer_sink+meta,65,35,3,43.397,0.9957,0.2295,0
xfer_sink+meta,66,36,0,46.148,0.9967,0.2166,0
xfer_sink+meta,66,36,1,46.329,0.9968,0.2450,0
xfer_sink+meta,66,36,2,47.711,0.9971,0.2458,0
xfer_sink+meta,66,36,3,44.823,0.9963,0.2338,0
xfer_sink+meta,67,37,0,45.839,0.9966,0.2316,0
xfer_sink+meta,67,37,1,46.152,0.9966,0.2685,0
xfer_sink+meta,67,37,2,46.081,0.9965,0.2558,0
xfer_sink+meta,67,37,3,46.916,0.9966,0.2452,0
xfer_sink+meta,68,38,0,46.040,0.9970,0.2284,0
xfer_sink+meta,68,38,1,45.467,0.9965,0.2454,0
xfer_sink+meta,68,38,2,43.420,0.9957,0.2376,0
xfer_sink+meta,68,38,3,43.107,0.9955,0.2331,0
xfer_sink+meta,69,39,0,46.559,0.9969,0.2244,0
xfer_sink+meta,69,39,1,45.824,0.9965,0.2465,0
xfer_sink+meta,69,39,2,44.995,0.9962,0.2516,0
xfer_sink+meta,69,39,3,43.863,0.9956,0.2359,0
xfer_meta+inflight,0,-30,0,99.000,,,0
xfer_meta+inflight,0,-30,1,99.000,,,0
xfer_meta+inflight,0,-30,2,99.000,,,0
xfer_meta+inflight,0,-30,3,99.000,,,0
xfer_meta+inflight,1,-29,0,99.000,,,0
xfer_meta+inflight,1,-29,1,99.000,,,0
xfer_meta+inflight,1,-29,2,99.000,,,0
xfer_meta+inflight,1,-29,3,99.000,,,0
xfer_meta+inflight,2,-28,0,99.000,,,0
xfer_meta+inflight,2,-28,1,99.000,,,0
xfer_meta+inflight,2,-28,2,99.000,,,0
xfer_meta+inflight,2,-28,3,99.000,,,0
xfer_meta+inflight,3,-27,0,99.000,,,0
xfer_meta+inflight,3,-27,1,99.000,,,0
xfer_meta+inflight,3,-27,2,99.000,,,0
xfer_meta+inflight,3,-27,3,99.000,,,0
xfer_meta+inflight,4,-26,0,99.000,,,0
xfer_meta+inflight,4,-26,1,99.000,,,0
xfer_meta+inflight,4,-26,2,99.000,,,0
xfer_meta+inflight,4,-26,3,99.000,,,0
xfer_meta+inflight,5,-25,0,99.000,,,0
xfer_meta+inflight,5,-25,1,99.000,,,0
xfer_meta+inflight,5,-25,2,99.000,,,0
xfer_meta+inflight,5,-25,3,99.000,,,0
xfer_meta+inflight,6,-24,0,99.000,,,0
xfer_meta+inflight,6,-24,1,99.000,,,0
xfer_meta+inflight,6,-24,2,99.000,,,0
xfer_meta+inflight,6,-24,3,99.000,,,0
xfer_meta+inflight,7,-23,0,99.000,,,0
xfer_meta+inflight,7,-23,1,99.000,,,0
xfer_meta+inflight,7,-23,2,99.000,,,0
xfer_meta+inflight,7,-23,3,99.000,,,0
xfer_meta+inflight,8,-22,0,99.000,,,0
xfer_meta+inflight,8,-22,1,99.000,,,0
xfer_meta+inflight,8,-22,2,99.000,,,0
xfer_meta+inflight,8,-22,3,99.000,,,0
xfer_meta+inflight,9,-21,0,99.000,,,0
xfer_meta+inflight,9,-21,1,99.000,,,0
xfer_meta+inflight,9,-21,2,99.000,,,0
xfer_meta+inflight,9,-21,3,99.000,,,0
xfer_meta+inflight,10,-20,0,99.000,,,0
xfer_meta+inflight,10,-20,1,99.000,,,0
xfer_meta+inflight,10,-20,2,99.000,,,0
xfer_meta+inflight,10,-20,3,99.000,,,0
xfer_meta+inflight,11,-19,0,99.000,,,0
xfer_meta+inflight,11,-19,1,99.000,,,0
xfer_meta+inflight,11,-19,2,99.000,,,0
xfer_meta+inflight,11,-19,3,99.000,,,0
xfer_meta+inflight,12,-18,0,99.000,,,0
xfer_meta+inflight,12,-18,1,99.000,,,0
xfer_meta+inflight,12,-18,2,99.000,,,0
xfer_meta+inflight,12,-18,3,99.000,,,0
xfer_meta+inflight,13,-17,0,99.000,,,0
xfer_meta+inflight,13,-17,1,99.000,,,0
xfer_meta+inflight,13,-17,2,99.000,,,0
xfer_meta+inflight,13,-17,3,99.000,,,0
xfer_meta+inflight,14,-16,0,99.000,,,0
xfer_meta+inflight,14,-16,1,99.000,,,0
xfer_meta+inflight,14,-16,2,99.000,,,0
xfer_meta+inflight,14,-16,3,99.000,,,0
xfer_meta+inflight,15,-15,0,99.000,,,0
xfer_meta+inflight,15,-15,1,99.000,,,0
xfer_meta+inflight,15,-15,2,99.000,,,0
xfer_meta+inflight,15,-15,3,99.000,,,0
xfer_meta+inflight,16,-14,0,99.000,,,0
xfer_meta+inflight,16,-14,1,99.000,,,0
xfer_meta+inflight,16,-14,2,99.000,,,0
xfer_meta+inflight,16,-14,3,99.000,,,0
xfer_meta+inflight,17,-13,0,99.000,,,0
xfer_meta+inflight,17,-13,1,99.000,,,0
xfer_meta+inflight,17,-13,2,99.000,,,0
xfer_meta+inflight,17,-13,3,99.000,,,0
xfer_meta+inflight,18,-12,0,99.000,,,0
xfer_meta+inflight,18,-12,1,99.000,,,0
xfer_meta+inflight,18,-12,2,99.000,,,0
xfer_meta+inflight,18,-12,3,99.000,,,0
xfer_meta+inflight,19,-11,0,99.000,,,0
xfer_meta+inflight,19,-11,1,99.000,,,0
xfer_meta+inflight,19,-11,2,99.000,,,0
xfer_meta+inflight,19,-11,3,99.000,,,0
xfer_meta+inflight,20,-10,0,99.000,,,0
xfer_meta+inflight,20,-10,1,99.000,,,0
xfer_meta+inflight,20,-10,2,99.000,,,0
xfer_meta+inflight,20,-10,3,99.000,,,0
xfer_meta+inflight,21,-9,0,99.000,,,0
xfer_meta+inflight,21,-9,1,99.000,,,0
xfer_meta+inflight,21,-9,2,99.000,,,0
xfer_meta+inflight,21,-9,3,99.000,,,0
xfer_meta+inflight,22,-8,0,99.000,,,0
xfer_meta+inflight,22,-8,1,99.000,,,0
xfer_meta+inflight,22,-8,2,99.000,,,0
xfer_meta+inflight,22,-8,3,99.000,,,0
xfer_meta+inflight,23,-7,0,99.000,,,0
xfer_meta+inflight,23,-7,1,99.000,,,0
xfer_meta+inflight,23,-7,2,99.000,,,0
xfer_meta+inflight,23,-7,3,99.000,,,0
xfer_meta+inflight,24,-6,0,99.000,,,0
xfer_meta+inflight,24,-6,1,99.000,,,0
xfer_meta+inflight,24,-6,2,99.000,,,0
xfer_meta+inflight,24,-6,3,99.000,,,0
xfer_meta+inflight,25,-5,0,99.000,,,0
xfer_meta+inflight,25,-5,1,99.000,,,0
xfer_meta+inflight,25,-5,2,99.000,,,0
xfer_meta+inflight,25,-5,3,99.000,,,0
xfer_meta+inflight,26,-4,0,99.000,,,0
xfer_meta+inflight,26,-4,1,99.000,,,0
xfer_meta+inflight,26,-4,2,99.000,,,0
xfer_meta+inflight,26,-4,3,99.000,,,0
xfer_meta+inflight,27,-3,0,99.000,,,0
xfer_meta+inflight,27,-3,1,99.000,,,0
xfer_meta+inflight,27,-3,2,99.000,,,0
xfer_meta+inflight,27,-3,3,99.000,,,0
xfer_meta+inflight,28,-2,0,99.000,,,0
xfer_meta+inflight,28,-2,1,99.000,,,0
xfer_meta+inflight,28,-2,2,99.000,,,0
xfer_meta+inflight,28,-2,3,99.000,,,0
xfer_meta+inflight,29,-1,0,99.000,,,0
xfer_meta+inflight,29,-1,1,99.000,,,0
xfer_meta+inflight,29,-1,2,99.000,,,0
xfer_meta+inflight,29,-1,3,99.000,,,0
xfer_meta+inflight,30,0,0,15.390,0.1837,0.5588,0
xfer_meta+inflight,30,0,1,16.906,0.2421,0.5715,0
xfer_meta+inflight,30,0,2,18.383,0.4595,0.4020,0
xfer_meta+inflight,30,0,3,17.767,0.5989,0.2818,0
xfer_meta+inflight,31,1,0,21.522,0.7911,0.1979,0
xfer_meta+inflight,31,1,1,21.619,0.8179,0.2340,0
xfer_meta+inflight,31,1,2,22.185,0.7933,0.2455,0
xfer_meta+inflight,31,1,3,20.973,0.7751,0.2402,0
xfer_meta+inflight,32,2,0,21.266,0.8235,0.2298,0
xfer_meta+inflight,32,2,1,20.366,0.8373,0.2303,0
xfer_meta+inflight,32,2,2,22.220,0.8037,0.2798,0
xfer_meta+inflight,32,2,3,22.391,0.8283,0.2367,0
xfer_meta+inflight,33,3,0,23.288,0.8827,0.1886,0
xfer_meta+inflight,33,3,1,23.227,0.8771,0.1888,0
xfer_meta+inflight,33,3,2,24.111,0.8794,0.1874,0
xfer_meta+inflight,33,3,3,24.610,0.8766,0.1761,0
xfer_meta+inflight,34,4,0,24.685,0.8835,0.1902,0
xfer_meta+inflight,34,4,1,23.029,0.8652,0.2148,0
xfer_meta+inflight,34,4,2,23.228,0.8619,0.2030,0
xfer_meta+inflight,34,4,3,22.452,0.8572,0.1957,0
xfer_meta+inflight,35,5,0,22.831,0.8731,0.2011,0
xfer_meta+inflight,35,5,1,23.130,0.8793,0.2242,0
xfer_meta+inflight,35,5,2,23.855,0.8824,0.2230,0
xfer_meta+inflight,35,5,3,23.803,0.8672,0.2081,0
xfer_meta+inflight,36,6,0,24.796,0.8912,0.2122,0
xfer_meta+inflight,36,6,1,24.133,0.8868,0.2191,0
xfer_meta+inflight,36,6,2,24.657,0.8908,0.2146,0
xfer_meta+inflight,36,6,3,24.347,0.8814,0.1994,0
xfer_meta+inflight,37,7,0,25.399,0.8989,0.2092,0
xfer_meta+inflight,37,7,1,25.172,0.8914,0.2344,0
xfer_meta+inflight,37,7,2,25.689,0.8936,0.2343,0
xfer_meta+inflight,37,7,3,25.205,0.8751,0.2166,0
xfer_meta+inflight,38,8,0,26.558,0.9122,0.2151,0
xfer_meta+inflight,38,8,1,26.618,0.9129,0.2214,0
xfer_meta+inflight,38,8,2,27.452,0.9206,0.2093,0
xfer_meta+inflight,38,8,3,26.397,0.9176,0.1993,0
xfer_meta+inflight,39,9,0,27.676,0.9296,0.1906,0
xfer_meta+inflight,39,9,1,26.967,0.9239,0.2015,0
xfer_meta+inflight,39,9,2,27.156,0.9226,0.1989,0
xfer_meta+inflight,39,9,3,26.772,0.9178,0.1906,0
xfer_meta+inflight,40,10,0,28.742,0.9358,0.1937,0
xfer_meta+inflight,40,10,1,27.817,0.9244,0.2258,0
xfer_meta+inflight,40,10,2,27.927,0.9190,0.2280,0
xfer_meta+inflight,40,10,3,25.637,0.8935,0.2140,0
xfer_meta+inflight,41,11,0,27.286,0.9153,0.2162,0
xfer_meta+inflight,41,11,1,26.407,0.9081,0.2292,0
xfer_meta+inflight,41,11,2,26.681,0.9097,0.2202,0
xfer_meta+inflight,41,11,3,26.082,0.9046,0.2027,0
xfer_meta+inflight,42,12,0,28.157,0.9269,0.2078,0
xfer_meta+inflight,42,12,1,27.888,0.9224,0.2209,0
xfer_meta+inflight,42,12,2,27.326,0.9157,0.2171,0
xfer_meta+inflight,42,12,3,26.446,0.9010,0.2032,0
xfer_meta+inflight,43,13,0,26.882,0.9214,0.2136,0
xfer_meta+inflight,43,13,1,26.446,0.9188,0.2346,0
xfer_meta+inflight,43,13,2,26.595,0.9202,0.2194,0
xfer_meta+inflight,43,13,3,25.517,0.8944,0.2028,0
xfer_meta+inflight,44,14,0,26.886,0.9382,0.2055,0
xfer_meta+inflight,44,14,1,26.422,0.9309,0.2126,0
xfer_meta+inflight,44,14,2,26.307,0.9289,0.1930,0
xfer_meta+inflight,44,14,3,26.976,0.9304,0.1897,0
xfer_meta+inflight,45,15,0,28.504,0.9353,0.1897,0
xfer_meta+inflight,45,15,1,27.389,0.9327,0.1947,0
xfer_meta+inflight,45,15,2,27.113,0.9326,0.1911,0
xfer_meta+inflight,45,15,3,26.666,0.9248,0.1843,0
xfer_meta+inflight,46,16,0,28.380,0.9307,0.1859,0
xfer_meta+inflight,46,16,1,26.402,0.9241,0.2048,0
xfer_meta+inflight,46,16,2,26.101,0.9200,0.2032,0
xfer_meta+inflight,46,16,3,25.570,0.9066,0.1940,0
xfer_meta+inflight,47,17,0,25.432,0.9041,0.2047,0
xfer_meta+inflight,47,17,1,24.194,0.8951,0.2207,0
xfer_meta+inflight,47,17,2,24.591,0.8932,0.2148,0
xfer_meta+inflight,47,17,3,24.700,0.8907,0.2060,0
xfer_meta+inflight,48,18,0,24.367,0.8930,0.2092,0
xfer_meta+inflight,48,18,1,23.706,0.8863,0.2205,0
xfer_meta+inflight,48,18,2,24.355,0.8885,0.2138,0
xfer_meta+inflight,48,18,3,23.568,0.8772,0.2030,0
xfer_meta+inflight,49,19,0,24.095,0.8933,0.2082,0
xfer_meta+inflight,49,19,1,23.557,0.8957,0.2208,0
xfer_meta+inflight,49,19,2,23.819,0.8941,0.2182,0
xfer_meta+inflight,49,19,3,24.236,0.8849,0.2068,0
xfer_meta+inflight,50,20,0,24.786,0.8942,0.2143,0
xfer_meta+inflight,50,20,1,25.097,0.9018,0.2312,0
xfer_meta+inflight,50,20,2,25.225,0.9067,0.2172,0
xfer_meta+inflight,50,20,3,25.519,0.9029,0.2056,0
xfer_meta+inflight,51,21,0,27.091,0.9181,0.2062,0
xfer_meta+inflight,51,21,1,26.581,0.9170,0.2257,0
xfer_meta+inflight,51,21,2,26.131,0.9088,0.2129,0
xfer_meta+inflight,51,21,3,25.098,0.8981,0.2067,0
xfer_meta+inflight,52,22,0,26.074,0.9114,0.2109,0
xfer_meta+inflight,52,22,1,23.602,0.8969,0.2241,0
xfer_meta+inflight,52,22,2,24.533,0.8957,0.2027,0
xfer_meta+inflight,52,22,3,24.682,0.8911,0.1934,0
xfer_meta+inflight,53,23,0,25.093,0.9070,0.1967,0
xfer_meta+inflight,53,23,1,25.000,0.9052,0.2155,0
xfer_meta+inflight,53,23,2,25.018,0.9051,0.2092,0
xfer_meta+inflight,53,23,3,23.694,0.8929,0.1988,0
xfer_meta+inflight,54,24,0,25.719,0.9173,0.2044,0
xfer_meta+inflight,54,24,1,26.267,0.9208,0.2206,0
xfer_meta+inflight,54,24,2,26.055,0.9196,0.2265,0
xfer_meta+inflight,54,24,3,26.086,0.9059,0.2059,0
xfer_meta+inflight,55,25,0,25.756,0.9172,0.2237,0
xfer_meta+inflight,55,25,1,26.357,0.9201,0.2412,0
xfer_meta+inflight,55,25,2,26.574,0.9156,0.2336,0
xfer_meta+inflight,55,25,3,26.480,0.9095,0.2136,0
xfer_meta+inflight,56,26,0,28.023,0.9286,0.2077,0
xfer_meta+inflight,56,26,1,27.263,0.9273,0.2273,0
xfer_meta+inflight,56,26,2,26.142,0.9199,0.2206,0
xfer_meta+inflight,56,26,3,25.892,0.9173,0.2155,0
xfer_meta+inflight,57,27,0,26.862,0.9258,0.2096,0
xfer_meta+inflight,57,27,1,26.284,0.9133,0.2369,0
xfer_meta+inflight,57,27,2,26.464,0.9116,0.2370,0
xfer_meta+inflight,57,27,3,25.246,0.8993,0.2279,0
xfer_meta+inflight,58,28,0,26.821,0.9135,0.2282,0
xfer_meta+inflight,58,28,1,25.417,0.9039,0.2331,0
xfer_meta+inflight,58,28,2,25.992,0.9017,0.2335,0
xfer_meta+inflight,58,28,3,24.909,0.8969,0.2163,0
xfer_meta+inflight,59,29,0,26.170,0.9123,0.2172,0
xfer_meta+inflight,59,29,1,26.037,0.9090,0.2264,0
xfer_meta+inflight,59,29,2,26.026,0.9114,0.2218,0
xfer_meta+inflight,59,29,3,25.698,0.9092,0.2110,0
xfer_meta+inflight,60,30,0,26.474,0.9135,0.2195,0
xfer_meta+inflight,60,30,1,26.059,0.9047,0.2462,0
xfer_meta+inflight,60,30,2,27.070,0.9089,0.2319,0
xfer_meta+inflight,60,30,3,26.758,0.9043,0.2074,0
xfer_meta+inflight,61,31,0,24.944,0.9104,0.1979,0
xfer_meta+inflight,61,31,1,25.396,0.8956,0.2162,0
xfer_meta+inflight,61,31,2,23.541,0.8238,0.2080,0
xfer_meta+inflight,61,31,3,23.170,0.8222,0.2026,0
xfer_meta+inflight,62,32,0,24.248,0.8808,0.1869,0
xfer_meta+inflight,62,32,1,25.396,0.8893,0.2161,0
xfer_meta+inflight,62,32,2,25.835,0.8937,0.2092,0
xfer_meta+inflight,62,32,3,24.270,0.8770,0.1864,0
xfer_meta+inflight,63,33,0,25.312,0.8931,0.1940,0
xfer_meta+inflight,63,33,1,23.471,0.8865,0.2260,0
xfer_meta+inflight,63,33,2,24.242,0.8866,0.2205,0
xfer_meta+inflight,63,33,3,24.402,0.8894,0.2086,0
xfer_meta+inflight,64,34,0,25.469,0.9041,0.2033,0
xfer_meta+inflight,64,34,1,23.544,0.8910,0.2221,0
xfer_meta+inflight,64,34,2,24.008,0.8918,0.2260,0
xfer_meta+inflight,64,34,3,24.337,0.8887,0.2159,0
xfer_meta+inflight,65,35,0,24.824,0.8994,0.2134,0
xfer_meta+inflight,65,35,1,25.503,0.9191,0.2377,0
xfer_meta+inflight,65,35,2,26.675,0.9208,0.2337,0
xfer_meta+inflight,65,35,3,26.996,0.9226,0.2196,0
xfer_meta+inflight,66,36,0,26.428,0.9221,0.2140,0
xfer_meta+inflight,66,36,1,26.028,0.9106,0.2283,0
xfer_meta+inflight,66,36,2,26.050,0.9113,0.2297,0
xfer_meta+inflight,66,36,3,25.069,0.9007,0.2147,0
xfer_meta+inflight,67,37,0,26.391,0.9130,0.2248,0
xfer_meta+inflight,67,37,1,25.286,0.9040,0.2504,0
xfer_meta+inflight,67,37,2,26.146,0.9086,0.2449,0
xfer_meta+inflight,67,37,3,26.314,0.9036,0.2293,0
xfer_meta+inflight,68,38,0,27.501,0.9141,0.2174,0
xfer_meta+inflight,68,38,1,26.805,0.9064,0.2392,0
xfer_meta+inflight,68,38,2,26.809,0.9069,0.2331,0
xfer_meta+inflight,68,38,3,26.658,0.9032,0.2264,0
xfer_meta+inflight,69,39,0,26.875,0.9173,0.2115,0
xfer_meta+inflight,69,39,1,25.515,0.9044,0.2308,0
xfer_meta+inflight,69,39,2,28.022,0.9140,0.2333,0
xfer_meta+inflight,69,39,3,26.017,0.8980,0.2191,0
drop_kv_recent,0,-30,0,99.000,,,0
drop_kv_recent,0,-30,1,99.000,,,0
drop_kv_recent,0,-30,2,99.000,,,0
drop_kv_recent,0,-30,3,99.000,,,0
drop_kv_recent,1,-29,0,99.000,,,0
drop_kv_recent,1,-29,1,99.000,,,0
drop_kv_recent,1,-29,2,99.000,,,0
drop_kv_recent,1,-29,3,99.000,,,0
drop_kv_recent,2,-28,0,99.000,,,0
drop_kv_recent,2,-28,1,99.000,,,0
drop_kv_recent,2,-28,2,99.000,,,0
drop_kv_recent,2,-28,3,99.000,,,0
drop_kv_recent,3,-27,0,99.000,,,0
drop_kv_recent,3,-27,1,99.000,,,0
drop_kv_recent,3,-27,2,99.000,,,0
drop_kv_recent,3,-27,3,99.000,,,0
drop_kv_recent,4,-26,0,99.000,,,0
drop_kv_recent,4,-26,1,99.000,,,0
drop_kv_recent,4,-26,2,99.000,,,0
drop_kv_recent,4,-26,3,99.000,,,0
drop_kv_recent,5,-25,0,99.000,,,0
drop_kv_recent,5,-25,1,99.000,,,0
drop_kv_recent,5,-25,2,99.000,,,0
drop_kv_recent,5,-25,3,99.000,,,0
drop_kv_recent,6,-24,0,99.000,,,0
drop_kv_recent,6,-24,1,99.000,,,0
drop_kv_recent,6,-24,2,99.000,,,0
drop_kv_recent,6,-24,3,99.000,,,0
drop_kv_recent,7,-23,0,99.000,,,0
drop_kv_recent,7,-23,1,99.000,,,0
drop_kv_recent,7,-23,2,99.000,,,0
drop_kv_recent,7,-23,3,99.000,,,0
drop_kv_recent,8,-22,0,99.000,,,0
drop_kv_recent,8,-22,1,99.000,,,0
drop_kv_recent,8,-22,2,99.000,,,0
drop_kv_recent,8,-22,3,99.000,,,0
drop_kv_recent,9,-21,0,99.000,,,0
drop_kv_recent,9,-21,1,99.000,,,0
drop_kv_recent,9,-21,2,99.000,,,0
drop_kv_recent,9,-21,3,99.000,,,0
drop_kv_recent,10,-20,0,99.000,,,0
drop_kv_recent,10,-20,1,99.000,,,0
drop_kv_recent,10,-20,2,99.000,,,0
drop_kv_recent,10,-20,3,99.000,,,0
drop_kv_recent,11,-19,0,99.000,,,0
drop_kv_recent,11,-19,1,99.000,,,0
drop_kv_recent,11,-19,2,99.000,,,0
drop_kv_recent,11,-19,3,99.000,,,0
drop_kv_recent,12,-18,0,99.000,,,0
drop_kv_recent,12,-18,1,99.000,,,0
drop_kv_recent,12,-18,2,99.000,,,0
drop_kv_recent,12,-18,3,99.000,,,0
drop_kv_recent,13,-17,0,99.000,,,0
drop_kv_recent,13,-17,1,99.000,,,0
drop_kv_recent,13,-17,2,99.000,,,0
drop_kv_recent,13,-17,3,99.000,,,0
drop_kv_recent,14,-16,0,99.000,,,0
drop_kv_recent,14,-16,1,99.000,,,0
drop_kv_recent,14,-16,2,99.000,,,0
drop_kv_recent,14,-16,3,99.000,,,0
drop_kv_recent,15,-15,0,99.000,,,0
drop_kv_recent,15,-15,1,99.000,,,0
drop_kv_recent,15,-15,2,99.000,,,0
drop_kv_recent,15,-15,3,99.000,,,0
drop_kv_recent,16,-14,0,99.000,,,0
drop_kv_recent,16,-14,1,99.000,,,0
drop_kv_recent,16,-14,2,99.000,,,0
drop_kv_recent,16,-14,3,99.000,,,0
drop_kv_recent,17,-13,0,99.000,,,0
drop_kv_recent,17,-13,1,99.000,,,0
drop_kv_recent,17,-13,2,99.000,,,0
drop_kv_recent,17,-13,3,99.000,,,0
drop_kv_recent,18,-12,0,99.000,,,0
drop_kv_recent,18,-12,1,99.000,,,0
drop_kv_recent,18,-12,2,99.000,,,0
drop_kv_recent,18,-12,3,99.000,,,0
drop_kv_recent,19,-11,0,99.000,,,0
drop_kv_recent,19,-11,1,99.000,,,0
drop_kv_recent,19,-11,2,99.000,,,0
drop_kv_recent,19,-11,3,99.000,,,0
drop_kv_recent,20,-10,0,99.000,,,0
drop_kv_recent,20,-10,1,99.000,,,0
drop_kv_recent,20,-10,2,99.000,,,0
drop_kv_recent,20,-10,3,99.000,,,0
drop_kv_recent,21,-9,0,99.000,,,0
drop_kv_recent,21,-9,1,99.000,,,0
drop_kv_recent,21,-9,2,99.000,,,0
drop_kv_recent,21,-9,3,99.000,,,0
drop_kv_recent,22,-8,0,99.000,,,0
drop_kv_recent,22,-8,1,99.000,,,0
drop_kv_recent,22,-8,2,99.000,,,0
drop_kv_recent,22,-8,3,99.000,,,0
drop_kv_recent,23,-7,0,99.000,,,0
drop_kv_recent,23,-7,1,99.000,,,0
drop_kv_recent,23,-7,2,99.000,,,0
drop_kv_recent,23,-7,3,99.000,,,0
drop_kv_recent,24,-6,0,99.000,,,0
drop_kv_recent,24,-6,1,99.000,,,0
drop_kv_recent,24,-6,2,99.000,,,0
drop_kv_recent,24,-6,3,99.000,,,0
drop_kv_recent,25,-5,0,99.000,,,0
drop_kv_recent,25,-5,1,99.000,,,0
drop_kv_recent,25,-5,2,99.000,,,0
drop_kv_recent,25,-5,3,99.000,,,0
drop_kv_recent,26,-4,0,99.000,,,0
drop_kv_recent,26,-4,1,99.000,,,0
drop_kv_recent,26,-4,2,99.000,,,0
drop_kv_recent,26,-4,3,99.000,,,0
drop_kv_recent,27,-3,0,99.000,,,0
drop_kv_recent,27,-3,1,99.000,,,0
drop_kv_recent,27,-3,2,99.000,,,0
drop_kv_recent,27,-3,3,99.000,,,0
drop_kv_recent,28,-2,0,99.000,,,0
drop_kv_recent,28,-2,1,99.000,,,0
drop_kv_recent,28,-2,2,99.000,,,0
drop_kv_recent,28,-2,3,99.000,,,0
drop_kv_recent,29,-1,0,99.000,,,0
drop_kv_recent,29,-1,1,99.000,,,0
drop_kv_recent,29,-1,2,99.000,,,0
drop_kv_recent,29,-1,3,99.000,,,0
drop_kv_recent,30,0,0,22.652,0.8763,0.2313,0
drop_kv_recent,30,0,1,22.293,0.8369,0.2777,0
drop_kv_recent,30,0,2,23.630,0.7725,0.3476,0
drop_kv_recent,30,0,3,22.667,0.7397,0.3515,0
drop_kv_recent,31,1,0,24.436,0.8969,0.2279,0
drop_kv_recent,31,1,1,26.285,0.9331,0.2263,0
drop_kv_recent,31,1,2,26.079,0.9250,0.2153,0
drop_kv_recent,31,1,3,27.252,0.9268,0.2007,0
drop_kv_recent,32,2,0,29.232,0.9511,0.2110,0
drop_kv_recent,32,2,1,30.530,0.9584,0.2284,0
drop_kv_recent,32,2,2,31.387,0.9568,0.2121,0
drop_kv_recent,32,2,3,30.996,0.9577,0.1920,0
drop_kv_recent,33,3,0,33.832,0.9798,0.2028,0
drop_kv_recent,33,3,1,35.413,0.9855,0.2265,0
drop_kv_recent,33,3,2,35.836,0.9852,0.2346,0
drop_kv_recent,33,3,3,36.386,0.9839,0.2271,0
drop_kv_recent,34,4,0,37.452,0.9899,0.2208,0
drop_kv_recent,34,4,1,38.512,0.9895,0.2607,0
drop_kv_recent,34,4,2,39.105,0.9897,0.2501,0
drop_kv_recent,34,4,3,38.745,0.9893,0.2382,0
drop_kv_recent,35,5,0,40.583,0.9921,0.2329,0
drop_kv_recent,35,5,1,42.173,0.9935,0.2587,0
drop_kv_recent,35,5,2,41.969,0.9935,0.2573,0
drop_kv_recent,35,5,3,40.867,0.9927,0.2507,0
drop_kv_recent,36,6,0,44.028,0.9952,0.2382,0
drop_kv_recent,36,6,1,43.198,0.9954,0.2501,0
drop_kv_recent,36,6,2,44.109,0.9958,0.2478,0
drop_kv_recent,36,6,3,44.603,0.9957,0.2430,0
drop_kv_recent,37,7,0,46.588,0.9972,0.2336,0
drop_kv_recent,37,7,1,47.918,0.9973,0.2650,0
drop_kv_recent,37,7,2,48.102,0.9973,0.2632,0
drop_kv_recent,37,7,3,47.841,0.9971,0.2577,0
drop_kv_recent,38,8,0,49.688,0.9981,0.2339,0
drop_kv_recent,38,8,1,50.997,0.9980,0.2452,0
drop_kv_recent,38,8,2,51.144,0.9982,0.2245,0
drop_kv_recent,38,8,3,50.805,0.9981,0.2201,0
drop_kv_recent,39,9,0,49.388,0.9984,0.2039,0
drop_kv_recent,39,9,1,51.943,0.9983,0.2191,0
drop_kv_recent,39,9,2,51.598,0.9983,0.2180,0
drop_kv_recent,39,9,3,51.422,0.9982,0.2144,0
drop_kv_recent,40,10,0,51.994,0.9986,0.2021,0
drop_kv_recent,40,10,1,47.965,0.9979,0.2454,0
drop_kv_recent,40,10,2,52.592,0.9982,0.2477,0
drop_kv_recent,40,10,3,49.777,0.9979,0.2441,0
drop_kv_recent,41,11,0,51.836,0.9985,0.2270,0
drop_kv_recent,41,11,1,52.731,0.9983,0.2510,0
drop_kv_recent,41,11,2,52.806,0.9982,0.2393,0
drop_kv_recent,41,11,3,52.307,0.9982,0.2244,0
drop_kv_recent,42,12,0,54.236,0.9987,0.2179,0
drop_kv_recent,42,12,1,53.969,0.9984,0.2391,0
drop_kv_recent,42,12,2,54.004,0.9984,0.2398,0
drop_kv_recent,42,12,3,54.008,0.9983,0.2348,0
drop_kv_recent,43,13,0,53.834,0.9988,0.2184,0
drop_kv_recent,43,13,1,53.651,0.9984,0.2454,0
drop_kv_recent,43,13,2,54.263,0.9986,0.2300,0
drop_kv_recent,43,13,3,51.405,0.9983,0.2245,0
drop_kv_recent,44,14,0,54.321,0.9988,0.2071,0
drop_kv_recent,44,14,1,52.954,0.9985,0.2159,0
drop_kv_recent,44,14,2,52.479,0.9987,0.1972,0
drop_kv_recent,44,14,3,51.046,0.9985,0.1949,0
drop_kv_recent,45,15,0,53.758,0.9988,0.1954,0
drop_kv_recent,45,15,1,54.456,0.9985,0.2101,0
drop_kv_recent,45,15,2,54.216,0.9987,0.2065,0
drop_kv_recent,45,15,3,53.310,0.9986,0.2028,0
drop_kv_recent,46,16,0,55.468,0.9988,0.2002,0
drop_kv_recent,46,16,1,55.367,0.9985,0.2192,0
drop_kv_recent,46,16,2,54.099,0.9986,0.2188,0
drop_kv_recent,46,16,3,52.369,0.9985,0.2168,0
drop_kv_recent,47,17,0,53.263,0.9987,0.2137,0
drop_kv_recent,47,17,1,53.210,0.9983,0.2391,0
drop_kv_recent,47,17,2,53.229,0.9984,0.2364,0
drop_kv_recent,47,17,3,52.642,0.9984,0.2270,0
drop_kv_recent,48,18,0,53.227,0.9986,0.2252,0
drop_kv_recent,48,18,1,52.585,0.9983,0.2450,0
drop_kv_recent,48,18,2,52.716,0.9985,0.2389,0
drop_kv_recent,48,18,3,51.573,0.9983,0.2311,0
drop_kv_recent,49,19,0,53.404,0.9986,0.2246,0
drop_kv_recent,49,19,1,53.165,0.9985,0.2358,0
drop_kv_recent,49,19,2,53.763,0.9987,0.2345,0
drop_kv_recent,49,19,3,52.423,0.9986,0.2336,0
drop_kv_recent,50,20,0,52.257,0.9987,0.2275,0
drop_kv_recent,50,20,1,52.053,0.9986,0.2381,0
drop_kv_recent,50,20,2,53.875,0.9988,0.2279,0
drop_kv_recent,50,20,3,52.418,0.9987,0.2204,0
drop_kv_recent,51,21,0,53.675,0.9988,0.2198,0
drop_kv_recent,51,21,1,52.928,0.9987,0.2351,0
drop_kv_recent,51,21,2,52.023,0.9988,0.2314,0
drop_kv_recent,51,21,3,50.767,0.9986,0.2230,0
drop_kv_recent,52,22,0,50.250,0.9986,0.2186,0
drop_kv_recent,52,22,1,51.897,0.9984,0.2378,0
drop_kv_recent,52,22,2,52.641,0.9985,0.2234,0
drop_kv_recent,52,22,3,52.131,0.9985,0.2149,0
drop_kv_recent,53,23,0,52.730,0.9987,0.2115,0
drop_kv_recent,53,23,1,52.079,0.9985,0.2333,0
drop_kv_recent,53,23,2,52.648,0.9986,0.2306,0
drop_kv_recent,53,23,3,51.776,0.9985,0.2187,0
drop_kv_recent,54,24,0,53.034,0.9988,0.2135,0
drop_kv_recent,54,24,1,52.794,0.9985,0.2325,0
drop_kv_recent,54,24,2,53.382,0.9986,0.2396,0
drop_kv_recent,54,24,3,52.791,0.9985,0.2246,0
drop_kv_recent,55,25,0,53.792,0.9987,0.2224,0
drop_kv_recent,55,25,1,52.998,0.9985,0.2450,0
drop_kv_recent,55,25,2,53.360,0.9986,0.2395,0
drop_kv_recent,55,25,3,52.331,0.9985,0.2233,0
drop_kv_recent,56,26,0,53.668,0.9988,0.2090,0
drop_kv_recent,56,26,1,54.511,0.9987,0.2235,0
drop_kv_recent,56,26,2,54.187,0.9988,0.2221,0
drop_kv_recent,56,26,3,52.700,0.9987,0.2123,0
drop_kv_recent,57,27,0,53.978,0.9988,0.2075,0
drop_kv_recent,57,27,1,54.573,0.9986,0.2363,0
drop_kv_recent,57,27,2,54.328,0.9986,0.2406,0
drop_kv_recent,57,27,3,53.159,0.9985,0.2354,0
drop_kv_recent,58,28,0,53.635,0.9986,0.2371,0
drop_kv_recent,58,28,1,51.698,0.9984,0.2517,0
drop_kv_recent,58,28,2,52.135,0.9985,0.2598,0
drop_kv_recent,58,28,3,50.993,0.9983,0.2427,0
drop_kv_recent,59,29,0,52.445,0.9986,0.2313,0
drop_kv_recent,59,29,1,52.111,0.9985,0.2461,0
drop_kv_recent,59,29,2,53.057,0.9986,0.2443,0
drop_kv_recent,59,29,3,53.651,0.9985,0.2314,0
drop_kv_recent,60,30,0,53.902,0.9986,0.2348,0
drop_kv_recent,60,30,1,53.854,0.9984,0.2659,0
drop_kv_recent,60,30,2,54.372,0.9985,0.2506,0
drop_kv_recent,60,30,3,54.010,0.9985,0.2303,0
drop_kv_recent,61,31,0,51.460,0.9983,0.2000,0
drop_kv_recent,61,31,1,48.815,0.9978,0.2361,0
drop_kv_recent,61,31,2,51.495,0.9977,0.2712,0
drop_kv_recent,61,31,3,50.959,0.9976,0.2560,0
drop_kv_recent,62,32,0,52.021,0.9985,0.2051,0
drop_kv_recent,62,32,1,53.929,0.9984,0.2440,0
drop_kv_recent,62,32,2,54.794,0.9986,0.2353,0
drop_kv_recent,62,32,3,53.106,0.9985,0.2187,0
drop_kv_recent,63,33,0,54.050,0.9987,0.2147,0
drop_kv_recent,63,33,1,54.196,0.9987,0.2463,0
drop_kv_recent,63,33,2,53.605,0.9988,0.2333,0
drop_kv_recent,63,33,3,53.906,0.9987,0.2231,0
drop_kv_recent,64,34,0,54.488,0.9989,0.2153,0
drop_kv_recent,64,34,1,54.467,0.9988,0.2359,0
drop_kv_recent,64,34,2,55.267,0.9988,0.2367,0
drop_kv_recent,64,34,3,54.073,0.9987,0.2282,0
drop_kv_recent,65,35,0,55.297,0.9988,0.2228,0
drop_kv_recent,65,35,1,54.962,0.9987,0.2424,0
drop_kv_recent,65,35,2,55.445,0.9987,0.2434,0
drop_kv_recent,65,35,3,55.420,0.9986,0.2289,0
drop_kv_recent,66,36,0,55.225,0.9988,0.2165,0
drop_kv_recent,66,36,1,55.305,0.9985,0.2452,0
drop_kv_recent,66,36,2,55.637,0.9986,0.2461,0
drop_kv_recent,66,36,3,54.047,0.9986,0.2343,0
drop_kv_recent,67,37,0,54.744,0.9986,0.2326,0
drop_kv_recent,67,37,1,55.472,0.9984,0.2690,0
drop_kv_recent,67,37,2,55.574,0.9984,0.2572,0
drop_kv_recent,67,37,3,55.409,0.9985,0.2460,0
drop_kv_recent,68,38,0,54.874,0.9987,0.2292,0
drop_kv_recent,68,38,1,54.647,0.9984,0.2464,0
drop_kv_recent,68,38,2,54.758,0.9986,0.2380,0
drop_kv_recent,68,38,3,54.686,0.9986,0.2335,0
drop_kv_recent,69,39,0,55.385,0.9988,0.2248,0
drop_kv_recent,69,39,1,55.294,0.9985,0.2468,0
drop_kv_recent,69,39,2,55.704,0.9986,0.2521,0
drop_kv_recent,69,39,3,55.024,0.9985,0.2363,0
drop_vae_all,0,-30,0,99.000,,,0
drop_vae_all,0,-30,1,99.000,,,0
drop_vae_all,0,-30,2,99.000,,,0
drop_vae_all,0,-30,3,99.000,,,0
drop_vae_all,1,-29,0,99.000,,,0
drop_vae_all,1,-29,1,99.000,,,0
drop_vae_all,1,-29,2,99.000,,,0
drop_vae_all,1,-29,3,99.000,,,0
drop_vae_all,2,-28,0,99.000,,,0
drop_vae_all,2,-28,1,99.000,,,0
drop_vae_all,2,-28,2,99.000,,,0
drop_vae_all,2,-28,3,99.000,,,0
drop_vae_all,3,-27,0,99.000,,,0
drop_vae_all,3,-27,1,99.000,,,0
drop_vae_all,3,-27,2,99.000,,,0
drop_vae_all,3,-27,3,99.000,,,0
drop_vae_all,4,-26,0,99.000,,,0
drop_vae_all,4,-26,1,99.000,,,0
drop_vae_all,4,-26,2,99.000,,,0
drop_vae_all,4,-26,3,99.000,,,0
drop_vae_all,5,-25,0,99.000,,,0
drop_vae_all,5,-25,1,99.000,,,0
drop_vae_all,5,-25,2,99.000,,,0
drop_vae_all,5,-25,3,99.000,,,0
drop_vae_all,6,-24,0,99.000,,,0
drop_vae_all,6,-24,1,99.000,,,0
drop_vae_all,6,-24,2,99.000,,,0
drop_vae_all,6,-24,3,99.000,,,0
drop_vae_all,7,-23,0,99.000,,,0
drop_vae_all,7,-23,1,99.000,,,0
drop_vae_all,7,-23,2,99.000,,,0
drop_vae_all,7,-23,3,99.000,,,0
drop_vae_all,8,-22,0,99.000,,,0
drop_vae_all,8,-22,1,99.000,,,0
drop_vae_all,8,-22,2,99.000,,,0
drop_vae_all,8,-22,3,99.000,,,0
drop_vae_all,9,-21,0,99.000,,,0
drop_vae_all,9,-21,1,99.000,,,0
drop_vae_all,9,-21,2,99.000,,,0
drop_vae_all,9,-21,3,99.000,,,0
drop_vae_all,10,-20,0,99.000,,,0
drop_vae_all,10,-20,1,99.000,,,0
drop_vae_all,10,-20,2,99.000,,,0
drop_vae_all,10,-20,3,99.000,,,0
drop_vae_all,11,-19,0,99.000,,,0
drop_vae_all,11,-19,1,99.000,,,0
drop_vae_all,11,-19,2,99.000,,,0
drop_vae_all,11,-19,3,99.000,,,0
drop_vae_all,12,-18,0,99.000,,,0
drop_vae_all,12,-18,1,99.000,,,0
drop_vae_all,12,-18,2,99.000,,,0
drop_vae_all,12,-18,3,99.000,,,0
drop_vae_all,13,-17,0,99.000,,,0
drop_vae_all,13,-17,1,99.000,,,0
drop_vae_all,13,-17,2,99.000,,,0
drop_vae_all,13,-17,3,99.000,,,0
drop_vae_all,14,-16,0,99.000,,,0
drop_vae_all,14,-16,1,99.000,,,0
drop_vae_all,14,-16,2,99.000,,,0
drop_vae_all,14,-16,3,99.000,,,0
drop_vae_all,15,-15,0,99.000,,,0
drop_vae_all,15,-15,1,99.000,,,0
drop_vae_all,15,-15,2,99.000,,,0
drop_vae_all,15,-15,3,99.000,,,0
drop_vae_all,16,-14,0,99.000,,,0
drop_vae_all,16,-14,1,99.000,,,0
drop_vae_all,16,-14,2,99.000,,,0
drop_vae_all,16,-14,3,99.000,,,0
drop_vae_all,17,-13,0,99.000,,,0
drop_vae_all,17,-13,1,99.000,,,0
drop_vae_all,17,-13,2,99.000,,,0
drop_vae_all,17,-13,3,99.000,,,0
drop_vae_all,18,-12,0,99.000,,,0
drop_vae_all,18,-12,1,99.000,,,0
drop_vae_all,18,-12,2,99.000,,,0
drop_vae_all,18,-12,3,99.000,,,0
drop_vae_all,19,-11,0,99.000,,,0
drop_vae_all,19,-11,1,99.000,,,0
drop_vae_all,19,-11,2,99.000,,,0
drop_vae_all,19,-11,3,99.000,,,0
drop_vae_all,20,-10,0,99.000,,,0
drop_vae_all,20,-10,1,99.000,,,0
drop_vae_all,20,-10,2,99.000,,,0
drop_vae_all,20,-10,3,99.000,,,0
drop_vae_all,21,-9,0,99.000,,,0
drop_vae_all,21,-9,1,99.000,,,0
drop_vae_all,21,-9,2,99.000,,,0
drop_vae_all,21,-9,3,99.000,,,0
drop_vae_all,22,-8,0,99.000,,,0
drop_vae_all,22,-8,1,99.000,,,0
drop_vae_all,22,-8,2,99.000,,,0
drop_vae_all,22,-8,3,99.000,,,0
drop_vae_all,23,-7,0,99.000,,,0
drop_vae_all,23,-7,1,99.000,,,0
drop_vae_all,23,-7,2,99.000,,,0
drop_vae_all,23,-7,3,99.000,,,0
drop_vae_all,24,-6,0,99.000,,,0
drop_vae_all,24,-6,1,99.000,,,0
drop_vae_all,24,-6,2,99.000,,,0
drop_vae_all,24,-6,3,99.000,,,0
drop_vae_all,25,-5,0,99.000,,,0
drop_vae_all,25,-5,1,99.000,,,0
drop_vae_all,25,-5,2,99.000,,,0
drop_vae_all,25,-5,3,99.000,,,0
drop_vae_all,26,-4,0,99.000,,,0
drop_vae_all,26,-4,1,99.000,,,0
drop_vae_all,26,-4,2,99.000,,,0
drop_vae_all,26,-4,3,99.000,,,0
drop_vae_all,27,-3,0,99.000,,,0
drop_vae_all,27,-3,1,99.000,,,0
drop_vae_all,27,-3,2,99.000,,,0
drop_vae_all,27,-3,3,99.000,,,0
drop_vae_all,28,-2,0,99.000,,,0
drop_vae_all,28,-2,1,99.000,,,0
drop_vae_all,28,-2,2,99.000,,,0
drop_vae_all,28,-2,3,99.000,,,0
drop_vae_all,29,-1,0,99.000,,,0
drop_vae_all,29,-1,1,99.000,,,0
drop_vae_all,29,-1,2,99.000,,,0
drop_vae_all,29,-1,3,99.000,,,0
drop_vae_all,30,0,0,18.051,0.2282,0.6126,0
drop_vae_all,30,0,1,18.077,0.2565,0.6494,0
drop_vae_all,30,0,2,21.134,0.4287,0.5236,0
drop_vae_all,30,0,3,21.080,0.5890,0.3894,0
drop_vae_all,31,1,0,23.873,0.8782,0.2029,0
drop_vae_all,31,1,1,26.011,0.9210,0.2432,0
drop_vae_all,31,1,2,27.794,0.9118,0.2538,0
drop_vae_all,31,1,3,27.788,0.8773,0.2855,0
drop_vae_all,32,2,0,28.801,0.9417,0.2356,0
drop_vae_all,32,2,1,28.507,0.9547,0.2467,0
drop_vae_all,32,2,2,28.360,0.8595,0.3386,0
drop_vae_all,32,2,3,30.751,0.8768,0.3086,0
drop_vae_all,33,3,0,35.882,0.9771,0.2095,0
drop_vae_all,33,3,1,37.977,0.9784,0.2076,0
drop_vae_all,33,3,2,38.248,0.9728,0.2010,0
drop_vae_all,33,3,3,37.632,0.9654,0.1876,0
drop_vae_all,34,4,0,39.371,0.9837,0.2030,0
drop_vae_all,34,4,1,38.360,0.9850,0.2424,0
drop_vae_all,34,4,2,38.110,0.9848,0.2314,0
drop_vae_all,34,4,3,37.508,0.9834,0.2212,0
drop_vae_all,35,5,0,40.047,0.9892,0.2264,0
drop_vae_all,35,5,1,40.114,0.9902,0.2586,0
drop_vae_all,35,5,2,40.092,0.9899,0.2640,0
drop_vae_all,35,5,3,39.113,0.9882,0.2576,0
drop_vae_all,36,6,0,38.785,0.9910,0.2382,0
drop_vae_all,36,6,1,37.274,0.9898,0.2483,0
drop_vae_all,36,6,2,38.410,0.9904,0.2455,0
drop_vae_all,36,6,3,38.495,0.9899,0.2389,0
drop_vae_all,37,7,0,39.870,0.9935,0.2296,0
drop_vae_all,37,7,1,42.478,0.9943,0.2602,0
drop_vae_all,37,7,2,43.527,0.9943,0.2578,0
drop_vae_all,37,7,3,42.604,0.9932,0.2539,0
drop_vae_all,38,8,0,43.420,0.9956,0.2322,0
drop_vae_all,38,8,1,43.996,0.9954,0.2434,0
drop_vae_all,38,8,2,45.772,0.9963,0.2244,0
drop_vae_all,38,8,3,45.701,0.9962,0.2199,0
drop_vae_all,39,9,0,45.319,0.9968,0.2035,0
drop_vae_all,39,9,1,46.175,0.9962,0.2183,0
drop_vae_all,39,9,2,45.439,0.9962,0.2183,0
drop_vae_all,39,9,3,44.179,0.9958,0.2148,0
drop_vae_all,40,10,0,46.467,0.9971,0.2022,0
drop_vae_all,40,10,1,43.165,0.9958,0.2456,0
drop_vae_all,40,10,2,46.406,0.9963,0.2478,0
drop_vae_all,40,10,3,38.983,0.9947,0.2445,0
drop_vae_all,41,11,0,41.477,0.9963,0.2256,0
drop_vae_all,41,11,1,44.782,0.9963,0.2495,0
drop_vae_all,41,11,2,45.880,0.9964,0.2381,0
drop_vae_all,41,11,3,45.252,0.9962,0.2232,0
drop_vae_all,42,12,0,47.309,0.9975,0.2172,0
drop_vae_all,42,12,1,46.748,0.9967,0.2387,0
drop_vae_all,42,12,2,46.961,0.9970,0.2392,0
drop_vae_all,42,12,3,47.237,0.9968,0.2349,0
drop_vae_all,43,13,0,45.060,0.9968,0.2171,0
drop_vae_all,43,13,1,46.339,0.9966,0.2448,0
drop_vae_all,43,13,2,45.817,0.9970,0.2295,0
drop_vae_all,43,13,3,44.176,0.9958,0.2249,0
drop_vae_all,44,14,0,43.265,0.9970,0.2068,0
drop_vae_all,44,14,1,43.456,0.9964,0.2151,0
drop_vae_all,44,14,2,46.113,0.9967,0.1969,0
drop_vae_all,44,14,3,42.641,0.9961,0.1947,0
drop_vae_all,45,15,0,45.656,0.9974,0.1946,0
drop_vae_all,45,15,1,46.183,0.9973,0.2094,0
drop_vae_all,45,15,2,44.639,0.9972,0.2062,0
drop_vae_all,45,15,3,44.418,0.9969,0.2020,0
drop_vae_all,46,16,0,46.781,0.9974,0.1993,0
drop_vae_all,46,16,1,46.198,0.9966,0.2186,0
drop_vae_all,46,16,2,42.221,0.9960,0.2178,0
drop_vae_all,46,16,3,41.907,0.9951,0.2155,0
drop_vae_all,47,17,0,42.226,0.9955,0.2117,0
drop_vae_all,47,17,1,43.081,0.9956,0.2383,0
drop_vae_all,47,17,2,42.404,0.9954,0.2357,0
drop_vae_all,47,17,3,41.036,0.9941,0.2254,0
drop_vae_all,48,18,0,44.336,0.9961,0.2242,0
drop_vae_all,48,18,1,43.801,0.9957,0.2435,0
drop_vae_all,48,18,2,42.364,0.9952,0.2373,0
drop_vae_all,48,18,3,39.975,0.9933,0.2294,0
drop_vae_all,49,19,0,42.627,0.9951,0.2233,0
drop_vae_all,49,19,1,41.757,0.9949,0.2350,0
drop_vae_all,49,19,2,43.778,0.9960,0.2333,0
drop_vae_all,49,19,3,42.680,0.9955,0.2329,0
drop_vae_all,50,20,0,41.136,0.9950,0.2267,0
drop_vae_all,50,20,1,40.833,0.9945,0.2371,0
drop_vae_all,50,20,2,40.236,0.9940,0.2270,0
drop_vae_all,50,20,3,42.084,0.9946,0.2194,0
drop_vae_all,51,21,0,45.598,0.9968,0.2189,0
drop_vae_all,51,21,1,45.529,0.9966,0.2342,0
drop_vae_all,51,21,2,44.832,0.9965,0.2307,0
drop_vae_all,51,21,3,41.794,0.9951,0.2222,0
drop_vae_all,52,22,0,42.788,0.9960,0.2173,0
drop_vae_all,52,22,1,42.275,0.9952,0.2372,0
drop_vae_all,52,22,2,40.931,0.9942,0.2227,0
drop_vae_all,52,22,3,40.354,0.9939,0.2142,0
drop_vae_all,53,23,0,42.015,0.9946,0.2105,0
drop_vae_all,53,23,1,41.023,0.9945,0.2332,0
drop_vae_all,53,23,2,40.602,0.9945,0.2296,0
drop_vae_all,53,23,3,39.533,0.9933,0.2177,0
drop_vae_all,54,24,0,40.930,0.9945,0.2131,0
drop_vae_all,54,24,1,39.282,0.9934,0.2312,0
drop_vae_all,54,24,2,40.803,0.9946,0.2386,0
drop_vae_all,54,24,3,40.809,0.9942,0.2237,0
drop_vae_all,55,25,0,41.258,0.9950,0.2205,0
drop_vae_all,55,25,1,41.603,0.9950,0.2437,0
drop_vae_all,55,25,2,41.611,0.9951,0.2392,0
drop_vae_all,55,25,3,40.585,0.9947,0.2230,0
drop_vae_all,56,26,0,43.340,0.9964,0.2082,0
drop_vae_all,56,26,1,43.308,0.9965,0.2229,0
drop_vae_all,56,26,2,43.042,0.9965,0.2217,0
drop_vae_all,56,26,3,42.640,0.9962,0.2122,0
drop_vae_all,57,27,0,45.589,0.9969,0.2071,0
drop_vae_all,57,27,1,44.087,0.9965,0.2354,0
drop_vae_all,57,27,2,43.512,0.9961,0.2395,0
drop_vae_all,57,27,3,43.591,0.9956,0.2342,0
drop_vae_all,58,28,0,45.220,0.9967,0.2364,0
drop_vae_all,58,28,1,43.755,0.9961,0.2509,0
drop_vae_all,58,28,2,42.582,0.9959,0.2598,0
drop_vae_all,58,28,3,41.311,0.9952,0.2424,0
drop_vae_all,59,29,0,43.109,0.9957,0.2303,0
drop_vae_all,59,29,1,41.164,0.9946,0.2459,0
drop_vae_all,59,29,2,41.100,0.9948,0.2439,0
drop_vae_all,59,29,3,41.675,0.9950,0.2312,0
drop_vae_all,60,30,0,44.153,0.9966,0.2337,0
drop_vae_all,60,30,1,44.814,0.9964,0.2654,0
drop_vae_all,60,30,2,44.722,0.9964,0.2498,0
drop_vae_all,60,30,3,45.324,0.9965,0.2299,0
drop_vae_all,61,31,0,43.416,0.9957,0.1998,0
drop_vae_all,61,31,1,42.728,0.9953,0.2365,0
drop_vae_all,61,31,2,42.954,0.9946,0.2723,0
drop_vae_all,61,31,3,41.749,0.9936,0.2569,0
drop_vae_all,62,32,0,44.113,0.9959,0.2058,0
drop_vae_all,62,32,1,46.046,0.9963,0.2455,0
drop_vae_all,62,32,2,44.827,0.9962,0.2355,0
drop_vae_all,62,32,3,42.863,0.9953,0.2188,0
drop_vae_all,63,33,0,44.927,0.9958,0.2146,0
drop_vae_all,63,33,1,37.667,0.9940,0.2460,0
drop_vae_all,63,33,2,40.232,0.9945,0.2331,0
drop_vae_all,63,33,3,40.059,0.9941,0.2228,0
drop_vae_all,64,34,0,43.756,0.9956,0.2147,0
drop_vae_all,64,34,1,42.650,0.9957,0.2356,0
drop_vae_all,64,34,2,42.905,0.9957,0.2367,0
drop_vae_all,64,34,3,42.910,0.9951,0.2283,0
drop_vae_all,65,35,0,42.642,0.9952,0.2229,0
drop_vae_all,65,35,1,44.836,0.9964,0.2428,0
drop_vae_all,65,35,2,43.314,0.9959,0.2437,0
drop_vae_all,65,35,3,43.133,0.9955,0.2297,0
drop_vae_all,66,36,0,46.029,0.9967,0.2166,0
drop_vae_all,66,36,1,46.145,0.9968,0.2452,0
drop_vae_all,66,36,2,47.542,0.9970,0.2458,0
drop_vae_all,66,36,3,45.319,0.9964,0.2339,0
drop_vae_all,67,37,0,45.643,0.9965,0.2317,0
drop_vae_all,67,37,1,46.154,0.9966,0.2684,0
drop_vae_all,67,37,2,45.824,0.9965,0.2557,0
drop_vae_all,67,37,3,46.841,0.9966,0.2450,0
drop_vae_all,68,38,0,46.052,0.9969,0.2284,0
drop_vae_all,68,38,1,44.851,0.9964,0.2454,0
drop_vae_all,68,38,2,43.549,0.9957,0.2375,0
drop_vae_all,68,38,3,42.573,0.9953,0.2329,0
drop_vae_all,69,39,0,46.486,0.9969,0.2245,0
drop_vae_all,69,39,1,45.462,0.9963,0.2466,0
drop_vae_all,69,39,2,44.708,0.9961,0.2518,0
drop_vae_all,69,39,3,44.022,0.9956,0.2361,0
ph_zero_8,0,-30,0,99.000,,,0
ph_zero_8,0,-30,1,99.000,,,0
ph_zero_8,0,-30,2,99.000,,,0
ph_zero_8,0,-30,3,99.000,,,0
ph_zero_8,1,-29,0,99.000,,,0
ph_zero_8,1,-29,1,99.000,,,0
ph_zero_8,1,-29,2,99.000,,,0
ph_zero_8,1,-29,3,99.000,,,0
ph_zero_8,2,-28,0,99.000,,,0
ph_zero_8,2,-28,1,99.000,,,0
ph_zero_8,2,-28,2,99.000,,,0
ph_zero_8,2,-28,3,99.000,,,0
ph_zero_8,3,-27,0,99.000,,,0
ph_zero_8,3,-27,1,99.000,,,0
ph_zero_8,3,-27,2,99.000,,,0
ph_zero_8,3,-27,3,99.000,,,0
ph_zero_8,4,-26,0,99.000,,,0
ph_zero_8,4,-26,1,99.000,,,0
ph_zero_8,4,-26,2,99.000,,,0
ph_zero_8,4,-26,3,99.000,,,0
ph_zero_8,5,-25,0,99.000,,,0
ph_zero_8,5,-25,1,99.000,,,0
ph_zero_8,5,-25,2,99.000,,,0
ph_zero_8,5,-25,3,99.000,,,0
ph_zero_8,6,-24,0,99.000,,,0
ph_zero_8,6,-24,1,99.000,,,0
ph_zero_8,6,-24,2,99.000,,,0
ph_zero_8,6,-24,3,99.000,,,0
ph_zero_8,7,-23,0,99.000,,,0
ph_zero_8,7,-23,1,99.000,,,0
ph_zero_8,7,-23,2,99.000,,,0
ph_zero_8,7,-23,3,99.000,,,0
ph_zero_8,8,-22,0,99.000,,,0
ph_zero_8,8,-22,1,99.000,,,0
ph_zero_8,8,-22,2,99.000,,,0
ph_zero_8,8,-22,3,99.000,,,0
ph_zero_8,9,-21,0,99.000,,,0
ph_zero_8,9,-21,1,99.000,,,0
ph_zero_8,9,-21,2,99.000,,,0
ph_zero_8,9,-21,3,99.000,,,0
ph_zero_8,10,-20,0,99.000,,,0
ph_zero_8,10,-20,1,99.000,,,0
ph_zero_8,10,-20,2,99.000,,,0
ph_zero_8,10,-20,3,99.000,,,0
ph_zero_8,11,-19,0,99.000,,,0
ph_zero_8,11,-19,1,99.000,,,0
ph_zero_8,11,-19,2,99.000,,,0
ph_zero_8,11,-19,3,99.000,,,0
ph_zero_8,12,-18,0,99.000,,,0
ph_zero_8,12,-18,1,99.000,,,0
ph_zero_8,12,-18,2,99.000,,,0
ph_zero_8,12,-18,3,99.000,,,0
ph_zero_8,13,-17,0,99.000,,,0
ph_zero_8,13,-17,1,99.000,,,0
ph_zero_8,13,-17,2,99.000,,,0
ph_zero_8,13,-17,3,99.000,,,0
ph_zero_8,14,-16,0,99.000,,,0
ph_zero_8,14,-16,1,99.000,,,0
ph_zero_8,14,-16,2,99.000,,,0
ph_zero_8,14,-16,3,99.000,,,0
ph_zero_8,15,-15,0,99.000,,,0
ph_zero_8,15,-15,1,99.000,,,0
ph_zero_8,15,-15,2,99.000,,,0
ph_zero_8,15,-15,3,99.000,,,0
ph_zero_8,16,-14,0,99.000,,,0
ph_zero_8,16,-14,1,99.000,,,0
ph_zero_8,16,-14,2,99.000,,,0
ph_zero_8,16,-14,3,99.000,,,0
ph_zero_8,17,-13,0,99.000,,,0
ph_zero_8,17,-13,1,99.000,,,0
ph_zero_8,17,-13,2,99.000,,,0
ph_zero_8,17,-13,3,99.000,,,0
ph_zero_8,18,-12,0,99.000,,,0
ph_zero_8,18,-12,1,99.000,,,0
ph_zero_8,18,-12,2,99.000,,,0
ph_zero_8,18,-12,3,99.000,,,0
ph_zero_8,19,-11,0,99.000,,,0
ph_zero_8,19,-11,1,99.000,,,0
ph_zero_8,19,-11,2,99.000,,,0
ph_zero_8,19,-11,3,99.000,,,0
ph_zero_8,20,-10,0,99.000,,,0
ph_zero_8,20,-10,1,99.000,,,0
ph_zero_8,20,-10,2,99.000,,,0
ph_zero_8,20,-10,3,99.000,,,0
ph_zero_8,21,-9,0,99.000,,,0
ph_zero_8,21,-9,1,99.000,,,0
ph_zero_8,21,-9,2,99.000,,,0
ph_zero_8,21,-9,3,99.000,,,0
ph_zero_8,22,-8,0,99.000,,,0
ph_zero_8,22,-8,1,99.000,,,0
ph_zero_8,22,-8,2,99.000,,,0
ph_zero_8,22,-8,3,99.000,,,0
ph_zero_8,23,-7,0,99.000,,,0
ph_zero_8,23,-7,1,99.000,,,0
ph_zero_8,23,-7,2,99.000,,,0
ph_zero_8,23,-7,3,99.000,,,0
ph_zero_8,24,-6,0,99.000,,,0
ph_zero_8,24,-6,1,99.000,,,0
ph_zero_8,24,-6,2,99.000,,,0
ph_zero_8,24,-6,3,99.000,,,0
ph_zero_8,25,-5,0,99.000,,,0
ph_zero_8,25,-5,1,99.000,,,0
ph_zero_8,25,-5,2,99.000,,,0
ph_zero_8,25,-5,3,99.000,,,0
ph_zero_8,26,-4,0,99.000,,,0
ph_zero_8,26,-4,1,99.000,,,0
ph_zero_8,26,-4,2,99.000,,,0
ph_zero_8,26,-4,3,99.000,,,0
ph_zero_8,27,-3,0,99.000,,,0
ph_zero_8,27,-3,1,99.000,,,0
ph_zero_8,27,-3,2,99.000,,,0
ph_zero_8,27,-3,3,99.000,,,0
ph_zero_8,28,-2,0,99.000,,,0
ph_zero_8,28,-2,1,99.000,,,0
ph_zero_8,28,-2,2,99.000,,,0
ph_zero_8,28,-2,3,99.000,,,0
ph_zero_8,29,-1,0,99.000,,,0
ph_zero_8,29,-1,1,99.000,,,0
ph_zero_8,29,-1,2,99.000,,,0
ph_zero_8,29,-1,3,99.000,,,0
ph_zero_8,30,0,0,33.383,0.9733,0.1889,0
ph_zero_8,30,0,1,28.957,0.9508,0.1901,0
ph_zero_8,30,0,2,27.395,0.9384,0.1930,0
ph_zero_8,30,0,3,25.414,0.9215,0.1730,0
ph_zero_8,31,1,0,25.448,0.9291,0.1922,0
ph_zero_8,31,1,1,27.905,0.9354,0.2281,0
ph_zero_8,31,1,2,26.792,0.9192,0.2177,0
ph_zero_8,31,1,3,26.799,0.9103,0.2001,0
ph_zero_8,32,2,0,25.978,0.9116,0.2169,0
ph_zero_8,32,2,1,24.732,0.9040,0.2336,0
ph_zero_8,32,2,2,26.343,0.9077,0.2228,0
ph_zero_8,32,2,3,24.609,0.9057,0.2037,0
ph_zero_8,33,3,0,25.060,0.9089,0.1940,0
ph_zero_8,33,3,1,25.022,0.9032,0.2032,0
ph_zero_8,33,3,2,25.751,0.9038,0.2066,0
ph_zero_8,33,3,3,25.452,0.9000,0.1966,0
ph_zero_8,34,4,0,24.757,0.8940,0.2024,0
ph_zero_8,34,4,1,22.566,0.8716,0.2263,0
ph_zero_8,34,4,2,22.944,0.8713,0.2181,0
ph_zero_8,34,4,3,23.091,0.8652,0.2084,0
ph_zero_8,35,5,0,22.734,0.8707,0.2145,0
ph_zero_8,35,5,1,22.231,0.8664,0.2353,0
ph_zero_8,35,5,2,23.498,0.8732,0.2341,0
ph_zero_8,35,5,3,22.999,0.8588,0.2174,0
ph_zero_8,36,6,0,23.877,0.8752,0.2149,0
ph_zero_8,36,6,1,22.668,0.8711,0.2272,0
ph_zero_8,36,6,2,23.802,0.8755,0.2236,0
ph_zero_8,36,6,3,23.305,0.8679,0.2054,0
ph_zero_8,37,7,0,23.467,0.8768,0.2119,0
ph_zero_8,37,7,1,22.965,0.8695,0.2312,0
ph_zero_8,37,7,2,23.424,0.8646,0.2276,0
ph_zero_8,37,7,3,23.360,0.8553,0.2137,0
ph_zero_8,38,8,0,24.951,0.9097,0.2341,0
ph_zero_8,38,8,1,27.802,0.9349,0.2650,0
ph_zero_8,38,8,2,29.429,0.9405,0.2534,0
ph_zero_8,38,8,3,29.493,0.9387,0.2536,0
ph_zero_8,39,9,0,32.291,0.9623,0.2166,0
ph_zero_8,39,9,1,33.801,0.9738,0.2306,0
ph_zero_8,39,9,2,34.424,0.9767,0.2258,0
ph_zero_8,39,9,3,33.493,0.9740,0.2215,0
ph_zero_8,40,10,0,36.836,0.9843,0.2022,0
ph_zero_8,40,10,1,36.593,0.9849,0.2401,0
ph_zero_8,40,10,2,36.343,0.9853,0.2409,0
ph_zero_8,40,10,3,35.141,0.9819,0.2352,0
ph_zero_8,41,11,0,38.664,0.9907,0.2229,0
ph_zero_8,41,11,1,40.358,0.9929,0.2481,0
ph_zero_8,41,11,2,40.736,0.9933,0.2378,0
ph_zero_8,41,11,3,40.414,0.9929,0.2221,0
ph_zero_8,42,12,0,42.951,0.9955,0.2170,0
ph_zero_8,42,12,1,44.360,0.9961,0.2392,0
ph_zero_8,42,12,2,44.180,0.9962,0.2400,0
ph_zero_8,42,12,3,43.987,0.9959,0.2355,0
ph_zero_8,43,13,0,45.937,0.9974,0.2182,0
ph_zero_8,43,13,1,46.969,0.9974,0.2450,0
ph_zero_8,43,13,2,46.956,0.9975,0.2302,0
ph_zero_8,43,13,3,46.383,0.9971,0.2247,0
ph_zero_8,44,14,0,48.121,0.9982,0.2070,0
ph_zero_8,44,14,1,49.264,0.9980,0.2155,0
ph_zero_8,44,14,2,49.091,0.9982,0.1971,0
ph_zero_8,44,14,3,48.250,0.9980,0.1949,0
ph_zero_8,45,15,0,50.712,0.9985,0.1953,0
ph_zero_8,45,15,1,50.743,0.9982,0.2099,0
ph_zero_8,45,15,2,51.072,0.9984,0.2065,0
ph_zero_8,45,15,3,50.271,0.9982,0.2027,0
ph_zero_8,46,16,0,52.790,0.9986,0.2000,0
ph_zero_8,46,16,1,53.025,0.9983,0.2191,0
ph_zero_8,46,16,2,51.541,0.9984,0.2185,0
ph_zero_8,46,16,3,49.748,0.9982,0.2169,0
ph_zero_8,47,17,0,51.433,0.9985,0.2137,0
ph_zero_8,47,17,1,51.948,0.9982,0.2391,0
ph_zero_8,47,17,2,52.216,0.9983,0.2365,0
ph_zero_8,47,17,3,51.272,0.9982,0.2270,0
ph_zero_8,48,18,0,52.909,0.9985,0.2253,0
ph_zero_8,48,18,1,51.720,0.9982,0.2449,0
ph_zero_8,48,18,2,52.066,0.9984,0.2389,0
ph_zero_8,48,18,3,50.465,0.9982,0.2308,0
ph_zero_8,49,19,0,52.533,0.9985,0.2244,0
ph_zero_8,49,19,1,52.690,0.9984,0.2358,0
ph_zero_8,49,19,2,53.366,0.9986,0.2344,0
ph_zero_8,49,19,3,51.867,0.9985,0.2336,0
ph_zero_8,50,20,0,52.685,0.9987,0.2276,0
ph_zero_8,50,20,1,52.949,0.9986,0.2382,0
ph_zero_8,50,20,2,52.656,0.9988,0.2279,0
ph_zero_8,50,20,3,52.790,0.9986,0.2201,0
ph_zero_8,51,21,0,53.464,0.9988,0.2195,0
ph_zero_8,51,21,1,52.665,0.9986,0.2350,0
ph_zero_8,51,21,2,52.106,0.9987,0.2316,0
ph_zero_8,51,21,3,50.859,0.9986,0.2230,0
ph_zero_8,52,22,0,53.086,0.9988,0.2188,0
ph_zero_8,52,22,1,51.797,0.9984,0.2381,0
ph_zero_8,52,22,2,51.658,0.9984,0.2237,0
ph_zero_8,52,22,3,50.979,0.9984,0.2151,0
ph_zero_8,53,23,0,51.722,0.9986,0.2116,0
ph_zero_8,53,23,1,51.324,0.9984,0.2332,0
ph_zero_8,53,23,2,52.633,0.9986,0.2305,0
ph_zero_8,53,23,3,51.191,0.9984,0.2188,0
ph_zero_8,54,24,0,52.779,0.9987,0.2135,0
ph_zero_8,54,24,1,52.652,0.9985,0.2322,0
ph_zero_8,54,24,2,52.801,0.9986,0.2395,0
ph_zero_8,54,24,3,52.428,0.9985,0.2246,0
ph_zero_8,55,25,0,52.703,0.9986,0.2225,0
ph_zero_8,55,25,1,52.598,0.9985,0.2452,0
ph_zero_8,55,25,2,53.003,0.9986,0.2396,0
ph_zero_8,55,25,3,52.254,0.9985,0.2232,0
ph_zero_8,56,26,0,53.856,0.9988,0.2089,0
ph_zero_8,56,26,1,54.029,0.9987,0.2235,0
ph_zero_8,56,26,2,53.722,0.9988,0.2221,0
ph_zero_8,56,26,3,52.305,0.9986,0.2123,0
ph_zero_8,57,27,0,53.886,0.9988,0.2075,0
ph_zero_8,57,27,1,54.478,0.9986,0.2365,0
ph_zero_8,57,27,2,54.364,0.9986,0.2404,0
ph_zero_8,57,27,3,53.216,0.9985,0.2353,0
ph_zero_8,58,28,0,53.149,0.9986,0.2372,0
ph_zero_8,58,28,1,52.374,0.9984,0.2515,0
ph_zero_8,58,28,2,53.341,0.9985,0.2597,0
ph_zero_8,58,28,3,52.099,0.9985,0.2427,0
ph_zero_8,59,29,0,53.435,0.9986,0.2315,0
ph_zero_8,59,29,1,51.991,0.9984,0.2462,0
ph_zero_8,59,29,2,53.040,0.9986,0.2443,0
ph_zero_8,59,29,3,53.121,0.9985,0.2315,0
ph_zero_8,60,30,0,53.721,0.9986,0.2346,0
ph_zero_8,60,30,1,52.649,0.9983,0.2660,0
ph_zero_8,60,30,2,53.604,0.9984,0.2507,0
ph_zero_8,60,30,3,53.726,0.9985,0.2301,0
ph_zero_8,61,31,0,49.022,0.9981,0.2001,0
ph_zero_8,61,31,1,49.434,0.9977,0.2366,0
ph_zero_8,61,31,2,50.901,0.9976,0.2710,0
ph_zero_8,61,31,3,47.904,0.9970,0.2558,0
ph_zero_8,62,32,0,52.156,0.9985,0.2052,0
ph_zero_8,62,32,1,53.913,0.9983,0.2441,0
ph_zero_8,62,32,2,54.341,0.9985,0.2354,0
ph_zero_8,62,32,3,52.620,0.9984,0.2188,0
ph_zero_8,63,33,0,53.821,0.9987,0.2145,0
ph_zero_8,63,33,1,53.178,0.9986,0.2461,0
ph_zero_8,63,33,2,53.000,0.9987,0.2331,0
ph_zero_8,63,33,3,52.583,0.9986,0.2231,0
ph_zero_8,64,34,0,54.045,0.9988,0.2155,0
ph_zero_8,64,34,1,53.969,0.9987,0.2360,0
ph_zero_8,64,34,2,54.034,0.9987,0.2366,0
ph_zero_8,64,34,3,53.610,0.9987,0.2281,0
ph_zero_8,65,35,0,54.477,0.9988,0.2228,0
ph_zero_8,65,35,1,53.846,0.9986,0.2424,0
ph_zero_8,65,35,2,54.474,0.9986,0.2435,0
ph_zero_8,65,35,3,54.599,0.9986,0.2289,0
ph_zero_8,66,36,0,54.850,0.9987,0.2165,0
ph_zero_8,66,36,1,54.892,0.9984,0.2453,0
ph_zero_8,66,36,2,55.009,0.9986,0.2461,0
ph_zero_8,66,36,3,53.370,0.9985,0.2344,0
ph_zero_8,67,37,0,54.110,0.9986,0.2325,0
ph_zero_8,67,37,1,54.087,0.9983,0.2688,0
ph_zero_8,67,37,2,54.539,0.9984,0.2571,0
ph_zero_8,67,37,3,54.404,0.9984,0.2460,0
ph_zero_8,68,38,0,54.192,0.9987,0.2293,0
ph_zero_8,68,38,1,54.048,0.9984,0.2464,0
ph_zero_8,68,38,2,54.305,0.9985,0.2380,0
ph_zero_8,68,38,3,53.741,0.9985,0.2336,0
ph_zero_8,69,39,0,54.636,0.9987,0.2249,0
ph_zero_8,69,39,1,54.693,0.9985,0.2468,0
ph_zero_8,69,39,2,54.973,0.9985,0.2522,0
ph_zero_8,69,39,3,54.152,0.9984,0.2364,0
ph_local_8,0,-30,0,99.000,,,0
ph_local_8,0,-30,1,99.000,,,0
ph_local_8,0,-30,2,99.000,,,0
ph_local_8,0,-30,3,99.000,,,0
ph_local_8,1,-29,0,99.000,,,0
ph_local_8,1,-29,1,99.000,,,0
ph_local_8,1,-29,2,99.000,,,0
ph_local_8,1,-29,3,99.000,,,0
ph_local_8,2,-28,0,99.000,,,0
ph_local_8,2,-28,1,99.000,,,0
ph_local_8,2,-28,2,99.000,,,0
ph_local_8,2,-28,3,99.000,,,0
ph_local_8,3,-27,0,99.000,,,0
ph_local_8,3,-27,1,99.000,,,0
ph_local_8,3,-27,2,99.000,,,0
ph_local_8,3,-27,3,99.000,,,0
ph_local_8,4,-26,0,99.000,,,0
ph_local_8,4,-26,1,99.000,,,0
ph_local_8,4,-26,2,99.000,,,0
ph_local_8,4,-26,3,99.000,,,0
ph_local_8,5,-25,0,99.000,,,0
ph_local_8,5,-25,1,99.000,,,0
ph_local_8,5,-25,2,99.000,,,0
ph_local_8,5,-25,3,99.000,,,0
ph_local_8,6,-24,0,99.000,,,0
ph_local_8,6,-24,1,99.000,,,0
ph_local_8,6,-24,2,99.000,,,0
ph_local_8,6,-24,3,99.000,,,0
ph_local_8,7,-23,0,99.000,,,0
ph_local_8,7,-23,1,99.000,,,0
ph_local_8,7,-23,2,99.000,,,0
ph_local_8,7,-23,3,99.000,,,0
ph_local_8,8,-22,0,99.000,,,0
ph_local_8,8,-22,1,99.000,,,0
ph_local_8,8,-22,2,99.000,,,0
ph_local_8,8,-22,3,99.000,,,0
ph_local_8,9,-21,0,99.000,,,0
ph_local_8,9,-21,1,99.000,,,0
ph_local_8,9,-21,2,99.000,,,0
ph_local_8,9,-21,3,99.000,,,0
ph_local_8,10,-20,0,99.000,,,0
ph_local_8,10,-20,1,99.000,,,0
ph_local_8,10,-20,2,99.000,,,0
ph_local_8,10,-20,3,99.000,,,0
ph_local_8,11,-19,0,99.000,,,0
ph_local_8,11,-19,1,99.000,,,0
ph_local_8,11,-19,2,99.000,,,0
ph_local_8,11,-19,3,99.000,,,0
ph_local_8,12,-18,0,99.000,,,0
ph_local_8,12,-18,1,99.000,,,0
ph_local_8,12,-18,2,99.000,,,0
ph_local_8,12,-18,3,99.000,,,0
ph_local_8,13,-17,0,99.000,,,0
ph_local_8,13,-17,1,99.000,,,0
ph_local_8,13,-17,2,99.000,,,0
ph_local_8,13,-17,3,99.000,,,0
ph_local_8,14,-16,0,99.000,,,0
ph_local_8,14,-16,1,99.000,,,0
ph_local_8,14,-16,2,99.000,,,0
ph_local_8,14,-16,3,99.000,,,0
ph_local_8,15,-15,0,99.000,,,0
ph_local_8,15,-15,1,99.000,,,0
ph_local_8,15,-15,2,99.000,,,0
ph_local_8,15,-15,3,99.000,,,0
ph_local_8,16,-14,0,99.000,,,0
ph_local_8,16,-14,1,99.000,,,0
ph_local_8,16,-14,2,99.000,,,0
ph_local_8,16,-14,3,99.000,,,0
ph_local_8,17,-13,0,99.000,,,0
ph_local_8,17,-13,1,99.000,,,0
ph_local_8,17,-13,2,99.000,,,0
ph_local_8,17,-13,3,99.000,,,0
ph_local_8,18,-12,0,99.000,,,0
ph_local_8,18,-12,1,99.000,,,0
ph_local_8,18,-12,2,99.000,,,0
ph_local_8,18,-12,3,99.000,,,0
ph_local_8,19,-11,0,99.000,,,0
ph_local_8,19,-11,1,99.000,,,0
ph_local_8,19,-11,2,99.000,,,0
ph_local_8,19,-11,3,99.000,,,0
ph_local_8,20,-10,0,99.000,,,0
ph_local_8,20,-10,1,99.000,,,0
ph_local_8,20,-10,2,99.000,,,0
ph_local_8,20,-10,3,99.000,,,0
ph_local_8,21,-9,0,99.000,,,0
ph_local_8,21,-9,1,99.000,,,0
ph_local_8,21,-9,2,99.000,,,0
ph_local_8,21,-9,3,99.000,,,0
ph_local_8,22,-8,0,99.000,,,0
ph_local_8,22,-8,1,99.000,,,0
ph_local_8,22,-8,2,99.000,,,0
ph_local_8,22,-8,3,99.000,,,0
ph_local_8,23,-7,0,99.000,,,0
ph_local_8,23,-7,1,99.000,,,0
ph_local_8,23,-7,2,99.000,,,0
ph_local_8,23,-7,3,99.000,,,0
ph_local_8,24,-6,0,99.000,,,0
ph_local_8,24,-6,1,99.000,,,0
ph_local_8,24,-6,2,99.000,,,0
ph_local_8,24,-6,3,99.000,,,0
ph_local_8,25,-5,0,99.000,,,0
ph_local_8,25,-5,1,99.000,,,0
ph_local_8,25,-5,2,99.000,,,0
ph_local_8,25,-5,3,99.000,,,0
ph_local_8,26,-4,0,99.000,,,0
ph_local_8,26,-4,1,99.000,,,0
ph_local_8,26,-4,2,99.000,,,0
ph_local_8,26,-4,3,99.000,,,0
ph_local_8,27,-3,0,99.000,,,0
ph_local_8,27,-3,1,99.000,,,0
ph_local_8,27,-3,2,99.000,,,0
ph_local_8,27,-3,3,99.000,,,0
ph_local_8,28,-2,0,99.000,,,0
ph_local_8,28,-2,1,99.000,,,0
ph_local_8,28,-2,2,99.000,,,0
ph_local_8,28,-2,3,99.000,,,0
ph_local_8,29,-1,0,99.000,,,0
ph_local_8,29,-1,1,99.000,,,0
ph_local_8,29,-1,2,99.000,,,0
ph_local_8,29,-1,3,99.000,,,0
ph_local_8,30,0,0,34.618,0.9785,0.1870,0
ph_local_8,30,0,1,28.911,0.9550,0.1876,0
ph_local_8,30,0,2,28.073,0.9415,0.1859,0
ph_local_8,30,0,3,26.512,0.9309,0.1689,0
ph_local_8,31,1,0,27.133,0.9440,0.1882,0
ph_local_8,31,1,1,28.447,0.9450,0.2200,0
ph_local_8,31,1,2,28.282,0.9322,0.2135,0
ph_local_8,31,1,3,29.682,0.9289,0.1964,0
ph_local_8,32,2,0,28.083,0.9323,0.2067,0
ph_local_8,32,2,1,27.808,0.9304,0.2266,0
ph_local_8,32,2,2,28.677,0.9304,0.2147,0
ph_local_8,32,2,3,28.356,0.9282,0.1993,0
ph_local_8,33,3,0,27.637,0.9338,0.1959,0
ph_local_8,33,3,1,27.806,0.9290,0.2002,0
ph_local_8,33,3,2,28.437,0.9276,0.1987,0
ph_local_8,33,3,3,28.592,0.9208,0.1841,0
ph_local_8,34,4,0,27.834,0.9275,0.1933,0
ph_local_8,34,4,1,26.540,0.9119,0.2214,0
ph_local_8,34,4,2,26.531,0.9039,0.2087,0
ph_local_8,34,4,3,27.007,0.8980,0.1980,0
ph_local_8,35,5,0,25.835,0.9030,0.2024,0
ph_local_8,35,5,1,25.722,0.9061,0.2202,0
ph_local_8,35,5,2,25.346,0.9027,0.2166,0
ph_local_8,35,5,3,24.603,0.8895,0.2065,0
ph_local_8,36,6,0,25.871,0.9102,0.2080,0
ph_local_8,36,6,1,25.839,0.9055,0.2177,0
ph_local_8,36,6,2,25.572,0.9038,0.2139,0
ph_local_8,36,6,3,25.281,0.8958,0.1987,0
ph_local_8,37,7,0,24.814,0.9070,0.2033,0
ph_local_8,37,7,1,25.184,0.8988,0.2291,0
ph_local_8,37,7,2,26.177,0.9050,0.2301,0
ph_local_8,37,7,3,25.762,0.8866,0.2162,0
ph_local_8,38,8,0,29.121,0.9486,0.2336,0
ph_local_8,38,8,1,31.831,0.9573,0.2797,0
ph_local_8,38,8,2,33.008,0.9430,0.2835,0
ph_local_8,38,8,3,32.584,0.9338,0.2896,0
ph_local_8,39,9,0,35.668,0.9731,0.2300,0
ph_local_8,39,9,1,36.865,0.9813,0.2372,0
ph_local_8,39,9,2,36.869,0.9838,0.2316,0
ph_local_8,39,9,3,36.206,0.9823,0.2281,0
ph_local_8,40,10,0,38.998,0.9900,0.2081,0
ph_local_8,40,10,1,39.615,0.9909,0.2452,0
ph_local_8,40,10,2,40.974,0.9916,0.2433,0
ph_local_8,40,10,3,39.820,0.9907,0.2380,0
ph_local_8,41,11,0,43.183,0.9950,0.2244,0
ph_local_8,41,11,1,43.033,0.9949,0.2494,0
ph_local_8,41,11,2,43.130,0.9950,0.2382,0
ph_local_8,41,11,3,42.443,0.9944,0.2222,0
ph_local_8,42,12,0,45.488,0.9967,0.2168,0
ph_local_8,42,12,1,45.456,0.9967,0.2390,0
ph_local_8,42,12,2,45.568,0.9969,0.2398,0
ph_local_8,42,12,3,45.516,0.9968,0.2345,0
ph_local_8,43,13,0,46.814,0.9978,0.2186,0
ph_local_8,43,13,1,47.060,0.9975,0.2456,0
ph_local_8,43,13,2,46.799,0.9977,0.2307,0
ph_local_8,43,13,3,46.408,0.9973,0.2253,0
ph_local_8,44,14,0,47.949,0.9982,0.2079,0
ph_local_8,44,14,1,48.703,0.9980,0.2164,0
ph_local_8,44,14,2,49.416,0.9983,0.1979,0
ph_local_8,44,14,3,48.713,0.9981,0.1956,0
ph_local_8,45,15,0,51.492,0.9986,0.1958,0
ph_local_8,45,15,1,51.718,0.9983,0.2104,0
ph_local_8,45,15,2,49.677,0.9984,0.2068,0
ph_local_8,45,15,3,50.900,0.9983,0.2028,0
ph_local_8,46,16,0,53.427,0.9987,0.1998,0
ph_local_8,46,16,1,53.021,0.9983,0.2189,0
ph_local_8,46,16,2,51.261,0.9984,0.2186,0
ph_local_8,46,16,3,49.673,0.9982,0.2168,0
ph_local_8,47,17,0,51.220,0.9985,0.2136,0
ph_local_8,47,17,1,51.369,0.9982,0.2388,0
ph_local_8,47,17,2,51.635,0.9983,0.2363,0
ph_local_8,47,17,3,51.332,0.9982,0.2266,0
ph_local_8,48,18,0,52.638,0.9985,0.2251,0
ph_local_8,48,18,1,52.151,0.9983,0.2446,0
ph_local_8,48,18,2,51.926,0.9984,0.2386,0
ph_local_8,48,18,3,50.687,0.9982,0.2306,0
ph_local_8,49,19,0,51.885,0.9985,0.2243,0
ph_local_8,49,19,1,52.825,0.9984,0.2356,0
ph_local_8,49,19,2,53.009,0.9986,0.2343,0
ph_local_8,49,19,3,52.106,0.9985,0.2336,0
ph_local_8,50,20,0,51.946,0.9987,0.2274,0
ph_local_8,50,20,1,53.084,0.9986,0.2380,0
ph_local_8,50,20,2,53.007,0.9988,0.2279,0
ph_local_8,50,20,3,52.666,0.9987,0.2202,0
ph_local_8,51,21,0,53.087,0.9988,0.2196,0
ph_local_8,51,21,1,53.143,0.9987,0.2351,0
ph_local_8,51,21,2,52.207,0.9987,0.2315,0
ph_local_8,51,21,3,50.665,0.9986,0.2231,0
ph_local_8,52,22,0,49.842,0.9986,0.2188,0
ph_local_8,52,22,1,51.315,0.9983,0.2381,0
ph_local_8,52,22,2,51.770,0.9984,0.2237,0
ph_local_8,52,22,3,51.343,0.9983,0.2151,0
ph_local_8,53,23,0,52.228,0.9986,0.2113,0
ph_local_8,53,23,1,52.179,0.9984,0.2333,0
ph_local_8,53,23,2,53.034,0.9986,0.2307,0
ph_local_8,53,23,3,51.116,0.9984,0.2191,0
ph_local_8,54,24,0,52.758,0.9987,0.2137,0
ph_local_8,54,24,1,52.851,0.9985,0.2327,0
ph_local_8,54,24,2,52.709,0.9986,0.2395,0
ph_local_8,54,24,3,51.854,0.9985,0.2246,0
ph_local_8,55,25,0,52.940,0.9986,0.2225,0
ph_local_8,55,25,1,53.006,0.9985,0.2453,0
ph_local_8,55,25,2,53.263,0.9986,0.2396,0
ph_local_8,55,25,3,52.494,0.9985,0.2232,0
ph_local_8,56,26,0,53.654,0.9987,0.2090,0
ph_local_8,56,26,1,53.474,0.9987,0.2235,0
ph_local_8,56,26,2,53.025,0.9987,0.2221,0
ph_local_8,56,26,3,51.622,0.9986,0.2122,0
ph_local_8,57,27,0,54.347,0.9988,0.2074,0
ph_local_8,57,27,1,53.788,0.9986,0.2364,0
ph_local_8,57,27,2,53.936,0.9986,0.2404,0
ph_local_8,57,27,3,53.626,0.9985,0.2353,0
ph_local_8,58,28,0,53.440,0.9986,0.2373,0
ph_local_8,58,28,1,51.699,0.9984,0.2517,0
ph_local_8,58,28,2,53.536,0.9986,0.2599,0
ph_local_8,58,28,3,52.510,0.9985,0.2428,0
ph_local_8,59,29,0,53.137,0.9986,0.2314,0
ph_local_8,59,29,1,51.367,0.9984,0.2463,0
ph_local_8,59,29,2,52.511,0.9985,0.2443,0
ph_local_8,59,29,3,53.044,0.9985,0.2313,0
ph_local_8,60,30,0,53.508,0.9986,0.2348,0
ph_local_8,60,30,1,52.401,0.9983,0.2659,0
ph_local_8,60,30,2,53.408,0.9984,0.2507,0
ph_local_8,60,30,3,53.500,0.9985,0.2302,0
ph_local_8,61,31,0,49.321,0.9981,0.1998,0
ph_local_8,61,31,1,48.357,0.9977,0.2362,0
ph_local_8,61,31,2,51.405,0.9977,0.2712,0
ph_local_8,61,31,3,49.018,0.9973,0.2561,0
ph_local_8,62,32,0,51.612,0.9984,0.2053,0
ph_local_8,62,32,1,54.057,0.9983,0.2444,0
ph_local_8,62,32,2,54.517,0.9985,0.2355,0
ph_local_8,62,32,3,52.837,0.9984,0.2187,0
ph_local_8,63,33,0,53.461,0.9987,0.2148,0
ph_local_8,63,33,1,52.901,0.9986,0.2464,0
ph_local_8,63,33,2,52.651,0.9986,0.2335,0
ph_local_8,63,33,3,51.960,0.9986,0.2232,0
ph_local_8,64,34,0,54.087,0.9988,0.2154,0
ph_local_8,64,34,1,54.059,0.9987,0.2360,0
ph_local_8,64,34,2,54.640,0.9987,0.2367,0
ph_local_8,64,34,3,54.097,0.9987,0.2283,0
ph_local_8,65,35,0,54.404,0.9988,0.2229,0
ph_local_8,65,35,1,54.284,0.9986,0.2425,0
ph_local_8,65,35,2,54.974,0.9986,0.2433,0
ph_local_8,65,35,3,54.860,0.9986,0.2290,0
ph_local_8,66,36,0,54.973,0.9987,0.2166,0
ph_local_8,66,36,1,55.050,0.9984,0.2454,0
ph_local_8,66,36,2,55.001,0.9986,0.2460,0
ph_local_8,66,36,3,53.569,0.9985,0.2344,0
ph_local_8,67,37,0,54.665,0.9986,0.2325,0
ph_local_8,67,37,1,54.988,0.9983,0.2689,0
ph_local_8,67,37,2,54.848,0.9984,0.2573,0
ph_local_8,67,37,3,54.710,0.9984,0.2463,0
ph_local_8,68,38,0,54.769,0.9987,0.2292,0
ph_local_8,68,38,1,54.479,0.9984,0.2464,0
ph_local_8,68,38,2,54.374,0.9985,0.2380,0
ph_local_8,68,38,3,54.067,0.9985,0.2336,0
ph_local_8,69,39,0,54.679,0.9987,0.2249,0
ph_local_8,69,39,1,53.506,0.9984,0.2468,0
ph_local_8,69,39,2,54.527,0.9985,0.2522,0
ph_local_8,69,39,3,54.218,0.9985,0.2363,0
ph_localrefresh,0,-30,0,99.000,,,0
ph_localrefresh,0,-30,1,99.000,,,0
ph_localrefresh,0,-30,2,99.000,,,0
ph_localrefresh,0,-30,3,99.000,,,0
ph_localrefresh,1,-29,0,99.000,,,0
ph_localrefresh,1,-29,1,99.000,,,0
ph_localrefresh,1,-29,2,99.000,,,0
ph_localrefresh,1,-29,3,99.000,,,0
ph_localrefresh,2,-28,0,99.000,,,0
ph_localrefresh,2,-28,1,99.000,,,0
ph_localrefresh,2,-28,2,99.000,,,0
ph_localrefresh,2,-28,3,99.000,,,0
ph_localrefresh,3,-27,0,99.000,,,0
ph_localrefresh,3,-27,1,99.000,,,0
ph_localrefresh,3,-27,2,99.000,,,0
ph_localrefresh,3,-27,3,99.000,,,0
ph_localrefresh,4,-26,0,99.000,,,0
ph_localrefresh,4,-26,1,99.000,,,0
ph_localrefresh,4,-26,2,99.000,,,0
ph_localrefresh,4,-26,3,99.000,,,0
ph_localrefresh,5,-25,0,99.000,,,0
ph_localrefresh,5,-25,1,99.000,,,0
ph_localrefresh,5,-25,2,99.000,,,0
ph_localrefresh,5,-25,3,99.000,,,0
ph_localrefresh,6,-24,0,99.000,,,0
ph_localrefresh,6,-24,1,99.000,,,0
ph_localrefresh,6,-24,2,99.000,,,0
ph_localrefresh,6,-24,3,99.000,,,0
ph_localrefresh,7,-23,0,99.000,,,0
ph_localrefresh,7,-23,1,99.000,,,0
ph_localrefresh,7,-23,2,99.000,,,0
ph_localrefresh,7,-23,3,99.000,,,0
ph_localrefresh,8,-22,0,99.000,,,0
ph_localrefresh,8,-22,1,99.000,,,0
ph_localrefresh,8,-22,2,99.000,,,0
ph_localrefresh,8,-22,3,99.000,,,0
ph_localrefresh,9,-21,0,99.000,,,0
ph_localrefresh,9,-21,1,99.000,,,0
ph_localrefresh,9,-21,2,99.000,,,0
ph_localrefresh,9,-21,3,99.000,,,0
ph_localrefresh,10,-20,0,99.000,,,0
ph_localrefresh,10,-20,1,99.000,,,0
ph_localrefresh,10,-20,2,99.000,,,0
ph_localrefresh,10,-20,3,99.000,,,0
ph_localrefresh,11,-19,0,99.000,,,0
ph_localrefresh,11,-19,1,99.000,,,0
ph_localrefresh,11,-19,2,99.000,,,0
ph_localrefresh,11,-19,3,99.000,,,0
ph_localrefresh,12,-18,0,99.000,,,0
ph_localrefresh,12,-18,1,99.000,,,0
ph_localrefresh,12,-18,2,99.000,,,0
ph_localrefresh,12,-18,3,99.000,,,0
ph_localrefresh,13,-17,0,99.000,,,0
ph_localrefresh,13,-17,1,99.000,,,0
ph_localrefresh,13,-17,2,99.000,,,0
ph_localrefresh,13,-17,3,99.000,,,0
ph_localrefresh,14,-16,0,99.000,,,0
ph_localrefresh,14,-16,1,99.000,,,0
ph_localrefresh,14,-16,2,99.000,,,0
ph_localrefresh,14,-16,3,99.000,,,0
ph_localrefresh,15,-15,0,99.000,,,0
ph_localrefresh,15,-15,1,99.000,,,0
ph_localrefresh,15,-15,2,99.000,,,0
ph_localrefresh,15,-15,3,99.000,,,0
ph_localrefresh,16,-14,0,99.000,,,0
ph_localrefresh,16,-14,1,99.000,,,0
ph_localrefresh,16,-14,2,99.000,,,0
ph_localrefresh,16,-14,3,99.000,,,0
ph_localrefresh,17,-13,0,99.000,,,0
ph_localrefresh,17,-13,1,99.000,,,0
ph_localrefresh,17,-13,2,99.000,,,0
ph_localrefresh,17,-13,3,99.000,,,0
ph_localrefresh,18,-12,0,99.000,,,0
ph_localrefresh,18,-12,1,99.000,,,0
ph_localrefresh,18,-12,2,99.000,,,0
ph_localrefresh,18,-12,3,99.000,,,0
ph_localrefresh,19,-11,0,99.000,,,0
ph_localrefresh,19,-11,1,99.000,,,0
ph_localrefresh,19,-11,2,99.000,,,0
ph_localrefresh,19,-11,3,99.000,,,0
ph_localrefresh,20,-10,0,99.000,,,0
ph_localrefresh,20,-10,1,99.000,,,0
ph_localrefresh,20,-10,2,99.000,,,0
ph_localrefresh,20,-10,3,99.000,,,0
ph_localrefresh,21,-9,0,99.000,,,0
ph_localrefresh,21,-9,1,99.000,,,0
ph_localrefresh,21,-9,2,99.000,,,0
ph_localrefresh,21,-9,3,99.000,,,0
ph_localrefresh,22,-8,0,99.000,,,0
ph_localrefresh,22,-8,1,99.000,,,0
ph_localrefresh,22,-8,2,99.000,,,0
ph_localrefresh,22,-8,3,99.000,,,0
ph_localrefresh,23,-7,0,99.000,,,0
ph_localrefresh,23,-7,1,99.000,,,0
ph_localrefresh,23,-7,2,99.000,,,0
ph_localrefresh,23,-7,3,99.000,,,0
ph_localrefresh,24,-6,0,99.000,,,0
ph_localrefresh,24,-6,1,99.000,,,0
ph_localrefresh,24,-6,2,99.000,,,0
ph_localrefresh,24,-6,3,99.000,,,0
ph_localrefresh,25,-5,0,99.000,,,0
ph_localrefresh,25,-5,1,99.000,,,0
ph_localrefresh,25,-5,2,99.000,,,0
ph_localrefresh,25,-5,3,99.000,,,0
ph_localrefresh,26,-4,0,99.000,,,0
ph_localrefresh,26,-4,1,99.000,,,0
ph_localrefresh,26,-4,2,99.000,,,0
ph_localrefresh,26,-4,3,99.000,,,0
ph_localrefresh,27,-3,0,99.000,,,0
ph_localrefresh,27,-3,1,99.000,,,0
ph_localrefresh,27,-3,2,99.000,,,0
ph_localrefresh,27,-3,3,99.000,,,0
ph_localrefresh,28,-2,0,99.000,,,0
ph_localrefresh,28,-2,1,99.000,,,0
ph_localrefresh,28,-2,2,99.000,,,0
ph_localrefresh,28,-2,3,99.000,,,0
ph_localrefresh,29,-1,0,99.000,,,0
ph_localrefresh,29,-1,1,99.000,,,0
ph_localrefresh,29,-1,2,99.000,,,0
ph_localrefresh,29,-1,3,99.000,,,0
ph_localrefresh,30,0,0,34.538,0.9773,0.1884,0
ph_localrefresh,30,0,1,29.969,0.9566,0.1897,0
ph_localrefresh,30,0,2,28.688,0.9443,0.1911,0
ph_localrefresh,30,0,3,26.431,0.9281,0.1709,0
ph_localrefresh,31,1,0,27.386,0.9410,0.1893,0
ph_localrefresh,31,1,1,29.846,0.9451,0.2201,0
ph_localrefresh,31,1,2,29.014,0.9304,0.2132,0
ph_localrefresh,31,1,3,29.720,0.9260,0.1960,0
ph_localrefresh,32,2,0,28.331,0.9314,0.2058,0
ph_localrefresh,32,2,1,27.824,0.9298,0.2267,0
ph_localrefresh,32,2,2,28.714,0.9287,0.2129,0
ph_localrefresh,32,2,3,28.394,0.9278,0.1965,0
ph_localrefresh,33,3,0,26.914,0.9333,0.1966,0
ph_localrefresh,33,3,1,26.854,0.9276,0.2032,0
ph_localrefresh,33,3,2,27.388,0.9266,0.2031,0
ph_localrefresh,33,3,3,27.206,0.9183,0.1897,0
ph_localrefresh,34,4,0,26.346,0.9252,0.2042,0
ph_localrefresh,34,4,1,25.931,0.9115,0.2322,0
ph_localrefresh,34,4,2,25.915,0.9096,0.2248,0
ph_localrefresh,34,4,3,25.861,0.9025,0.2144,0
ph_localrefresh,35,5,0,26.294,0.9141,0.2222,0
ph_localrefresh,35,5,1,27.034,0.9197,0.2418,0
ph_localrefresh,35,5,2,26.901,0.9167,0.2415,0
ph_localrefresh,35,5,3,25.892,0.9033,0.2311,0
ph_localrefresh,36,6,0,27.309,0.9192,0.2268,0
ph_localrefresh,36,6,1,26.864,0.9163,0.2378,0
ph_localrefresh,36,6,2,27.229,0.9166,0.2345,0
ph_localrefresh,36,6,3,26.602,0.9095,0.2224,0
ph_localrefresh,37,7,0,25.892,0.9135,0.2243,0
ph_localrefresh,37,7,1,25.803,0.9049,0.2529,0
ph_localrefresh,37,7,2,26.996,0.9102,0.2522,0
ph_localrefresh,37,7,3,26.286,0.8926,0.2393,0
ph_localrefresh,38,8,0,27.430,0.9223,0.2276,0
ph_localrefresh,38,8,1,27.510,0.9232,0.2393,0
ph_localrefresh,38,8,2,28.076,0.9267,0.2285,0
ph_localrefresh,38,8,3,28.080,0.9282,0.2219,0
ph_localrefresh,39,9,0,29.154,0.9381,0.2087,0
ph_localrefresh,39,9,1,29.144,0.9371,0.2205,0
ph_localrefresh,39,9,2,29.176,0.9362,0.2185,0
ph_localrefresh,39,9,3,28.718,0.9310,0.2092,0
ph_localrefresh,40,10,0,29.123,0.9387,0.2066,0
ph_localrefresh,40,10,1,28.823,0.9307,0.2375,0
ph_localrefresh,40,10,2,29.033,0.9309,0.2412,0
ph_localrefresh,40,10,3,27.236,0.9143,0.2311,0
ph_localrefresh,41,11,0,27.896,0.9305,0.2262,0
ph_localrefresh,41,11,1,28.169,0.9277,0.2429,0
ph_localrefresh,41,11,2,28.320,0.9285,0.2324,0
ph_localrefresh,41,11,3,27.898,0.9249,0.2166,0
ph_localrefresh,42,12,0,28.548,0.9379,0.2220,0
ph_localrefresh,42,12,1,28.484,0.9328,0.2382,0
ph_localrefresh,42,12,2,28.634,0.9299,0.2351,0
ph_localrefresh,42,12,3,27.379,0.9172,0.2246,0
ph_localrefresh,43,13,0,27.463,0.9276,0.2277,0
ph_localrefresh,43,13,1,27.723,0.9293,0.2500,0
ph_localrefresh,43,13,2,28.310,0.9313,0.2363,0
ph_localrefresh,43,13,3,26.830,0.9097,0.2213,0
ph_localrefresh,44,14,0,29.771,0.9414,0.2184,0
ph_localrefresh,44,14,1,28.494,0.9383,0.2302,0
ph_localrefresh,44,14,2,28.637,0.9371,0.2124,0
ph_localrefresh,44,14,3,29.029,0.9386,0.2088,0
ph_localrefresh,45,15,0,30.015,0.9412,0.2062,0
ph_localrefresh,45,15,1,28.437,0.9368,0.2145,0
ph_localrefresh,45,15,2,27.575,0.9346,0.2119,0
ph_localrefresh,45,15,3,27.792,0.9286,0.2067,0
ph_localrefresh,46,16,0,29.339,0.9334,0.2041,0
ph_localrefresh,46,16,1,26.911,0.9291,0.2229,0
ph_localrefresh,46,16,2,27.060,0.9265,0.2201,0
ph_localrefresh,46,16,3,26.554,0.9148,0.2134,0
ph_localrefresh,47,17,0,26.549,0.9181,0.2188,0
ph_localrefresh,47,17,1,25.141,0.9118,0.2383,0
ph_localrefresh,47,17,2,25.615,0.9136,0.2373,0
ph_localrefresh,47,17,3,25.951,0.9077,0.2255,0
ph_localrefresh,48,18,0,26.601,0.9138,0.2291,0
ph_localrefresh,48,18,1,25.204,0.9062,0.2421,0
ph_localrefresh,48,18,2,25.608,0.9111,0.2353,0
ph_localrefresh,48,18,3,25.858,0.9011,0.2267,0
ph_localrefresh,49,19,0,25.836,0.9173,0.2303,0
ph_localrefresh,49,19,1,25.408,0.9184,0.2421,0
ph_localrefresh,49,19,2,25.096,0.9137,0.2434,0
ph_localrefresh,49,19,3,26.179,0.9069,0.2316,0
ph_localrefresh,50,20,0,26.262,0.9123,0.2303,0
ph_localrefresh,50,20,1,27.043,0.9193,0.2427,0
ph_localrefresh,50,20,2,26.603,0.9219,0.2290,0
ph_localrefresh,50,20,3,26.943,0.9152,0.2193,0
ph_localrefresh,51,21,0,28.966,0.9329,0.2189,0
ph_localrefresh,51,21,1,28.767,0.9287,0.2347,0
ph_localrefresh,51,21,2,28.090,0.9301,0.2290,0
ph_localrefresh,51,21,3,26.860,0.9146,0.2176,0
ph_localrefresh,52,22,0,26.838,0.9221,0.2190,0
ph_localrefresh,52,22,1,25.546,0.9126,0.2385,0
ph_localrefresh,52,22,2,25.890,0.9083,0.2206,0
ph_localrefresh,52,22,3,25.618,0.9039,0.2101,0
ph_localrefresh,53,23,0,26.079,0.9176,0.2075,0
ph_localrefresh,53,23,1,25.494,0.9155,0.2345,0
ph_localrefresh,53,23,2,25.764,0.9178,0.2263,0
ph_localrefresh,53,23,3,24.587,0.9054,0.2145,0
ph_localrefresh,54,24,0,25.693,0.9187,0.2223,0
ph_localrefresh,54,24,1,25.404,0.9207,0.2444,0
ph_localrefresh,54,24,2,26.128,0.9225,0.2449,0
ph_localrefresh,54,24,3,25.862,0.9052,0.2211,0
ph_localrefresh,55,25,0,25.769,0.9153,0.2399,0
ph_localrefresh,55,25,1,26.817,0.9221,0.2642,0
ph_localrefresh,55,25,2,27.023,0.9168,0.2593,0
ph_localrefresh,55,25,3,26.628,0.9079,0.2474,0
ph_localrefresh,56,26,0,27.340,0.9252,0.2339,0
ph_localrefresh,56,26,1,27.504,0.9260,0.2496,0
ph_localrefresh,56,26,2,27.231,0.9194,0.2508,0
ph_localrefresh,56,26,3,27.366,0.9153,0.2521,0
ph_localrefresh,57,27,0,28.212,0.9298,0.2296,0
ph_localrefresh,57,27,1,28.027,0.9245,0.2592,0
ph_localrefresh,57,27,2,27.776,0.9169,0.2645,0
ph_localrefresh,57,27,3,27.241,0.9101,0.2585,0
ph_localrefresh,58,28,0,28.503,0.9299,0.2430,0
ph_localrefresh,58,28,1,27.021,0.9240,0.2563,0
ph_localrefresh,58,28,2,27.458,0.9238,0.2511,0
ph_localrefresh,58,28,3,26.745,0.9203,0.2326,0
ph_localrefresh,59,29,0,27.462,0.9281,0.2313,0
ph_localrefresh,59,29,1,27.088,0.9262,0.2454,0
ph_localrefresh,59,29,2,27.357,0.9271,0.2390,0
ph_localrefresh,59,29,3,27.109,0.9239,0.2259,0
ph_localrefresh,60,30,0,27.225,0.9231,0.2312,0
ph_localrefresh,60,30,1,27.777,0.9219,0.2664,0
ph_localrefresh,60,30,2,28.597,0.9234,0.2504,0
ph_localrefresh,60,30,3,27.275,0.9151,0.2283,0
ph_localrefresh,61,31,0,25.008,0.9166,0.2108,0
ph_localrefresh,61,31,1,26.039,0.9088,0.2291,0
ph_localrefresh,61,31,2,25.057,0.8448,0.2148,0
ph_localrefresh,61,31,3,24.470,0.8407,0.2089,0
ph_localrefresh,62,32,0,25.403,0.8978,0.1976,0
ph_localrefresh,62,32,1,26.756,0.9112,0.2279,0
ph_localrefresh,62,32,2,27.304,0.9139,0.2213,0
ph_localrefresh,62,32,3,26.406,0.9010,0.2032,0
ph_localrefresh,63,33,0,27.830,0.9214,0.2107,0
ph_localrefresh,63,33,1,26.918,0.9225,0.2445,0
ph_localrefresh,63,33,2,26.500,0.9161,0.2366,0
ph_localrefresh,63,33,3,26.419,0.9144,0.2226,0
ph_localrefresh,64,34,0,27.161,0.9277,0.2149,0
ph_localrefresh,64,34,1,25.885,0.9214,0.2363,0
ph_localrefresh,64,34,2,26.144,0.9183,0.2363,0
ph_localrefresh,64,34,3,25.595,0.9082,0.2257,0
ph_localrefresh,65,35,0,25.610,0.9128,0.2217,0
ph_localrefresh,65,35,1,26.753,0.9337,0.2475,0
ph_localrefresh,65,35,2,28.043,0.9345,0.2414,0
ph_localrefresh,65,35,3,27.819,0.9288,0.2278,0
ph_localrefresh,66,36,0,27.761,0.9320,0.2209,0
ph_localrefresh,66,36,1,26.819,0.9173,0.2398,0
ph_localrefresh,66,36,2,27.489,0.9244,0.2400,0
ph_localrefresh,66,36,3,25.707,0.9100,0.2221,0
ph_localrefresh,67,37,0,26.897,0.9191,0.2310,0
ph_localrefresh,67,37,1,26.559,0.9153,0.2611,0
ph_localrefresh,67,37,2,27.628,0.9231,0.2553,0
ph_localrefresh,67,37,3,27.292,0.9174,0.2437,0
ph_localrefresh,68,38,0,27.820,0.9235,0.2236,0
ph_localrefresh,68,38,1,26.476,0.9159,0.2424,0
ph_localrefresh,68,38,2,27.489,0.9170,0.2356,0
ph_localrefresh,68,38,3,26.955,0.9125,0.2299,0
ph_localrefresh,69,39,0,27.487,0.9291,0.2182,0
ph_localrefresh,69,39,1,26.778,0.9175,0.2425,0
ph_localrefresh,69,39,2,28.438,0.9221,0.2460,0
ph_localrefresh,69,39,3,26.604,0.9093,0.2332,0
