config,call,rel_call,frame,psnr,ssim,ssim_in,missing
repeat,1,-29,0,99.000,,,0
repeat,1,-29,1,99.000,,,0
repeat,1,-29,2,99.000,,,0
repeat,1,-29,3,99.000,,,0
repeat,2,-28,0,99.000,,,0
repeat,2,-28,1,99.000,,,0
repeat,2,-28,2,99.000,,,0
repeat,2,-28,3,99.000,,,0
repeat,3,-27,0,99.000,,,0
repeat,3,-27,1,99.000,,,0
repeat,3,-27,2,99.000,,,0
repeat,3,-27,3,99.000,,,0
repeat,4,-26,0,99.000,,,0
repeat,4,-26,1,99.000,,,0
repeat,4,-26,2,99.000,,,0
repeat,4,-26,3,99.000,,,0
repeat,5,-25,0,99.000,,,0
repeat,5,-25,1,99.000,,,0
repeat,5,-25,2,99.000,,,0
repeat,5,-25,3,99.000,,,0
repeat,6,-24,0,99.000,,,0
repeat,6,-24,1,99.000,,,0
repeat,6,-24,2,99.000,,,0
repeat,6,-24,3,99.000,,,0
repeat,7,-23,0,99.000,,,0
repeat,7,-23,1,99.000,,,0
repeat,7,-23,2,99.000,,,0
repeat,7,-23,3,99.000,,,0
repeat,8,-22,0,99.000,,,0
repeat,8,-22,1,99.000,,,0
repeat,8,-22,2,99.000,,,0
repeat,8,-22,3,99.000,,,0
repeat,9,-21,0,99.000,,,0
repeat,9,-21,1,99.000,,,0
repeat,9,-21,2,99.000,,,0
repeat,9,-21,3,99.000,,,0
repeat,10,-20,0,99.000,,,0
repeat,10,-20,1,99.000,,,0
repeat,10,-20,2,99.000,,,0
repeat,10,-20,3,99.000,,,0
repeat,11,-19,0,99.000,,,0
repeat,11,-19,1,99.000,,,0
repeat,11,-19,2,99.000,,,0
repeat,11,-19,3,99.000,,,0
repeat,12,-18,0,99.000,,,0
repeat,12,-18,1,99.000,,,0
repeat,12,-18,2,99.000,,,0
repeat,12,-18,3,99.000,,,0
repeat,13,-17,0,99.000,,,0
repeat,13,-17,1,99.000,,,0
repeat,13,-17,2,99.000,,,0
repeat,13,-17,3,99.000,,,0
repeat,14,-16,0,99.000,,,0
repeat,14,-16,1,99.000,,,0
repeat,14,-16,2,99.000,,,0
repeat,14,-16,3,99.000,,,0
repeat,15,-15,0,99.000,,,0
repeat,15,-15,1,99.000,,,0
repeat,15,-15,2,99.000,,,0
repeat,15,-15,3,99.000,,,0
repeat,16,-14,0,99.000,,,0
repeat,16,-14,1,99.000,,,0
repeat,16,-14,2,99.000,,,0
repeat,16,-14,3,99.000,,,0
repeat,17,-13,0,99.000,,,0
repeat,17,-13,1,99.000,,,0
repeat,17,-13,2,99.000,,,0
repeat,17,-13,3,99.000,,,0
repeat,18,-12,0,99.000,,,0
repeat,18,-12,1,99.000,,,0
repeat,18,-12,2,99.000,,,0
repeat,18,-12,3,99.000,,,0
repeat,19,-11,0,99.000,,,0
repeat,19,-11,1,99.000,,,0
repeat,19,-11,2,99.000,,,0
repeat,19,-11,3,99.000,,,0
repeat,20,-10,0,99.000,,,0
repeat,20,-10,1,99.000,,,0
repeat,20,-10,2,99.000,,,0
repeat,20,-10,3,99.000,,,0
repeat,21,-9,0,99.000,,,0
repeat,21,-9,1,99.000,,,0
repeat,21,-9,2,99.000,,,0
repeat,21,-9,3,99.000,,,0
repeat,22,-8,0,99.000,,,0
repeat,22,-8,1,99.000,,,0
repeat,22,-8,2,99.000,,,0
repeat,22,-8,3,99.000,,,0
repeat,23,-7,0,99.000,,,0
repeat,23,-7,1,99.000,,,0
repeat,23,-7,2,99.000,,,0
repeat,23,-7,3,99.000,,,0
repeat,24,-6,0,99.000,,,0
repeat,24,-6,1,99.000,,,0
repeat,24,-6,2,99.000,,,0
repeat,24,-6,3,99.000,,,0
repeat,25,-5,0,99.000,,,0
repeat,25,-5,1,99.000,,,0
repeat,25,-5,2,99.000,,,0
repeat,25,-5,3,99.000,,,0
repeat,26,-4,0,99.000,,,0
repeat,26,-4,1,99.000,,,0
repeat,26,-4,2,99.000,,,0
repeat,26,-4,3,99.000,,,0
repeat,27,-3,0,99.000,,,0
repeat,27,-3,1,99.000,,,0
repeat,27,-3,2,99.000,,,0
repeat,27,-3,3,99.000,,,0
repeat,28,-2,0,99.000,,,0
repeat,28,-2,1,99.000,,,0
repeat,28,-2,2,99.000,,,0
repeat,28,-2,3,99.000,,,0
repeat,29,-1,0,99.000,,,0
repeat,29,-1,1,99.000,,,0
repeat,29,-1,2,99.000,,,0
repeat,29,-1,3,99.000,,,0
repeat,30,0,0,99.000,1.0000,0.4178,0
repeat,30,0,1,99.000,1.0000,0.4216,0
repeat,30,0,2,99.000,1.0000,0.4163,0
repeat,30,0,3,99.000,1.0000,0.4141,0
repeat,31,1,0,99.000,1.0000,0.4073,0
repeat,31,1,1,99.000,1.0000,0.4117,0
repeat,31,1,2,99.000,1.0000,0.4005,0
repeat,31,1,3,99.000,1.0000,0.4009,0
repeat,32,2,0,99.000,1.0000,0.3983,0
repeat,32,2,1,99.000,1.0000,0.4047,0
repeat,32,2,2,99.000,1.0000,0.3966,0
repeat,32,2,3,99.000,1.0000,0.3971,0
repeat,33,3,0,99.000,1.0000,0.3979,0
repeat,33,3,1,99.000,1.0000,0.4084,0
repeat,33,3,2,99.000,1.0000,0.4037,0
repeat,33,3,3,99.000,1.0000,0.4029,0
repeat,34,4,0,99.000,1.0000,0.4041,0
repeat,34,4,1,99.000,1.0000,0.4145,0
repeat,34,4,2,99.000,1.0000,0.4050,0
repeat,34,4,3,99.000,1.0000,0.4098,0
repeat,35,5,0,99.000,1.0000,0.4119,0
repeat,35,5,1,99.000,1.0000,0.4230,0
repeat,35,5,2,99.000,1.0000,0.4118,0
repeat,35,5,3,99.000,1.0000,0.4126,0
repeat,36,6,0,99.000,1.0000,0.4136,0
repeat,36,6,1,99.000,1.0000,0.4210,0
repeat,36,6,2,99.000,1.0000,0.4112,0
repeat,36,6,3,99.000,1.0000,0.4106,0
repeat,37,7,0,99.000,1.0000,0.4134,0
repeat,37,7,1,99.000,1.0000,0.4215,0
repeat,37,7,2,99.000,1.0000,0.4136,0
repeat,37,7,3,99.000,1.0000,0.4121,0
repeat,38,8,0,99.000,1.0000,0.4172,0
repeat,38,8,1,99.000,1.0000,0.4223,0
repeat,38,8,2,99.000,1.0000,0.4159,0
repeat,38,8,3,99.000,1.0000,0.4173,0
repeat,39,9,0,99.000,1.0000,0.4178,0
repeat,39,9,1,99.000,1.0000,0.4249,0
repeat,39,9,2,99.000,1.0000,0.4256,0
repeat,39,9,3,99.000,1.0000,0.4163,0
repeat,40,10,0,99.000,1.0000,0.4186,0
repeat,40,10,1,99.000,1.0000,0.3996,0
repeat,40,10,2,99.000,1.0000,0.3934,0
repeat,40,10,3,99.000,1.0000,0.3975,0
repeat,41,11,0,99.000,1.0000,0.4000,0
repeat,41,11,1,99.000,1.0000,0.4127,0
repeat,41,11,2,99.000,1.0000,0.4123,0
repeat,41,11,3,99.000,1.0000,0.4151,0
repeat,42,12,0,99.000,1.0000,0.4182,0
repeat,42,12,1,99.000,1.0000,0.4233,0
repeat,42,12,2,99.000,1.0000,0.4190,0
repeat,42,12,3,99.000,1.0000,0.4182,0
repeat,43,13,0,99.000,1.0000,0.4217,0
repeat,43,13,1,99.000,1.0000,0.4267,0
repeat,43,13,2,99.000,1.0000,0.4202,0
repeat,43,13,3,99.000,1.0000,0.4204,0
repeat,44,14,0,99.000,1.0000,0.4215,0
repeat,44,14,1,99.000,1.0000,0.4273,0
repeat,44,14,2,99.000,1.0000,0.4225,0
repeat,44,14,3,99.000,1.0000,0.4228,0
repeat,45,15,0,99.000,1.0000,0.4258,0
repeat,45,15,1,99.000,1.0000,0.4283,0
repeat,45,15,2,99.000,1.0000,0.4247,0
repeat,45,15,3,99.000,1.0000,0.4235,0
repeat,46,16,0,99.000,1.0000,0.4210,0
repeat,46,16,1,99.000,1.0000,0.4234,0
repeat,46,16,2,99.000,1.0000,0.4189,0
repeat,46,16,3,99.000,1.0000,0.4156,0
repeat,47,17,0,99.000,1.0000,0.4115,0
repeat,47,17,1,99.000,1.0000,0.4154,0
repeat,47,17,2,99.000,1.0000,0.4116,0
repeat,47,17,3,99.000,1.0000,0.4125,0
repeat,48,18,0,99.000,1.0000,0.4107,0
repeat,48,18,1,99.000,1.0000,0.4147,0
repeat,48,18,2,99.000,1.0000,0.4152,0
repeat,48,18,3,99.000,1.0000,0.4114,0
repeat,49,19,0,99.000,1.0000,0.4147,0
repeat,49,19,1,99.000,1.0000,0.4155,0
repeat,49,19,2,99.000,1.0000,0.4201,0
repeat,49,19,3,99.000,1.0000,0.4138,0
repeat,50,20,0,99.000,1.0000,0.4149,0
repeat,50,20,1,99.000,1.0000,0.4158,0
repeat,50,20,2,99.000,1.0000,0.4196,0
repeat,50,20,3,99.000,1.0000,0.4157,0
repeat,51,21,0,99.000,1.0000,0.4146,0
repeat,51,21,1,99.000,1.0000,0.4140,0
repeat,51,21,2,99.000,1.0000,0.4180,0
repeat,51,21,3,99.000,1.0000,0.4075,0
repeat,52,22,0,99.000,1.0000,0.4092,0
repeat,52,22,1,99.000,1.0000,0.4093,0
repeat,52,22,2,99.000,1.0000,0.4129,0
repeat,52,22,3,99.000,1.0000,0.4052,0
repeat,53,23,0,99.000,1.0000,0.4064,0
repeat,53,23,1,99.000,1.0000,0.4073,0
repeat,53,23,2,99.000,1.0000,0.4134,0
repeat,53,23,3,99.000,1.0000,0.4059,0
repeat,54,24,0,99.000,1.0000,0.4037,0
repeat,54,24,1,99.000,1.0000,0.4062,0
repeat,54,24,2,99.000,1.0000,0.4152,0
repeat,54,24,3,99.000,1.0000,0.4060,0
repeat,55,25,0,99.000,1.0000,0.4116,0
repeat,55,25,1,99.000,1.0000,0.4166,0
repeat,55,25,2,99.000,1.0000,0.4264,0
repeat,55,25,3,99.000,1.0000,0.4144,0
repeat,56,26,0,99.000,1.0000,0.4214,0
repeat,56,26,1,99.000,1.0000,0.4215,0
repeat,56,26,2,99.000,1.0000,0.4270,0
repeat,56,26,3,99.000,1.0000,0.4174,0
repeat,57,27,0,99.000,1.0000,0.4226,0
repeat,57,27,1,99.000,1.0000,0.4209,0
repeat,57,27,2,99.000,1.0000,0.4276,0
repeat,57,27,3,99.000,1.0000,0.4170,0
repeat,58,28,0,99.000,1.0000,0.4220,0
repeat,58,28,1,99.000,1.0000,0.4241,0
repeat,58,28,2,99.000,1.0000,0.4300,0
repeat,58,28,3,99.000,1.0000,0.4207,0
repeat,59,29,0,99.000,1.0000,0.4266,0
repeat,59,29,1,99.000,1.0000,0.4276,0
repeat,59,29,2,99.000,1.0000,0.4340,0
repeat,59,29,3,99.000,1.0000,0.4339,0
repeat,60,30,0,99.000,1.0000,0.4178,0
repeat,60,30,1,99.000,1.0000,0.4227,0
repeat,60,30,2,99.000,1.0000,0.4068,0
repeat,60,30,3,99.000,1.0000,0.4033,0
repeat,61,31,0,99.000,1.0000,0.4108,0
repeat,61,31,1,99.000,1.0000,0.4074,0
repeat,61,31,2,99.000,1.0000,0.4166,0
repeat,61,31,3,99.000,1.0000,0.4136,0
repeat,62,32,0,99.000,1.0000,0.4192,0
repeat,62,32,1,99.000,1.0000,0.4222,0
repeat,62,32,2,99.000,1.0000,0.4241,0
repeat,62,32,3,99.000,1.0000,0.4160,0
repeat,63,33,0,99.000,1.0000,0.4205,0
repeat,63,33,1,99.000,1.0000,0.4252,0
repeat,63,33,2,99.000,1.0000,0.4303,0
repeat,63,33,3,99.000,1.0000,0.4215,0
repeat,64,34,0,99.000,1.0000,0.4235,0
repeat,64,34,1,99.000,1.0000,0.4223,0
repeat,64,34,2,99.000,1.0000,0.4269,0
repeat,64,34,3,99.000,1.0000,0.4200,0
repeat,65,35,0,99.000,1.0000,0.4231,0
repeat,65,35,1,99.000,1.0000,0.4241,0
repeat,65,35,2,99.000,1.0000,0.4267,0
repeat,65,35,3,99.000,1.0000,0.4216,0
repeat,66,36,0,99.000,1.0000,0.4232,0
repeat,66,36,1,99.000,1.0000,0.4215,0
repeat,66,36,2,99.000,1.0000,0.4248,0
repeat,66,36,3,99.000,1.0000,0.4201,0
repeat,67,37,0,99.000,1.0000,0.4190,0
repeat,67,37,1,99.000,1.0000,0.4156,0
repeat,67,37,2,99.000,1.0000,0.4183,0
repeat,67,37,3,99.000,1.0000,0.4134,0
repeat,68,38,0,99.000,1.0000,0.4151,0
repeat,68,38,1,99.000,1.0000,0.4152,0
repeat,68,38,2,99.000,1.0000,0.4189,0
repeat,68,38,3,99.000,1.0000,0.4199,0
repeat,69,39,0,99.000,1.0000,0.4157,0
repeat,69,39,1,99.000,1.0000,0.4190,0
repeat,69,39,2,99.000,1.0000,0.4207,0
repeat,69,39,3,99.000,1.0000,0.4242,0
drop_inflight,1,-29,0,99.000,,,0
drop_inflight,1,-29,1,99.000,,,0
drop_inflight,1,-29,2,99.000,,,0
drop_inflight,1,-29,3,99.000,,,0
drop_inflight,2,-28,0,99.000,,,0
drop_inflight,2,-28,1,99.000,,,0
drop_inflight,2,-28,2,99.000,,,0
drop_inflight,2,-28,3,99.000,,,0
drop_inflight,3,-27,0,99.000,,,0
drop_inflight,3,-27,1,99.000,,,0
drop_inflight,3,-27,2,99.000,,,0
drop_inflight,3,-27,3,99.000,,,0
drop_inflight,4,-26,0,99.000,,,0
drop_inflight,4,-26,1,99.000,,,0
drop_inflight,4,-26,2,99.000,,,0
drop_inflight,4,-26,3,99.000,,,0
drop_inflight,5,-25,0,99.000,,,0
drop_inflight,5,-25,1,99.000,,,0
drop_inflight,5,-25,2,99.000,,,0
drop_inflight,5,-25,3,99.000,,,0
drop_inflight,6,-24,0,99.000,,,0
drop_inflight,6,-24,1,99.000,,,0
drop_inflight,6,-24,2,99.000,,,0
drop_inflight,6,-24,3,99.000,,,0
drop_inflight,7,-23,0,99.000,,,0
drop_inflight,7,-23,1,99.000,,,0
drop_inflight,7,-23,2,99.000,,,0
drop_inflight,7,-23,3,99.000,,,0
drop_inflight,8,-22,0,99.000,,,0
drop_inflight,8,-22,1,99.000,,,0
drop_inflight,8,-22,2,99.000,,,0
drop_inflight,8,-22,3,99.000,,,0
drop_inflight,9,-21,0,99.000,,,0
drop_inflight,9,-21,1,99.000,,,0
drop_inflight,9,-21,2,99.000,,,0
drop_inflight,9,-21,3,99.000,,,0
drop_inflight,10,-20,0,99.000,,,0
drop_inflight,10,-20,1,99.000,,,0
drop_inflight,10,-20,2,99.000,,,0
drop_inflight,10,-20,3,99.000,,,0
drop_inflight,11,-19,0,99.000,,,0
drop_inflight,11,-19,1,99.000,,,0
drop_inflight,11,-19,2,99.000,,,0
drop_inflight,11,-19,3,99.000,,,0
drop_inflight,12,-18,0,99.000,,,0
drop_inflight,12,-18,1,99.000,,,0
drop_inflight,12,-18,2,99.000,,,0
drop_inflight,12,-18,3,99.000,,,0
drop_inflight,13,-17,0,99.000,,,0
drop_inflight,13,-17,1,99.000,,,0
drop_inflight,13,-17,2,99.000,,,0
drop_inflight,13,-17,3,99.000,,,0
drop_inflight,14,-16,0,99.000,,,0
drop_inflight,14,-16,1,99.000,,,0
drop_inflight,14,-16,2,99.000,,,0
drop_inflight,14,-16,3,99.000,,,0
drop_inflight,15,-15,0,99.000,,,0
drop_inflight,15,-15,1,99.000,,,0
drop_inflight,15,-15,2,99.000,,,0
drop_inflight,15,-15,3,99.000,,,0
drop_inflight,16,-14,0,99.000,,,0
drop_inflight,16,-14,1,99.000,,,0
drop_inflight,16,-14,2,99.000,,,0
drop_inflight,16,-14,3,99.000,,,0
drop_inflight,17,-13,0,99.000,,,0
drop_inflight,17,-13,1,99.000,,,0
drop_inflight,17,-13,2,99.000,,,0
drop_inflight,17,-13,3,99.000,,,0
drop_inflight,18,-12,0,99.000,,,0
drop_inflight,18,-12,1,99.000,,,0
drop_inflight,18,-12,2,99.000,,,0
drop_inflight,18,-12,3,99.000,,,0
drop_inflight,19,-11,0,99.000,,,0
drop_inflight,19,-11,1,99.000,,,0
drop_inflight,19,-11,2,99.000,,,0
drop_inflight,19,-11,3,99.000,,,0
drop_inflight,20,-10,0,99.000,,,0
drop_inflight,20,-10,1,99.000,,,0
drop_inflight,20,-10,2,99.000,,,0
drop_inflight,20,-10,3,99.000,,,0
drop_inflight,21,-9,0,99.000,,,0
drop_inflight,21,-9,1,99.000,,,0
drop_inflight,21,-9,2,99.000,,,0
drop_inflight,21,-9,3,99.000,,,0
drop_inflight,22,-8,0,99.000,,,0
drop_inflight,22,-8,1,99.000,,,0
drop_inflight,22,-8,2,99.000,,,0
drop_inflight,22,-8,3,99.000,,,0
drop_inflight,23,-7,0,99.000,,,0
drop_inflight,23,-7,1,99.000,,,0
drop_inflight,23,-7,2,99.000,,,0
drop_inflight,23,-7,3,99.000,,,0
drop_inflight,24,-6,0,99.000,,,0
drop_inflight,24,-6,1,99.000,,,0
drop_inflight,24,-6,2,99.000,,,0
drop_inflight,24,-6,3,99.000,,,0
drop_inflight,25,-5,0,99.000,,,0
drop_inflight,25,-5,1,99.000,,,0
drop_inflight,25,-5,2,99.000,,,0
drop_inflight,25,-5,3,99.000,,,0
drop_inflight,26,-4,0,99.000,,,0
drop_inflight,26,-4,1,99.000,,,0
drop_inflight,26,-4,2,99.000,,,0
drop_inflight,26,-4,3,99.000,,,0
drop_inflight,27,-3,0,99.000,,,0
drop_inflight,27,-3,1,99.000,,,0
drop_inflight,27,-3,2,99.000,,,0
drop_inflight,27,-3,3,99.000,,,0
drop_inflight,28,-2,0,99.000,,,0
drop_inflight,28,-2,1,99.000,,,0
drop_inflight,28,-2,2,99.000,,,0
drop_inflight,28,-2,3,99.000,,,0
drop_inflight,29,-1,0,99.000,,,0
drop_inflight,29,-1,1,99.000,,,0
drop_inflight,29,-1,2,99.000,,,0
drop_inflight,29,-1,3,99.000,,,0
drop_inflight,30,0,0,13.133,0.4892,0.3361,0
drop_inflight,30,0,1,11.018,0.4023,0.2988,0
drop_inflight,30,0,2,8.866,0.3488,0.2665,0
drop_inflight,30,0,3,8.475,0.3345,0.2564,0
drop_inflight,31,1,0,16.734,0.5016,0.3278,0
drop_inflight,31,1,1,21.819,0.7275,0.4005,0
drop_inflight,31,1,2,23.842,0.7605,0.3795,0
drop_inflight,31,1,3,23.161,0.7570,0.3779,0
drop_inflight,32,2,0,25.331,0.8210,0.3835,0
drop_inflight,32,2,1,26.456,0.8405,0.3883,0
drop_inflight,32,2,2,26.136,0.8391,0.3761,0
drop_inflight,32,2,3,25.564,0.8323,0.3726,0
drop_inflight,33,3,0,27.408,0.8716,0.3813,0
drop_inflight,33,3,1,28.399,0.8821,0.3932,0
drop_inflight,33,3,2,28.697,0.8866,0.3908,0
drop_inflight,33,3,3,28.481,0.8834,0.3906,0
drop_inflight,34,4,0,29.558,0.9012,0.3937,0
drop_inflight,34,4,1,30.299,0.9047,0.4048,0
drop_inflight,34,4,2,30.622,0.9053,0.3951,0
drop_inflight,34,4,3,30.491,0.9017,0.4012,0
drop_inflight,35,5,0,32.038,0.9316,0.4117,0
drop_inflight,35,5,1,32.500,0.9389,0.4238,0
drop_inflight,35,5,2,32.701,0.9426,0.4138,0
drop_inflight,35,5,3,32.434,0.9412,0.4154,0
drop_inflight,36,6,0,34.085,0.9576,0.4169,0
drop_inflight,36,6,1,34.804,0.9602,0.4238,0
drop_inflight,36,6,2,34.756,0.9599,0.4140,0
drop_inflight,36,6,3,34.470,0.9581,0.4133,0
drop_inflight,37,7,0,35.646,0.9690,0.4173,0
drop_inflight,37,7,1,36.086,0.9704,0.4252,0
drop_inflight,37,7,2,36.039,0.9708,0.4167,0
drop_inflight,37,7,3,35.536,0.9693,0.4146,0
drop_inflight,38,8,0,37.125,0.9763,0.4192,0
drop_inflight,38,8,1,37.362,0.9759,0.4239,0
drop_inflight,38,8,2,37.165,0.9749,0.4172,0
drop_inflight,38,8,3,36.740,0.9729,0.4183,0
drop_inflight,39,9,0,37.265,0.9773,0.4192,0
drop_inflight,39,9,1,37.411,0.9773,0.4264,0
drop_inflight,39,9,2,36.979,0.9767,0.4272,0
drop_inflight,39,9,3,36.702,0.9760,0.4175,0
drop_inflight,40,10,0,37.590,0.9788,0.4199,0
drop_inflight,40,10,1,38.438,0.9811,0.3998,0
drop_inflight,40,10,2,38.349,0.9813,0.3932,0
drop_inflight,40,10,3,37.763,0.9811,0.3971,0
drop_inflight,41,11,0,39.110,0.9802,0.3996,0
drop_inflight,41,11,1,38.878,0.9778,0.4118,0
drop_inflight,41,11,2,38.674,0.9765,0.4109,0
drop_inflight,41,11,3,38.252,0.9752,0.4136,0
drop_inflight,42,12,0,39.302,0.9793,0.4173,0
drop_inflight,42,12,1,39.395,0.9796,0.4225,0
drop_inflight,42,12,2,39.220,0.9802,0.4182,0
drop_inflight,42,12,3,38.539,0.9795,0.4175,0
drop_inflight,43,13,0,40.132,0.9834,0.4215,0
drop_inflight,43,13,1,40.146,0.9834,0.4269,0
drop_inflight,43,13,2,40.021,0.9836,0.4202,0
drop_inflight,43,13,3,39.804,0.9835,0.4203,0
drop_inflight,44,14,0,40.246,0.9837,0.4210,0
drop_inflight,44,14,1,40.033,0.9828,0.4265,0
drop_inflight,44,14,2,39.657,0.9816,0.4213,0
drop_inflight,44,14,3,39.277,0.9805,0.4214,0
drop_inflight,45,15,0,39.654,0.9814,0.4243,0
drop_inflight,45,15,1,39.471,0.9808,0.4266,0
drop_inflight,45,15,2,39.221,0.9807,0.4227,0
drop_inflight,45,15,3,38.967,0.9802,0.4213,0
drop_inflight,46,16,0,39.357,0.9824,0.4192,0
drop_inflight,46,16,1,39.070,0.9821,0.4219,0
drop_inflight,46,16,2,38.437,0.9817,0.4172,0
drop_inflight,46,16,3,38.182,0.9814,0.4139,0
drop_inflight,47,17,0,37.985,0.9818,0.4113,0
drop_inflight,47,17,1,38.415,0.9821,0.4154,0
drop_inflight,47,17,2,38.882,0.9827,0.4115,0
drop_inflight,47,17,3,38.702,0.9821,0.4120,0
drop_inflight,48,18,0,38.518,0.9821,0.4108,0
drop_inflight,48,18,1,37.467,0.9806,0.4148,0
drop_inflight,48,18,2,37.388,0.9795,0.4157,0
drop_inflight,48,18,3,36.860,0.9784,0.4118,0
drop_inflight,49,19,0,36.277,0.9771,0.4150,0
drop_inflight,49,19,1,36.393,0.9768,0.4157,0
drop_inflight,49,19,2,36.429,0.9771,0.4200,0
drop_inflight,49,19,3,35.588,0.9749,0.4140,0
drop_inflight,50,20,0,36.338,0.9762,0.4154,0
drop_inflight,50,20,1,36.355,0.9755,0.4159,0
drop_inflight,50,20,2,35.769,0.9735,0.4196,0
drop_inflight,50,20,3,35.366,0.9715,0.4161,0
drop_inflight,51,21,0,34.139,0.9693,0.4145,0
drop_inflight,51,21,1,34.961,0.9714,0.4140,0
drop_inflight,51,21,2,35.588,0.9731,0.4176,0
drop_inflight,51,21,3,35.132,0.9717,0.4076,0
drop_inflight,52,22,0,33.503,0.9680,0.4090,0
drop_inflight,52,22,1,35.256,0.9700,0.4087,0
drop_inflight,52,22,2,35.379,0.9686,0.4117,0
drop_inflight,52,22,3,34.584,0.9659,0.4037,0
drop_inflight,53,23,0,34.033,0.9669,0.4057,0
drop_inflight,53,23,1,34.945,0.9689,0.4059,0
drop_inflight,53,23,2,34.231,0.9676,0.4112,0
drop_inflight,53,23,3,34.108,0.9660,0.4039,0
drop_inflight,54,24,0,32.681,0.9664,0.4030,0
drop_inflight,54,24,1,35.438,0.9717,0.4056,0
drop_inflight,54,24,2,35.912,0.9724,0.4147,0
drop_inflight,54,24,3,35.205,0.9705,0.4058,0
drop_inflight,55,25,0,32.980,0.9667,0.4139,0
drop_inflight,55,25,1,34.325,0.9702,0.4176,0
drop_inflight,55,25,2,34.443,0.9696,0.4270,0
drop_inflight,55,25,3,33.502,0.9667,0.4151,0
drop_inflight,56,26,0,33.878,0.9693,0.4220,0
drop_inflight,56,26,1,34.923,0.9707,0.4211,0
drop_inflight,56,26,2,35.166,0.9702,0.4262,0
drop_inflight,56,26,3,34.717,0.9686,0.4166,0
drop_inflight,57,27,0,34.156,0.9691,0.4223,0
drop_inflight,57,27,1,34.942,0.9709,0.4203,0
drop_inflight,57,27,2,34.798,0.9703,0.4266,0
drop_inflight,57,27,3,34.313,0.9679,0.4163,0
drop_inflight,58,28,0,34.740,0.9711,0.4217,0
drop_inflight,58,28,1,35.410,0.9721,0.4244,0
drop_inflight,58,28,2,34.961,0.9705,0.4298,0
drop_inflight,58,28,3,34.633,0.9681,0.4204,0
drop_inflight,59,29,0,35.221,0.9708,0.4262,0
drop_inflight,59,29,1,35.590,0.9719,0.4269,0
drop_inflight,59,29,2,35.626,0.9718,0.4335,0
drop_inflight,59,29,3,34.703,0.9690,0.4333,0
drop_inflight,60,30,0,35.297,0.9713,0.4182,0
drop_inflight,60,30,1,34.645,0.9642,0.4238,0
drop_inflight,60,30,2,34.218,0.9660,0.4059,0
drop_inflight,60,30,3,32.806,0.9581,0.4017,0
drop_inflight,61,31,0,36.481,0.9755,0.4096,0
drop_inflight,61,31,1,37.096,0.9779,0.4062,0
drop_inflight,61,31,2,36.867,0.9776,0.4148,0
drop_inflight,61,31,3,36.148,0.9760,0.4116,0
drop_inflight,62,32,0,37.364,0.9799,0.4175,0
drop_inflight,62,32,1,37.662,0.9803,0.4205,0
drop_inflight,62,32,2,37.366,0.9799,0.4224,0
drop_inflight,62,32,3,36.746,0.9785,0.4145,0
drop_inflight,63,33,0,37.518,0.9785,0.4196,0
drop_inflight,63,33,1,37.475,0.9774,0.4241,0
drop_inflight,63,33,2,37.323,0.9766,0.4294,0
drop_inflight,63,33,3,36.977,0.9756,0.4210,0
drop_inflight,64,34,0,38.255,0.9787,0.4230,0
drop_inflight,64,34,1,38.393,0.9789,0.4219,0
drop_inflight,64,34,2,38.101,0.9782,0.4264,0
drop_inflight,64,34,3,38.051,0.9780,0.4194,0
drop_inflight,65,35,0,39.438,0.9829,0.4225,0
drop_inflight,65,35,1,39.454,0.9830,0.4234,0
drop_inflight,65,35,2,38.975,0.9823,0.4259,0
drop_inflight,65,35,3,38.593,0.9817,0.4206,0
drop_inflight,66,36,0,39.631,0.9840,0.4227,0
drop_inflight,66,36,1,39.316,0.9836,0.4209,0
drop_inflight,66,36,2,38.752,0.9830,0.4244,0
drop_inflight,66,36,3,38.182,0.9823,0.4197,0
drop_inflight,67,37,0,39.321,0.9837,0.4187,0
drop_inflight,67,37,1,39.054,0.9829,0.4156,0
drop_inflight,67,37,2,38.980,0.9830,0.4184,0
drop_inflight,67,37,3,38.495,0.9824,0.4136,0
drop_inflight,68,38,0,37.527,0.9805,0.4158,0
drop_inflight,68,38,1,37.941,0.9797,0.4156,0
drop_inflight,68,38,2,37.791,0.9788,0.4191,0
drop_inflight,68,38,3,36.897,0.9771,0.4192,0
drop_inflight,69,39,0,37.342,0.9794,0.4159,0
drop_inflight,69,39,1,37.107,0.9784,0.4188,0
drop_inflight,69,39,2,37.213,0.9778,0.4198,0
drop_inflight,69,39,3,36.069,0.9764,0.4235,0
drop_kv_recent,1,-29,0,99.000,,,0
drop_kv_recent,1,-29,1,99.000,,,0
drop_kv_recent,1,-29,2,99.000,,,0
drop_kv_recent,1,-29,3,99.000,,,0
drop_kv_recent,2,-28,0,99.000,,,0
drop_kv_recent,2,-28,1,99.000,,,0
drop_kv_recent,2,-28,2,99.000,,,0
drop_kv_recent,2,-28,3,99.000,,,0
drop_kv_recent,3,-27,0,99.000,,,0
drop_kv_recent,3,-27,1,99.000,,,0
drop_kv_recent,3,-27,2,99.000,,,0
drop_kv_recent,3,-27,3,99.000,,,0
drop_kv_recent,4,-26,0,99.000,,,0
drop_kv_recent,4,-26,1,99.000,,,0
drop_kv_recent,4,-26,2,99.000,,,0
drop_kv_recent,4,-26,3,99.000,,,0
drop_kv_recent,5,-25,0,99.000,,,0
drop_kv_recent,5,-25,1,99.000,,,0
drop_kv_recent,5,-25,2,99.000,,,0
drop_kv_recent,5,-25,3,99.000,,,0
drop_kv_recent,6,-24,0,99.000,,,0
drop_kv_recent,6,-24,1,99.000,,,0
drop_kv_recent,6,-24,2,99.000,,,0
drop_kv_recent,6,-24,3,99.000,,,0
drop_kv_recent,7,-23,0,99.000,,,0
drop_kv_recent,7,-23,1,99.000,,,0
drop_kv_recent,7,-23,2,99.000,,,0
drop_kv_recent,7,-23,3,99.000,,,0
drop_kv_recent,8,-22,0,99.000,,,0
drop_kv_recent,8,-22,1,99.000,,,0
drop_kv_recent,8,-22,2,99.000,,,0
drop_kv_recent,8,-22,3,99.000,,,0
drop_kv_recent,9,-21,0,99.000,,,0
drop_kv_recent,9,-21,1,99.000,,,0
drop_kv_recent,9,-21,2,99.000,,,0
drop_kv_recent,9,-21,3,99.000,,,0
drop_kv_recent,10,-20,0,99.000,,,0
drop_kv_recent,10,-20,1,99.000,,,0
drop_kv_recent,10,-20,2,99.000,,,0
drop_kv_recent,10,-20,3,99.000,,,0
drop_kv_recent,11,-19,0,99.000,,,0
drop_kv_recent,11,-19,1,99.000,,,0
drop_kv_recent,11,-19,2,99.000,,,0
drop_kv_recent,11,-19,3,99.000,,,0
drop_kv_recent,12,-18,0,99.000,,,0
drop_kv_recent,12,-18,1,99.000,,,0
drop_kv_recent,12,-18,2,99.000,,,0
drop_kv_recent,12,-18,3,99.000,,,0
drop_kv_recent,13,-17,0,99.000,,,0
drop_kv_recent,13,-17,1,99.000,,,0
drop_kv_recent,13,-17,2,99.000,,,0
drop_kv_recent,13,-17,3,99.000,,,0
drop_kv_recent,14,-16,0,99.000,,,0
drop_kv_recent,14,-16,1,99.000,,,0
drop_kv_recent,14,-16,2,99.000,,,0
drop_kv_recent,14,-16,3,99.000,,,0
drop_kv_recent,15,-15,0,99.000,,,0
drop_kv_recent,15,-15,1,99.000,,,0
drop_kv_recent,15,-15,2,99.000,,,0
drop_kv_recent,15,-15,3,99.000,,,0
drop_kv_recent,16,-14,0,99.000,,,0
drop_kv_recent,16,-14,1,99.000,,,0
drop_kv_recent,16,-14,2,99.000,,,0
drop_kv_recent,16,-14,3,99.000,,,0
drop_kv_recent,17,-13,0,99.000,,,0
drop_kv_recent,17,-13,1,99.000,,,0
drop_kv_recent,17,-13,2,99.000,,,0
drop_kv_recent,17,-13,3,99.000,,,0
drop_kv_recent,18,-12,0,99.000,,,0
drop_kv_recent,18,-12,1,99.000,,,0
drop_kv_recent,18,-12,2,99.000,,,0
drop_kv_recent,18,-12,3,99.000,,,0
drop_kv_recent,19,-11,0,99.000,,,0
drop_kv_recent,19,-11,1,99.000,,,0
drop_kv_recent,19,-11,2,99.000,,,0
drop_kv_recent,19,-11,3,99.000,,,0
drop_kv_recent,20,-10,0,99.000,,,0
drop_kv_recent,20,-10,1,99.000,,,0
drop_kv_recent,20,-10,2,99.000,,,0
drop_kv_recent,20,-10,3,99.000,,,0
drop_kv_recent,21,-9,0,99.000,,,0
drop_kv_recent,21,-9,1,99.000,,,0
drop_kv_recent,21,-9,2,99.000,,,0
drop_kv_recent,21,-9,3,99.000,,,0
drop_kv_recent,22,-8,0,99.000,,,0
drop_kv_recent,22,-8,1,99.000,,,0
drop_kv_recent,22,-8,2,99.000,,,0
drop_kv_recent,22,-8,3,99.000,,,0
drop_kv_recent,23,-7,0,99.000,,,0
drop_kv_recent,23,-7,1,99.000,,,0
drop_kv_recent,23,-7,2,99.000,,,0
drop_kv_recent,23,-7,3,99.000,,,0
drop_kv_recent,24,-6,0,99.000,,,0
drop_kv_recent,24,-6,1,99.000,,,0
drop_kv_recent,24,-6,2,99.000,,,0
drop_kv_recent,24,-6,3,99.000,,,0
drop_kv_recent,25,-5,0,99.000,,,0
drop_kv_recent,25,-5,1,99.000,,,0
drop_kv_recent,25,-5,2,99.000,,,0
drop_kv_recent,25,-5,3,99.000,,,0
drop_kv_recent,26,-4,0,99.000,,,0
drop_kv_recent,26,-4,1,99.000,,,0
drop_kv_recent,26,-4,2,99.000,,,0
drop_kv_recent,26,-4,3,99.000,,,0
drop_kv_recent,27,-3,0,99.000,,,0
drop_kv_recent,27,-3,1,99.000,,,0
drop_kv_recent,27,-3,2,99.000,,,0
drop_kv_recent,27,-3,3,99.000,,,0
drop_kv_recent,28,-2,0,99.000,,,0
drop_kv_recent,28,-2,1,99.000,,,0
drop_kv_recent,28,-2,2,99.000,,,0
drop_kv_recent,28,-2,3,99.000,,,0
drop_kv_recent,29,-1,0,99.000,,,0
drop_kv_recent,29,-1,1,99.000,,,0
drop_kv_recent,29,-1,2,99.000,,,0
drop_kv_recent,29,-1,3,99.000,,,0
drop_kv_recent,30,0,0,27.577,0.8353,0.4287,0
drop_kv_recent,30,0,1,25.875,0.7971,0.4317,0
drop_kv_recent,30,0,2,24.935,0.7751,0.4279,0
drop_kv_recent,30,0,3,24.582,0.7659,0.4244,0
drop_kv_recent,31,1,0,24.861,0.8164,0.4119,0
drop_kv_recent,31,1,1,22.680,0.8151,0.4147,0
drop_kv_recent,31,1,2,21.996,0.8172,0.4021,0
drop_kv_recent,31,1,3,21.671,0.8179,0.4032,0
drop_kv_recent,32,2,0,21.191,0.8367,0.3961,0
drop_kv_recent,32,2,1,21.089,0.8396,0.4019,0
drop_kv_recent,32,2,2,22.417,0.8514,0.3938,0
drop_kv_recent,32,2,3,22.404,0.8494,0.3951,0
drop_kv_recent,33,3,0,23.309,0.8706,0.3980,0
drop_kv_recent,33,3,1,24.125,0.8800,0.4078,0
drop_kv_recent,33,3,2,24.181,0.8809,0.4036,0
drop_kv_recent,33,3,3,24.128,0.8802,0.4022,0
drop_kv_recent,34,4,0,24.906,0.8987,0.4017,0
drop_kv_recent,34,4,1,25.863,0.9089,0.4123,0
drop_kv_recent,34,4,2,26.227,0.9134,0.4036,0
drop_kv_recent,34,4,3,26.650,0.9167,0.4079,0
drop_kv_recent,35,5,0,28.322,0.9330,0.4105,0
drop_kv_recent,35,5,1,29.627,0.9412,0.4215,0
drop_kv_recent,35,5,2,29.355,0.9428,0.4100,0
drop_kv_recent,35,5,3,29.212,0.9423,0.4117,0
drop_kv_recent,36,6,0,30.225,0.9585,0.4125,0
drop_kv_recent,36,6,1,32.044,0.9643,0.4203,0
drop_kv_recent,36,6,2,32.887,0.9672,0.4104,0
drop_kv_recent,36,6,3,33.111,0.9673,0.4098,0
drop_kv_recent,37,7,0,34.051,0.9746,0.4129,0
drop_kv_recent,37,7,1,35.412,0.9774,0.4211,0
drop_kv_recent,37,7,2,36.621,0.9794,0.4134,0
drop_kv_recent,37,7,3,37.071,0.9793,0.4124,0
drop_kv_recent,38,8,0,38.020,0.9853,0.4171,0
drop_kv_recent,38,8,1,37.999,0.9857,0.4223,0
drop_kv_recent,38,8,2,37.940,0.9866,0.4159,0
drop_kv_recent,38,8,3,38.194,0.9867,0.4171,0
drop_kv_recent,39,9,0,39.024,0.9891,0.4172,0
drop_kv_recent,39,9,1,39.513,0.9895,0.4246,0
drop_kv_recent,39,9,2,39.818,0.9898,0.4254,0
drop_kv_recent,39,9,3,40.113,0.9899,0.4162,0
drop_kv_recent,40,10,0,40.188,0.9907,0.4185,0
drop_kv_recent,40,10,1,42.648,0.9920,0.3991,0
drop_kv_recent,40,10,2,43.099,0.9925,0.3931,0
drop_kv_recent,40,10,3,43.134,0.9922,0.3969,0
drop_kv_recent,41,11,0,44.717,0.9935,0.4000,0
drop_kv_recent,41,11,1,45.259,0.9934,0.4129,0
drop_kv_recent,41,11,2,45.374,0.9934,0.4125,0
drop_kv_recent,41,11,3,45.708,0.9935,0.4154,0
drop_kv_recent,42,12,0,46.201,0.9943,0.4184,0
drop_kv_recent,42,12,1,46.186,0.9943,0.4235,0
drop_kv_recent,42,12,2,45.989,0.9941,0.4192,0
drop_kv_recent,42,12,3,46.034,0.9943,0.4184,0
drop_kv_recent,43,13,0,47.037,0.9954,0.4218,0
drop_kv_recent,43,13,1,46.885,0.9952,0.4269,0
drop_kv_recent,43,13,2,46.707,0.9952,0.4203,0
drop_kv_recent,43,13,3,46.599,0.9951,0.4206,0
drop_kv_recent,44,14,0,47.397,0.9957,0.4216,0
drop_kv_recent,44,14,1,47.268,0.9956,0.4273,0
drop_kv_recent,44,14,2,47.362,0.9955,0.4225,0
drop_kv_recent,44,14,3,47.283,0.9954,0.4227,0
drop_kv_recent,45,15,0,47.995,0.9960,0.4257,0
drop_kv_recent,45,15,1,47.985,0.9960,0.4283,0
drop_kv_recent,45,15,2,47.632,0.9959,0.4246,0
drop_kv_recent,45,15,3,47.525,0.9958,0.4234,0
drop_kv_recent,46,16,0,48.645,0.9966,0.4210,0
drop_kv_recent,46,16,1,48.289,0.9966,0.4235,0
drop_kv_recent,46,16,2,48.010,0.9965,0.4189,0
drop_kv_recent,46,16,3,47.488,0.9965,0.4157,0
drop_kv_recent,47,17,0,48.283,0.9969,0.4116,0
drop_kv_recent,47,17,1,47.949,0.9968,0.4153,0
drop_kv_recent,47,17,2,47.904,0.9968,0.4116,0
drop_kv_recent,47,17,3,47.874,0.9967,0.4125,0
drop_kv_recent,48,18,0,48.733,0.9971,0.4107,0
drop_kv_recent,48,18,1,48.434,0.9970,0.4147,0
drop_kv_recent,48,18,2,48.057,0.9969,0.4153,0
drop_kv_recent,48,18,3,47.891,0.9968,0.4113,0
drop_kv_recent,49,19,0,47.823,0.9972,0.4148,0
drop_kv_recent,49,19,1,47.692,0.9970,0.4155,0
drop_kv_recent,49,19,2,46.963,0.9969,0.4201,0
drop_kv_recent,49,19,3,47.323,0.9968,0.4138,0
drop_kv_recent,50,20,0,48.166,0.9973,0.4150,0
drop_kv_recent,50,20,1,48.172,0.9971,0.4159,0
drop_kv_recent,50,20,2,47.517,0.9970,0.4198,0
drop_kv_recent,50,20,3,47.522,0.9969,0.4158,0
drop_kv_recent,51,21,0,48.550,0.9973,0.4147,0
drop_kv_recent,51,21,1,48.619,0.9972,0.4142,0
drop_kv_recent,51,21,2,48.346,0.9972,0.4181,0
drop_kv_recent,51,21,3,48.122,0.9971,0.4076,0
drop_kv_recent,52,22,0,48.521,0.9974,0.4094,0
drop_kv_recent,52,22,1,48.651,0.9973,0.4094,0
drop_kv_recent,52,22,2,48.232,0.9971,0.4130,0
drop_kv_recent,52,22,3,47.913,0.9970,0.4053,0
drop_kv_recent,53,23,0,48.258,0.9973,0.4066,0
drop_kv_recent,53,23,1,47.765,0.9972,0.4073,0
drop_kv_recent,53,23,2,47.337,0.9971,0.4134,0
drop_kv_recent,53,23,3,47.878,0.9970,0.4059,0
drop_kv_recent,54,24,0,47.958,0.9972,0.4037,0
drop_kv_recent,54,24,1,47.905,0.9971,0.4062,0
drop_kv_recent,54,24,2,48.030,0.9971,0.4153,0
drop_kv_recent,54,24,3,48.195,0.9971,0.4059,0
drop_kv_recent,55,25,0,48.232,0.9972,0.4116,0
drop_kv_recent,55,25,1,48.108,0.9972,0.4166,0
drop_kv_recent,55,25,2,47.934,0.9971,0.4264,0
drop_kv_recent,55,25,3,47.171,0.9970,0.4144,0
drop_kv_recent,56,26,0,48.032,0.9973,0.4215,0
drop_kv_recent,56,26,1,48.023,0.9972,0.4216,0
drop_kv_recent,56,26,2,47.313,0.9970,0.4269,0
drop_kv_recent,56,26,3,47.444,0.9970,0.4173,0
drop_kv_recent,57,27,0,47.288,0.9970,0.4225,0
drop_kv_recent,57,27,1,46.761,0.9968,0.4209,0
drop_kv_recent,57,27,2,46.068,0.9966,0.4276,0
drop_kv_recent,57,27,3,45.977,0.9964,0.4170,0
drop_kv_recent,58,28,0,47.378,0.9969,0.4223,0
drop_kv_recent,58,28,1,47.678,0.9969,0.4242,0
drop_kv_recent,58,28,2,47.245,0.9968,0.4301,0
drop_kv_recent,58,28,3,46.986,0.9966,0.4207,0
drop_kv_recent,59,29,0,47.616,0.9970,0.4266,0
drop_kv_recent,59,29,1,47.579,0.9969,0.4277,0
drop_kv_recent,59,29,2,47.062,0.9967,0.4340,0
drop_kv_recent,59,29,3,46.139,0.9964,0.4338,0
drop_kv_recent,60,30,0,46.501,0.9967,0.4179,0
drop_kv_recent,60,30,1,45.940,0.9963,0.4225,0
drop_kv_recent,60,30,2,46.577,0.9965,0.4068,0
drop_kv_recent,60,30,3,46.346,0.9964,0.4032,0
drop_kv_recent,61,31,0,47.813,0.9968,0.4108,0
drop_kv_recent,61,31,1,47.780,0.9968,0.4074,0
drop_kv_recent,61,31,2,47.668,0.9967,0.4166,0
drop_kv_recent,61,31,3,47.782,0.9967,0.4137,0
drop_kv_recent,62,32,0,47.634,0.9967,0.4192,0
drop_kv_recent,62,32,1,46.904,0.9964,0.4221,0
drop_kv_recent,62,32,2,46.575,0.9962,0.4241,0
drop_kv_recent,62,32,3,46.117,0.9961,0.4161,0
drop_kv_recent,63,33,0,46.568,0.9963,0.4205,0
drop_kv_recent,63,33,1,46.594,0.9962,0.4253,0
drop_kv_recent,63,33,2,46.462,0.9961,0.4303,0
drop_kv_recent,63,33,3,46.543,0.9959,0.4214,0
drop_kv_recent,64,34,0,47.342,0.9963,0.4234,0
drop_kv_recent,64,34,1,47.348,0.9963,0.4224,0
drop_kv_recent,64,34,2,47.275,0.9962,0.4270,0
drop_kv_recent,64,34,3,47.122,0.9961,0.4201,0
drop_kv_recent,65,35,0,48.511,0.9968,0.4230,0
drop_kv_recent,65,35,1,48.378,0.9967,0.4241,0
drop_kv_recent,65,35,2,48.166,0.9966,0.4267,0
drop_kv_recent,65,35,3,48.082,0.9965,0.4217,0
drop_kv_recent,66,36,0,48.685,0.9969,0.4232,0
drop_kv_recent,66,36,1,48.096,0.9967,0.4214,0
drop_kv_recent,66,36,2,48.130,0.9967,0.4249,0
drop_kv_recent,66,36,3,48.138,0.9967,0.4201,0
drop_kv_recent,67,37,0,48.529,0.9970,0.4190,0
drop_kv_recent,67,37,1,48.186,0.9968,0.4157,0
drop_kv_recent,67,37,2,48.065,0.9968,0.4183,0
drop_kv_recent,67,37,3,47.923,0.9967,0.4133,0
drop_kv_recent,68,38,0,48.476,0.9969,0.4152,0
drop_kv_recent,68,38,1,47.991,0.9967,0.4153,0
drop_kv_recent,68,38,2,47.862,0.9966,0.4191,0
drop_kv_recent,68,38,3,47.594,0.9964,0.4199,0
drop_kv_recent,69,39,0,48.484,0.9970,0.4158,0
drop_kv_recent,69,39,1,48.175,0.9970,0.4190,0
drop_kv_recent,69,39,2,48.094,0.9968,0.4208,0
drop_kv_recent,69,39,3,47.862,0.9967,0.4243,0
drop_vae_all,1,-29,0,99.000,,,0
drop_vae_all,1,-29,1,99.000,,,0
drop_vae_all,1,-29,2,99.000,,,0
drop_vae_all,1,-29,3,99.000,,,0
drop_vae_all,2,-28,0,99.000,,,0
drop_vae_all,2,-28,1,99.000,,,0
drop_vae_all,2,-28,2,99.000,,,0
drop_vae_all,2,-28,3,99.000,,,0
drop_vae_all,3,-27,0,99.000,,,0
drop_vae_all,3,-27,1,99.000,,,0
drop_vae_all,3,-27,2,99.000,,,0
drop_vae_all,3,-27,3,99.000,,,0
drop_vae_all,4,-26,0,99.000,,,0
drop_vae_all,4,-26,1,99.000,,,0
drop_vae_all,4,-26,2,99.000,,,0
drop_vae_all,4,-26,3,99.000,,,0
drop_vae_all,5,-25,0,99.000,,,0
drop_vae_all,5,-25,1,99.000,,,0
drop_vae_all,5,-25,2,99.000,,,0
drop_vae_all,5,-25,3,99.000,,,0
drop_vae_all,6,-24,0,99.000,,,0
drop_vae_all,6,-24,1,99.000,,,0
drop_vae_all,6,-24,2,99.000,,,0
drop_vae_all,6,-24,3,99.000,,,0
drop_vae_all,7,-23,0,99.000,,,0
drop_vae_all,7,-23,1,99.000,,,0
drop_vae_all,7,-23,2,99.000,,,0
drop_vae_all,7,-23,3,99.000,,,0
drop_vae_all,8,-22,0,99.000,,,0
drop_vae_all,8,-22,1,99.000,,,0
drop_vae_all,8,-22,2,99.000,,,0
drop_vae_all,8,-22,3,99.000,,,0
drop_vae_all,9,-21,0,99.000,,,0
drop_vae_all,9,-21,1,99.000,,,0
drop_vae_all,9,-21,2,99.000,,,0
drop_vae_all,9,-21,3,99.000,,,0
drop_vae_all,10,-20,0,99.000,,,0
drop_vae_all,10,-20,1,99.000,,,0
drop_vae_all,10,-20,2,99.000,,,0
drop_vae_all,10,-20,3,99.000,,,0
drop_vae_all,11,-19,0,99.000,,,0
drop_vae_all,11,-19,1,99.000,,,0
drop_vae_all,11,-19,2,99.000,,,0
drop_vae_all,11,-19,3,99.000,,,0
drop_vae_all,12,-18,0,99.000,,,0
drop_vae_all,12,-18,1,99.000,,,0
drop_vae_all,12,-18,2,99.000,,,0
drop_vae_all,12,-18,3,99.000,,,0
drop_vae_all,13,-17,0,99.000,,,0
drop_vae_all,13,-17,1,99.000,,,0
drop_vae_all,13,-17,2,99.000,,,0
drop_vae_all,13,-17,3,99.000,,,0
drop_vae_all,14,-16,0,99.000,,,0
drop_vae_all,14,-16,1,99.000,,,0
drop_vae_all,14,-16,2,99.000,,,0
drop_vae_all,14,-16,3,99.000,,,0
drop_vae_all,15,-15,0,99.000,,,0
drop_vae_all,15,-15,1,99.000,,,0
drop_vae_all,15,-15,2,99.000,,,0
drop_vae_all,15,-15,3,99.000,,,0
drop_vae_all,16,-14,0,99.000,,,0
drop_vae_all,16,-14,1,99.000,,,0
drop_vae_all,16,-14,2,99.000,,,0
drop_vae_all,16,-14,3,99.000,,,0
drop_vae_all,17,-13,0,99.000,,,0
drop_vae_all,17,-13,1,99.000,,,0
drop_vae_all,17,-13,2,99.000,,,0
drop_vae_all,17,-13,3,99.000,,,0
drop_vae_all,18,-12,0,99.000,,,0
drop_vae_all,18,-12,1,99.000,,,0
drop_vae_all,18,-12,2,99.000,,,0
drop_vae_all,18,-12,3,99.000,,,0
drop_vae_all,19,-11,0,99.000,,,0
drop_vae_all,19,-11,1,99.000,,,0
drop_vae_all,19,-11,2,99.000,,,0
drop_vae_all,19,-11,3,99.000,,,0
drop_vae_all,20,-10,0,99.000,,,0
drop_vae_all,20,-10,1,99.000,,,0
drop_vae_all,20,-10,2,99.000,,,0
drop_vae_all,20,-10,3,99.000,,,0
drop_vae_all,21,-9,0,99.000,,,0
drop_vae_all,21,-9,1,99.000,,,0
drop_vae_all,21,-9,2,99.000,,,0
drop_vae_all,21,-9,3,99.000,,,0
drop_vae_all,22,-8,0,99.000,,,0
drop_vae_all,22,-8,1,99.000,,,0
drop_vae_all,22,-8,2,99.000,,,0
drop_vae_all,22,-8,3,99.000,,,0
drop_vae_all,23,-7,0,99.000,,,0
drop_vae_all,23,-7,1,99.000,,,0
drop_vae_all,23,-7,2,99.000,,,0
drop_vae_all,23,-7,3,99.000,,,0
drop_vae_all,24,-6,0,99.000,,,0
drop_vae_all,24,-6,1,99.000,,,0
drop_vae_all,24,-6,2,99.000,,,0
drop_vae_all,24,-6,3,99.000,,,0
drop_vae_all,25,-5,0,99.000,,,0
drop_vae_all,25,-5,1,99.000,,,0
drop_vae_all,25,-5,2,99.000,,,0
drop_vae_all,25,-5,3,99.000,,,0
drop_vae_all,26,-4,0,99.000,,,0
drop_vae_all,26,-4,1,99.000,,,0
drop_vae_all,26,-4,2,99.000,,,0
drop_vae_all,26,-4,3,99.000,,,0
drop_vae_all,27,-3,0,99.000,,,0
drop_vae_all,27,-3,1,99.000,,,0
drop_vae_all,27,-3,2,99.000,,,0
drop_vae_all,27,-3,3,99.000,,,0
drop_vae_all,28,-2,0,99.000,,,0
drop_vae_all,28,-2,1,99.000,,,0
drop_vae_all,28,-2,2,99.000,,,0
drop_vae_all,28,-2,3,99.000,,,0
drop_vae_all,29,-1,0,99.000,,,0
drop_vae_all,29,-1,1,99.000,,,0
drop_vae_all,29,-1,2,99.000,,,0
drop_vae_all,29,-1,3,99.000,,,0
drop_vae_all,30,0,0,18.703,0.6254,0.3793,0
drop_vae_all,30,0,1,17.374,0.5190,0.3517,0
drop_vae_all,30,0,2,20.913,0.7134,0.3737,0
drop_vae_all,30,0,3,21.447,0.7347,0.3573,0
drop_vae_all,31,1,0,24.349,0.8111,0.3660,0
drop_vae_all,31,1,1,25.243,0.8630,0.3871,0
drop_vae_all,31,1,2,25.136,0.8751,0.4068,0
drop_vae_all,31,1,3,23.128,0.8631,0.4039,0
drop_vae_all,32,2,0,23.200,0.8802,0.4120,0
drop_vae_all,32,2,1,23.350,0.8586,0.4236,0
drop_vae_all,32,2,2,21.041,0.6973,0.4384,0
drop_vae_all,32,2,3,20.597,0.6632,0.4112,0
drop_vae_all,33,3,0,24.037,0.8461,0.4207,0
drop_vae_all,33,3,1,26.190,0.8922,0.4236,0
drop_vae_all,33,3,2,27.554,0.9148,0.4154,0
drop_vae_all,33,3,3,28.789,0.9274,0.4124,0
drop_vae_all,34,4,0,31.500,0.9191,0.4142,0
drop_vae_all,34,4,1,32.538,0.9245,0.4229,0
drop_vae_all,34,4,2,32.180,0.9249,0.4117,0
drop_vae_all,34,4,3,30.877,0.9237,0.4146,0
drop_vae_all,35,5,0,31.963,0.9410,0.4113,0
drop_vae_all,35,5,1,32.881,0.9423,0.4210,0
drop_vae_all,35,5,2,32.883,0.9483,0.4083,0
drop_vae_all,35,5,3,32.766,0.9487,0.4098,0
drop_vae_all,36,6,0,34.503,0.9630,0.4108,0
drop_vae_all,36,6,1,35.544,0.9663,0.4177,0
drop_vae_all,36,6,2,35.591,0.9664,0.4083,0
drop_vae_all,36,6,3,35.161,0.9658,0.4079,0
drop_vae_all,37,7,0,36.201,0.9733,0.4099,0
drop_vae_all,37,7,1,36.656,0.9737,0.4186,0
drop_vae_all,37,7,2,36.960,0.9738,0.4105,0
drop_vae_all,37,7,3,36.897,0.9728,0.4096,0
drop_vae_all,38,8,0,38.786,0.9812,0.4169,0
drop_vae_all,38,8,1,38.846,0.9811,0.4223,0
drop_vae_all,38,8,2,38.558,0.9806,0.4172,0
drop_vae_all,38,8,3,38.527,0.9789,0.4188,0
drop_vae_all,39,9,0,39.610,0.9835,0.4174,0
drop_vae_all,39,9,1,39.767,0.9839,0.4238,0
drop_vae_all,39,9,2,39.565,0.9836,0.4245,0
drop_vae_all,39,9,3,39.484,0.9834,0.4154,0
drop_vae_all,40,10,0,39.735,0.9846,0.4180,0
drop_vae_all,40,10,1,39.868,0.9858,0.3990,0
drop_vae_all,40,10,2,40.665,0.9875,0.3934,0
drop_vae_all,40,10,3,40.601,0.9871,0.3979,0
drop_vae_all,41,11,0,42.151,0.9893,0.4004,0
drop_vae_all,41,11,1,41.944,0.9895,0.4132,0
drop_vae_all,41,11,2,41.840,0.9892,0.4132,0
drop_vae_all,41,11,3,42.376,0.9893,0.4158,0
drop_vae_all,42,12,0,43.466,0.9913,0.4188,0
drop_vae_all,42,12,1,43.488,0.9916,0.4240,0
drop_vae_all,42,12,2,43.324,0.9918,0.4199,0
drop_vae_all,42,12,3,43.410,0.9919,0.4192,0
drop_vae_all,43,13,0,44.661,0.9935,0.4223,0
drop_vae_all,43,13,1,45.034,0.9936,0.4273,0
drop_vae_all,43,13,2,44.990,0.9938,0.4206,0
drop_vae_all,43,13,3,45.003,0.9938,0.4208,0
drop_vae_all,44,14,0,45.644,0.9943,0.4216,0
drop_vae_all,44,14,1,45.385,0.9942,0.4274,0
drop_vae_all,44,14,2,45.341,0.9940,0.4224,0
drop_vae_all,44,14,3,45.396,0.9940,0.4227,0
drop_vae_all,45,15,0,45.650,0.9948,0.4258,0
drop_vae_all,45,15,1,45.601,0.9948,0.4283,0
drop_vae_all,45,15,2,45.078,0.9947,0.4247,0
drop_vae_all,45,15,3,45.073,0.9948,0.4236,0
drop_vae_all,46,16,0,46.172,0.9957,0.4209,0
drop_vae_all,46,16,1,46.141,0.9957,0.4234,0
drop_vae_all,46,16,2,46.353,0.9958,0.4187,0
drop_vae_all,46,16,3,46.335,0.9957,0.4155,0
drop_vae_all,47,17,0,46.982,0.9963,0.4116,0
drop_vae_all,47,17,1,46.998,0.9963,0.4154,0
drop_vae_all,47,17,2,46.924,0.9963,0.4118,0
drop_vae_all,47,17,3,46.752,0.9961,0.4127,0
drop_vae_all,48,18,0,47.495,0.9966,0.4109,0
drop_vae_all,48,18,1,47.156,0.9965,0.4147,0
drop_vae_all,48,18,2,46.797,0.9963,0.4154,0
drop_vae_all,48,18,3,46.491,0.9962,0.4114,0
drop_vae_all,49,19,0,47.021,0.9968,0.4148,0
drop_vae_all,49,19,1,47.436,0.9967,0.4156,0
drop_vae_all,49,19,2,47.582,0.9969,0.4201,0
drop_vae_all,49,19,3,47.550,0.9967,0.4138,0
drop_vae_all,50,20,0,48.075,0.9971,0.4151,0
drop_vae_all,50,20,1,48.030,0.9969,0.4160,0
drop_vae_all,50,20,2,47.586,0.9968,0.4199,0
drop_vae_all,50,20,3,47.705,0.9967,0.4159,0
drop_vae_all,51,21,0,48.280,0.9971,0.4147,0
drop_vae_all,51,21,1,48.331,0.9970,0.4141,0
drop_vae_all,51,21,2,47.927,0.9970,0.4180,0
drop_vae_all,51,21,3,47.173,0.9967,0.4075,0
drop_vae_all,52,22,0,47.277,0.9970,0.4092,0
drop_vae_all,52,22,1,47.528,0.9969,0.4092,0
drop_vae_all,52,22,2,47.108,0.9967,0.4127,0
drop_vae_all,52,22,3,47.174,0.9966,0.4051,0
drop_vae_all,53,23,0,47.859,0.9970,0.4063,0
drop_vae_all,53,23,1,47.180,0.9968,0.4072,0
drop_vae_all,53,23,2,47.055,0.9968,0.4133,0
drop_vae_all,53,23,3,46.879,0.9967,0.4058,0
drop_vae_all,54,24,0,47.077,0.9968,0.4036,0
drop_vae_all,54,24,1,47.267,0.9968,0.4063,0
drop_vae_all,54,24,2,47.370,0.9968,0.4153,0
drop_vae_all,54,24,3,47.385,0.9967,0.4060,0
drop_vae_all,55,25,0,47.775,0.9971,0.4116,0
drop_vae_all,55,25,1,47.389,0.9970,0.4165,0
drop_vae_all,55,25,2,47.561,0.9969,0.4265,0
drop_vae_all,55,25,3,46.589,0.9967,0.4144,0
drop_vae_all,56,26,0,47.268,0.9970,0.4215,0
drop_vae_all,56,26,1,47.174,0.9969,0.4216,0
drop_vae_all,56,26,2,46.374,0.9967,0.4269,0
drop_vae_all,56,26,3,46.004,0.9966,0.4173,0
drop_vae_all,57,27,0,45.906,0.9965,0.4224,0
drop_vae_all,57,27,1,44.541,0.9961,0.4208,0
drop_vae_all,57,27,2,44.092,0.9958,0.4276,0
drop_vae_all,57,27,3,43.810,0.9956,0.4169,0
drop_vae_all,58,28,0,45.068,0.9960,0.4221,0
drop_vae_all,58,28,1,45.187,0.9958,0.4242,0
drop_vae_all,58,28,2,45.117,0.9958,0.4300,0
drop_vae_all,58,28,3,44.691,0.9955,0.4207,0
drop_vae_all,59,29,0,45.245,0.9960,0.4266,0
drop_vae_all,59,29,1,44.947,0.9959,0.4277,0
drop_vae_all,59,29,2,43.393,0.9956,0.4340,0
drop_vae_all,59,29,3,42.392,0.9951,0.4339,0
drop_vae_all,60,30,0,42.987,0.9955,0.4179,0
drop_vae_all,60,30,1,43.351,0.9951,0.4226,0
drop_vae_all,60,30,2,42.377,0.9951,0.4068,0
drop_vae_all,60,30,3,42.547,0.9949,0.4034,0
drop_vae_all,61,31,0,43.920,0.9959,0.4109,0
drop_vae_all,61,31,1,44.514,0.9960,0.4075,0
drop_vae_all,61,31,2,44.711,0.9960,0.4168,0
drop_vae_all,61,31,3,44.768,0.9960,0.4137,0
drop_vae_all,62,32,0,45.570,0.9960,0.4192,0
drop_vae_all,62,32,1,45.755,0.9959,0.4223,0
drop_vae_all,62,32,2,45.235,0.9956,0.4242,0
drop_vae_all,62,32,3,44.488,0.9954,0.4160,0
drop_vae_all,63,33,0,45.748,0.9960,0.4205,0
drop_vae_all,63,33,1,46.171,0.9960,0.4253,0
drop_vae_all,63,33,2,45.833,0.9958,0.4304,0
drop_vae_all,63,33,3,46.061,0.9957,0.4216,0
drop_vae_all,64,34,0,46.677,0.9960,0.4236,0
drop_vae_all,64,34,1,46.539,0.9960,0.4226,0
drop_vae_all,64,34,2,46.675,0.9960,0.4272,0
drop_vae_all,64,34,3,46.599,0.9959,0.4203,0
drop_vae_all,65,35,0,48.240,0.9966,0.4231,0
drop_vae_all,65,35,1,48.076,0.9965,0.4241,0
drop_vae_all,65,35,2,47.585,0.9963,0.4268,0
drop_vae_all,65,35,3,47.473,0.9963,0.4216,0
drop_vae_all,66,36,0,47.634,0.9968,0.4233,0
drop_vae_all,66,36,1,46.521,0.9966,0.4215,0
drop_vae_all,66,36,2,46.945,0.9966,0.4249,0
drop_vae_all,66,36,3,46.998,0.9965,0.4202,0
drop_vae_all,67,37,0,46.703,0.9967,0.4191,0
drop_vae_all,67,37,1,47.461,0.9965,0.4157,0
drop_vae_all,67,37,2,47.415,0.9965,0.4183,0
drop_vae_all,67,37,3,47.291,0.9964,0.4133,0
drop_vae_all,68,38,0,47.938,0.9967,0.4150,0
drop_vae_all,68,38,1,47.528,0.9966,0.4152,0
drop_vae_all,68,38,2,47.629,0.9965,0.4189,0
drop_vae_all,68,38,3,47.377,0.9963,0.4197,0
drop_vae_all,69,39,0,48.103,0.9968,0.4157,0
drop_vae_all,69,39,1,47.756,0.9967,0.4189,0
drop_vae_all,69,39,2,47.727,0.9966,0.4206,0
drop_vae_all,69,39,3,47.445,0.9965,0.4242,0
delay_kv_sink_4_nr,1,-29,0,99.000,,,0
delay_kv_sink_4_nr,1,-29,1,99.000,,,0
delay_kv_sink_4_nr,1,-29,2,99.000,,,0
delay_kv_sink_4_nr,1,-29,3,99.000,,,0
delay_kv_sink_4_nr,2,-28,0,99.000,,,0
delay_kv_sink_4_nr,2,-28,1,99.000,,,0
delay_kv_sink_4_nr,2,-28,2,99.000,,,0
delay_kv_sink_4_nr,2,-28,3,99.000,,,0
delay_kv_sink_4_nr,3,-27,0,99.000,,,0
delay_kv_sink_4_nr,3,-27,1,99.000,,,0
delay_kv_sink_4_nr,3,-27,2,99.000,,,0
delay_kv_sink_4_nr,3,-27,3,99.000,,,0
delay_kv_sink_4_nr,4,-26,0,99.000,,,0
delay_kv_sink_4_nr,4,-26,1,99.000,,,0
delay_kv_sink_4_nr,4,-26,2,99.000,,,0
delay_kv_sink_4_nr,4,-26,3,99.000,,,0
delay_kv_sink_4_nr,5,-25,0,99.000,,,0
delay_kv_sink_4_nr,5,-25,1,99.000,,,0
delay_kv_sink_4_nr,5,-25,2,99.000,,,0
delay_kv_sink_4_nr,5,-25,3,99.000,,,0
delay_kv_sink_4_nr,6,-24,0,99.000,,,0
delay_kv_sink_4_nr,6,-24,1,99.000,,,0
delay_kv_sink_4_nr,6,-24,2,99.000,,,0
delay_kv_sink_4_nr,6,-24,3,99.000,,,0
delay_kv_sink_4_nr,7,-23,0,99.000,,,0
delay_kv_sink_4_nr,7,-23,1,99.000,,,0
delay_kv_sink_4_nr,7,-23,2,99.000,,,0
delay_kv_sink_4_nr,7,-23,3,99.000,,,0
delay_kv_sink_4_nr,8,-22,0,99.000,,,0
delay_kv_sink_4_nr,8,-22,1,99.000,,,0
delay_kv_sink_4_nr,8,-22,2,99.000,,,0
delay_kv_sink_4_nr,8,-22,3,99.000,,,0
delay_kv_sink_4_nr,9,-21,0,99.000,,,0
delay_kv_sink_4_nr,9,-21,1,99.000,,,0
delay_kv_sink_4_nr,9,-21,2,99.000,,,0
delay_kv_sink_4_nr,9,-21,3,99.000,,,0
delay_kv_sink_4_nr,10,-20,0,99.000,,,0
delay_kv_sink_4_nr,10,-20,1,99.000,,,0
delay_kv_sink_4_nr,10,-20,2,99.000,,,0
delay_kv_sink_4_nr,10,-20,3,99.000,,,0
delay_kv_sink_4_nr,11,-19,0,99.000,,,0
delay_kv_sink_4_nr,11,-19,1,99.000,,,0
delay_kv_sink_4_nr,11,-19,2,99.000,,,0
delay_kv_sink_4_nr,11,-19,3,99.000,,,0
delay_kv_sink_4_nr,12,-18,0,99.000,,,0
delay_kv_sink_4_nr,12,-18,1,99.000,,,0
delay_kv_sink_4_nr,12,-18,2,99.000,,,0
delay_kv_sink_4_nr,12,-18,3,99.000,,,0
delay_kv_sink_4_nr,13,-17,0,99.000,,,0
delay_kv_sink_4_nr,13,-17,1,99.000,,,0
delay_kv_sink_4_nr,13,-17,2,99.000,,,0
delay_kv_sink_4_nr,13,-17,3,99.000,,,0
delay_kv_sink_4_nr,14,-16,0,99.000,,,0
delay_kv_sink_4_nr,14,-16,1,99.000,,,0
delay_kv_sink_4_nr,14,-16,2,99.000,,,0
delay_kv_sink_4_nr,14,-16,3,99.000,,,0
delay_kv_sink_4_nr,15,-15,0,99.000,,,0
delay_kv_sink_4_nr,15,-15,1,99.000,,,0
delay_kv_sink_4_nr,15,-15,2,99.000,,,0
delay_kv_sink_4_nr,15,-15,3,99.000,,,0
delay_kv_sink_4_nr,16,-14,0,99.000,,,0
delay_kv_sink_4_nr,16,-14,1,99.000,,,0
delay_kv_sink_4_nr,16,-14,2,99.000,,,0
delay_kv_sink_4_nr,16,-14,3,99.000,,,0
delay_kv_sink_4_nr,17,-13,0,99.000,,,0
delay_kv_sink_4_nr,17,-13,1,99.000,,,0
delay_kv_sink_4_nr,17,-13,2,99.000,,,0
delay_kv_sink_4_nr,17,-13,3,99.000,,,0
delay_kv_sink_4_nr,18,-12,0,99.000,,,0
delay_kv_sink_4_nr,18,-12,1,99.000,,,0
delay_kv_sink_4_nr,18,-12,2,99.000,,,0
delay_kv_sink_4_nr,18,-12,3,99.000,,,0
delay_kv_sink_4_nr,19,-11,0,99.000,,,0
delay_kv_sink_4_nr,19,-11,1,99.000,,,0
delay_kv_sink_4_nr,19,-11,2,99.000,,,0
delay_kv_sink_4_nr,19,-11,3,99.000,,,0
delay_kv_sink_4_nr,20,-10,0,99.000,,,0
delay_kv_sink_4_nr,20,-10,1,99.000,,,0
delay_kv_sink_4_nr,20,-10,2,99.000,,,0
delay_kv_sink_4_nr,20,-10,3,99.000,,,0
delay_kv_sink_4_nr,21,-9,0,99.000,,,0
delay_kv_sink_4_nr,21,-9,1,99.000,,,0
delay_kv_sink_4_nr,21,-9,2,99.000,,,0
delay_kv_sink_4_nr,21,-9,3,99.000,,,0
delay_kv_sink_4_nr,22,-8,0,99.000,,,0
delay_kv_sink_4_nr,22,-8,1,99.000,,,0
delay_kv_sink_4_nr,22,-8,2,99.000,,,0
delay_kv_sink_4_nr,22,-8,3,99.000,,,0
delay_kv_sink_4_nr,23,-7,0,99.000,,,0
delay_kv_sink_4_nr,23,-7,1,99.000,,,0
delay_kv_sink_4_nr,23,-7,2,99.000,,,0
delay_kv_sink_4_nr,23,-7,3,99.000,,,0
delay_kv_sink_4_nr,24,-6,0,99.000,,,0
delay_kv_sink_4_nr,24,-6,1,99.000,,,0
delay_kv_sink_4_nr,24,-6,2,99.000,,,0
delay_kv_sink_4_nr,24,-6,3,99.000,,,0
delay_kv_sink_4_nr,25,-5,0,99.000,,,0
delay_kv_sink_4_nr,25,-5,1,99.000,,,0
delay_kv_sink_4_nr,25,-5,2,99.000,,,0
delay_kv_sink_4_nr,25,-5,3,99.000,,,0
delay_kv_sink_4_nr,26,-4,0,99.000,,,0
delay_kv_sink_4_nr,26,-4,1,99.000,,,0
delay_kv_sink_4_nr,26,-4,2,99.000,,,0
delay_kv_sink_4_nr,26,-4,3,99.000,,,0
delay_kv_sink_4_nr,27,-3,0,99.000,,,0
delay_kv_sink_4_nr,27,-3,1,99.000,,,0
delay_kv_sink_4_nr,27,-3,2,99.000,,,0
delay_kv_sink_4_nr,27,-3,3,99.000,,,0
delay_kv_sink_4_nr,28,-2,0,99.000,,,0
delay_kv_sink_4_nr,28,-2,1,99.000,,,0
delay_kv_sink_4_nr,28,-2,2,99.000,,,0
delay_kv_sink_4_nr,28,-2,3,99.000,,,0
delay_kv_sink_4_nr,29,-1,0,99.000,,,0
delay_kv_sink_4_nr,29,-1,1,99.000,,,0
delay_kv_sink_4_nr,29,-1,2,99.000,,,0
delay_kv_sink_4_nr,29,-1,3,99.000,,,0
delay_kv_sink_4_nr,30,0,0,29.972,0.8855,0.4048,0
delay_kv_sink_4_nr,30,0,1,28.294,0.8653,0.4060,0
delay_kv_sink_4_nr,30,0,2,27.249,0.8488,0.3977,0
delay_kv_sink_4_nr,30,0,3,26.318,0.8348,0.3932,0
delay_kv_sink_4_nr,31,1,0,25.753,0.8353,0.3952,0
delay_kv_sink_4_nr,31,1,1,24.253,0.8215,0.4023,0
delay_kv_sink_4_nr,31,1,2,23.482,0.8128,0.3900,0
delay_kv_sink_4_nr,31,1,3,21.859,0.7932,0.3880,0
delay_kv_sink_4_nr,32,2,0,20.508,0.7830,0.3950,0
delay_kv_sink_4_nr,32,2,1,21.523,0.7887,0.4072,0
delay_kv_sink_4_nr,32,2,2,20.965,0.7802,0.3985,0
delay_kv_sink_4_nr,32,2,3,20.058,0.7658,0.3939,0
delay_kv_sink_4_nr,33,3,0,19.297,0.7525,0.3973,0
delay_kv_sink_4_nr,33,3,1,20.006,0.7545,0.4134,0
delay_kv_sink_4_nr,33,3,2,19.683,0.7464,0.4064,0
delay_kv_sink_4_nr,33,3,3,18.625,0.7301,0.4012,0
delay_kv_sink_4_nr,34,4,0,18.334,0.7700,0.4119,0
delay_kv_sink_4_nr,34,4,1,18.848,0.7833,0.4274,0
delay_kv_sink_4_nr,34,4,2,18.832,0.7855,0.4159,0
delay_kv_sink_4_nr,34,4,3,18.187,0.7791,0.4140,0
delay_kv_sink_4_nr,35,5,0,19.638,0.8130,0.4149,0
delay_kv_sink_4_nr,35,5,1,24.418,0.8601,0.4312,0
delay_kv_sink_4_nr,35,5,2,24.156,0.8600,0.4161,0
delay_kv_sink_4_nr,35,5,3,24.205,0.8598,0.4160,0
delay_kv_sink_4_nr,36,6,0,25.090,0.8842,0.4131,0
delay_kv_sink_4_nr,36,6,1,26.459,0.8972,0.4200,0
delay_kv_sink_4_nr,36,6,2,26.894,0.9004,0.4103,0
delay_kv_sink_4_nr,36,6,3,25.954,0.8920,0.4084,0
delay_kv_sink_4_nr,37,7,0,25.724,0.9078,0.4110,0
delay_kv_sink_4_nr,37,7,1,26.013,0.9121,0.4184,0
delay_kv_sink_4_nr,37,7,2,28.352,0.9291,0.4116,0
delay_kv_sink_4_nr,37,7,3,27.913,0.9251,0.4099,0
delay_kv_sink_4_nr,38,8,0,29.795,0.9467,0.4153,0
delay_kv_sink_4_nr,38,8,1,30.072,0.9480,0.4202,0
delay_kv_sink_4_nr,38,8,2,30.859,0.9526,0.4144,0
delay_kv_sink_4_nr,38,8,3,30.882,0.9518,0.4163,0
delay_kv_sink_4_nr,39,9,0,31.920,0.9603,0.4175,0
delay_kv_sink_4_nr,39,9,1,33.070,0.9652,0.4250,0
delay_kv_sink_4_nr,39,9,2,33.441,0.9670,0.4255,0
delay_kv_sink_4_nr,39,9,3,33.454,0.9664,0.4158,0
delay_kv_sink_4_nr,40,10,0,33.862,0.9688,0.4184,0
delay_kv_sink_4_nr,40,10,1,37.074,0.9759,0.4002,0
delay_kv_sink_4_nr,40,10,2,36.893,0.9775,0.3933,0
delay_kv_sink_4_nr,40,10,3,37.582,0.9777,0.3969,0
delay_kv_sink_4_nr,41,11,0,39.911,0.9838,0.3997,0
delay_kv_sink_4_nr,41,11,1,40.388,0.9845,0.4127,0
delay_kv_sink_4_nr,41,11,2,40.628,0.9849,0.4123,0
delay_kv_sink_4_nr,41,11,3,41.128,0.9852,0.4151,0
delay_kv_sink_4_nr,42,12,0,42.287,0.9884,0.4184,0
delay_kv_sink_4_nr,42,12,1,42.445,0.9890,0.4233,0
delay_kv_sink_4_nr,42,12,2,42.602,0.9896,0.4192,0
delay_kv_sink_4_nr,42,12,3,42.990,0.9898,0.4183,0
delay_kv_sink_4_nr,43,13,0,44.009,0.9921,0.4217,0
delay_kv_sink_4_nr,43,13,1,44.208,0.9921,0.4268,0
delay_kv_sink_4_nr,43,13,2,44.122,0.9921,0.4203,0
delay_kv_sink_4_nr,43,13,3,44.151,0.9920,0.4205,0
delay_kv_sink_4_nr,44,14,0,45.041,0.9932,0.4216,0
delay_kv_sink_4_nr,44,14,1,45.040,0.9930,0.4273,0
delay_kv_sink_4_nr,44,14,2,45.070,0.9930,0.4223,0
delay_kv_sink_4_nr,44,14,3,44.959,0.9929,0.4226,0
delay_kv_sink_4_nr,45,15,0,45.615,0.9940,0.4257,0
delay_kv_sink_4_nr,45,15,1,45.535,0.9939,0.4283,0
delay_kv_sink_4_nr,45,15,2,45.154,0.9940,0.4246,0
delay_kv_sink_4_nr,45,15,3,45.176,0.9939,0.4235,0
delay_kv_sink_4_nr,46,16,0,45.518,0.9946,0.4209,0
delay_kv_sink_4_nr,46,16,1,44.838,0.9944,0.4233,0
delay_kv_sink_4_nr,46,16,2,44.419,0.9943,0.4189,0
delay_kv_sink_4_nr,46,16,3,43.399,0.9941,0.4157,0
delay_kv_sink_4_nr,47,17,0,44.791,0.9950,0.4115,0
delay_kv_sink_4_nr,47,17,1,44.866,0.9949,0.4153,0
delay_kv_sink_4_nr,47,17,2,45.192,0.9950,0.4115,0
delay_kv_sink_4_nr,47,17,3,45.051,0.9948,0.4123,0
delay_kv_sink_4_nr,48,18,0,45.610,0.9953,0.4106,0
delay_kv_sink_4_nr,48,18,1,45.624,0.9952,0.4146,0
delay_kv_sink_4_nr,48,18,2,45.414,0.9950,0.4152,0
delay_kv_sink_4_nr,48,18,3,45.232,0.9949,0.4113,0
delay_kv_sink_4_nr,49,19,0,45.598,0.9956,0.4145,0
delay_kv_sink_4_nr,49,19,1,45.304,0.9953,0.4151,0
delay_kv_sink_4_nr,49,19,2,45.093,0.9953,0.4197,0
delay_kv_sink_4_nr,49,19,3,45.260,0.9952,0.4135,0
delay_kv_sink_4_nr,50,20,0,45.901,0.9958,0.4149,0
delay_kv_sink_4_nr,50,20,1,45.931,0.9956,0.4157,0
delay_kv_sink_4_nr,50,20,2,45.505,0.9954,0.4195,0
delay_kv_sink_4_nr,50,20,3,45.510,0.9953,0.4155,0
delay_kv_sink_4_nr,51,21,0,46.113,0.9957,0.4144,0
delay_kv_sink_4_nr,51,21,1,45.805,0.9954,0.4139,0
delay_kv_sink_4_nr,51,21,2,45.463,0.9953,0.4179,0
delay_kv_sink_4_nr,51,21,3,45.394,0.9952,0.4073,0
delay_kv_sink_4_nr,52,22,0,45.527,0.9953,0.4090,0
delay_kv_sink_4_nr,52,22,1,45.055,0.9949,0.4090,0
delay_kv_sink_4_nr,52,22,2,44.548,0.9946,0.4124,0
delay_kv_sink_4_nr,52,22,3,44.018,0.9942,0.4047,0
delay_kv_sink_4_nr,53,23,0,44.502,0.9945,0.4060,0
delay_kv_sink_4_nr,53,23,1,44.386,0.9944,0.4069,0
delay_kv_sink_4_nr,53,23,2,44.050,0.9941,0.4130,0
delay_kv_sink_4_nr,53,23,3,43.411,0.9937,0.4054,0
delay_kv_sink_4_nr,54,24,0,43.490,0.9940,0.4030,0
delay_kv_sink_4_nr,54,24,1,43.612,0.9940,0.4056,0
delay_kv_sink_4_nr,54,24,2,43.882,0.9939,0.4147,0
delay_kv_sink_4_nr,54,24,3,43.805,0.9938,0.4056,0
delay_kv_sink_4_nr,55,25,0,44.227,0.9947,0.4112,0
delay_kv_sink_4_nr,55,25,1,44.049,0.9946,0.4162,0
delay_kv_sink_4_nr,55,25,2,44.129,0.9946,0.4262,0
delay_kv_sink_4_nr,55,25,3,43.132,0.9943,0.4142,0
delay_kv_sink_4_nr,56,26,0,44.201,0.9950,0.4211,0
delay_kv_sink_4_nr,56,26,1,44.490,0.9949,0.4214,0
delay_kv_sink_4_nr,56,26,2,44.061,0.9947,0.4267,0
delay_kv_sink_4_nr,56,26,3,43.948,0.9946,0.4173,0
delay_kv_sink_4_nr,57,27,0,43.510,0.9945,0.4223,0
delay_kv_sink_4_nr,57,27,1,42.619,0.9940,0.4205,0
delay_kv_sink_4_nr,57,27,2,42.592,0.9938,0.4271,0
delay_kv_sink_4_nr,57,27,3,41.754,0.9933,0.4162,0
delay_kv_sink_4_nr,58,28,0,41.993,0.9930,0.4214,0
delay_kv_sink_4_nr,58,28,1,41.682,0.9922,0.4233,0
delay_kv_sink_4_nr,58,28,2,41.947,0.9921,0.4293,0
delay_kv_sink_4_nr,58,28,3,41.576,0.9917,0.4201,0
delay_kv_sink_4_nr,59,29,0,41.645,0.9922,0.4260,0
delay_kv_sink_4_nr,59,29,1,41.341,0.9919,0.4274,0
delay_kv_sink_4_nr,59,29,2,40.979,0.9916,0.4337,0
delay_kv_sink_4_nr,59,29,3,40.190,0.9909,0.4334,0
delay_kv_sink_4_nr,60,30,0,40.163,0.9913,0.4176,0
delay_kv_sink_4_nr,60,30,1,38.840,0.9893,0.4230,0
delay_kv_sink_4_nr,60,30,2,39.465,0.9896,0.4070,0
delay_kv_sink_4_nr,60,30,3,39.137,0.9876,0.4035,0
delay_kv_sink_4_nr,61,31,0,42.799,0.9927,0.4106,0
delay_kv_sink_4_nr,61,31,1,43.365,0.9933,0.4071,0
delay_kv_sink_4_nr,61,31,2,43.363,0.9934,0.4162,0
delay_kv_sink_4_nr,61,31,3,43.459,0.9934,0.4134,0
delay_kv_sink_4_nr,62,32,0,44.165,0.9939,0.4194,0
delay_kv_sink_4_nr,62,32,1,43.813,0.9936,0.4221,0
delay_kv_sink_4_nr,62,32,2,43.566,0.9935,0.4238,0
delay_kv_sink_4_nr,62,32,3,43.249,0.9932,0.4158,0
delay_kv_sink_4_nr,63,33,0,43.410,0.9933,0.4204,0
delay_kv_sink_4_nr,63,33,1,42.600,0.9926,0.4253,0
delay_kv_sink_4_nr,63,33,2,42.280,0.9925,0.4302,0
delay_kv_sink_4_nr,63,33,3,42.333,0.9923,0.4213,0
delay_kv_sink_4_nr,64,34,0,43.295,0.9931,0.4234,0
delay_kv_sink_4_nr,64,34,1,43.406,0.9931,0.4223,0
delay_kv_sink_4_nr,64,34,2,43.377,0.9930,0.4269,0
delay_kv_sink_4_nr,64,34,3,43.246,0.9928,0.4199,0
delay_kv_sink_4_nr,65,35,0,44.619,0.9941,0.4231,0
delay_kv_sink_4_nr,65,35,1,44.565,0.9939,0.4240,0
delay_kv_sink_4_nr,65,35,2,44.351,0.9938,0.4269,0
delay_kv_sink_4_nr,65,35,3,44.195,0.9937,0.4218,0
delay_kv_sink_4_nr,66,36,0,44.471,0.9941,0.4234,0
delay_kv_sink_4_nr,66,36,1,44.196,0.9939,0.4216,0
delay_kv_sink_4_nr,66,36,2,44.266,0.9938,0.4250,0
delay_kv_sink_4_nr,66,36,3,44.217,0.9937,0.4203,0
delay_kv_sink_4_nr,67,37,0,44.489,0.9941,0.4192,0
delay_kv_sink_4_nr,67,37,1,44.202,0.9939,0.4159,0
delay_kv_sink_4_nr,67,37,2,44.075,0.9938,0.4186,0
delay_kv_sink_4_nr,67,37,3,43.914,0.9937,0.4137,0
delay_kv_sink_4_nr,68,38,0,44.154,0.9939,0.4152,0
delay_kv_sink_4_nr,68,38,1,44.207,0.9936,0.4154,0
delay_kv_sink_4_nr,68,38,2,44.106,0.9935,0.4192,0
delay_kv_sink_4_nr,68,38,3,43.889,0.9932,0.4198,0
delay_kv_sink_4_nr,69,39,0,43.719,0.9933,0.4156,0
delay_kv_sink_4_nr,69,39,1,43.531,0.9930,0.4190,0
delay_kv_sink_4_nr,69,39,2,43.537,0.9927,0.4207,0
delay_kv_sink_4_nr,69,39,3,43.224,0.9924,0.4242,0
delay_kv_sink_16_nr,1,-29,0,99.000,,,0
delay_kv_sink_16_nr,1,-29,1,99.000,,,0
delay_kv_sink_16_nr,1,-29,2,99.000,,,0
delay_kv_sink_16_nr,1,-29,3,99.000,,,0
delay_kv_sink_16_nr,2,-28,0,99.000,,,0
delay_kv_sink_16_nr,2,-28,1,99.000,,,0
delay_kv_sink_16_nr,2,-28,2,99.000,,,0
delay_kv_sink_16_nr,2,-28,3,99.000,,,0
delay_kv_sink_16_nr,3,-27,0,99.000,,,0
delay_kv_sink_16_nr,3,-27,1,99.000,,,0
delay_kv_sink_16_nr,3,-27,2,99.000,,,0
delay_kv_sink_16_nr,3,-27,3,99.000,,,0
delay_kv_sink_16_nr,4,-26,0,99.000,,,0
delay_kv_sink_16_nr,4,-26,1,99.000,,,0
delay_kv_sink_16_nr,4,-26,2,99.000,,,0
delay_kv_sink_16_nr,4,-26,3,99.000,,,0
delay_kv_sink_16_nr,5,-25,0,99.000,,,0
delay_kv_sink_16_nr,5,-25,1,99.000,,,0
delay_kv_sink_16_nr,5,-25,2,99.000,,,0
delay_kv_sink_16_nr,5,-25,3,99.000,,,0
delay_kv_sink_16_nr,6,-24,0,99.000,,,0
delay_kv_sink_16_nr,6,-24,1,99.000,,,0
delay_kv_sink_16_nr,6,-24,2,99.000,,,0
delay_kv_sink_16_nr,6,-24,3,99.000,,,0
delay_kv_sink_16_nr,7,-23,0,99.000,,,0
delay_kv_sink_16_nr,7,-23,1,99.000,,,0
delay_kv_sink_16_nr,7,-23,2,99.000,,,0
delay_kv_sink_16_nr,7,-23,3,99.000,,,0
delay_kv_sink_16_nr,8,-22,0,99.000,,,0
delay_kv_sink_16_nr,8,-22,1,99.000,,,0
delay_kv_sink_16_nr,8,-22,2,99.000,,,0
delay_kv_sink_16_nr,8,-22,3,99.000,,,0
delay_kv_sink_16_nr,9,-21,0,99.000,,,0
delay_kv_sink_16_nr,9,-21,1,99.000,,,0
delay_kv_sink_16_nr,9,-21,2,99.000,,,0
delay_kv_sink_16_nr,9,-21,3,99.000,,,0
delay_kv_sink_16_nr,10,-20,0,99.000,,,0
delay_kv_sink_16_nr,10,-20,1,99.000,,,0
delay_kv_sink_16_nr,10,-20,2,99.000,,,0
delay_kv_sink_16_nr,10,-20,3,99.000,,,0
delay_kv_sink_16_nr,11,-19,0,99.000,,,0
delay_kv_sink_16_nr,11,-19,1,99.000,,,0
delay_kv_sink_16_nr,11,-19,2,99.000,,,0
delay_kv_sink_16_nr,11,-19,3,99.000,,,0
delay_kv_sink_16_nr,12,-18,0,99.000,,,0
delay_kv_sink_16_nr,12,-18,1,99.000,,,0
delay_kv_sink_16_nr,12,-18,2,99.000,,,0
delay_kv_sink_16_nr,12,-18,3,99.000,,,0
delay_kv_sink_16_nr,13,-17,0,99.000,,,0
delay_kv_sink_16_nr,13,-17,1,99.000,,,0
delay_kv_sink_16_nr,13,-17,2,99.000,,,0
delay_kv_sink_16_nr,13,-17,3,99.000,,,0
delay_kv_sink_16_nr,14,-16,0,99.000,,,0
delay_kv_sink_16_nr,14,-16,1,99.000,,,0
delay_kv_sink_16_nr,14,-16,2,99.000,,,0
delay_kv_sink_16_nr,14,-16,3,99.000,,,0
delay_kv_sink_16_nr,15,-15,0,99.000,,,0
delay_kv_sink_16_nr,15,-15,1,99.000,,,0
delay_kv_sink_16_nr,15,-15,2,99.000,,,0
delay_kv_sink_16_nr,15,-15,3,99.000,,,0
delay_kv_sink_16_nr,16,-14,0,99.000,,,0
delay_kv_sink_16_nr,16,-14,1,99.000,,,0
delay_kv_sink_16_nr,16,-14,2,99.000,,,0
delay_kv_sink_16_nr,16,-14,3,99.000,,,0
delay_kv_sink_16_nr,17,-13,0,99.000,,,0
delay_kv_sink_16_nr,17,-13,1,99.000,,,0
delay_kv_sink_16_nr,17,-13,2,99.000,,,0
delay_kv_sink_16_nr,17,-13,3,99.000,,,0
delay_kv_sink_16_nr,18,-12,0,99.000,,,0
delay_kv_sink_16_nr,18,-12,1,99.000,,,0
delay_kv_sink_16_nr,18,-12,2,99.000,,,0
delay_kv_sink_16_nr,18,-12,3,99.000,,,0
delay_kv_sink_16_nr,19,-11,0,99.000,,,0
delay_kv_sink_16_nr,19,-11,1,99.000,,,0
delay_kv_sink_16_nr,19,-11,2,99.000,,,0
delay_kv_sink_16_nr,19,-11,3,99.000,,,0
delay_kv_sink_16_nr,20,-10,0,99.000,,,0
delay_kv_sink_16_nr,20,-10,1,99.000,,,0
delay_kv_sink_16_nr,20,-10,2,99.000,,,0
delay_kv_sink_16_nr,20,-10,3,99.000,,,0
delay_kv_sink_16_nr,21,-9,0,99.000,,,0
delay_kv_sink_16_nr,21,-9,1,99.000,,,0
delay_kv_sink_16_nr,21,-9,2,99.000,,,0
delay_kv_sink_16_nr,21,-9,3,99.000,,,0
delay_kv_sink_16_nr,22,-8,0,99.000,,,0
delay_kv_sink_16_nr,22,-8,1,99.000,,,0
delay_kv_sink_16_nr,22,-8,2,99.000,,,0
delay_kv_sink_16_nr,22,-8,3,99.000,,,0
delay_kv_sink_16_nr,23,-7,0,99.000,,,0
delay_kv_sink_16_nr,23,-7,1,99.000,,,0
delay_kv_sink_16_nr,23,-7,2,99.000,,,0
delay_kv_sink_16_nr,23,-7,3,99.000,,,0
delay_kv_sink_16_nr,24,-6,0,99.000,,,0
delay_kv_sink_16_nr,24,-6,1,99.000,,,0
delay_kv_sink_16_nr,24,-6,2,99.000,,,0
delay_kv_sink_16_nr,24,-6,3,99.000,,,0
delay_kv_sink_16_nr,25,-5,0,99.000,,,0
delay_kv_sink_16_nr,25,-5,1,99.000,,,0
delay_kv_sink_16_nr,25,-5,2,99.000,,,0
delay_kv_sink_16_nr,25,-5,3,99.000,,,0
delay_kv_sink_16_nr,26,-4,0,99.000,,,0
delay_kv_sink_16_nr,26,-4,1,99.000,,,0
delay_kv_sink_16_nr,26,-4,2,99.000,,,0
delay_kv_sink_16_nr,26,-4,3,99.000,,,0
delay_kv_sink_16_nr,27,-3,0,99.000,,,0
delay_kv_sink_16_nr,27,-3,1,99.000,,,0
delay_kv_sink_16_nr,27,-3,2,99.000,,,0
delay_kv_sink_16_nr,27,-3,3,99.000,,,0
delay_kv_sink_16_nr,28,-2,0,99.000,,,0
delay_kv_sink_16_nr,28,-2,1,99.000,,,0
delay_kv_sink_16_nr,28,-2,2,99.000,,,0
delay_kv_sink_16_nr,28,-2,3,99.000,,,0
delay_kv_sink_16_nr,29,-1,0,99.000,,,0
delay_kv_sink_16_nr,29,-1,1,99.000,,,0
delay_kv_sink_16_nr,29,-1,2,99.000,,,0
delay_kv_sink_16_nr,29,-1,3,99.000,,,0
delay_kv_sink_16_nr,30,0,0,29.972,0.8855,0.4048,0
delay_kv_sink_16_nr,30,0,1,28.294,0.8653,0.4060,0
delay_kv_sink_16_nr,30,0,2,27.249,0.8488,0.3977,0
delay_kv_sink_16_nr,30,0,3,26.318,0.8348,0.3932,0
delay_kv_sink_16_nr,31,1,0,25.753,0.8353,0.3952,0
delay_kv_sink_16_nr,31,1,1,24.253,0.8215,0.4023,0
delay_kv_sink_16_nr,31,1,2,23.482,0.8128,0.3900,0
delay_kv_sink_16_nr,31,1,3,21.859,0.7932,0.3880,0
delay_kv_sink_16_nr,32,2,0,20.508,0.7830,0.3950,0
delay_kv_sink_16_nr,32,2,1,21.523,0.7887,0.4072,0
delay_kv_sink_16_nr,32,2,2,20.965,0.7802,0.3985,0
delay_kv_sink_16_nr,32,2,3,20.058,0.7658,0.3939,0
delay_kv_sink_16_nr,33,3,0,19.297,0.7525,0.3973,0
delay_kv_sink_16_nr,33,3,1,20.006,0.7545,0.4134,0
delay_kv_sink_16_nr,33,3,2,19.683,0.7464,0.4064,0
delay_kv_sink_16_nr,33,3,3,18.625,0.7301,0.4012,0
delay_kv_sink_16_nr,34,4,0,17.628,0.7263,0.4052,0
delay_kv_sink_16_nr,34,4,1,17.843,0.7277,0.4201,0
delay_kv_sink_16_nr,34,4,2,17.839,0.7232,0.4052,0
delay_kv_sink_16_nr,34,4,3,16.705,0.7053,0.3993,0
delay_kv_sink_16_nr,35,5,0,16.477,0.7169,0.4064,0
delay_kv_sink_16_nr,35,5,1,16.325,0.7195,0.4191,0
delay_kv_sink_16_nr,35,5,2,16.556,0.7178,0.4045,0
delay_kv_sink_16_nr,35,5,3,16.482,0.7138,0.3999,0
delay_kv_sink_16_nr,36,6,0,16.713,0.7169,0.4020,0
delay_kv_sink_16_nr,36,6,1,17.326,0.7205,0.4144,0
delay_kv_sink_16_nr,36,6,2,17.431,0.7135,0.4026,0
delay_kv_sink_16_nr,36,6,3,17.334,0.7053,0.3985,0
delay_kv_sink_16_nr,37,7,0,17.411,0.7130,0.4066,0
delay_kv_sink_16_nr,37,7,1,17.699,0.7132,0.4161,0
delay_kv_sink_16_nr,37,7,2,17.359,0.7054,0.4073,0
delay_kv_sink_16_nr,37,7,3,17.196,0.6987,0.4049,0
delay_kv_sink_16_nr,38,8,0,17.243,0.7045,0.4209,0
delay_kv_sink_16_nr,38,8,1,17.142,0.7011,0.4256,0
delay_kv_sink_16_nr,38,8,2,16.978,0.6969,0.4150,0
delay_kv_sink_16_nr,38,8,3,16.982,0.6918,0.4134,0
delay_kv_sink_16_nr,39,9,0,17.097,0.7058,0.4161,0
delay_kv_sink_16_nr,39,9,1,17.196,0.7109,0.4258,0
delay_kv_sink_16_nr,39,9,2,17.082,0.7092,0.4250,0
delay_kv_sink_16_nr,39,9,3,17.015,0.7065,0.4092,0
delay_kv_sink_16_nr,40,10,0,16.838,0.7104,0.4061,0
delay_kv_sink_16_nr,40,10,1,16.676,0.6846,0.3900,0
delay_kv_sink_16_nr,40,10,2,16.348,0.6844,0.3801,0
delay_kv_sink_16_nr,40,10,3,16.162,0.6715,0.3760,0
delay_kv_sink_16_nr,41,11,0,16.671,0.6883,0.3932,0
delay_kv_sink_16_nr,41,11,1,16.681,0.6880,0.4015,0
delay_kv_sink_16_nr,41,11,2,16.613,0.6835,0.3983,0
delay_kv_sink_16_nr,41,11,3,16.647,0.6716,0.3988,0
delay_kv_sink_16_nr,42,12,0,17.043,0.6906,0.4128,0
delay_kv_sink_16_nr,42,12,1,17.110,0.6932,0.4187,0
delay_kv_sink_16_nr,42,12,2,17.099,0.6913,0.4106,0
delay_kv_sink_16_nr,42,12,3,17.018,0.6828,0.4094,0
delay_kv_sink_16_nr,43,13,0,17.381,0.6993,0.4254,0
delay_kv_sink_16_nr,43,13,1,17.404,0.7000,0.4294,0
delay_kv_sink_16_nr,43,13,2,17.391,0.6972,0.4203,0
delay_kv_sink_16_nr,43,13,3,17.339,0.6923,0.4201,0
delay_kv_sink_16_nr,44,14,0,17.387,0.6943,0.4324,0
delay_kv_sink_16_nr,44,14,1,17.265,0.6894,0.4369,0
delay_kv_sink_16_nr,44,14,2,17.123,0.6812,0.4262,0
delay_kv_sink_16_nr,44,14,3,16.994,0.6741,0.4203,0
delay_kv_sink_16_nr,45,15,0,17.087,0.6768,0.4280,0
delay_kv_sink_16_nr,45,15,1,16.955,0.6722,0.4279,0
delay_kv_sink_16_nr,45,15,2,16.790,0.6634,0.4198,0
delay_kv_sink_16_nr,45,15,3,16.635,0.6567,0.4141,0
delay_kv_sink_16_nr,46,16,0,18.912,0.7385,0.4295,0
delay_kv_sink_16_nr,46,16,1,20.629,0.7673,0.4365,0
delay_kv_sink_16_nr,46,16,2,21.067,0.7784,0.4327,0
delay_kv_sink_16_nr,46,16,3,21.035,0.7791,0.4289,0
delay_kv_sink_16_nr,47,17,0,21.613,0.8134,0.4250,0
delay_kv_sink_16_nr,47,17,1,22.114,0.8227,0.4259,0
delay_kv_sink_16_nr,47,17,2,23.107,0.8342,0.4204,0
delay_kv_sink_16_nr,47,17,3,23.835,0.8363,0.4203,0
delay_kv_sink_16_nr,48,18,0,24.582,0.8632,0.4184,0
delay_kv_sink_16_nr,48,18,1,25.349,0.8729,0.4208,0
delay_kv_sink_16_nr,48,18,2,26.035,0.8803,0.4203,0
delay_kv_sink_16_nr,48,18,3,25.999,0.8800,0.4163,0
delay_kv_sink_16_nr,49,19,0,26.917,0.9066,0.4210,0
delay_kv_sink_16_nr,49,19,1,28.154,0.9165,0.4215,0
delay_kv_sink_16_nr,49,19,2,28.959,0.9229,0.4255,0
delay_kv_sink_16_nr,49,19,3,29.170,0.9239,0.4189,0
delay_kv_sink_16_nr,50,20,0,30.447,0.9429,0.4191,0
delay_kv_sink_16_nr,50,20,1,31.456,0.9483,0.4202,0
delay_kv_sink_16_nr,50,20,2,31.791,0.9512,0.4234,0
delay_kv_sink_16_nr,50,20,3,31.679,0.9502,0.4191,0
delay_kv_sink_16_nr,51,21,0,32.547,0.9603,0.4163,0
delay_kv_sink_16_nr,51,21,1,32.757,0.9631,0.4155,0
delay_kv_sink_16_nr,51,21,2,34.653,0.9684,0.4196,0
delay_kv_sink_16_nr,51,21,3,34.968,0.9688,0.4089,0
delay_kv_sink_16_nr,52,22,0,36.399,0.9767,0.4095,0
delay_kv_sink_16_nr,52,22,1,37.090,0.9783,0.4090,0
delay_kv_sink_16_nr,52,22,2,37.207,0.9783,0.4119,0
delay_kv_sink_16_nr,52,22,3,37.036,0.9776,0.4041,0
delay_kv_sink_16_nr,53,23,0,37.969,0.9825,0.4054,0
delay_kv_sink_16_nr,53,23,1,38.538,0.9838,0.4064,0
delay_kv_sink_16_nr,53,23,2,38.598,0.9844,0.4122,0
delay_kv_sink_16_nr,53,23,3,38.497,0.9842,0.4047,0
delay_kv_sink_16_nr,54,24,0,39.359,0.9876,0.4026,0
delay_kv_sink_16_nr,54,24,1,39.908,0.9886,0.4051,0
delay_kv_sink_16_nr,54,24,2,40.132,0.9889,0.4145,0
delay_kv_sink_16_nr,54,24,3,40.094,0.9890,0.4053,0
delay_kv_sink_16_nr,55,25,0,41.568,0.9917,0.4107,0
delay_kv_sink_16_nr,55,25,1,41.772,0.9920,0.4158,0
delay_kv_sink_16_nr,55,25,2,41.656,0.9923,0.4261,0
delay_kv_sink_16_nr,55,25,3,40.149,0.9916,0.4140,0
delay_kv_sink_16_nr,56,26,0,41.414,0.9933,0.4210,0
delay_kv_sink_16_nr,56,26,1,42.266,0.9935,0.4213,0
delay_kv_sink_16_nr,56,26,2,41.425,0.9933,0.4266,0
delay_kv_sink_16_nr,56,26,3,41.507,0.9932,0.4171,0
delay_kv_sink_16_nr,57,27,0,42.171,0.9936,0.4224,0
delay_kv_sink_16_nr,57,27,1,41.954,0.9933,0.4206,0
delay_kv_sink_16_nr,57,27,2,42.157,0.9932,0.4272,0
delay_kv_sink_16_nr,57,27,3,41.538,0.9927,0.4164,0
delay_kv_sink_16_nr,58,28,0,41.828,0.9927,0.4215,0
delay_kv_sink_16_nr,58,28,1,41.863,0.9921,0.4236,0
delay_kv_sink_16_nr,58,28,2,42.140,0.9920,0.4294,0
delay_kv_sink_16_nr,58,28,3,41.637,0.9915,0.4202,0
delay_kv_sink_16_nr,59,29,0,41.731,0.9921,0.4260,0
delay_kv_sink_16_nr,59,29,1,41.437,0.9919,0.4272,0
delay_kv_sink_16_nr,59,29,2,40.768,0.9915,0.4335,0
delay_kv_sink_16_nr,59,29,3,39.867,0.9906,0.4333,0
delay_kv_sink_16_nr,60,30,0,40.089,0.9913,0.4176,0
delay_kv_sink_16_nr,60,30,1,39.172,0.9895,0.4229,0
delay_kv_sink_16_nr,60,30,2,39.318,0.9896,0.4068,0
delay_kv_sink_16_nr,60,30,3,38.972,0.9878,0.4035,0
delay_kv_sink_16_nr,61,31,0,41.893,0.9924,0.4108,0
delay_kv_sink_16_nr,61,31,1,42.458,0.9930,0.4073,0
delay_kv_sink_16_nr,61,31,2,42.818,0.9932,0.4164,0
delay_kv_sink_16_nr,61,31,3,42.881,0.9932,0.4135,0
delay_kv_sink_16_nr,62,32,0,43.619,0.9936,0.4194,0
delay_kv_sink_16_nr,62,32,1,43.454,0.9933,0.4220,0
delay_kv_sink_16_nr,62,32,2,43.143,0.9932,0.4238,0
delay_kv_sink_16_nr,62,32,3,42.567,0.9928,0.4157,0
delay_kv_sink_16_nr,63,33,0,42.938,0.9930,0.4203,0
delay_kv_sink_16_nr,63,33,1,42.320,0.9925,0.4251,0
delay_kv_sink_16_nr,63,33,2,41.840,0.9923,0.4301,0
delay_kv_sink_16_nr,63,33,3,42.022,0.9922,0.4213,0
delay_kv_sink_16_nr,64,34,0,42.894,0.9930,0.4235,0
delay_kv_sink_16_nr,64,34,1,43.099,0.9930,0.4224,0
delay_kv_sink_16_nr,64,34,2,43.042,0.9928,0.4269,0
delay_kv_sink_16_nr,64,34,3,42.962,0.9926,0.4199,0
delay_kv_sink_16_nr,65,35,0,44.443,0.9941,0.4230,0
delay_kv_sink_16_nr,65,35,1,44.471,0.9940,0.4241,0
delay_kv_sink_16_nr,65,35,2,44.225,0.9938,0.4268,0
delay_kv_sink_16_nr,65,35,3,44.013,0.9937,0.4218,0
delay_kv_sink_16_nr,66,36,0,44.445,0.9941,0.4234,0
delay_kv_sink_16_nr,66,36,1,44.258,0.9939,0.4216,0
delay_kv_sink_16_nr,66,36,2,43.949,0.9937,0.4251,0
delay_kv_sink_16_nr,66,36,3,43.874,0.9936,0.4204,0
delay_kv_sink_16_nr,67,37,0,44.170,0.9940,0.4192,0
delay_kv_sink_16_nr,67,37,1,43.979,0.9937,0.4158,0
delay_kv_sink_16_nr,67,37,2,43.871,0.9936,0.4186,0
delay_kv_sink_16_nr,67,37,3,43.805,0.9935,0.4136,0
delay_kv_sink_16_nr,68,38,0,44.085,0.9939,0.4152,0
delay_kv_sink_16_nr,68,38,1,44.129,0.9936,0.4153,0
delay_kv_sink_16_nr,68,38,2,44.082,0.9935,0.4191,0
delay_kv_sink_16_nr,68,38,3,43.782,0.9931,0.4198,0
delay_kv_sink_16_nr,69,39,0,43.469,0.9933,0.4156,0
delay_kv_sink_16_nr,69,39,1,43.326,0.9929,0.4190,0
delay_kv_sink_16_nr,69,39,2,43.452,0.9928,0.4207,0
delay_kv_sink_16_nr,69,39,3,43.092,0.9924,0.4243,0
replay_3_sinkhist,1,-29,0,99.000,,,0
replay_3_sinkhist,1,-29,1,99.000,,,0
replay_3_sinkhist,1,-29,2,99.000,,,0
replay_3_sinkhist,1,-29,3,99.000,,,0
replay_3_sinkhist,2,-28,0,99.000,,,0
replay_3_sinkhist,2,-28,1,99.000,,,0
replay_3_sinkhist,2,-28,2,99.000,,,0
replay_3_sinkhist,2,-28,3,99.000,,,0
replay_3_sinkhist,3,-27,0,99.000,,,0
replay_3_sinkhist,3,-27,1,99.000,,,0
replay_3_sinkhist,3,-27,2,99.000,,,0
replay_3_sinkhist,3,-27,3,99.000,,,0
replay_3_sinkhist,4,-26,0,99.000,,,0
replay_3_sinkhist,4,-26,1,99.000,,,0
replay_3_sinkhist,4,-26,2,99.000,,,0
replay_3_sinkhist,4,-26,3,99.000,,,0
replay_3_sinkhist,5,-25,0,99.000,,,0
replay_3_sinkhist,5,-25,1,99.000,,,0
replay_3_sinkhist,5,-25,2,99.000,,,0
replay_3_sinkhist,5,-25,3,99.000,,,0
replay_3_sinkhist,6,-24,0,99.000,,,0
replay_3_sinkhist,6,-24,1,99.000,,,0
replay_3_sinkhist,6,-24,2,99.000,,,0
replay_3_sinkhist,6,-24,3,99.000,,,0
replay_3_sinkhist,7,-23,0,99.000,,,0
replay_3_sinkhist,7,-23,1,99.000,,,0
replay_3_sinkhist,7,-23,2,99.000,,,0
replay_3_sinkhist,7,-23,3,99.000,,,0
replay_3_sinkhist,8,-22,0,99.000,,,0
replay_3_sinkhist,8,-22,1,99.000,,,0
replay_3_sinkhist,8,-22,2,99.000,,,0
replay_3_sinkhist,8,-22,3,99.000,,,0
replay_3_sinkhist,9,-21,0,99.000,,,0
replay_3_sinkhist,9,-21,1,99.000,,,0
replay_3_sinkhist,9,-21,2,99.000,,,0
replay_3_sinkhist,9,-21,3,99.000,,,0
replay_3_sinkhist,10,-20,0,99.000,,,0
replay_3_sinkhist,10,-20,1,99.000,,,0
replay_3_sinkhist,10,-20,2,99.000,,,0
replay_3_sinkhist,10,-20,3,99.000,,,0
replay_3_sinkhist,11,-19,0,99.000,,,0
replay_3_sinkhist,11,-19,1,99.000,,,0
replay_3_sinkhist,11,-19,2,99.000,,,0
replay_3_sinkhist,11,-19,3,99.000,,,0
replay_3_sinkhist,12,-18,0,99.000,,,0
replay_3_sinkhist,12,-18,1,99.000,,,0
replay_3_sinkhist,12,-18,2,99.000,,,0
replay_3_sinkhist,12,-18,3,99.000,,,0
replay_3_sinkhist,13,-17,0,99.000,,,0
replay_3_sinkhist,13,-17,1,99.000,,,0
replay_3_sinkhist,13,-17,2,99.000,,,0
replay_3_sinkhist,13,-17,3,99.000,,,0
replay_3_sinkhist,14,-16,0,99.000,,,0
replay_3_sinkhist,14,-16,1,99.000,,,0
replay_3_sinkhist,14,-16,2,99.000,,,0
replay_3_sinkhist,14,-16,3,99.000,,,0
replay_3_sinkhist,15,-15,0,99.000,,,0
replay_3_sinkhist,15,-15,1,99.000,,,0
replay_3_sinkhist,15,-15,2,99.000,,,0
replay_3_sinkhist,15,-15,3,99.000,,,0
replay_3_sinkhist,16,-14,0,99.000,,,0
replay_3_sinkhist,16,-14,1,99.000,,,0
replay_3_sinkhist,16,-14,2,99.000,,,0
replay_3_sinkhist,16,-14,3,99.000,,,0
replay_3_sinkhist,17,-13,0,99.000,,,0
replay_3_sinkhist,17,-13,1,99.000,,,0
replay_3_sinkhist,17,-13,2,99.000,,,0
replay_3_sinkhist,17,-13,3,99.000,,,0
replay_3_sinkhist,18,-12,0,99.000,,,0
replay_3_sinkhist,18,-12,1,99.000,,,0
replay_3_sinkhist,18,-12,2,99.000,,,0
replay_3_sinkhist,18,-12,3,99.000,,,0
replay_3_sinkhist,19,-11,0,99.000,,,0
replay_3_sinkhist,19,-11,1,99.000,,,0
replay_3_sinkhist,19,-11,2,99.000,,,0
replay_3_sinkhist,19,-11,3,99.000,,,0
replay_3_sinkhist,20,-10,0,99.000,,,0
replay_3_sinkhist,20,-10,1,99.000,,,0
replay_3_sinkhist,20,-10,2,99.000,,,0
replay_3_sinkhist,20,-10,3,99.000,,,0
replay_3_sinkhist,21,-9,0,99.000,,,0
replay_3_sinkhist,21,-9,1,99.000,,,0
replay_3_sinkhist,21,-9,2,99.000,,,0
replay_3_sinkhist,21,-9,3,99.000,,,0
replay_3_sinkhist,22,-8,0,99.000,,,0
replay_3_sinkhist,22,-8,1,99.000,,,0
replay_3_sinkhist,22,-8,2,99.000,,,0
replay_3_sinkhist,22,-8,3,99.000,,,0
replay_3_sinkhist,23,-7,0,99.000,,,0
replay_3_sinkhist,23,-7,1,99.000,,,0
replay_3_sinkhist,23,-7,2,99.000,,,0
replay_3_sinkhist,23,-7,3,99.000,,,0
replay_3_sinkhist,24,-6,0,99.000,,,0
replay_3_sinkhist,24,-6,1,99.000,,,0
replay_3_sinkhist,24,-6,2,99.000,,,0
replay_3_sinkhist,24,-6,3,99.000,,,0
replay_3_sinkhist,25,-5,0,99.000,,,0
replay_3_sinkhist,25,-5,1,99.000,,,0
replay_3_sinkhist,25,-5,2,99.000,,,0
replay_3_sinkhist,25,-5,3,99.000,,,0
replay_3_sinkhist,26,-4,0,99.000,,,0
replay_3_sinkhist,26,-4,1,99.000,,,0
replay_3_sinkhist,26,-4,2,99.000,,,0
replay_3_sinkhist,26,-4,3,99.000,,,0
replay_3_sinkhist,27,-3,0,99.000,,,0
replay_3_sinkhist,27,-3,1,99.000,,,0
replay_3_sinkhist,27,-3,2,99.000,,,0
replay_3_sinkhist,27,-3,3,99.000,,,0
replay_3_sinkhist,28,-2,0,99.000,,,0
replay_3_sinkhist,28,-2,1,99.000,,,0
replay_3_sinkhist,28,-2,2,99.000,,,0
replay_3_sinkhist,28,-2,3,99.000,,,0
replay_3_sinkhist,29,-1,0,99.000,,,0
replay_3_sinkhist,29,-1,1,99.000,,,0
replay_3_sinkhist,29,-1,2,99.000,,,0
replay_3_sinkhist,29,-1,3,99.000,,,0
replay_3_sinkhist,30,0,0,24.652,0.8171,0.4067,0
replay_3_sinkhist,30,0,1,25.674,0.8283,0.4115,0
replay_3_sinkhist,30,0,2,26.279,0.8372,0.4078,0
replay_3_sinkhist,30,0,3,26.068,0.8325,0.4051,0
replay_3_sinkhist,31,1,0,26.225,0.8593,0.4048,0
replay_3_sinkhist,31,1,1,26.595,0.8678,0.4104,0
replay_3_sinkhist,31,1,2,26.783,0.8722,0.3999,0
replay_3_sinkhist,31,1,3,25.559,0.8631,0.4002,0
replay_3_sinkhist,32,2,0,25.446,0.8767,0.4000,0
replay_3_sinkhist,32,2,1,25.576,0.8778,0.4058,0
replay_3_sinkhist,32,2,2,25.888,0.8824,0.4004,0
replay_3_sinkhist,32,2,3,26.345,0.8836,0.4004,0
replay_3_sinkhist,33,3,0,26.895,0.8948,0.4012,0
replay_3_sinkhist,33,3,1,27.128,0.8934,0.4100,0
replay_3_sinkhist,33,3,2,27.272,0.8992,0.4059,0
replay_3_sinkhist,33,3,3,27.515,0.8989,0.4037,0
replay_3_sinkhist,34,4,0,27.115,0.9094,0.4087,0
replay_3_sinkhist,34,4,1,28.262,0.9134,0.4164,0
replay_3_sinkhist,34,4,2,28.752,0.9190,0.4072,0
replay_3_sinkhist,34,4,3,29.803,0.9196,0.4101,0
replay_3_sinkhist,35,5,0,26.463,0.9005,0.4198,0
replay_3_sinkhist,35,5,1,27.787,0.9085,0.4288,0
replay_3_sinkhist,35,5,2,26.676,0.9038,0.4160,0
replay_3_sinkhist,35,5,3,27.392,0.9007,0.4169,0
replay_3_sinkhist,36,6,0,25.525,0.8923,0.4207,0
replay_3_sinkhist,36,6,1,25.943,0.8893,0.4260,0
replay_3_sinkhist,36,6,2,27.637,0.9033,0.4160,0
replay_3_sinkhist,36,6,3,27.675,0.8978,0.4156,0
replay_3_sinkhist,37,7,0,27.338,0.9054,0.4159,0
replay_3_sinkhist,37,7,1,26.793,0.9024,0.4236,0
replay_3_sinkhist,37,7,2,28.221,0.9085,0.4138,0
replay_3_sinkhist,37,7,3,27.174,0.8967,0.4114,0
replay_3_sinkhist,38,8,0,25.786,0.8941,0.4169,0
replay_3_sinkhist,38,8,1,26.064,0.8967,0.4226,0
replay_3_sinkhist,38,8,2,27.462,0.9060,0.4178,0
replay_3_sinkhist,38,8,3,27.450,0.9019,0.4204,0
replay_3_sinkhist,39,9,0,27.537,0.9138,0.4207,0
replay_3_sinkhist,39,9,1,27.837,0.9175,0.4284,0
replay_3_sinkhist,39,9,2,27.785,0.9214,0.4293,0
replay_3_sinkhist,39,9,3,27.650,0.9203,0.4193,0
replay_3_sinkhist,40,10,0,27.715,0.9240,0.4222,0
replay_3_sinkhist,40,10,1,25.573,0.9097,0.4041,0
replay_3_sinkhist,40,10,2,27.523,0.9246,0.3957,0
replay_3_sinkhist,40,10,3,28.295,0.9226,0.4005,0
replay_3_sinkhist,41,11,0,29.729,0.9217,0.3999,0
replay_3_sinkhist,41,11,1,30.183,0.9224,0.4115,0
replay_3_sinkhist,41,11,2,29.915,0.9181,0.4098,0
replay_3_sinkhist,41,11,3,29.787,0.9129,0.4118,0
replay_3_sinkhist,42,12,0,30.232,0.9206,0.4160,0
replay_3_sinkhist,42,12,1,29.921,0.9202,0.4208,0
replay_3_sinkhist,42,12,2,30.163,0.9233,0.4152,0
replay_3_sinkhist,42,12,3,29.723,0.9166,0.4151,0
replay_3_sinkhist,43,13,0,30.127,0.9277,0.4208,0
replay_3_sinkhist,43,13,1,29.823,0.9265,0.4268,0
replay_3_sinkhist,43,13,2,29.551,0.9266,0.4203,0
replay_3_sinkhist,43,13,3,29.319,0.9238,0.4203,0
replay_3_sinkhist,44,14,0,29.339,0.9232,0.4214,0
replay_3_sinkhist,44,14,1,29.007,0.9183,0.4264,0
replay_3_sinkhist,44,14,2,28.502,0.9142,0.4206,0
replay_3_sinkhist,44,14,3,27.868,0.9077,0.4206,0
replay_3_sinkhist,45,15,0,28.264,0.9077,0.4241,0
replay_3_sinkhist,45,15,1,28.668,0.9083,0.4279,0
replay_3_sinkhist,45,15,2,29.479,0.9119,0.4245,0
replay_3_sinkhist,45,15,3,29.428,0.9069,0.4243,0
replay_3_sinkhist,46,16,0,29.605,0.9234,0.4231,0
replay_3_sinkhist,46,16,1,29.263,0.9220,0.4269,0
replay_3_sinkhist,46,16,2,29.923,0.9293,0.4232,0
replay_3_sinkhist,46,16,3,28.772,0.9224,0.4214,0
replay_3_sinkhist,47,17,0,29.339,0.9332,0.4176,0
replay_3_sinkhist,47,17,1,29.857,0.9356,0.4218,0
replay_3_sinkhist,47,17,2,29.965,0.9362,0.4178,0
replay_3_sinkhist,47,17,3,29.649,0.9324,0.4186,0
replay_3_sinkhist,48,18,0,29.922,0.9373,0.4164,0
replay_3_sinkhist,48,18,1,30.293,0.9361,0.4206,0
replay_3_sinkhist,48,18,2,30.360,0.9352,0.4219,0
replay_3_sinkhist,48,18,3,29.662,0.9301,0.4182,0
replay_3_sinkhist,49,19,0,28.492,0.9199,0.4211,0
replay_3_sinkhist,49,19,1,27.394,0.9102,0.4223,0
replay_3_sinkhist,49,19,2,26.877,0.9035,0.4276,0
replay_3_sinkhist,49,19,3,27.083,0.8979,0.4229,0
replay_3_sinkhist,50,20,0,27.707,0.8988,0.4231,0
replay_3_sinkhist,50,20,1,28.656,0.8992,0.4236,0
replay_3_sinkhist,50,20,2,28.673,0.8953,0.4282,0
replay_3_sinkhist,50,20,3,28.381,0.8875,0.4254,0
replay_3_sinkhist,51,21,0,28.423,0.8986,0.4198,0
replay_3_sinkhist,51,21,1,27.834,0.8958,0.4183,0
replay_3_sinkhist,51,21,2,28.088,0.8968,0.4230,0
replay_3_sinkhist,51,21,3,27.868,0.8901,0.4136,0
replay_3_sinkhist,52,22,0,28.938,0.9152,0.4102,0
replay_3_sinkhist,52,22,1,28.403,0.9148,0.4104,0
replay_3_sinkhist,52,22,2,28.940,0.9208,0.4126,0
replay_3_sinkhist,52,22,3,28.311,0.9166,0.4049,0
replay_3_sinkhist,53,23,0,28.375,0.9249,0.4013,0
replay_3_sinkhist,53,23,1,27.889,0.9215,0.4030,0
replay_3_sinkhist,53,23,2,28.141,0.9208,0.4102,0
replay_3_sinkhist,53,23,3,27.616,0.9156,0.4034,0
replay_3_sinkhist,54,24,0,27.647,0.9153,0.3993,0
replay_3_sinkhist,54,24,1,28.562,0.9187,0.4025,0
replay_3_sinkhist,54,24,2,28.682,0.9192,0.4126,0
replay_3_sinkhist,54,24,3,28.112,0.9141,0.4032,0
replay_3_sinkhist,55,25,0,28.943,0.9243,0.4066,0
replay_3_sinkhist,55,25,1,28.521,0.9230,0.4132,0
replay_3_sinkhist,55,25,2,29.273,0.9248,0.4226,0
replay_3_sinkhist,55,25,3,27.699,0.9158,0.4107,0
replay_3_sinkhist,56,26,0,26.088,0.9111,0.4162,0
replay_3_sinkhist,56,26,1,28.664,0.9225,0.4168,0
replay_3_sinkhist,56,26,2,28.845,0.9201,0.4247,0
replay_3_sinkhist,56,26,3,27.372,0.9079,0.4159,0
replay_3_sinkhist,57,27,0,25.387,0.8956,0.4177,0
replay_3_sinkhist,57,27,1,28.018,0.9099,0.4165,0
replay_3_sinkhist,57,27,2,28.257,0.9104,0.4226,0
replay_3_sinkhist,57,27,3,28.138,0.9061,0.4129,0
replay_3_sinkhist,58,28,0,28.621,0.9070,0.4172,0
replay_3_sinkhist,58,28,1,29.201,0.9065,0.4206,0
replay_3_sinkhist,58,28,2,28.625,0.9001,0.4277,0
replay_3_sinkhist,58,28,3,28.322,0.8891,0.4198,0
replay_3_sinkhist,59,29,0,28.045,0.8911,0.4254,0
replay_3_sinkhist,59,29,1,28.999,0.8960,0.4251,0
replay_3_sinkhist,59,29,2,28.994,0.8923,0.4329,0
replay_3_sinkhist,59,29,3,28.567,0.8850,0.4342,0
replay_3_sinkhist,60,30,0,26.119,0.8830,0.4170,0
replay_3_sinkhist,60,30,1,25.768,0.8803,0.4182,0
replay_3_sinkhist,60,30,2,25.870,0.8931,0.4019,0
replay_3_sinkhist,60,30,3,24.028,0.8681,0.3961,0
replay_3_sinkhist,61,31,0,27.458,0.9072,0.4064,0
replay_3_sinkhist,61,31,1,27.800,0.9102,0.4037,0
replay_3_sinkhist,61,31,2,27.499,0.9097,0.4133,0
replay_3_sinkhist,61,31,3,26.899,0.9052,0.4094,0
replay_3_sinkhist,62,32,0,26.955,0.8998,0.4190,0
replay_3_sinkhist,62,32,1,26.708,0.8912,0.4241,0
replay_3_sinkhist,62,32,2,26.070,0.8838,0.4292,0
replay_3_sinkhist,62,32,3,25.668,0.8736,0.4227,0
replay_3_sinkhist,63,33,0,26.269,0.8860,0.4260,0
replay_3_sinkhist,63,33,1,26.566,0.8871,0.4306,0
replay_3_sinkhist,63,33,2,26.473,0.8855,0.4360,0
replay_3_sinkhist,63,33,3,26.381,0.8827,0.4265,0
replay_3_sinkhist,64,34,0,26.771,0.8917,0.4272,0
replay_3_sinkhist,64,34,1,27.202,0.8935,0.4260,0
replay_3_sinkhist,64,34,2,27.499,0.8948,0.4308,0
replay_3_sinkhist,64,34,3,28.214,0.8985,0.4247,0
replay_3_sinkhist,65,35,0,27.922,0.8971,0.4296,0
replay_3_sinkhist,65,35,1,27.706,0.8948,0.4309,0
replay_3_sinkhist,65,35,2,27.039,0.8894,0.4336,0
replay_3_sinkhist,65,35,3,26.740,0.8828,0.4307,0
replay_3_sinkhist,66,36,0,27.668,0.8997,0.4295,0
replay_3_sinkhist,66,36,1,28.101,0.9029,0.4277,0
replay_3_sinkhist,66,36,2,28.080,0.9005,0.4313,0
replay_3_sinkhist,66,36,3,28.333,0.9003,0.4270,0
replay_3_sinkhist,67,37,0,27.943,0.9110,0.4222,0
replay_3_sinkhist,67,37,1,27.412,0.9103,0.4181,0
replay_3_sinkhist,67,37,2,27.352,0.9119,0.4194,0
replay_3_sinkhist,67,37,3,27.452,0.9144,0.4139,0
replay_3_sinkhist,68,38,0,27.543,0.9157,0.4153,0
replay_3_sinkhist,68,38,1,27.188,0.9138,0.4154,0
replay_3_sinkhist,68,38,2,27.862,0.9166,0.4188,0
replay_3_sinkhist,68,38,3,27.416,0.9137,0.4201,0
replay_3_sinkhist,69,39,0,27.992,0.9227,0.4135,0
replay_3_sinkhist,69,39,1,28.600,0.9267,0.4155,0
replay_3_sinkhist,69,39,2,28.925,0.9269,0.4158,0
replay_3_sinkhist,69,39,3,28.962,0.9245,0.4184,0
replay_3_sinkhist_pos,1,-29,0,99.000,,,0
replay_3_sinkhist_pos,1,-29,1,99.000,,,0
replay_3_sinkhist_pos,1,-29,2,99.000,,,0
replay_3_sinkhist_pos,1,-29,3,99.000,,,0
replay_3_sinkhist_pos,2,-28,0,99.000,,,0
replay_3_sinkhist_pos,2,-28,1,99.000,,,0
replay_3_sinkhist_pos,2,-28,2,99.000,,,0
replay_3_sinkhist_pos,2,-28,3,99.000,,,0
replay_3_sinkhist_pos,3,-27,0,99.000,,,0
replay_3_sinkhist_pos,3,-27,1,99.000,,,0
replay_3_sinkhist_pos,3,-27,2,99.000,,,0
replay_3_sinkhist_pos,3,-27,3,99.000,,,0
replay_3_sinkhist_pos,4,-26,0,99.000,,,0
replay_3_sinkhist_pos,4,-26,1,99.000,,,0
replay_3_sinkhist_pos,4,-26,2,99.000,,,0
replay_3_sinkhist_pos,4,-26,3,99.000,,,0
replay_3_sinkhist_pos,5,-25,0,99.000,,,0
replay_3_sinkhist_pos,5,-25,1,99.000,,,0
replay_3_sinkhist_pos,5,-25,2,99.000,,,0
replay_3_sinkhist_pos,5,-25,3,99.000,,,0
replay_3_sinkhist_pos,6,-24,0,99.000,,,0
replay_3_sinkhist_pos,6,-24,1,99.000,,,0
replay_3_sinkhist_pos,6,-24,2,99.000,,,0
replay_3_sinkhist_pos,6,-24,3,99.000,,,0
replay_3_sinkhist_pos,7,-23,0,99.000,,,0
replay_3_sinkhist_pos,7,-23,1,99.000,,,0
replay_3_sinkhist_pos,7,-23,2,99.000,,,0
replay_3_sinkhist_pos,7,-23,3,99.000,,,0
replay_3_sinkhist_pos,8,-22,0,99.000,,,0
replay_3_sinkhist_pos,8,-22,1,99.000,,,0
replay_3_sinkhist_pos,8,-22,2,99.000,,,0
replay_3_sinkhist_pos,8,-22,3,99.000,,,0
replay_3_sinkhist_pos,9,-21,0,99.000,,,0
replay_3_sinkhist_pos,9,-21,1,99.000,,,0
replay_3_sinkhist_pos,9,-21,2,99.000,,,0
replay_3_sinkhist_pos,9,-21,3,99.000,,,0
replay_3_sinkhist_pos,10,-20,0,99.000,,,0
replay_3_sinkhist_pos,10,-20,1,99.000,,,0
replay_3_sinkhist_pos,10,-20,2,99.000,,,0
replay_3_sinkhist_pos,10,-20,3,99.000,,,0
replay_3_sinkhist_pos,11,-19,0,99.000,,,0
replay_3_sinkhist_pos,11,-19,1,99.000,,,0
replay_3_sinkhist_pos,11,-19,2,99.000,,,0
replay_3_sinkhist_pos,11,-19,3,99.000,,,0
replay_3_sinkhist_pos,12,-18,0,99.000,,,0
replay_3_sinkhist_pos,12,-18,1,99.000,,,0
replay_3_sinkhist_pos,12,-18,2,99.000,,,0
replay_3_sinkhist_pos,12,-18,3,99.000,,,0
replay_3_sinkhist_pos,13,-17,0,99.000,,,0
replay_3_sinkhist_pos,13,-17,1,99.000,,,0
replay_3_sinkhist_pos,13,-17,2,99.000,,,0
replay_3_sinkhist_pos,13,-17,3,99.000,,,0
replay_3_sinkhist_pos,14,-16,0,99.000,,,0
replay_3_sinkhist_pos,14,-16,1,99.000,,,0
replay_3_sinkhist_pos,14,-16,2,99.000,,,0
replay_3_sinkhist_pos,14,-16,3,99.000,,,0
replay_3_sinkhist_pos,15,-15,0,99.000,,,0
replay_3_sinkhist_pos,15,-15,1,99.000,,,0
replay_3_sinkhist_pos,15,-15,2,99.000,,,0
replay_3_sinkhist_pos,15,-15,3,99.000,,,0
replay_3_sinkhist_pos,16,-14,0,99.000,,,0
replay_3_sinkhist_pos,16,-14,1,99.000,,,0
replay_3_sinkhist_pos,16,-14,2,99.000,,,0
replay_3_sinkhist_pos,16,-14,3,99.000,,,0
replay_3_sinkhist_pos,17,-13,0,99.000,,,0
replay_3_sinkhist_pos,17,-13,1,99.000,,,0
replay_3_sinkhist_pos,17,-13,2,99.000,,,0
replay_3_sinkhist_pos,17,-13,3,99.000,,,0
replay_3_sinkhist_pos,18,-12,0,99.000,,,0
replay_3_sinkhist_pos,18,-12,1,99.000,,,0
replay_3_sinkhist_pos,18,-12,2,99.000,,,0
replay_3_sinkhist_pos,18,-12,3,99.000,,,0
replay_3_sinkhist_pos,19,-11,0,99.000,,,0
replay_3_sinkhist_pos,19,-11,1,99.000,,,0
replay_3_sinkhist_pos,19,-11,2,99.000,,,0
replay_3_sinkhist_pos,19,-11,3,99.000,,,0
replay_3_sinkhist_pos,20,-10,0,99.000,,,0
replay_3_sinkhist_pos,20,-10,1,99.000,,,0
replay_3_sinkhist_pos,20,-10,2,99.000,,,0
replay_3_sinkhist_pos,20,-10,3,99.000,,,0
replay_3_sinkhist_pos,21,-9,0,99.000,,,0
replay_3_sinkhist_pos,21,-9,1,99.000,,,0
replay_3_sinkhist_pos,21,-9,2,99.000,,,0
replay_3_sinkhist_pos,21,-9,3,99.000,,,0
replay_3_sinkhist_pos,22,-8,0,99.000,,,0
replay_3_sinkhist_pos,22,-8,1,99.000,,,0
replay_3_sinkhist_pos,22,-8,2,99.000,,,0
replay_3_sinkhist_pos,22,-8,3,99.000,,,0
replay_3_sinkhist_pos,23,-7,0,99.000,,,0
replay_3_sinkhist_pos,23,-7,1,99.000,,,0
replay_3_sinkhist_pos,23,-7,2,99.000,,,0
replay_3_sinkhist_pos,23,-7,3,99.000,,,0
replay_3_sinkhist_pos,24,-6,0,99.000,,,0
replay_3_sinkhist_pos,24,-6,1,99.000,,,0
replay_3_sinkhist_pos,24,-6,2,99.000,,,0
replay_3_sinkhist_pos,24,-6,3,99.000,,,0
replay_3_sinkhist_pos,25,-5,0,99.000,,,0
replay_3_sinkhist_pos,25,-5,1,99.000,,,0
replay_3_sinkhist_pos,25,-5,2,99.000,,,0
replay_3_sinkhist_pos,25,-5,3,99.000,,,0
replay_3_sinkhist_pos,26,-4,0,99.000,,,0
replay_3_sinkhist_pos,26,-4,1,99.000,,,0
replay_3_sinkhist_pos,26,-4,2,99.000,,,0
replay_3_sinkhist_pos,26,-4,3,99.000,,,0
replay_3_sinkhist_pos,27,-3,0,99.000,,,0
replay_3_sinkhist_pos,27,-3,1,99.000,,,0
replay_3_sinkhist_pos,27,-3,2,99.000,,,0
replay_3_sinkhist_pos,27,-3,3,99.000,,,0
replay_3_sinkhist_pos,28,-2,0,99.000,,,0
replay_3_sinkhist_pos,28,-2,1,99.000,,,0
replay_3_sinkhist_pos,28,-2,2,99.000,,,0
replay_3_sinkhist_pos,28,-2,3,99.000,,,0
replay_3_sinkhist_pos,29,-1,0,99.000,,,0
replay_3_sinkhist_pos,29,-1,1,99.000,,,0
replay_3_sinkhist_pos,29,-1,2,99.000,,,0
replay_3_sinkhist_pos,29,-1,3,99.000,,,0
replay_3_sinkhist_pos,30,0,0,23.558,0.8059,0.3988,0
replay_3_sinkhist_pos,30,0,1,24.274,0.8142,0.3995,0
replay_3_sinkhist_pos,30,0,2,24.367,0.8029,0.3880,0
replay_3_sinkhist_pos,30,0,3,23.635,0.7852,0.3818,0
replay_3_sinkhist_pos,31,1,0,24.457,0.8388,0.3878,0
replay_3_sinkhist_pos,31,1,1,26.827,0.8651,0.3980,0
replay_3_sinkhist_pos,31,1,2,27.461,0.8775,0.3898,0
replay_3_sinkhist_pos,31,1,3,27.182,0.8755,0.3917,0
replay_3_sinkhist_pos,32,2,0,27.459,0.9005,0.3949,0
replay_3_sinkhist_pos,32,2,1,27.423,0.9040,0.4027,0
replay_3_sinkhist_pos,32,2,2,28.070,0.9096,0.3966,0
replay_3_sinkhist_pos,32,2,3,27.341,0.9054,0.3986,0
replay_3_sinkhist_pos,33,3,0,27.511,0.9154,0.4006,0
replay_3_sinkhist_pos,33,3,1,27.639,0.9175,0.4106,0
replay_3_sinkhist_pos,33,3,2,27.694,0.9191,0.4063,0
replay_3_sinkhist_pos,33,3,3,27.897,0.9220,0.4051,0
replay_3_sinkhist_pos,34,4,0,28.253,0.9296,0.4074,0
replay_3_sinkhist_pos,34,4,1,28.855,0.9352,0.4173,0
replay_3_sinkhist_pos,34,4,2,28.698,0.9350,0.4089,0
replay_3_sinkhist_pos,34,4,3,27.948,0.9313,0.4135,0
replay_3_sinkhist_pos,35,5,0,28.552,0.9368,0.4171,0
replay_3_sinkhist_pos,35,5,1,27.148,0.9317,0.4263,0
replay_3_sinkhist_pos,35,5,2,26.354,0.9270,0.4149,0
replay_3_sinkhist_pos,35,5,3,26.409,0.9235,0.4162,0
replay_3_sinkhist_pos,36,6,0,27.142,0.9324,0.4164,0
replay_3_sinkhist_pos,36,6,1,29.886,0.9444,0.4227,0
replay_3_sinkhist_pos,36,6,2,30.200,0.9464,0.4123,0
replay_3_sinkhist_pos,36,6,3,29.858,0.9431,0.4123,0
replay_3_sinkhist_pos,37,7,0,29.755,0.9460,0.4162,0
replay_3_sinkhist_pos,37,7,1,29.085,0.9425,0.4240,0
replay_3_sinkhist_pos,37,7,2,31.336,0.9499,0.4156,0
replay_3_sinkhist_pos,37,7,3,31.869,0.9503,0.4139,0
replay_3_sinkhist_pos,38,8,0,32.095,0.9566,0.4183,0
replay_3_sinkhist_pos,38,8,1,32.188,0.9552,0.4230,0
replay_3_sinkhist_pos,38,8,2,31.856,0.9546,0.4165,0
replay_3_sinkhist_pos,38,8,3,31.179,0.9508,0.4182,0
replay_3_sinkhist_pos,39,9,0,30.162,0.9435,0.4201,0
replay_3_sinkhist_pos,39,9,1,30.485,0.9442,0.4269,0
replay_3_sinkhist_pos,39,9,2,30.912,0.9456,0.4277,0
replay_3_sinkhist_pos,39,9,3,30.509,0.9408,0.4186,0
replay_3_sinkhist_pos,40,10,0,27.787,0.9307,0.4212,0
replay_3_sinkhist_pos,40,10,1,28.672,0.9423,0.3995,0
replay_3_sinkhist_pos,40,10,2,29.539,0.9492,0.3917,0
replay_3_sinkhist_pos,40,10,3,28.324,0.9414,0.3975,0
replay_3_sinkhist_pos,41,11,0,29.137,0.9478,0.3995,0
replay_3_sinkhist_pos,41,11,1,28.798,0.9504,0.4128,0
replay_3_sinkhist_pos,41,11,2,28.776,0.9527,0.4125,0
replay_3_sinkhist_pos,41,11,3,29.062,0.9533,0.4150,0
replay_3_sinkhist_pos,42,12,0,29.110,0.9529,0.4188,0
replay_3_sinkhist_pos,42,12,1,28.577,0.9499,0.4240,0
replay_3_sinkhist_pos,42,12,2,28.257,0.9521,0.4194,0
replay_3_sinkhist_pos,42,12,3,28.759,0.9533,0.4194,0
replay_3_sinkhist_pos,43,13,0,29.240,0.9555,0.4227,0
replay_3_sinkhist_pos,43,13,1,29.364,0.9558,0.4275,0
replay_3_sinkhist_pos,43,13,2,29.257,0.9557,0.4198,0
replay_3_sinkhist_pos,43,13,3,29.361,0.9552,0.4200,0
replay_3_sinkhist_pos,44,14,0,30.259,0.9545,0.4213,0
replay_3_sinkhist_pos,44,14,1,31.250,0.9552,0.4274,0
replay_3_sinkhist_pos,44,14,2,31.925,0.9542,0.4229,0
replay_3_sinkhist_pos,44,14,3,31.936,0.9514,0.4235,0
replay_3_sinkhist_pos,45,15,0,31.281,0.9510,0.4267,0
replay_3_sinkhist_pos,45,15,1,31.081,0.9504,0.4293,0
replay_3_sinkhist_pos,45,15,2,30.648,0.9506,0.4254,0
replay_3_sinkhist_pos,45,15,3,30.473,0.9489,0.4240,0
replay_3_sinkhist_pos,46,16,0,30.314,0.9488,0.4212,0
replay_3_sinkhist_pos,46,16,1,30.275,0.9503,0.4234,0
replay_3_sinkhist_pos,46,16,2,30.251,0.9503,0.4191,0
replay_3_sinkhist_pos,46,16,3,29.971,0.9482,0.4166,0
replay_3_sinkhist_pos,47,17,0,27.413,0.9424,0.4130,0
replay_3_sinkhist_pos,47,17,1,27.133,0.9403,0.4167,0
replay_3_sinkhist_pos,47,17,2,27.713,0.9421,0.4121,0
replay_3_sinkhist_pos,47,17,3,27.600,0.9388,0.4125,0
replay_3_sinkhist_pos,48,18,0,27.970,0.9420,0.4096,0
replay_3_sinkhist_pos,48,18,1,28.620,0.9441,0.4131,0
replay_3_sinkhist_pos,48,18,2,28.800,0.9453,0.4136,0
replay_3_sinkhist_pos,48,18,3,28.730,0.9433,0.4099,0
replay_3_sinkhist_pos,49,19,0,29.264,0.9468,0.4134,0
replay_3_sinkhist_pos,49,19,1,29.387,0.9464,0.4146,0
replay_3_sinkhist_pos,49,19,2,29.715,0.9493,0.4181,0
replay_3_sinkhist_pos,49,19,3,29.489,0.9466,0.4133,0
replay_3_sinkhist_pos,50,20,0,29.304,0.9453,0.4133,0
replay_3_sinkhist_pos,50,20,1,29.457,0.9453,0.4135,0
replay_3_sinkhist_pos,50,20,2,29.666,0.9476,0.4162,0
replay_3_sinkhist_pos,50,20,3,28.653,0.9400,0.4137,0
replay_3_sinkhist_pos,51,21,0,28.565,0.9336,0.4132,0
replay_3_sinkhist_pos,51,21,1,28.465,0.9305,0.4132,0
replay_3_sinkhist_pos,51,21,2,28.942,0.9296,0.4176,0
replay_3_sinkhist_pos,51,21,3,28.634,0.9244,0.4071,0
replay_3_sinkhist_pos,52,22,0,28.870,0.9322,0.4072,0
replay_3_sinkhist_pos,52,22,1,28.481,0.9313,0.4073,0
replay_3_sinkhist_pos,52,22,2,28.329,0.9333,0.4121,0
replay_3_sinkhist_pos,52,22,3,28.206,0.9331,0.4042,0
replay_3_sinkhist_pos,53,23,0,27.229,0.9270,0.4071,0
replay_3_sinkhist_pos,53,23,1,28.406,0.9326,0.4076,0
replay_3_sinkhist_pos,53,23,2,27.572,0.9278,0.4132,0
replay_3_sinkhist_pos,53,23,3,28.040,0.9278,0.4063,0
replay_3_sinkhist_pos,54,24,0,27.148,0.9245,0.4054,0
replay_3_sinkhist_pos,54,24,1,27.822,0.9283,0.4068,0
replay_3_sinkhist_pos,54,24,2,29.219,0.9381,0.4134,0
replay_3_sinkhist_pos,54,24,3,28.019,0.9346,0.4036,0
replay_3_sinkhist_pos,55,25,0,29.290,0.9400,0.4130,0
replay_3_sinkhist_pos,55,25,1,28.916,0.9397,0.4170,0
replay_3_sinkhist_pos,55,25,2,28.063,0.9347,0.4264,0
replay_3_sinkhist_pos,55,25,3,27.002,0.9293,0.4158,0
replay_3_sinkhist_pos,56,26,0,28.152,0.9310,0.4216,0
replay_3_sinkhist_pos,56,26,1,29.257,0.9333,0.4207,0
replay_3_sinkhist_pos,56,26,2,29.631,0.9362,0.4259,0
replay_3_sinkhist_pos,56,26,3,29.329,0.9337,0.4176,0
replay_3_sinkhist_pos,57,27,0,28.806,0.9408,0.4232,0
replay_3_sinkhist_pos,57,27,1,29.531,0.9430,0.4213,0
replay_3_sinkhist_pos,57,27,2,29.743,0.9433,0.4270,0
replay_3_sinkhist_pos,57,27,3,28.532,0.9355,0.4168,0
replay_3_sinkhist_pos,58,28,0,29.001,0.9367,0.4230,0
replay_3_sinkhist_pos,58,28,1,29.335,0.9367,0.4250,0
replay_3_sinkhist_pos,58,28,2,28.732,0.9325,0.4310,0
replay_3_sinkhist_pos,58,28,3,28.401,0.9282,0.4224,0
replay_3_sinkhist_pos,59,29,0,27.988,0.9319,0.4266,0
replay_3_sinkhist_pos,59,29,1,28.245,0.9345,0.4275,0
replay_3_sinkhist_pos,59,29,2,29.194,0.9417,0.4346,0
replay_3_sinkhist_pos,59,29,3,29.063,0.9393,0.4357,0
replay_3_sinkhist_pos,60,30,0,28.678,0.9379,0.4207,0
replay_3_sinkhist_pos,60,30,1,27.723,0.9353,0.4255,0
replay_3_sinkhist_pos,60,30,2,26.165,0.9361,0.4063,0
replay_3_sinkhist_pos,60,30,3,26.923,0.9280,0.4032,0
replay_3_sinkhist_pos,61,31,0,28.719,0.9489,0.4105,0
replay_3_sinkhist_pos,61,31,1,29.106,0.9555,0.4071,0
replay_3_sinkhist_pos,61,31,2,29.079,0.9582,0.4165,0
replay_3_sinkhist_pos,61,31,3,29.606,0.9600,0.4141,0
replay_3_sinkhist_pos,62,32,0,30.786,0.9662,0.4192,0
replay_3_sinkhist_pos,62,32,1,30.670,0.9682,0.4219,0
replay_3_sinkhist_pos,62,32,2,30.355,0.9689,0.4233,0
replay_3_sinkhist_pos,62,32,3,30.498,0.9688,0.4151,0
replay_3_sinkhist_pos,63,33,0,30.867,0.9697,0.4199,0
replay_3_sinkhist_pos,63,33,1,30.893,0.9675,0.4245,0
replay_3_sinkhist_pos,63,33,2,30.871,0.9668,0.4290,0
replay_3_sinkhist_pos,63,33,3,31.244,0.9671,0.4200,0
replay_3_sinkhist_pos,64,34,0,31.437,0.9671,0.4224,0
replay_3_sinkhist_pos,64,34,1,31.474,0.9667,0.4214,0
replay_3_sinkhist_pos,64,34,2,31.610,0.9667,0.4262,0
replay_3_sinkhist_pos,64,34,3,31.653,0.9656,0.4197,0
replay_3_sinkhist_pos,65,35,0,30.994,0.9610,0.4226,0
replay_3_sinkhist_pos,65,35,1,31.242,0.9610,0.4234,0
replay_3_sinkhist_pos,65,35,2,31.698,0.9623,0.4257,0
replay_3_sinkhist_pos,65,35,3,31.299,0.9595,0.4202,0
replay_3_sinkhist_pos,66,36,0,29.920,0.9572,0.4222,0
replay_3_sinkhist_pos,66,36,1,30.100,0.9571,0.4204,0
replay_3_sinkhist_pos,66,36,2,30.506,0.9580,0.4238,0
replay_3_sinkhist_pos,66,36,3,30.522,0.9576,0.4192,0
replay_3_sinkhist_pos,67,37,0,30.014,0.9548,0.4190,0
replay_3_sinkhist_pos,67,37,1,28.662,0.9515,0.4160,0
replay_3_sinkhist_pos,67,37,2,27.700,0.9494,0.4194,0
replay_3_sinkhist_pos,67,37,3,27.612,0.9455,0.4152,0
replay_3_sinkhist_pos,68,38,0,28.367,0.9492,0.4165,0
replay_3_sinkhist_pos,68,38,1,29.380,0.9535,0.4158,0
replay_3_sinkhist_pos,68,38,2,30.161,0.9574,0.4194,0
replay_3_sinkhist_pos,68,38,3,30.563,0.9564,0.4207,0
replay_3_sinkhist_pos,69,39,0,31.025,0.9581,0.4161,0
replay_3_sinkhist_pos,69,39,1,31.303,0.9595,0.4188,0
replay_3_sinkhist_pos,69,39,2,31.352,0.9615,0.4187,0
replay_3_sinkhist_pos,69,39,3,32.143,0.9614,0.4226,0
replay_6_sinkhist_pos,1,-29,0,99.000,,,0
replay_6_sinkhist_pos,1,-29,1,99.000,,,0
replay_6_sinkhist_pos,1,-29,2,99.000,,,0
replay_6_sinkhist_pos,1,-29,3,99.000,,,0
replay_6_sinkhist_pos,2,-28,0,99.000,,,0
replay_6_sinkhist_pos,2,-28,1,99.000,,,0
replay_6_sinkhist_pos,2,-28,2,99.000,,,0
replay_6_sinkhist_pos,2,-28,3,99.000,,,0
replay_6_sinkhist_pos,3,-27,0,99.000,,,0
replay_6_sinkhist_pos,3,-27,1,99.000,,,0
replay_6_sinkhist_pos,3,-27,2,99.000,,,0
replay_6_sinkhist_pos,3,-27,3,99.000,,,0
replay_6_sinkhist_pos,4,-26,0,99.000,,,0
replay_6_sinkhist_pos,4,-26,1,99.000,,,0
replay_6_sinkhist_pos,4,-26,2,99.000,,,0
replay_6_sinkhist_pos,4,-26,3,99.000,,,0
replay_6_sinkhist_pos,5,-25,0,99.000,,,0
replay_6_sinkhist_pos,5,-25,1,99.000,,,0
replay_6_sinkhist_pos,5,-25,2,99.000,,,0
replay_6_sinkhist_pos,5,-25,3,99.000,,,0
replay_6_sinkhist_pos,6,-24,0,99.000,,,0
replay_6_sinkhist_pos,6,-24,1,99.000,,,0
replay_6_sinkhist_pos,6,-24,2,99.000,,,0
replay_6_sinkhist_pos,6,-24,3,99.000,,,0
replay_6_sinkhist_pos,7,-23,0,99.000,,,0
replay_6_sinkhist_pos,7,-23,1,99.000,,,0
replay_6_sinkhist_pos,7,-23,2,99.000,,,0
replay_6_sinkhist_pos,7,-23,3,99.000,,,0
replay_6_sinkhist_pos,8,-22,0,99.000,,,0
replay_6_sinkhist_pos,8,-22,1,99.000,,,0
replay_6_sinkhist_pos,8,-22,2,99.000,,,0
replay_6_sinkhist_pos,8,-22,3,99.000,,,0
replay_6_sinkhist_pos,9,-21,0,99.000,,,0
replay_6_sinkhist_pos,9,-21,1,99.000,,,0
replay_6_sinkhist_pos,9,-21,2,99.000,,,0
replay_6_sinkhist_pos,9,-21,3,99.000,,,0
replay_6_sinkhist_pos,10,-20,0,99.000,,,0
replay_6_sinkhist_pos,10,-20,1,99.000,,,0
replay_6_sinkhist_pos,10,-20,2,99.000,,,0
replay_6_sinkhist_pos,10,-20,3,99.000,,,0
replay_6_sinkhist_pos,11,-19,0,99.000,,,0
replay_6_sinkhist_pos,11,-19,1,99.000,,,0
replay_6_sinkhist_pos,11,-19,2,99.000,,,0
replay_6_sinkhist_pos,11,-19,3,99.000,,,0
replay_6_sinkhist_pos,12,-18,0,99.000,,,0
replay_6_sinkhist_pos,12,-18,1,99.000,,,0
replay_6_sinkhist_pos,12,-18,2,99.000,,,0
replay_6_sinkhist_pos,12,-18,3,99.000,,,0
replay_6_sinkhist_pos,13,-17,0,99.000,,,0
replay_6_sinkhist_pos,13,-17,1,99.000,,,0
replay_6_sinkhist_pos,13,-17,2,99.000,,,0
replay_6_sinkhist_pos,13,-17,3,99.000,,,0
replay_6_sinkhist_pos,14,-16,0,99.000,,,0
replay_6_sinkhist_pos,14,-16,1,99.000,,,0
replay_6_sinkhist_pos,14,-16,2,99.000,,,0
replay_6_sinkhist_pos,14,-16,3,99.000,,,0
replay_6_sinkhist_pos,15,-15,0,99.000,,,0
replay_6_sinkhist_pos,15,-15,1,99.000,,,0
replay_6_sinkhist_pos,15,-15,2,99.000,,,0
replay_6_sinkhist_pos,15,-15,3,99.000,,,0
replay_6_sinkhist_pos,16,-14,0,99.000,,,0
replay_6_sinkhist_pos,16,-14,1,99.000,,,0
replay_6_sinkhist_pos,16,-14,2,99.000,,,0
replay_6_sinkhist_pos,16,-14,3,99.000,,,0
replay_6_sinkhist_pos,17,-13,0,99.000,,,0
replay_6_sinkhist_pos,17,-13,1,99.000,,,0
replay_6_sinkhist_pos,17,-13,2,99.000,,,0
replay_6_sinkhist_pos,17,-13,3,99.000,,,0
replay_6_sinkhist_pos,18,-12,0,99.000,,,0
replay_6_sinkhist_pos,18,-12,1,99.000,,,0
replay_6_sinkhist_pos,18,-12,2,99.000,,,0
replay_6_sinkhist_pos,18,-12,3,99.000,,,0
replay_6_sinkhist_pos,19,-11,0,99.000,,,0
replay_6_sinkhist_pos,19,-11,1,99.000,,,0
replay_6_sinkhist_pos,19,-11,2,99.000,,,0
replay_6_sinkhist_pos,19,-11,3,99.000,,,0
replay_6_sinkhist_pos,20,-10,0,99.000,,,0
replay_6_sinkhist_pos,20,-10,1,99.000,,,0
replay_6_sinkhist_pos,20,-10,2,99.000,,,0
replay_6_sinkhist_pos,20,-10,3,99.000,,,0
replay_6_sinkhist_pos,21,-9,0,99.000,,,0
replay_6_sinkhist_pos,21,-9,1,99.000,,,0
replay_6_sinkhist_pos,21,-9,2,99.000,,,0
replay_6_sinkhist_pos,21,-9,3,99.000,,,0
replay_6_sinkhist_pos,22,-8,0,99.000,,,0
replay_6_sinkhist_pos,22,-8,1,99.000,,,0
replay_6_sinkhist_pos,22,-8,2,99.000,,,0
replay_6_sinkhist_pos,22,-8,3,99.000,,,0
replay_6_sinkhist_pos,23,-7,0,99.000,,,0
replay_6_sinkhist_pos,23,-7,1,99.000,,,0
replay_6_sinkhist_pos,23,-7,2,99.000,,,0
replay_6_sinkhist_pos,23,-7,3,99.000,,,0
replay_6_sinkhist_pos,24,-6,0,99.000,,,0
replay_6_sinkhist_pos,24,-6,1,99.000,,,0
replay_6_sinkhist_pos,24,-6,2,99.000,,,0
replay_6_sinkhist_pos,24,-6,3,99.000,,,0
replay_6_sinkhist_pos,25,-5,0,99.000,,,0
replay_6_sinkhist_pos,25,-5,1,99.000,,,0
replay_6_sinkhist_pos,25,-5,2,99.000,,,0
replay_6_sinkhist_pos,25,-5,3,99.000,,,0
replay_6_sinkhist_pos,26,-4,0,99.000,,,0
replay_6_sinkhist_pos,26,-4,1,99.000,,,0
replay_6_sinkhist_pos,26,-4,2,99.000,,,0
replay_6_sinkhist_pos,26,-4,3,99.000,,,0
replay_6_sinkhist_pos,27,-3,0,99.000,,,0
replay_6_sinkhist_pos,27,-3,1,99.000,,,0
replay_6_sinkhist_pos,27,-3,2,99.000,,,0
replay_6_sinkhist_pos,27,-3,3,99.000,,,0
replay_6_sinkhist_pos,28,-2,0,99.000,,,0
replay_6_sinkhist_pos,28,-2,1,99.000,,,0
replay_6_sinkhist_pos,28,-2,2,99.000,,,0
replay_6_sinkhist_pos,28,-2,3,99.000,,,0
replay_6_sinkhist_pos,29,-1,0,99.000,,,0
replay_6_sinkhist_pos,29,-1,1,99.000,,,0
replay_6_sinkhist_pos,29,-1,2,99.000,,,0
replay_6_sinkhist_pos,29,-1,3,99.000,,,0
replay_6_sinkhist_pos,30,0,0,30.732,0.9354,0.4188,0
replay_6_sinkhist_pos,30,0,1,31.942,0.9406,0.4230,0
replay_6_sinkhist_pos,30,0,2,32.492,0.9432,0.4179,0
replay_6_sinkhist_pos,30,0,3,31.939,0.9407,0.4162,0
replay_6_sinkhist_pos,31,1,0,32.282,0.9468,0.4087,0
replay_6_sinkhist_pos,31,1,1,30.780,0.9443,0.4120,0
replay_6_sinkhist_pos,31,1,2,32.446,0.9516,0.4013,0
replay_6_sinkhist_pos,31,1,3,32.141,0.9502,0.4021,0
replay_6_sinkhist_pos,32,2,0,30.880,0.9476,0.4006,0
replay_6_sinkhist_pos,32,2,1,32.324,0.9511,0.4055,0
replay_6_sinkhist_pos,32,2,2,32.665,0.9514,0.3977,0
replay_6_sinkhist_pos,32,2,3,32.042,0.9475,0.3982,0
replay_6_sinkhist_pos,33,3,0,32.042,0.9529,0.4005,0
replay_6_sinkhist_pos,33,3,1,31.886,0.9543,0.4106,0
replay_6_sinkhist_pos,33,3,2,31.746,0.9543,0.4060,0
replay_6_sinkhist_pos,33,3,3,32.161,0.9555,0.4048,0
replay_6_sinkhist_pos,34,4,0,32.756,0.9607,0.4056,0
replay_6_sinkhist_pos,34,4,1,32.985,0.9630,0.4152,0
replay_6_sinkhist_pos,34,4,2,33.401,0.9639,0.4054,0
replay_6_sinkhist_pos,34,4,3,33.225,0.9632,0.4098,0
replay_6_sinkhist_pos,35,5,0,33.880,0.9682,0.4121,0
replay_6_sinkhist_pos,35,5,1,33.645,0.9678,0.4222,0
replay_6_sinkhist_pos,35,5,2,33.971,0.9682,0.4115,0
replay_6_sinkhist_pos,35,5,3,33.441,0.9665,0.4127,0
replay_6_sinkhist_pos,36,6,0,33.392,0.9659,0.4132,0
replay_6_sinkhist_pos,36,6,1,33.666,0.9659,0.4203,0
replay_6_sinkhist_pos,36,6,2,33.060,0.9639,0.4101,0
replay_6_sinkhist_pos,36,6,3,32.706,0.9616,0.4094,0
replay_6_sinkhist_pos,37,7,0,32.776,0.9633,0.4130,0
replay_6_sinkhist_pos,37,7,1,33.211,0.9635,0.4211,0
replay_6_sinkhist_pos,37,7,2,33.602,0.9635,0.4137,0
replay_6_sinkhist_pos,37,7,3,33.438,0.9627,0.4123,0
replay_6_sinkhist_pos,38,8,0,34.591,0.9711,0.4180,0
replay_6_sinkhist_pos,38,8,1,34.507,0.9711,0.4233,0
replay_6_sinkhist_pos,38,8,2,34.279,0.9706,0.4170,0
replay_6_sinkhist_pos,38,8,3,34.504,0.9702,0.4186,0
replay_6_sinkhist_pos,39,9,0,34.833,0.9697,0.4189,0
replay_6_sinkhist_pos,39,9,1,35.120,0.9698,0.4251,0
replay_6_sinkhist_pos,39,9,2,34.808,0.9689,0.4258,0
replay_6_sinkhist_pos,39,9,3,34.892,0.9677,0.4171,0
replay_6_sinkhist_pos,40,10,0,34.606,0.9687,0.4197,0
replay_6_sinkhist_pos,40,10,1,35.395,0.9740,0.3982,0
replay_6_sinkhist_pos,40,10,2,35.758,0.9759,0.3914,0
replay_6_sinkhist_pos,40,10,3,36.442,0.9773,0.3960,0
replay_6_sinkhist_pos,41,11,0,36.982,0.9824,0.3992,0
replay_6_sinkhist_pos,41,11,1,38.022,0.9830,0.4118,0
replay_6_sinkhist_pos,41,11,2,38.203,0.9832,0.4113,0
replay_6_sinkhist_pos,41,11,3,38.495,0.9832,0.4138,0
replay_6_sinkhist_pos,42,12,0,38.233,0.9829,0.4177,0
replay_6_sinkhist_pos,42,12,1,37.249,0.9818,0.4227,0
replay_6_sinkhist_pos,42,12,2,36.646,0.9812,0.4189,0
replay_6_sinkhist_pos,42,12,3,35.772,0.9797,0.4187,0
replay_6_sinkhist_pos,43,13,0,36.505,0.9809,0.4225,0
replay_6_sinkhist_pos,43,13,1,37.552,0.9813,0.4276,0
replay_6_sinkhist_pos,43,13,2,37.723,0.9816,0.4212,0
replay_6_sinkhist_pos,43,13,3,37.641,0.9806,0.4214,0
replay_6_sinkhist_pos,44,14,0,37.807,0.9781,0.4225,0
replay_6_sinkhist_pos,44,14,1,37.881,0.9768,0.4285,0
replay_6_sinkhist_pos,44,14,2,37.631,0.9749,0.4242,0
replay_6_sinkhist_pos,44,14,3,37.413,0.9733,0.4245,0
replay_6_sinkhist_pos,45,15,0,38.003,0.9758,0.4272,0
replay_6_sinkhist_pos,45,15,1,37.522,0.9744,0.4293,0
replay_6_sinkhist_pos,45,15,2,36.881,0.9738,0.4253,0
replay_6_sinkhist_pos,45,15,3,35.997,0.9722,0.4236,0
replay_6_sinkhist_pos,46,16,0,35.812,0.9757,0.4212,0
replay_6_sinkhist_pos,46,16,1,35.171,0.9742,0.4237,0
replay_6_sinkhist_pos,46,16,2,34.369,0.9731,0.4189,0
replay_6_sinkhist_pos,46,16,3,34.838,0.9733,0.4161,0
replay_6_sinkhist_pos,47,17,0,33.283,0.9717,0.4124,0
replay_6_sinkhist_pos,47,17,1,33.293,0.9707,0.4161,0
replay_6_sinkhist_pos,47,17,2,33.278,0.9701,0.4118,0
replay_6_sinkhist_pos,47,17,3,33.017,0.9693,0.4123,0
replay_6_sinkhist_pos,48,18,0,33.555,0.9719,0.4100,0
replay_6_sinkhist_pos,48,18,1,34.466,0.9723,0.4135,0
replay_6_sinkhist_pos,48,18,2,34.374,0.9718,0.4144,0
replay_6_sinkhist_pos,48,18,3,33.095,0.9698,0.4103,0
replay_6_sinkhist_pos,49,19,0,33.396,0.9736,0.4145,0
replay_6_sinkhist_pos,49,19,1,33.659,0.9736,0.4155,0
replay_6_sinkhist_pos,49,19,2,34.097,0.9741,0.4202,0
replay_6_sinkhist_pos,49,19,3,33.122,0.9719,0.4141,0
replay_6_sinkhist_pos,50,20,0,33.305,0.9717,0.4153,0
replay_6_sinkhist_pos,50,20,1,34.485,0.9723,0.4157,0
replay_6_sinkhist_pos,50,20,2,34.763,0.9723,0.4187,0
replay_6_sinkhist_pos,50,20,3,34.229,0.9697,0.4152,0
replay_6_sinkhist_pos,51,21,0,33.848,0.9666,0.4143,0
replay_6_sinkhist_pos,51,21,1,33.815,0.9658,0.4135,0
replay_6_sinkhist_pos,51,21,2,34.041,0.9655,0.4181,0
replay_6_sinkhist_pos,51,21,3,33.348,0.9629,0.4076,0
replay_6_sinkhist_pos,52,22,0,29.296,0.9545,0.4092,0
replay_6_sinkhist_pos,52,22,1,29.928,0.9557,0.4099,0
replay_6_sinkhist_pos,52,22,2,32.029,0.9618,0.4130,0
replay_6_sinkhist_pos,52,22,3,32.597,0.9622,0.4055,0
replay_6_sinkhist_pos,53,23,0,33.476,0.9638,0.4066,0
replay_6_sinkhist_pos,53,23,1,33.793,0.9638,0.4078,0
replay_6_sinkhist_pos,53,23,2,33.336,0.9621,0.4142,0
replay_6_sinkhist_pos,53,23,3,33.579,0.9619,0.4069,0
replay_6_sinkhist_pos,54,24,0,33.645,0.9642,0.4051,0
replay_6_sinkhist_pos,54,24,1,32.964,0.9620,0.4071,0
replay_6_sinkhist_pos,54,24,2,32.907,0.9622,0.4145,0
replay_6_sinkhist_pos,54,24,3,31.846,0.9608,0.4050,0
replay_6_sinkhist_pos,55,25,0,33.031,0.9641,0.4123,0
replay_6_sinkhist_pos,55,25,1,32.630,0.9622,0.4160,0
replay_6_sinkhist_pos,55,25,2,31.833,0.9588,0.4259,0
replay_6_sinkhist_pos,55,25,3,29.751,0.9521,0.4148,0
replay_6_sinkhist_pos,56,26,0,28.485,0.9454,0.4212,0
replay_6_sinkhist_pos,56,26,1,32.481,0.9573,0.4202,0
replay_6_sinkhist_pos,56,26,2,32.140,0.9572,0.4256,0
replay_6_sinkhist_pos,56,26,3,31.785,0.9555,0.4159,0
replay_6_sinkhist_pos,57,27,0,32.528,0.9635,0.4214,0
replay_6_sinkhist_pos,57,27,1,33.443,0.9655,0.4201,0
replay_6_sinkhist_pos,57,27,2,33.420,0.9659,0.4262,0
replay_6_sinkhist_pos,57,27,3,32.442,0.9629,0.4161,0
replay_6_sinkhist_pos,58,28,0,33.976,0.9677,0.4222,0
replay_6_sinkhist_pos,58,28,1,34.155,0.9680,0.4249,0
replay_6_sinkhist_pos,58,28,2,33.493,0.9659,0.4308,0
replay_6_sinkhist_pos,58,28,3,33.440,0.9640,0.4219,0
replay_6_sinkhist_pos,59,29,0,33.412,0.9685,0.4270,0
replay_6_sinkhist_pos,59,29,1,34.016,0.9706,0.4276,0
replay_6_sinkhist_pos,59,29,2,33.570,0.9705,0.4335,0
replay_6_sinkhist_pos,59,29,3,33.578,0.9695,0.4340,0
replay_6_sinkhist_pos,60,30,0,33.374,0.9706,0.4185,0
replay_6_sinkhist_pos,60,30,1,33.094,0.9682,0.4233,0
replay_6_sinkhist_pos,60,30,2,33.782,0.9731,0.4071,0
replay_6_sinkhist_pos,60,30,3,33.599,0.9671,0.4044,0
replay_6_sinkhist_pos,61,31,0,36.786,0.9821,0.4113,0
replay_6_sinkhist_pos,61,31,1,36.926,0.9832,0.4077,0
replay_6_sinkhist_pos,61,31,2,37.044,0.9841,0.4167,0
replay_6_sinkhist_pos,61,31,3,37.409,0.9844,0.4140,0
replay_6_sinkhist_pos,62,32,0,37.763,0.9860,0.4195,0
replay_6_sinkhist_pos,62,32,1,37.534,0.9860,0.4222,0
replay_6_sinkhist_pos,62,32,2,37.752,0.9861,0.4239,0
replay_6_sinkhist_pos,62,32,3,37.481,0.9856,0.4155,0
replay_6_sinkhist_pos,63,33,0,37.743,0.9859,0.4202,0
replay_6_sinkhist_pos,63,33,1,37.555,0.9851,0.4247,0
replay_6_sinkhist_pos,63,33,2,37.320,0.9848,0.4296,0
replay_6_sinkhist_pos,63,33,3,37.459,0.9842,0.4208,0
replay_6_sinkhist_pos,64,34,0,37.786,0.9859,0.4228,0
replay_6_sinkhist_pos,64,34,1,38.065,0.9861,0.4217,0
replay_6_sinkhist_pos,64,34,2,37.897,0.9857,0.4264,0
replay_6_sinkhist_pos,64,34,3,37.722,0.9850,0.4197,0
replay_6_sinkhist_pos,65,35,0,37.188,0.9855,0.4222,0
replay_6_sinkhist_pos,65,35,1,36.208,0.9846,0.4227,0
replay_6_sinkhist_pos,65,35,2,35.078,0.9829,0.4252,0
replay_6_sinkhist_pos,65,35,3,34.393,0.9812,0.4202,0
replay_6_sinkhist_pos,66,36,0,34.441,0.9822,0.4224,0
replay_6_sinkhist_pos,66,36,1,34.639,0.9826,0.4210,0
replay_6_sinkhist_pos,66,36,2,34.810,0.9835,0.4245,0
replay_6_sinkhist_pos,66,36,3,35.107,0.9835,0.4197,0
replay_6_sinkhist_pos,67,37,0,35.963,0.9845,0.4185,0
replay_6_sinkhist_pos,67,37,1,35.179,0.9847,0.4151,0
replay_6_sinkhist_pos,67,37,2,34.594,0.9843,0.4176,0
replay_6_sinkhist_pos,67,37,3,34.401,0.9835,0.4129,0
replay_6_sinkhist_pos,68,38,0,35.737,0.9845,0.4145,0
replay_6_sinkhist_pos,68,38,1,36.030,0.9842,0.4149,0
replay_6_sinkhist_pos,68,38,2,36.062,0.9843,0.4189,0
replay_6_sinkhist_pos,68,38,3,36.192,0.9835,0.4200,0
replay_6_sinkhist_pos,69,39,0,36.714,0.9842,0.4163,0
replay_6_sinkhist_pos,69,39,1,36.629,0.9839,0.4196,0
replay_6_sinkhist_pos,69,39,2,36.911,0.9840,0.4203,0
replay_6_sinkhist_pos,69,39,3,36.058,0.9822,0.4239,0
replay_3_sinkxfer,1,-29,0,99.000,,,0
replay_3_sinkxfer,1,-29,1,99.000,,,0
replay_3_sinkxfer,1,-29,2,99.000,,,0
replay_3_sinkxfer,1,-29,3,99.000,,,0
replay_3_sinkxfer,2,-28,0,99.000,,,0
replay_3_sinkxfer,2,-28,1,99.000,,,0
replay_3_sinkxfer,2,-28,2,99.000,,,0
replay_3_sinkxfer,2,-28,3,99.000,,,0
replay_3_sinkxfer,3,-27,0,99.000,,,0
replay_3_sinkxfer,3,-27,1,99.000,,,0
replay_3_sinkxfer,3,-27,2,99.000,,,0
replay_3_sinkxfer,3,-27,3,99.000,,,0
replay_3_sinkxfer,4,-26,0,99.000,,,0
replay_3_sinkxfer,4,-26,1,99.000,,,0
replay_3_sinkxfer,4,-26,2,99.000,,,0
replay_3_sinkxfer,4,-26,3,99.000,,,0
replay_3_sinkxfer,5,-25,0,99.000,,,0
replay_3_sinkxfer,5,-25,1,99.000,,,0
replay_3_sinkxfer,5,-25,2,99.000,,,0
replay_3_sinkxfer,5,-25,3,99.000,,,0
replay_3_sinkxfer,6,-24,0,99.000,,,0
replay_3_sinkxfer,6,-24,1,99.000,,,0
replay_3_sinkxfer,6,-24,2,99.000,,,0
replay_3_sinkxfer,6,-24,3,99.000,,,0
replay_3_sinkxfer,7,-23,0,99.000,,,0
replay_3_sinkxfer,7,-23,1,99.000,,,0
replay_3_sinkxfer,7,-23,2,99.000,,,0
replay_3_sinkxfer,7,-23,3,99.000,,,0
replay_3_sinkxfer,8,-22,0,99.000,,,0
replay_3_sinkxfer,8,-22,1,99.000,,,0
replay_3_sinkxfer,8,-22,2,99.000,,,0
replay_3_sinkxfer,8,-22,3,99.000,,,0
replay_3_sinkxfer,9,-21,0,99.000,,,0
replay_3_sinkxfer,9,-21,1,99.000,,,0
replay_3_sinkxfer,9,-21,2,99.000,,,0
replay_3_sinkxfer,9,-21,3,99.000,,,0
replay_3_sinkxfer,10,-20,0,99.000,,,0
replay_3_sinkxfer,10,-20,1,99.000,,,0
replay_3_sinkxfer,10,-20,2,99.000,,,0
replay_3_sinkxfer,10,-20,3,99.000,,,0
replay_3_sinkxfer,11,-19,0,99.000,,,0
replay_3_sinkxfer,11,-19,1,99.000,,,0
replay_3_sinkxfer,11,-19,2,99.000,,,0
replay_3_sinkxfer,11,-19,3,99.000,,,0
replay_3_sinkxfer,12,-18,0,99.000,,,0
replay_3_sinkxfer,12,-18,1,99.000,,,0
replay_3_sinkxfer,12,-18,2,99.000,,,0
replay_3_sinkxfer,12,-18,3,99.000,,,0
replay_3_sinkxfer,13,-17,0,99.000,,,0
replay_3_sinkxfer,13,-17,1,99.000,,,0
replay_3_sinkxfer,13,-17,2,99.000,,,0
replay_3_sinkxfer,13,-17,3,99.000,,,0
replay_3_sinkxfer,14,-16,0,99.000,,,0
replay_3_sinkxfer,14,-16,1,99.000,,,0
replay_3_sinkxfer,14,-16,2,99.000,,,0
replay_3_sinkxfer,14,-16,3,99.000,,,0
replay_3_sinkxfer,15,-15,0,99.000,,,0
replay_3_sinkxfer,15,-15,1,99.000,,,0
replay_3_sinkxfer,15,-15,2,99.000,,,0
replay_3_sinkxfer,15,-15,3,99.000,,,0
replay_3_sinkxfer,16,-14,0,99.000,,,0
replay_3_sinkxfer,16,-14,1,99.000,,,0
replay_3_sinkxfer,16,-14,2,99.000,,,0
replay_3_sinkxfer,16,-14,3,99.000,,,0
replay_3_sinkxfer,17,-13,0,99.000,,,0
replay_3_sinkxfer,17,-13,1,99.000,,,0
replay_3_sinkxfer,17,-13,2,99.000,,,0
replay_3_sinkxfer,17,-13,3,99.000,,,0
replay_3_sinkxfer,18,-12,0,99.000,,,0
replay_3_sinkxfer,18,-12,1,99.000,,,0
replay_3_sinkxfer,18,-12,2,99.000,,,0
replay_3_sinkxfer,18,-12,3,99.000,,,0
replay_3_sinkxfer,19,-11,0,99.000,,,0
replay_3_sinkxfer,19,-11,1,99.000,,,0
replay_3_sinkxfer,19,-11,2,99.000,,,0
replay_3_sinkxfer,19,-11,3,99.000,,,0
replay_3_sinkxfer,20,-10,0,99.000,,,0
replay_3_sinkxfer,20,-10,1,99.000,,,0
replay_3_sinkxfer,20,-10,2,99.000,,,0
replay_3_sinkxfer,20,-10,3,99.000,,,0
replay_3_sinkxfer,21,-9,0,99.000,,,0
replay_3_sinkxfer,21,-9,1,99.000,,,0
replay_3_sinkxfer,21,-9,2,99.000,,,0
replay_3_sinkxfer,21,-9,3,99.000,,,0
replay_3_sinkxfer,22,-8,0,99.000,,,0
replay_3_sinkxfer,22,-8,1,99.000,,,0
replay_3_sinkxfer,22,-8,2,99.000,,,0
replay_3_sinkxfer,22,-8,3,99.000,,,0
replay_3_sinkxfer,23,-7,0,99.000,,,0
replay_3_sinkxfer,23,-7,1,99.000,,,0
replay_3_sinkxfer,23,-7,2,99.000,,,0
replay_3_sinkxfer,23,-7,3,99.000,,,0
replay_3_sinkxfer,24,-6,0,99.000,,,0
replay_3_sinkxfer,24,-6,1,99.000,,,0
replay_3_sinkxfer,24,-6,2,99.000,,,0
replay_3_sinkxfer,24,-6,3,99.000,,,0
replay_3_sinkxfer,25,-5,0,99.000,,,0
replay_3_sinkxfer,25,-5,1,99.000,,,0
replay_3_sinkxfer,25,-5,2,99.000,,,0
replay_3_sinkxfer,25,-5,3,99.000,,,0
replay_3_sinkxfer,26,-4,0,99.000,,,0
replay_3_sinkxfer,26,-4,1,99.000,,,0
replay_3_sinkxfer,26,-4,2,99.000,,,0
replay_3_sinkxfer,26,-4,3,99.000,,,0
replay_3_sinkxfer,27,-3,0,99.000,,,0
replay_3_sinkxfer,27,-3,1,99.000,,,0
replay_3_sinkxfer,27,-3,2,99.000,,,0
replay_3_sinkxfer,27,-3,3,99.000,,,0
replay_3_sinkxfer,28,-2,0,99.000,,,0
replay_3_sinkxfer,28,-2,1,99.000,,,0
replay_3_sinkxfer,28,-2,2,99.000,,,0
replay_3_sinkxfer,28,-2,3,99.000,,,0
replay_3_sinkxfer,29,-1,0,99.000,,,0
replay_3_sinkxfer,29,-1,1,99.000,,,0
replay_3_sinkxfer,29,-1,2,99.000,,,0
replay_3_sinkxfer,29,-1,3,99.000,,,0
replay_3_sinkxfer,30,0,0,19.794,0.7308,0.4086,0
replay_3_sinkxfer,30,0,1,20.747,0.7471,0.4122,0
replay_3_sinkxfer,30,0,2,20.995,0.7496,0.4078,0
replay_3_sinkxfer,30,0,3,21.199,0.7492,0.4029,0
replay_3_sinkxfer,31,1,0,22.020,0.7842,0.4033,0
replay_3_sinkxfer,31,1,1,24.398,0.8091,0.4102,0
replay_3_sinkxfer,31,1,2,24.015,0.8108,0.3997,0
replay_3_sinkxfer,31,1,3,22.199,0.7949,0.4015,0
replay_3_sinkxfer,32,2,0,21.372,0.8108,0.3970,0
replay_3_sinkxfer,32,2,1,21.798,0.8158,0.4029,0
replay_3_sinkxfer,32,2,2,22.421,0.8214,0.3961,0
replay_3_sinkxfer,32,2,3,21.183,0.8060,0.3967,0
replay_3_sinkxfer,33,3,0,23.310,0.8416,0.3991,0
replay_3_sinkxfer,33,3,1,25.349,0.8629,0.4069,0
replay_3_sinkxfer,33,3,2,25.657,0.8643,0.4009,0
replay_3_sinkxfer,33,3,3,25.362,0.8556,0.3989,0
replay_3_sinkxfer,34,4,0,25.469,0.8657,0.3987,0
replay_3_sinkxfer,34,4,1,24.848,0.8594,0.4072,0
replay_3_sinkxfer,34,4,2,26.647,0.8722,0.3988,0
replay_3_sinkxfer,34,4,3,25.884,0.8609,0.4020,0
replay_3_sinkxfer,35,5,0,26.087,0.8792,0.4091,0
replay_3_sinkxfer,35,5,1,26.401,0.8833,0.4186,0
replay_3_sinkxfer,35,5,2,25.983,0.8812,0.4058,0
replay_3_sinkxfer,35,5,3,26.106,0.8777,0.4072,0
replay_3_sinkxfer,36,6,0,25.008,0.8815,0.4104,0
replay_3_sinkxfer,36,6,1,26.139,0.8890,0.4172,0
replay_3_sinkxfer,36,6,2,25.803,0.8883,0.4072,0
replay_3_sinkxfer,36,6,3,25.439,0.8806,0.4066,0
replay_3_sinkxfer,37,7,0,25.566,0.8866,0.4108,0
replay_3_sinkxfer,37,7,1,24.815,0.8771,0.4202,0
replay_3_sinkxfer,37,7,2,26.134,0.8822,0.4114,0
replay_3_sinkxfer,37,7,3,26.178,0.8758,0.4107,0
replay_3_sinkxfer,38,8,0,26.730,0.8880,0.4157,0
replay_3_sinkxfer,38,8,1,27.264,0.8910,0.4230,0
replay_3_sinkxfer,38,8,2,27.123,0.8919,0.4177,0
replay_3_sinkxfer,38,8,3,26.884,0.8863,0.4209,0
replay_3_sinkxfer,39,9,0,27.049,0.8952,0.4215,0
replay_3_sinkxfer,39,9,1,27.283,0.8981,0.4284,0
replay_3_sinkxfer,39,9,2,27.322,0.8984,0.4290,0
replay_3_sinkxfer,39,9,3,27.317,0.8964,0.4191,0
replay_3_sinkxfer,40,10,0,26.874,0.8979,0.4219,0
replay_3_sinkxfer,40,10,1,25.027,0.8981,0.4014,0
replay_3_sinkxfer,40,10,2,26.283,0.9080,0.3934,0
replay_3_sinkxfer,40,10,3,27.059,0.9100,0.3982,0
replay_3_sinkxfer,41,11,0,27.241,0.9090,0.3975,0
replay_3_sinkxfer,41,11,1,26.834,0.9047,0.4085,0
replay_3_sinkxfer,41,11,2,26.635,0.9016,0.4069,0
replay_3_sinkxfer,41,11,3,26.356,0.8929,0.4091,0
replay_3_sinkxfer,42,12,0,26.622,0.8947,0.4138,0
replay_3_sinkxfer,42,12,1,26.861,0.8963,0.4193,0
replay_3_sinkxfer,42,12,2,26.781,0.8969,0.4140,0
replay_3_sinkxfer,42,12,3,26.509,0.8881,0.4148,0
replay_3_sinkxfer,43,13,0,27.296,0.9032,0.4194,0
replay_3_sinkxfer,43,13,1,27.391,0.9051,0.4254,0
replay_3_sinkxfer,43,13,2,27.310,0.9053,0.4186,0
replay_3_sinkxfer,43,13,3,27.160,0.9011,0.4193,0
replay_3_sinkxfer,44,14,0,27.342,0.9013,0.4197,0
replay_3_sinkxfer,44,14,1,27.548,0.8957,0.4237,0
replay_3_sinkxfer,44,14,2,27.091,0.8871,0.4167,0
replay_3_sinkxfer,44,14,3,26.779,0.8825,0.4160,0
replay_3_sinkxfer,45,15,0,27.194,0.8834,0.4193,0
replay_3_sinkxfer,45,15,1,27.618,0.8837,0.4226,0
replay_3_sinkxfer,45,15,2,27.782,0.8853,0.4189,0
replay_3_sinkxfer,45,15,3,26.984,0.8761,0.4179,0
replay_3_sinkxfer,46,16,0,27.868,0.8975,0.4167,0
replay_3_sinkxfer,46,16,1,27.239,0.8919,0.4196,0
replay_3_sinkxfer,46,16,2,27.546,0.8977,0.4162,0
replay_3_sinkxfer,46,16,3,27.150,0.8951,0.4140,0
replay_3_sinkxfer,47,17,0,26.061,0.9031,0.4112,0
replay_3_sinkxfer,47,17,1,26.314,0.9068,0.4140,0
replay_3_sinkxfer,47,17,2,26.519,0.9085,0.4095,0
replay_3_sinkxfer,47,17,3,26.147,0.9048,0.4109,0
replay_3_sinkxfer,48,18,0,25.959,0.9086,0.4100,0
replay_3_sinkxfer,48,18,1,27.344,0.9120,0.4143,0
replay_3_sinkxfer,48,18,2,27.094,0.9115,0.4149,0
replay_3_sinkxfer,48,18,3,26.738,0.9074,0.4110,0
replay_3_sinkxfer,49,19,0,26.663,0.9070,0.4135,0
replay_3_sinkxfer,49,19,1,26.862,0.9063,0.4138,0
replay_3_sinkxfer,49,19,2,26.508,0.9031,0.4189,0
replay_3_sinkxfer,49,19,3,25.915,0.8980,0.4140,0
replay_3_sinkxfer,50,20,0,26.578,0.9027,0.4141,0
replay_3_sinkxfer,50,20,1,27.866,0.9112,0.4141,0
replay_3_sinkxfer,50,20,2,28.347,0.9127,0.4178,0
replay_3_sinkxfer,50,20,3,28.352,0.9102,0.4143,0
replay_3_sinkxfer,51,21,0,28.471,0.9142,0.4121,0
replay_3_sinkxfer,51,21,1,28.978,0.9181,0.4110,0
replay_3_sinkxfer,51,21,2,28.893,0.9212,0.4156,0
replay_3_sinkxfer,51,21,3,28.061,0.9142,0.4071,0
replay_3_sinkxfer,52,22,0,27.530,0.9183,0.4099,0
replay_3_sinkxfer,52,22,1,27.880,0.9182,0.4111,0
replay_3_sinkxfer,52,22,2,29.584,0.9255,0.4151,0
replay_3_sinkxfer,52,22,3,28.664,0.9203,0.4086,0
replay_3_sinkxfer,53,23,0,29.077,0.9190,0.4095,0
replay_3_sinkxfer,53,23,1,28.175,0.9161,0.4099,0
replay_3_sinkxfer,53,23,2,28.539,0.9145,0.4172,0
replay_3_sinkxfer,53,23,3,28.675,0.9134,0.4098,0
replay_3_sinkxfer,54,24,0,27.537,0.9036,0.4063,0
replay_3_sinkxfer,54,24,1,28.520,0.9100,0.4075,0
replay_3_sinkxfer,54,24,2,28.438,0.9100,0.4154,0
replay_3_sinkxfer,54,24,3,27.640,0.9060,0.4049,0
replay_3_sinkxfer,55,25,0,28.084,0.9141,0.4106,0
replay_3_sinkxfer,55,25,1,28.053,0.9143,0.4149,0
replay_3_sinkxfer,55,25,2,27.804,0.9120,0.4238,0
replay_3_sinkxfer,55,25,3,27.170,0.9091,0.4118,0
replay_3_sinkxfer,56,26,0,25.898,0.8992,0.4193,0
replay_3_sinkxfer,56,26,1,27.357,0.9059,0.4196,0
replay_3_sinkxfer,56,26,2,27.098,0.9011,0.4275,0
replay_3_sinkxfer,56,26,3,26.594,0.8933,0.4183,0
replay_3_sinkxfer,57,27,0,25.599,0.8870,0.4199,0
replay_3_sinkxfer,57,27,1,27.074,0.8943,0.4185,0
replay_3_sinkxfer,57,27,2,26.967,0.8923,0.4252,0
replay_3_sinkxfer,57,27,3,26.595,0.8859,0.4156,0
replay_3_sinkxfer,58,28,0,27.733,0.8953,0.4156,0
replay_3_sinkxfer,58,28,1,27.348,0.8939,0.4187,0
replay_3_sinkxfer,58,28,2,27.391,0.8925,0.4253,0
replay_3_sinkxfer,58,28,3,27.430,0.8879,0.4159,0
replay_3_sinkxfer,59,29,0,27.212,0.8973,0.4195,0
replay_3_sinkxfer,59,29,1,28.062,0.9034,0.4203,0
replay_3_sinkxfer,59,29,2,27.764,0.9019,0.4275,0
replay_3_sinkxfer,59,29,3,27.623,0.8988,0.4281,0
replay_3_sinkxfer,60,30,0,26.967,0.8978,0.4119,0
replay_3_sinkxfer,60,30,1,26.202,0.8964,0.4154,0
replay_3_sinkxfer,60,30,2,25.000,0.8978,0.4004,0
replay_3_sinkxfer,60,30,3,25.582,0.8950,0.3957,0
replay_3_sinkxfer,61,31,0,26.999,0.8990,0.4031,0
replay_3_sinkxfer,61,31,1,26.469,0.8959,0.4008,0
replay_3_sinkxfer,61,31,2,26.367,0.8947,0.4093,0
replay_3_sinkxfer,61,31,3,25.787,0.8876,0.4059,0
replay_3_sinkxfer,62,32,0,25.736,0.8868,0.4133,0
replay_3_sinkxfer,62,32,1,26.266,0.8955,0.4188,0
replay_3_sinkxfer,62,32,2,25.810,0.8917,0.4229,0
replay_3_sinkxfer,62,32,3,25.432,0.8838,0.4152,0
replay_3_sinkxfer,63,33,0,25.919,0.8909,0.4189,0
replay_3_sinkxfer,63,33,1,26.382,0.8945,0.4227,0
replay_3_sinkxfer,63,33,2,26.357,0.8922,0.4286,0
replay_3_sinkxfer,63,33,3,26.115,0.8872,0.4195,0
replay_3_sinkxfer,64,34,0,26.203,0.8918,0.4207,0
replay_3_sinkxfer,64,34,1,26.307,0.8915,0.4196,0
replay_3_sinkxfer,64,34,2,26.379,0.8913,0.4253,0
replay_3_sinkxfer,64,34,3,26.803,0.8917,0.4190,0
replay_3_sinkxfer,65,35,0,26.207,0.8862,0.4225,0
replay_3_sinkxfer,65,35,1,26.188,0.8842,0.4233,0
replay_3_sinkxfer,65,35,2,26.316,0.8806,0.4267,0
replay_3_sinkxfer,65,35,3,26.643,0.8792,0.4228,0
replay_3_sinkxfer,66,36,0,26.970,0.8871,0.4227,0
replay_3_sinkxfer,66,36,1,27.172,0.8878,0.4205,0
replay_3_sinkxfer,66,36,2,26.971,0.8860,0.4248,0
replay_3_sinkxfer,66,36,3,26.662,0.8813,0.4206,0
replay_3_sinkxfer,67,37,0,26.802,0.8898,0.4176,0
replay_3_sinkxfer,67,37,1,26.810,0.8910,0.4143,0
replay_3_sinkxfer,67,37,2,26.822,0.8913,0.4171,0
replay_3_sinkxfer,67,37,3,27.663,0.8928,0.4123,0
replay_3_sinkxfer,68,38,0,27.114,0.8891,0.4154,0
replay_3_sinkxfer,68,38,1,27.426,0.8892,0.4153,0
replay_3_sinkxfer,68,38,2,27.631,0.8883,0.4194,0
replay_3_sinkxfer,68,38,3,27.120,0.8839,0.4215,0
replay_3_sinkxfer,69,39,0,27.333,0.8846,0.4158,0
replay_3_sinkxfer,69,39,1,27.660,0.8877,0.4173,0
replay_3_sinkxfer,69,39,2,27.813,0.8868,0.4185,0
replay_3_sinkxfer,69,39,3,27.450,0.8832,0.4212,0
replay_3_sinkxfer_pos,1,-29,0,99.000,,,0
replay_3_sinkxfer_pos,1,-29,1,99.000,,,0
replay_3_sinkxfer_pos,1,-29,2,99.000,,,0
replay_3_sinkxfer_pos,1,-29,3,99.000,,,0
replay_3_sinkxfer_pos,2,-28,0,99.000,,,0
replay_3_sinkxfer_pos,2,-28,1,99.000,,,0
replay_3_sinkxfer_pos,2,-28,2,99.000,,,0
replay_3_sinkxfer_pos,2,-28,3,99.000,,,0
replay_3_sinkxfer_pos,3,-27,0,99.000,,,0
replay_3_sinkxfer_pos,3,-27,1,99.000,,,0
replay_3_sinkxfer_pos,3,-27,2,99.000,,,0
replay_3_sinkxfer_pos,3,-27,3,99.000,,,0
replay_3_sinkxfer_pos,4,-26,0,99.000,,,0
replay_3_sinkxfer_pos,4,-26,1,99.000,,,0
replay_3_sinkxfer_pos,4,-26,2,99.000,,,0
replay_3_sinkxfer_pos,4,-26,3,99.000,,,0
replay_3_sinkxfer_pos,5,-25,0,99.000,,,0
replay_3_sinkxfer_pos,5,-25,1,99.000,,,0
replay_3_sinkxfer_pos,5,-25,2,99.000,,,0
replay_3_sinkxfer_pos,5,-25,3,99.000,,,0
replay_3_sinkxfer_pos,6,-24,0,99.000,,,0
replay_3_sinkxfer_pos,6,-24,1,99.000,,,0
replay_3_sinkxfer_pos,6,-24,2,99.000,,,0
replay_3_sinkxfer_pos,6,-24,3,99.000,,,0
replay_3_sinkxfer_pos,7,-23,0,99.000,,,0
replay_3_sinkxfer_pos,7,-23,1,99.000,,,0
replay_3_sinkxfer_pos,7,-23,2,99.000,,,0
replay_3_sinkxfer_pos,7,-23,3,99.000,,,0
replay_3_sinkxfer_pos,8,-22,0,99.000,,,0
replay_3_sinkxfer_pos,8,-22,1,99.000,,,0
replay_3_sinkxfer_pos,8,-22,2,99.000,,,0
replay_3_sinkxfer_pos,8,-22,3,99.000,,,0
replay_3_sinkxfer_pos,9,-21,0,99.000,,,0
replay_3_sinkxfer_pos,9,-21,1,99.000,,,0
replay_3_sinkxfer_pos,9,-21,2,99.000,,,0
replay_3_sinkxfer_pos,9,-21,3,99.000,,,0
replay_3_sinkxfer_pos,10,-20,0,99.000,,,0
replay_3_sinkxfer_pos,10,-20,1,99.000,,,0
replay_3_sinkxfer_pos,10,-20,2,99.000,,,0
replay_3_sinkxfer_pos,10,-20,3,99.000,,,0
replay_3_sinkxfer_pos,11,-19,0,99.000,,,0
replay_3_sinkxfer_pos,11,-19,1,99.000,,,0
replay_3_sinkxfer_pos,11,-19,2,99.000,,,0
replay_3_sinkxfer_pos,11,-19,3,99.000,,,0
replay_3_sinkxfer_pos,12,-18,0,99.000,,,0
replay_3_sinkxfer_pos,12,-18,1,99.000,,,0
replay_3_sinkxfer_pos,12,-18,2,99.000,,,0
replay_3_sinkxfer_pos,12,-18,3,99.000,,,0
replay_3_sinkxfer_pos,13,-17,0,99.000,,,0
replay_3_sinkxfer_pos,13,-17,1,99.000,,,0
replay_3_sinkxfer_pos,13,-17,2,99.000,,,0
replay_3_sinkxfer_pos,13,-17,3,99.000,,,0
replay_3_sinkxfer_pos,14,-16,0,99.000,,,0
replay_3_sinkxfer_pos,14,-16,1,99.000,,,0
replay_3_sinkxfer_pos,14,-16,2,99.000,,,0
replay_3_sinkxfer_pos,14,-16,3,99.000,,,0
replay_3_sinkxfer_pos,15,-15,0,99.000,,,0
replay_3_sinkxfer_pos,15,-15,1,99.000,,,0
replay_3_sinkxfer_pos,15,-15,2,99.000,,,0
replay_3_sinkxfer_pos,15,-15,3,99.000,,,0
replay_3_sinkxfer_pos,16,-14,0,99.000,,,0
replay_3_sinkxfer_pos,16,-14,1,99.000,,,0
replay_3_sinkxfer_pos,16,-14,2,99.000,,,0
replay_3_sinkxfer_pos,16,-14,3,99.000,,,0
replay_3_sinkxfer_pos,17,-13,0,99.000,,,0
replay_3_sinkxfer_pos,17,-13,1,99.000,,,0
replay_3_sinkxfer_pos,17,-13,2,99.000,,,0
replay_3_sinkxfer_pos,17,-13,3,99.000,,,0
replay_3_sinkxfer_pos,18,-12,0,99.000,,,0
replay_3_sinkxfer_pos,18,-12,1,99.000,,,0
replay_3_sinkxfer_pos,18,-12,2,99.000,,,0
replay_3_sinkxfer_pos,18,-12,3,99.000,,,0
replay_3_sinkxfer_pos,19,-11,0,99.000,,,0
replay_3_sinkxfer_pos,19,-11,1,99.000,,,0
replay_3_sinkxfer_pos,19,-11,2,99.000,,,0
replay_3_sinkxfer_pos,19,-11,3,99.000,,,0
replay_3_sinkxfer_pos,20,-10,0,99.000,,,0
replay_3_sinkxfer_pos,20,-10,1,99.000,,,0
replay_3_sinkxfer_pos,20,-10,2,99.000,,,0
replay_3_sinkxfer_pos,20,-10,3,99.000,,,0
replay_3_sinkxfer_pos,21,-9,0,99.000,,,0
replay_3_sinkxfer_pos,21,-9,1,99.000,,,0
replay_3_sinkxfer_pos,21,-9,2,99.000,,,0
replay_3_sinkxfer_pos,21,-9,3,99.000,,,0
replay_3_sinkxfer_pos,22,-8,0,99.000,,,0
replay_3_sinkxfer_pos,22,-8,1,99.000,,,0
replay_3_sinkxfer_pos,22,-8,2,99.000,,,0
replay_3_sinkxfer_pos,22,-8,3,99.000,,,0
replay_3_sinkxfer_pos,23,-7,0,99.000,,,0
replay_3_sinkxfer_pos,23,-7,1,99.000,,,0
replay_3_sinkxfer_pos,23,-7,2,99.000,,,0
replay_3_sinkxfer_pos,23,-7,3,99.000,,,0
replay_3_sinkxfer_pos,24,-6,0,99.000,,,0
replay_3_sinkxfer_pos,24,-6,1,99.000,,,0
replay_3_sinkxfer_pos,24,-6,2,99.000,,,0
replay_3_sinkxfer_pos,24,-6,3,99.000,,,0
replay_3_sinkxfer_pos,25,-5,0,99.000,,,0
replay_3_sinkxfer_pos,25,-5,1,99.000,,,0
replay_3_sinkxfer_pos,25,-5,2,99.000,,,0
replay_3_sinkxfer_pos,25,-5,3,99.000,,,0
replay_3_sinkxfer_pos,26,-4,0,99.000,,,0
replay_3_sinkxfer_pos,26,-4,1,99.000,,,0
replay_3_sinkxfer_pos,26,-4,2,99.000,,,0
replay_3_sinkxfer_pos,26,-4,3,99.000,,,0
replay_3_sinkxfer_pos,27,-3,0,99.000,,,0
replay_3_sinkxfer_pos,27,-3,1,99.000,,,0
replay_3_sinkxfer_pos,27,-3,2,99.000,,,0
replay_3_sinkxfer_pos,27,-3,3,99.000,,,0
replay_3_sinkxfer_pos,28,-2,0,99.000,,,0
replay_3_sinkxfer_pos,28,-2,1,99.000,,,0
replay_3_sinkxfer_pos,28,-2,2,99.000,,,0
replay_3_sinkxfer_pos,28,-2,3,99.000,,,0
replay_3_sinkxfer_pos,29,-1,0,99.000,,,0
replay_3_sinkxfer_pos,29,-1,1,99.000,,,0
replay_3_sinkxfer_pos,29,-1,2,99.000,,,0
replay_3_sinkxfer_pos,29,-1,3,99.000,,,0
replay_3_sinkxfer_pos,30,0,0,21.783,0.7580,0.4102,0
replay_3_sinkxfer_pos,30,0,1,22.657,0.7524,0.4209,0
replay_3_sinkxfer_pos,30,0,2,22.836,0.7363,0.4199,0
replay_3_sinkxfer_pos,30,0,3,22.186,0.7280,0.4168,0
replay_3_sinkxfer_pos,31,1,0,21.352,0.6928,0.4271,0
replay_3_sinkxfer_pos,31,1,1,19.473,0.6562,0.4271,0
replay_3_sinkxfer_pos,31,1,2,18.919,0.5998,0.4122,0
replay_3_sinkxfer_pos,31,1,3,18.966,0.5875,0.3981,0
replay_3_sinkxfer_pos,32,2,0,18.870,0.6706,0.4232,0
replay_3_sinkxfer_pos,32,2,1,18.597,0.6872,0.4241,0
replay_3_sinkxfer_pos,32,2,2,18.943,0.6960,0.4209,0
replay_3_sinkxfer_pos,32,2,3,18.970,0.7040,0.4207,0
replay_3_sinkxfer_pos,33,3,0,18.830,0.7207,0.4172,0
replay_3_sinkxfer_pos,33,3,1,20.766,0.7471,0.4239,0
replay_3_sinkxfer_pos,33,3,2,20.911,0.7526,0.4159,0
replay_3_sinkxfer_pos,33,3,3,20.918,0.7532,0.4125,0
replay_3_sinkxfer_pos,34,4,0,18.393,0.7392,0.4160,0
replay_3_sinkxfer_pos,34,4,1,19.856,0.7521,0.4243,0
replay_3_sinkxfer_pos,34,4,2,18.861,0.7430,0.4137,0
replay_3_sinkxfer_pos,34,4,3,18.049,0.7360,0.4152,0
replay_3_sinkxfer_pos,35,5,0,17.583,0.7421,0.4194,0
replay_3_sinkxfer_pos,35,5,1,16.799,0.7362,0.4287,0
replay_3_sinkxfer_pos,35,5,2,16.785,0.7320,0.4180,0
replay_3_sinkxfer_pos,35,5,3,16.760,0.7289,0.4186,0
replay_3_sinkxfer_pos,36,6,0,18.087,0.7414,0.4305,0
replay_3_sinkxfer_pos,36,6,1,18.060,0.7358,0.4400,0
replay_3_sinkxfer_pos,36,6,2,17.974,0.7222,0.4314,0
replay_3_sinkxfer_pos,36,6,3,17.750,0.7158,0.4258,0
replay_3_sinkxfer_pos,37,7,0,18.360,0.7393,0.4225,0
replay_3_sinkxfer_pos,37,7,1,18.016,0.7369,0.4279,0
replay_3_sinkxfer_pos,37,7,2,18.164,0.7304,0.4154,0
replay_3_sinkxfer_pos,37,7,3,18.324,0.7308,0.4130,0
replay_3_sinkxfer_pos,38,8,0,18.571,0.7394,0.4293,0
replay_3_sinkxfer_pos,38,8,1,18.656,0.7353,0.4358,0
replay_3_sinkxfer_pos,38,8,2,19.149,0.7393,0.4300,0
replay_3_sinkxfer_pos,38,8,3,19.344,0.7388,0.4329,0
replay_3_sinkxfer_pos,39,9,0,19.391,0.7400,0.4375,0
replay_3_sinkxfer_pos,39,9,1,18.777,0.7316,0.4395,0
replay_3_sinkxfer_pos,39,9,2,18.055,0.7209,0.4392,0
replay_3_sinkxfer_pos,39,9,3,18.027,0.7205,0.4292,0
replay_3_sinkxfer_pos,40,10,0,16.808,0.7059,0.3993,0
replay_3_sinkxfer_pos,40,10,1,19.877,0.7579,0.4143,0
replay_3_sinkxfer_pos,40,10,2,20.396,0.7607,0.4098,0
replay_3_sinkxfer_pos,40,10,3,20.670,0.7549,0.4108,0
replay_3_sinkxfer_pos,41,11,0,20.928,0.7439,0.4101,0
replay_3_sinkxfer_pos,41,11,1,21.648,0.7796,0.4235,0
replay_3_sinkxfer_pos,41,11,2,20.991,0.7857,0.4196,0
replay_3_sinkxfer_pos,41,11,3,21.095,0.7592,0.4221,0
replay_3_sinkxfer_pos,42,12,0,21.920,0.7716,0.4333,0
replay_3_sinkxfer_pos,42,12,1,22.862,0.7861,0.4370,0
replay_3_sinkxfer_pos,42,12,2,22.795,0.7923,0.4317,0
replay_3_sinkxfer_pos,42,12,3,22.306,0.7667,0.4327,0
replay_3_sinkxfer_pos,43,13,0,23.478,0.7786,0.4336,0
replay_3_sinkxfer_pos,43,13,1,23.419,0.7796,0.4342,0
replay_3_sinkxfer_pos,43,13,2,22.883,0.7770,0.4257,0
replay_3_sinkxfer_pos,43,13,3,22.364,0.7614,0.4236,0
replay_3_sinkxfer_pos,44,14,0,23.771,0.7939,0.4236,0
replay_3_sinkxfer_pos,44,14,1,23.424,0.7853,0.4273,0
replay_3_sinkxfer_pos,44,14,2,23.199,0.7890,0.4207,0
replay_3_sinkxfer_pos,44,14,3,23.089,0.7867,0.4206,0
replay_3_sinkxfer_pos,45,15,0,22.648,0.7925,0.4234,0
replay_3_sinkxfer_pos,45,15,1,22.477,0.7852,0.4248,0
replay_3_sinkxfer_pos,45,15,2,22.449,0.7821,0.4201,0
replay_3_sinkxfer_pos,45,15,3,22.399,0.7781,0.4186,0
replay_3_sinkxfer_pos,46,16,0,22.337,0.7913,0.4201,0
replay_3_sinkxfer_pos,46,16,1,22.913,0.7881,0.4246,0
replay_3_sinkxfer_pos,46,16,2,22.799,0.7839,0.4190,0
replay_3_sinkxfer_pos,46,16,3,22.472,0.7761,0.4163,0
replay_3_sinkxfer_pos,47,17,0,22.467,0.7888,0.4206,0
replay_3_sinkxfer_pos,47,17,1,22.044,0.7739,0.4253,0
replay_3_sinkxfer_pos,47,17,2,21.652,0.7631,0.4211,0
replay_3_sinkxfer_pos,47,17,3,21.342,0.7536,0.4208,0
replay_3_sinkxfer_pos,48,18,0,21.748,0.7754,0.4196,0
replay_3_sinkxfer_pos,48,18,1,22.052,0.7648,0.4213,0
replay_3_sinkxfer_pos,48,18,2,22.069,0.7591,0.4209,0
replay_3_sinkxfer_pos,48,18,3,21.816,0.7547,0.4162,0
replay_3_sinkxfer_pos,49,19,0,21.841,0.7771,0.4199,0
replay_3_sinkxfer_pos,49,19,1,21.638,0.7680,0.4172,0
replay_3_sinkxfer_pos,49,19,2,21.859,0.7667,0.4191,0
replay_3_sinkxfer_pos,49,19,3,21.866,0.7626,0.4121,0
replay_3_sinkxfer_pos,50,20,0,21.150,0.7655,0.4147,0
replay_3_sinkxfer_pos,50,20,1,20.924,0.7596,0.4150,0
replay_3_sinkxfer_pos,50,20,2,20.698,0.7618,0.4158,0
replay_3_sinkxfer_pos,50,20,3,20.811,0.7591,0.4100,0
replay_3_sinkxfer_pos,51,21,0,19.778,0.7421,0.4154,0
replay_3_sinkxfer_pos,51,21,1,19.309,0.7329,0.4140,0
replay_3_sinkxfer_pos,51,21,2,20.288,0.7443,0.4191,0
replay_3_sinkxfer_pos,51,21,3,20.375,0.7442,0.4088,0
replay_3_sinkxfer_pos,52,22,0,19.792,0.7529,0.4177,0
replay_3_sinkxfer_pos,52,22,1,20.746,0.7518,0.4197,0
replay_3_sinkxfer_pos,52,22,2,20.651,0.7533,0.4235,0
replay_3_sinkxfer_pos,52,22,3,20.319,0.7496,0.4147,0
replay_3_sinkxfer_pos,53,23,0,19.006,0.7515,0.4149,0
replay_3_sinkxfer_pos,53,23,1,18.844,0.7400,0.4148,0
replay_3_sinkxfer_pos,53,23,2,19.341,0.7461,0.4187,0
replay_3_sinkxfer_pos,53,23,3,19.037,0.7426,0.4109,0
replay_3_sinkxfer_pos,54,24,0,18.794,0.7484,0.4150,0
replay_3_sinkxfer_pos,54,24,1,19.110,0.7463,0.4170,0
replay_3_sinkxfer_pos,54,24,2,17.757,0.7357,0.4232,0
replay_3_sinkxfer_pos,54,24,3,17.054,0.7284,0.4153,0
replay_3_sinkxfer_pos,55,25,0,18.118,0.7423,0.4235,0
replay_3_sinkxfer_pos,55,25,1,19.118,0.7513,0.4244,0
replay_3_sinkxfer_pos,55,25,2,18.749,0.7453,0.4323,0
replay_3_sinkxfer_pos,55,25,3,18.275,0.7389,0.4210,0
replay_3_sinkxfer_pos,56,26,0,18.045,0.7438,0.4308,0
replay_3_sinkxfer_pos,56,26,1,17.010,0.7318,0.4334,0
replay_3_sinkxfer_pos,56,26,2,16.773,0.7247,0.4375,0
replay_3_sinkxfer_pos,56,26,3,16.792,0.7227,0.4255,0
replay_3_sinkxfer_pos,57,27,0,17.804,0.7358,0.4344,0
replay_3_sinkxfer_pos,57,27,1,17.441,0.7274,0.4340,0
replay_3_sinkxfer_pos,57,27,2,17.049,0.7179,0.4394,0
replay_3_sinkxfer_pos,57,27,3,16.971,0.7151,0.4303,0
replay_3_sinkxfer_pos,58,28,0,18.666,0.7438,0.4399,0
replay_3_sinkxfer_pos,58,28,1,18.647,0.7392,0.4437,0
replay_3_sinkxfer_pos,58,28,2,18.524,0.7340,0.4482,0
replay_3_sinkxfer_pos,58,28,3,18.599,0.7339,0.4396,0
replay_3_sinkxfer_pos,59,29,0,18.759,0.7492,0.4448,0
replay_3_sinkxfer_pos,59,29,1,18.399,0.7383,0.4430,0
replay_3_sinkxfer_pos,59,29,2,18.579,0.7441,0.4470,0
replay_3_sinkxfer_pos,59,29,3,19.008,0.7494,0.4465,0
replay_3_sinkxfer_pos,60,30,0,17.384,0.7296,0.4076,0
replay_3_sinkxfer_pos,60,30,1,16.888,0.7061,0.4005,0
replay_3_sinkxfer_pos,60,30,2,18.185,0.7211,0.4157,0
replay_3_sinkxfer_pos,60,30,3,19.284,0.7209,0.4074,0
replay_3_sinkxfer_pos,61,31,0,19.619,0.7162,0.4147,0
replay_3_sinkxfer_pos,61,31,1,20.313,0.7592,0.4174,0
replay_3_sinkxfer_pos,61,31,2,20.093,0.7739,0.4252,0
replay_3_sinkxfer_pos,61,31,3,20.012,0.7457,0.4199,0
replay_3_sinkxfer_pos,62,32,0,22.068,0.7638,0.4248,0
replay_3_sinkxfer_pos,62,32,1,22.110,0.7703,0.4275,0
replay_3_sinkxfer_pos,62,32,2,21.993,0.7851,0.4296,0
replay_3_sinkxfer_pos,62,32,3,21.742,0.7717,0.4232,0
replay_3_sinkxfer_pos,63,33,0,21.646,0.7643,0.4286,0
replay_3_sinkxfer_pos,63,33,1,22.082,0.7644,0.4311,0
replay_3_sinkxfer_pos,63,33,2,22.586,0.7802,0.4334,0
replay_3_sinkxfer_pos,63,33,3,22.675,0.7712,0.4254,0
replay_3_sinkxfer_pos,64,34,0,21.648,0.7869,0.4316,0
replay_3_sinkxfer_pos,64,34,1,20.665,0.7746,0.4292,0
replay_3_sinkxfer_pos,64,34,2,20.226,0.7708,0.4325,0
replay_3_sinkxfer_pos,64,34,3,20.153,0.7674,0.4263,0
replay_3_sinkxfer_pos,65,35,0,21.267,0.7960,0.4283,0
replay_3_sinkxfer_pos,65,35,1,21.703,0.7897,0.4271,0
replay_3_sinkxfer_pos,65,35,2,22.297,0.7936,0.4255,0
replay_3_sinkxfer_pos,65,35,3,22.697,0.7962,0.4203,0
replay_3_sinkxfer_pos,66,36,0,21.819,0.7946,0.4227,0
replay_3_sinkxfer_pos,66,36,1,22.334,0.7879,0.4236,0
replay_3_sinkxfer_pos,66,36,2,23.127,0.7928,0.4262,0
replay_3_sinkxfer_pos,66,36,3,23.642,0.7920,0.4218,0
replay_3_sinkxfer_pos,67,37,0,22.968,0.7913,0.4251,0
replay_3_sinkxfer_pos,67,37,1,22.347,0.7799,0.4224,0
replay_3_sinkxfer_pos,67,37,2,21.864,0.7761,0.4238,0
replay_3_sinkxfer_pos,67,37,3,22.694,0.7759,0.4180,0
replay_3_sinkxfer_pos,68,38,0,22.656,0.7847,0.4263,0
replay_3_sinkxfer_pos,68,38,1,22.861,0.7673,0.4260,0
replay_3_sinkxfer_pos,68,38,2,23.045,0.7642,0.4306,0
replay_3_sinkxfer_pos,68,38,3,23.034,0.7583,0.4307,0
replay_3_sinkxfer_pos,69,39,0,22.872,0.7731,0.4272,0
replay_3_sinkxfer_pos,69,39,1,21.856,0.7601,0.4257,0
replay_3_sinkxfer_pos,69,39,2,22.199,0.7622,0.4242,0
replay_3_sinkxfer_pos,69,39,3,22.569,0.7602,0.4257,0
replay_6_sinkxfer_pos,1,-29,0,99.000,,,0
replay_6_sinkxfer_pos,1,-29,1,99.000,,,0
replay_6_sinkxfer_pos,1,-29,2,99.000,,,0
replay_6_sinkxfer_pos,1,-29,3,99.000,,,0
replay_6_sinkxfer_pos,2,-28,0,99.000,,,0
replay_6_sinkxfer_pos,2,-28,1,99.000,,,0
replay_6_sinkxfer_pos,2,-28,2,99.000,,,0
replay_6_sinkxfer_pos,2,-28,3,99.000,,,0
replay_6_sinkxfer_pos,3,-27,0,99.000,,,0
replay_6_sinkxfer_pos,3,-27,1,99.000,,,0
replay_6_sinkxfer_pos,3,-27,2,99.000,,,0
replay_6_sinkxfer_pos,3,-27,3,99.000,,,0
replay_6_sinkxfer_pos,4,-26,0,99.000,,,0
replay_6_sinkxfer_pos,4,-26,1,99.000,,,0
replay_6_sinkxfer_pos,4,-26,2,99.000,,,0
replay_6_sinkxfer_pos,4,-26,3,99.000,,,0
replay_6_sinkxfer_pos,5,-25,0,99.000,,,0
replay_6_sinkxfer_pos,5,-25,1,99.000,,,0
replay_6_sinkxfer_pos,5,-25,2,99.000,,,0
replay_6_sinkxfer_pos,5,-25,3,99.000,,,0
replay_6_sinkxfer_pos,6,-24,0,99.000,,,0
replay_6_sinkxfer_pos,6,-24,1,99.000,,,0
replay_6_sinkxfer_pos,6,-24,2,99.000,,,0
replay_6_sinkxfer_pos,6,-24,3,99.000,,,0
replay_6_sinkxfer_pos,7,-23,0,99.000,,,0
replay_6_sinkxfer_pos,7,-23,1,99.000,,,0
replay_6_sinkxfer_pos,7,-23,2,99.000,,,0
replay_6_sinkxfer_pos,7,-23,3,99.000,,,0
replay_6_sinkxfer_pos,8,-22,0,99.000,,,0
replay_6_sinkxfer_pos,8,-22,1,99.000,,,0
replay_6_sinkxfer_pos,8,-22,2,99.000,,,0
replay_6_sinkxfer_pos,8,-22,3,99.000,,,0
replay_6_sinkxfer_pos,9,-21,0,99.000,,,0
replay_6_sinkxfer_pos,9,-21,1,99.000,,,0
replay_6_sinkxfer_pos,9,-21,2,99.000,,,0
replay_6_sinkxfer_pos,9,-21,3,99.000,,,0
replay_6_sinkxfer_pos,10,-20,0,99.000,,,0
replay_6_sinkxfer_pos,10,-20,1,99.000,,,0
replay_6_sinkxfer_pos,10,-20,2,99.000,,,0
replay_6_sinkxfer_pos,10,-20,3,99.000,,,0
replay_6_sinkxfer_pos,11,-19,0,99.000,,,0
replay_6_sinkxfer_pos,11,-19,1,99.000,,,0
replay_6_sinkxfer_pos,11,-19,2,99.000,,,0
replay_6_sinkxfer_pos,11,-19,3,99.000,,,0
replay_6_sinkxfer_pos,12,-18,0,99.000,,,0
replay_6_sinkxfer_pos,12,-18,1,99.000,,,0
replay_6_sinkxfer_pos,12,-18,2,99.000,,,0
replay_6_sinkxfer_pos,12,-18,3,99.000,,,0
replay_6_sinkxfer_pos,13,-17,0,99.000,,,0
replay_6_sinkxfer_pos,13,-17,1,99.000,,,0
replay_6_sinkxfer_pos,13,-17,2,99.000,,,0
replay_6_sinkxfer_pos,13,-17,3,99.000,,,0
replay_6_sinkxfer_pos,14,-16,0,99.000,,,0
replay_6_sinkxfer_pos,14,-16,1,99.000,,,0
replay_6_sinkxfer_pos,14,-16,2,99.000,,,0
replay_6_sinkxfer_pos,14,-16,3,99.000,,,0
replay_6_sinkxfer_pos,15,-15,0,99.000,,,0
replay_6_sinkxfer_pos,15,-15,1,99.000,,,0
replay_6_sinkxfer_pos,15,-15,2,99.000,,,0
replay_6_sinkxfer_pos,15,-15,3,99.000,,,0
replay_6_sinkxfer_pos,16,-14,0,99.000,,,0
replay_6_sinkxfer_pos,16,-14,1,99.000,,,0
replay_6_sinkxfer_pos,16,-14,2,99.000,,,0
replay_6_sinkxfer_pos,16,-14,3,99.000,,,0
replay_6_sinkxfer_pos,17,-13,0,99.000,,,0
replay_6_sinkxfer_pos,17,-13,1,99.000,,,0
replay_6_sinkxfer_pos,17,-13,2,99.000,,,0
replay_6_sinkxfer_pos,17,-13,3,99.000,,,0
replay_6_sinkxfer_pos,18,-12,0,99.000,,,0
replay_6_sinkxfer_pos,18,-12,1,99.000,,,0
replay_6_sinkxfer_pos,18,-12,2,99.000,,,0
replay_6_sinkxfer_pos,18,-12,3,99.000,,,0
replay_6_sinkxfer_pos,19,-11,0,99.000,,,0
replay_6_sinkxfer_pos,19,-11,1,99.000,,,0
replay_6_sinkxfer_pos,19,-11,2,99.000,,,0
replay_6_sinkxfer_pos,19,-11,3,99.000,,,0
replay_6_sinkxfer_pos,20,-10,0,99.000,,,0
replay_6_sinkxfer_pos,20,-10,1,99.000,,,0
replay_6_sinkxfer_pos,20,-10,2,99.000,,,0
replay_6_sinkxfer_pos,20,-10,3,99.000,,,0
replay_6_sinkxfer_pos,21,-9,0,99.000,,,0
replay_6_sinkxfer_pos,21,-9,1,99.000,,,0
replay_6_sinkxfer_pos,21,-9,2,99.000,,,0
replay_6_sinkxfer_pos,21,-9,3,99.000,,,0
replay_6_sinkxfer_pos,22,-8,0,99.000,,,0
replay_6_sinkxfer_pos,22,-8,1,99.000,,,0
replay_6_sinkxfer_pos,22,-8,2,99.000,,,0
replay_6_sinkxfer_pos,22,-8,3,99.000,,,0
replay_6_sinkxfer_pos,23,-7,0,99.000,,,0
replay_6_sinkxfer_pos,23,-7,1,99.000,,,0
replay_6_sinkxfer_pos,23,-7,2,99.000,,,0
replay_6_sinkxfer_pos,23,-7,3,99.000,,,0
replay_6_sinkxfer_pos,24,-6,0,99.000,,,0
replay_6_sinkxfer_pos,24,-6,1,99.000,,,0
replay_6_sinkxfer_pos,24,-6,2,99.000,,,0
replay_6_sinkxfer_pos,24,-6,3,99.000,,,0
replay_6_sinkxfer_pos,25,-5,0,99.000,,,0
replay_6_sinkxfer_pos,25,-5,1,99.000,,,0
replay_6_sinkxfer_pos,25,-5,2,99.000,,,0
replay_6_sinkxfer_pos,25,-5,3,99.000,,,0
replay_6_sinkxfer_pos,26,-4,0,99.000,,,0
replay_6_sinkxfer_pos,26,-4,1,99.000,,,0
replay_6_sinkxfer_pos,26,-4,2,99.000,,,0
replay_6_sinkxfer_pos,26,-4,3,99.000,,,0
replay_6_sinkxfer_pos,27,-3,0,99.000,,,0
replay_6_sinkxfer_pos,27,-3,1,99.000,,,0
replay_6_sinkxfer_pos,27,-3,2,99.000,,,0
replay_6_sinkxfer_pos,27,-3,3,99.000,,,0
replay_6_sinkxfer_pos,28,-2,0,99.000,,,0
replay_6_sinkxfer_pos,28,-2,1,99.000,,,0
replay_6_sinkxfer_pos,28,-2,2,99.000,,,0
replay_6_sinkxfer_pos,28,-2,3,99.000,,,0
replay_6_sinkxfer_pos,29,-1,0,99.000,,,0
replay_6_sinkxfer_pos,29,-1,1,99.000,,,0
replay_6_sinkxfer_pos,29,-1,2,99.000,,,0
replay_6_sinkxfer_pos,29,-1,3,99.000,,,0
replay_6_sinkxfer_pos,30,0,0,21.568,0.7175,0.4250,0
replay_6_sinkxfer_pos,30,0,1,21.643,0.7062,0.4228,0
replay_6_sinkxfer_pos,30,0,2,21.336,0.6917,0.4190,0
replay_6_sinkxfer_pos,30,0,3,21.051,0.6846,0.4140,0
replay_6_sinkxfer_pos,31,1,0,19.570,0.6429,0.4231,0
replay_6_sinkxfer_pos,31,1,1,18.054,0.6052,0.4145,0
replay_6_sinkxfer_pos,31,1,2,18.441,0.5801,0.4048,0
replay_6_sinkxfer_pos,31,1,3,18.529,0.5766,0.3933,0
replay_6_sinkxfer_pos,32,2,0,18.430,0.6249,0.4202,0
replay_6_sinkxfer_pos,32,2,1,18.705,0.6460,0.4219,0
replay_6_sinkxfer_pos,32,2,2,18.949,0.6503,0.4231,0
replay_6_sinkxfer_pos,32,2,3,18.865,0.6572,0.4228,0
replay_6_sinkxfer_pos,33,3,0,18.659,0.6916,0.4225,0
replay_6_sinkxfer_pos,33,3,1,20.704,0.7176,0.4299,0
replay_6_sinkxfer_pos,33,3,2,20.794,0.7237,0.4234,0
replay_6_sinkxfer_pos,33,3,3,20.872,0.7298,0.4200,0
replay_6_sinkxfer_pos,34,4,0,18.448,0.7325,0.4155,0
replay_6_sinkxfer_pos,34,4,1,19.749,0.7487,0.4227,0
replay_6_sinkxfer_pos,34,4,2,18.878,0.7400,0.4102,0
replay_6_sinkxfer_pos,34,4,3,17.916,0.7302,0.4115,0
replay_6_sinkxfer_pos,35,5,0,17.648,0.7403,0.4193,0
replay_6_sinkxfer_pos,35,5,1,16.893,0.7302,0.4299,0
replay_6_sinkxfer_pos,35,5,2,16.850,0.7268,0.4199,0
replay_6_sinkxfer_pos,35,5,3,16.845,0.7258,0.4214,0
replay_6_sinkxfer_pos,36,6,0,18.315,0.7415,0.4304,0
replay_6_sinkxfer_pos,36,6,1,18.128,0.7343,0.4411,0
replay_6_sinkxfer_pos,36,6,2,17.813,0.7201,0.4285,0
replay_6_sinkxfer_pos,36,6,3,17.738,0.7141,0.4260,0
replay_6_sinkxfer_pos,37,7,0,18.204,0.7361,0.4219,0
replay_6_sinkxfer_pos,37,7,1,17.666,0.7329,0.4281,0
replay_6_sinkxfer_pos,37,7,2,18.065,0.7270,0.4150,0
replay_6_sinkxfer_pos,37,7,3,18.394,0.7297,0.4126,0
replay_6_sinkxfer_pos,38,8,0,18.487,0.7381,0.4285,0
replay_6_sinkxfer_pos,38,8,1,18.531,0.7337,0.4352,0
replay_6_sinkxfer_pos,38,8,2,18.861,0.7363,0.4294,0
replay_6_sinkxfer_pos,38,8,3,18.936,0.7346,0.4321,0
replay_6_sinkxfer_pos,39,9,0,19.365,0.7372,0.4381,0
replay_6_sinkxfer_pos,39,9,1,18.828,0.7262,0.4404,0
replay_6_sinkxfer_pos,39,9,2,18.123,0.7175,0.4410,0
replay_6_sinkxfer_pos,39,9,3,18.075,0.7178,0.4318,0
replay_6_sinkxfer_pos,40,10,0,16.811,0.7016,0.4003,0
replay_6_sinkxfer_pos,40,10,1,19.941,0.7575,0.4140,0
replay_6_sinkxfer_pos,40,10,2,20.397,0.7606,0.4085,0
replay_6_sinkxfer_pos,40,10,3,20.705,0.7572,0.4093,0
replay_6_sinkxfer_pos,41,11,0,20.991,0.7485,0.4105,0
replay_6_sinkxfer_pos,41,11,1,21.761,0.7839,0.4237,0
replay_6_sinkxfer_pos,41,11,2,21.117,0.7892,0.4201,0
replay_6_sinkxfer_pos,41,11,3,21.252,0.7682,0.4230,0
replay_6_sinkxfer_pos,42,12,0,21.989,0.7711,0.4367,0
replay_6_sinkxfer_pos,42,12,1,22.883,0.7821,0.4407,0
replay_6_sinkxfer_pos,42,12,2,22.807,0.7863,0.4361,0
replay_6_sinkxfer_pos,42,12,3,22.365,0.7605,0.4371,0
replay_6_sinkxfer_pos,43,13,0,23.420,0.7741,0.4360,0
replay_6_sinkxfer_pos,43,13,1,23.430,0.7770,0.4362,0
replay_6_sinkxfer_pos,43,13,2,22.993,0.7776,0.4277,0
replay_6_sinkxfer_pos,43,13,3,22.518,0.7632,0.4257,0
replay_6_sinkxfer_pos,44,14,0,23.767,0.7986,0.4241,0
replay_6_sinkxfer_pos,44,14,1,23.273,0.7884,0.4277,0
replay_6_sinkxfer_pos,44,14,2,22.941,0.7913,0.4215,0
replay_6_sinkxfer_pos,44,14,3,22.800,0.7882,0.4219,0
replay_6_sinkxfer_pos,45,15,0,22.607,0.7925,0.4251,0
replay_6_sinkxfer_pos,45,15,1,22.558,0.7871,0.4268,0
replay_6_sinkxfer_pos,45,15,2,22.517,0.7855,0.4224,0
replay_6_sinkxfer_pos,45,15,3,22.408,0.7820,0.4211,0
replay_6_sinkxfer_pos,46,16,0,22.436,0.7948,0.4224,0
replay_6_sinkxfer_pos,46,16,1,23.083,0.7923,0.4267,0
replay_6_sinkxfer_pos,46,16,2,22.961,0.7879,0.4208,0
replay_6_sinkxfer_pos,46,16,3,22.589,0.7797,0.4181,0
replay_6_sinkxfer_pos,47,17,0,22.821,0.7924,0.4215,0
replay_6_sinkxfer_pos,47,17,1,22.349,0.7780,0.4262,0
replay_6_sinkxfer_pos,47,17,2,21.885,0.7676,0.4221,0
replay_6_sinkxfer_pos,47,17,3,21.399,0.7566,0.4214,0
replay_6_sinkxfer_pos,48,18,0,21.739,0.7782,0.4193,0
replay_6_sinkxfer_pos,48,18,1,22.017,0.7678,0.4213,0
replay_6_sinkxfer_pos,48,18,2,22.060,0.7629,0.4205,0
replay_6_sinkxfer_pos,48,18,3,21.789,0.7582,0.4157,0
replay_6_sinkxfer_pos,49,19,0,21.764,0.7765,0.4206,0
replay_6_sinkxfer_pos,49,19,1,21.611,0.7673,0.4185,0
replay_6_sinkxfer_pos,49,19,2,21.783,0.7661,0.4200,0
replay_6_sinkxfer_pos,49,19,3,21.815,0.7623,0.4130,0
replay_6_sinkxfer_pos,50,20,0,20.895,0.7615,0.4160,0
replay_6_sinkxfer_pos,50,20,1,20.657,0.7520,0.4157,0
replay_6_sinkxfer_pos,50,20,2,20.411,0.7527,0.4162,0
replay_6_sinkxfer_pos,50,20,3,20.523,0.7505,0.4105,0
replay_6_sinkxfer_pos,51,21,0,19.708,0.7389,0.4164,0
replay_6_sinkxfer_pos,51,21,1,19.308,0.7271,0.4161,0
replay_6_sinkxfer_pos,51,21,2,20.332,0.7377,0.4220,0
replay_6_sinkxfer_pos,51,21,3,20.375,0.7375,0.4118,0
replay_6_sinkxfer_pos,52,22,0,19.815,0.7468,0.4205,0
replay_6_sinkxfer_pos,52,22,1,20.903,0.7444,0.4230,0
replay_6_sinkxfer_pos,52,22,2,20.872,0.7466,0.4267,0
replay_6_sinkxfer_pos,52,22,3,20.456,0.7424,0.4182,0
replay_6_sinkxfer_pos,53,23,0,19.071,0.7456,0.4181,0
replay_6_sinkxfer_pos,53,23,1,18.962,0.7355,0.4177,0
replay_6_sinkxfer_pos,53,23,2,19.456,0.7427,0.4214,0
replay_6_sinkxfer_pos,53,23,3,19.175,0.7398,0.4138,0
replay_6_sinkxfer_pos,54,24,0,18.923,0.7479,0.4167,0
replay_6_sinkxfer_pos,54,24,1,19.090,0.7430,0.4184,0
replay_6_sinkxfer_pos,54,24,2,17.956,0.7354,0.4259,0
replay_6_sinkxfer_pos,54,24,3,17.099,0.7263,0.4173,0
replay_6_sinkxfer_pos,55,25,0,17.970,0.7378,0.4232,0
replay_6_sinkxfer_pos,55,25,1,19.067,0.7471,0.4241,0
replay_6_sinkxfer_pos,55,25,2,18.709,0.7419,0.4326,0
replay_6_sinkxfer_pos,55,25,3,18.156,0.7337,0.4212,0
replay_6_sinkxfer_pos,56,26,0,18.029,0.7408,0.4317,0
replay_6_sinkxfer_pos,56,26,1,17.012,0.7292,0.4345,0
replay_6_sinkxfer_pos,56,26,2,16.798,0.7234,0.4393,0
replay_6_sinkxfer_pos,56,26,3,16.806,0.7210,0.4268,0
replay_6_sinkxfer_pos,57,27,0,17.770,0.7331,0.4360,0
replay_6_sinkxfer_pos,57,27,1,17.423,0.7232,0.4358,0
replay_6_sinkxfer_pos,57,27,2,17.036,0.7133,0.4416,0
replay_6_sinkxfer_pos,57,27,3,16.961,0.7105,0.4327,0
replay_6_sinkxfer_pos,58,28,0,18.772,0.7400,0.4431,0
replay_6_sinkxfer_pos,58,28,1,18.674,0.7325,0.4457,0
replay_6_sinkxfer_pos,58,28,2,18.481,0.7272,0.4493,0
replay_6_sinkxfer_pos,58,28,3,18.523,0.7273,0.4404,0
replay_6_sinkxfer_pos,59,29,0,18.620,0.7440,0.4460,0
replay_6_sinkxfer_pos,59,29,1,18.243,0.7323,0.4443,0
replay_6_sinkxfer_pos,59,29,2,18.507,0.7389,0.4483,0
replay_6_sinkxfer_pos,59,29,3,18.929,0.7443,0.4475,0
replay_6_sinkxfer_pos,60,30,0,17.359,0.7307,0.4081,0
replay_6_sinkxfer_pos,60,30,1,16.862,0.7075,0.4008,0
replay_6_sinkxfer_pos,60,30,2,18.272,0.7237,0.4150,0
replay_6_sinkxfer_pos,60,30,3,19.323,0.7237,0.4071,0
replay_6_sinkxfer_pos,61,31,0,19.534,0.7115,0.4159,0
replay_6_sinkxfer_pos,61,31,1,20.351,0.7543,0.4191,0
replay_6_sinkxfer_pos,61,31,2,20.113,0.7679,0.4271,0
replay_6_sinkxfer_pos,61,31,3,20.058,0.7448,0.4223,0
replay_6_sinkxfer_pos,62,32,0,21.545,0.7610,0.4290,0
replay_6_sinkxfer_pos,62,32,1,21.578,0.7606,0.4305,0
replay_6_sinkxfer_pos,62,32,2,21.434,0.7717,0.4316,0
replay_6_sinkxfer_pos,62,32,3,21.348,0.7611,0.4257,0
replay_6_sinkxfer_pos,63,33,0,21.860,0.7662,0.4303,0
replay_6_sinkxfer_pos,63,33,1,22.099,0.7613,0.4322,0
replay_6_sinkxfer_pos,63,33,2,22.664,0.7780,0.4341,0
replay_6_sinkxfer_pos,63,33,3,22.827,0.7712,0.4266,0
replay_6_sinkxfer_pos,64,34,0,21.530,0.7816,0.4336,0
replay_6_sinkxfer_pos,64,34,1,20.723,0.7697,0.4320,0
replay_6_sinkxfer_pos,64,34,2,20.382,0.7673,0.4360,0
replay_6_sinkxfer_pos,64,34,3,20.333,0.7639,0.4301,0
replay_6_sinkxfer_pos,65,35,0,21.394,0.7935,0.4310,0
replay_6_sinkxfer_pos,65,35,1,21.821,0.7877,0.4295,0
replay_6_sinkxfer_pos,65,35,2,22.413,0.7925,0.4276,0
replay_6_sinkxfer_pos,65,35,3,22.815,0.7951,0.4222,0
replay_6_sinkxfer_pos,66,36,0,21.917,0.7929,0.4245,0
replay_6_sinkxfer_pos,66,36,1,22.355,0.7858,0.4255,0
replay_6_sinkxfer_pos,66,36,2,23.116,0.7907,0.4278,0
replay_6_sinkxfer_pos,66,36,3,23.563,0.7893,0.4231,0
replay_6_sinkxfer_pos,67,37,0,22.998,0.7914,0.4265,0
replay_6_sinkxfer_pos,67,37,1,22.459,0.7813,0.4236,0
replay_6_sinkxfer_pos,67,37,2,21.945,0.7781,0.4244,0
replay_6_sinkxfer_pos,67,37,3,22.639,0.7771,0.4188,0
replay_6_sinkxfer_pos,68,38,0,22.668,0.7850,0.4269,0
replay_6_sinkxfer_pos,68,38,1,23.007,0.7681,0.4265,0
replay_6_sinkxfer_pos,68,38,2,23.175,0.7641,0.4311,0
replay_6_sinkxfer_pos,68,38,3,23.046,0.7571,0.4306,0
replay_6_sinkxfer_pos,69,39,0,22.795,0.7647,0.4288,0
replay_6_sinkxfer_pos,69,39,1,21.964,0.7517,0.4279,0
replay_6_sinkxfer_pos,69,39,2,22.123,0.7524,0.4264,0
replay_6_sinkxfer_pos,69,39,3,22.279,0.7484,0.4271,0
