config,call,rel_call,frame,psnr,ssim,ssim_in,missing
repeat,1,-29,0,99.000,,,0
repeat,1,-29,1,99.000,,,0
repeat,1,-29,2,99.000,,,0
repeat,1,-29,3,99.000,,,0
repeat,2,-28,0,99.000,,,0
repeat,2,-28,1,99.000,,,0
repeat,2,-28,2,99.000,,,0
repeat,2,-28,3,99.000,,,0
repeat,3,-27,0,99.000,,,0
repeat,3,-27,1,99.000,,,0
repeat,3,-27,2,99.000,,,0
repeat,3,-27,3,99.000,,,0
repeat,4,-26,0,99.000,,,0
repeat,4,-26,1,99.000,,,0
repeat,4,-26,2,99.000,,,0
repeat,4,-26,3,99.000,,,0
repeat,5,-25,0,99.000,,,0
repeat,5,-25,1,99.000,,,0
repeat,5,-25,2,99.000,,,0
repeat,5,-25,3,99.000,,,0
repeat,6,-24,0,99.000,,,0
repeat,6,-24,1,99.000,,,0
repeat,6,-24,2,99.000,,,0
repeat,6,-24,3,99.000,,,0
repeat,7,-23,0,99.000,,,0
repeat,7,-23,1,99.000,,,0
repeat,7,-23,2,99.000,,,0
repeat,7,-23,3,99.000,,,0
repeat,8,-22,0,99.000,,,0
repeat,8,-22,1,99.000,,,0
repeat,8,-22,2,99.000,,,0
repeat,8,-22,3,99.000,,,0
repeat,9,-21,0,99.000,,,0
repeat,9,-21,1,99.000,,,0
repeat,9,-21,2,99.000,,,0
repeat,9,-21,3,99.000,,,0
repeat,10,-20,0,99.000,,,0
repeat,10,-20,1,99.000,,,0
repeat,10,-20,2,99.000,,,0
repeat,10,-20,3,99.000,,,0
repeat,11,-19,0,99.000,,,0
repeat,11,-19,1,99.000,,,0
repeat,11,-19,2,99.000,,,0
repeat,11,-19,3,99.000,,,0
repeat,12,-18,0,99.000,,,0
repeat,12,-18,1,99.000,,,0
repeat,12,-18,2,99.000,,,0
repeat,12,-18,3,99.000,,,0
repeat,13,-17,0,99.000,,,0
repeat,13,-17,1,99.000,,,0
repeat,13,-17,2,99.000,,,0
repeat,13,-17,3,99.000,,,0
repeat,14,-16,0,99.000,,,0
repeat,14,-16,1,99.000,,,0
repeat,14,-16,2,99.000,,,0
repeat,14,-16,3,99.000,,,0
repeat,15,-15,0,99.000,,,0
repeat,15,-15,1,99.000,,,0
repeat,15,-15,2,99.000,,,0
repeat,15,-15,3,99.000,,,0
repeat,16,-14,0,99.000,,,0
repeat,16,-14,1,99.000,,,0
repeat,16,-14,2,99.000,,,0
repeat,16,-14,3,99.000,,,0
repeat,17,-13,0,99.000,,,0
repeat,17,-13,1,99.000,,,0
repeat,17,-13,2,99.000,,,0
repeat,17,-13,3,99.000,,,0
repeat,18,-12,0,99.000,,,0
repeat,18,-12,1,99.000,,,0
repeat,18,-12,2,99.000,,,0
repeat,18,-12,3,99.000,,,0
repeat,19,-11,0,99.000,,,0
repeat,19,-11,1,99.000,,,0
repeat,19,-11,2,99.000,,,0
repeat,19,-11,3,99.000,,,0
repeat,20,-10,0,99.000,,,0
repeat,20,-10,1,99.000,,,0
repeat,20,-10,2,99.000,,,0
repeat,20,-10,3,99.000,,,0
repeat,21,-9,0,99.000,,,0
repeat,21,-9,1,99.000,,,0
repeat,21,-9,2,99.000,,,0
repeat,21,-9,3,99.000,,,0
repeat,22,-8,0,99.000,,,0
repeat,22,-8,1,99.000,,,0
repeat,22,-8,2,99.000,,,0
repeat,22,-8,3,99.000,,,0
repeat,23,-7,0,99.000,,,0
repeat,23,-7,1,99.000,,,0
repeat,23,-7,2,99.000,,,0
repeat,23,-7,3,99.000,,,0
repeat,24,-6,0,99.000,,,0
repeat,24,-6,1,99.000,,,0
repeat,24,-6,2,99.000,,,0
repeat,24,-6,3,99.000,,,0
repeat,25,-5,0,99.000,,,0
repeat,25,-5,1,99.000,,,0
repeat,25,-5,2,99.000,,,0
repeat,25,-5,3,99.000,,,0
repeat,26,-4,0,99.000,,,0
repeat,26,-4,1,99.000,,,0
repeat,26,-4,2,99.000,,,0
repeat,26,-4,3,99.000,,,0
repeat,27,-3,0,99.000,,,0
repeat,27,-3,1,99.000,,,0
repeat,27,-3,2,99.000,,,0
repeat,27,-3,3,99.000,,,0
repeat,28,-2,0,99.000,,,0
repeat,28,-2,1,99.000,,,0
repeat,28,-2,2,99.000,,,0
repeat,28,-2,3,99.000,,,0
repeat,29,-1,0,99.000,,,0
repeat,29,-1,1,99.000,,,0
repeat,29,-1,2,99.000,,,0
repeat,29,-1,3,99.000,,,0
repeat,30,0,0,99.000,1.0000,0.4178,0
repeat,30,0,1,99.000,1.0000,0.4216,0
repeat,30,0,2,99.000,1.0000,0.4163,0
repeat,30,0,3,99.000,1.0000,0.4141,0
repeat,31,1,0,99.000,1.0000,0.4073,0
repeat,31,1,1,99.000,1.0000,0.4117,0
repeat,31,1,2,99.000,1.0000,0.4005,0
repeat,31,1,3,99.000,1.0000,0.4009,0
repeat,32,2,0,99.000,1.0000,0.3983,0
repeat,32,2,1,99.000,1.0000,0.4047,0
repeat,32,2,2,99.000,1.0000,0.3966,0
repeat,32,2,3,99.000,1.0000,0.3971,0
repeat,33,3,0,99.000,1.0000,0.3979,0
repeat,33,3,1,99.000,1.0000,0.4084,0
repeat,33,3,2,99.000,1.0000,0.4037,0
repeat,33,3,3,99.000,1.0000,0.4029,0
repeat,34,4,0,99.000,1.0000,0.4041,0
repeat,34,4,1,99.000,1.0000,0.4145,0
repeat,34,4,2,99.000,1.0000,0.4050,0
repeat,34,4,3,99.000,1.0000,0.4098,0
repeat,35,5,0,99.000,1.0000,0.4119,0
repeat,35,5,1,99.000,1.0000,0.4230,0
repeat,35,5,2,99.000,1.0000,0.4118,0
repeat,35,5,3,99.000,1.0000,0.4126,0
repeat,36,6,0,99.000,1.0000,0.4136,0
repeat,36,6,1,99.000,1.0000,0.4210,0
repeat,36,6,2,99.000,1.0000,0.4112,0
repeat,36,6,3,99.000,1.0000,0.4106,0
repeat,37,7,0,99.000,1.0000,0.4134,0
repeat,37,7,1,99.000,1.0000,0.4215,0
repeat,37,7,2,99.000,1.0000,0.4136,0
repeat,37,7,3,99.000,1.0000,0.4121,0
repeat,38,8,0,99.000,1.0000,0.4172,0
repeat,38,8,1,99.000,1.0000,0.4223,0
repeat,38,8,2,99.000,1.0000,0.4159,0
repeat,38,8,3,99.000,1.0000,0.4173,0
repeat,39,9,0,99.000,1.0000,0.4178,0
repeat,39,9,1,99.000,1.0000,0.4249,0
repeat,39,9,2,99.000,1.0000,0.4256,0
repeat,39,9,3,99.000,1.0000,0.4163,0
repeat,40,10,0,99.000,1.0000,0.4186,0
repeat,40,10,1,99.000,1.0000,0.3996,0
repeat,40,10,2,99.000,1.0000,0.3934,0
repeat,40,10,3,99.000,1.0000,0.3975,0
repeat,41,11,0,99.000,1.0000,0.4000,0
repeat,41,11,1,99.000,1.0000,0.4127,0
repeat,41,11,2,99.000,1.0000,0.4123,0
repeat,41,11,3,99.000,1.0000,0.4151,0
repeat,42,12,0,99.000,1.0000,0.4182,0
repeat,42,12,1,99.000,1.0000,0.4233,0
repeat,42,12,2,99.000,1.0000,0.4190,0
repeat,42,12,3,99.000,1.0000,0.4182,0
repeat,43,13,0,99.000,1.0000,0.4217,0
repeat,43,13,1,99.000,1.0000,0.4267,0
repeat,43,13,2,99.000,1.0000,0.4202,0
repeat,43,13,3,99.000,1.0000,0.4204,0
repeat,44,14,0,99.000,1.0000,0.4215,0
repeat,44,14,1,99.000,1.0000,0.4273,0
repeat,44,14,2,99.000,1.0000,0.4225,0
repeat,44,14,3,99.000,1.0000,0.4228,0
repeat,45,15,0,99.000,1.0000,0.4258,0
repeat,45,15,1,99.000,1.0000,0.4283,0
repeat,45,15,2,99.000,1.0000,0.4247,0
repeat,45,15,3,99.000,1.0000,0.4235,0
repeat,46,16,0,99.000,1.0000,0.4210,0
repeat,46,16,1,99.000,1.0000,0.4234,0
repeat,46,16,2,99.000,1.0000,0.4189,0
repeat,46,16,3,99.000,1.0000,0.4156,0
repeat,47,17,0,99.000,1.0000,0.4115,0
repeat,47,17,1,99.000,1.0000,0.4154,0
repeat,47,17,2,99.000,1.0000,0.4116,0
repeat,47,17,3,99.000,1.0000,0.4125,0
repeat,48,18,0,99.000,1.0000,0.4107,0
repeat,48,18,1,99.000,1.0000,0.4147,0
repeat,48,18,2,99.000,1.0000,0.4152,0
repeat,48,18,3,99.000,1.0000,0.4114,0
repeat,49,19,0,99.000,1.0000,0.4147,0
repeat,49,19,1,99.000,1.0000,0.4155,0
repeat,49,19,2,99.000,1.0000,0.4201,0
repeat,49,19,3,99.000,1.0000,0.4138,0
repeat,50,20,0,99.000,1.0000,0.4149,0
repeat,50,20,1,99.000,1.0000,0.4158,0
repeat,50,20,2,99.000,1.0000,0.4196,0
repeat,50,20,3,99.000,1.0000,0.4157,0
repeat,51,21,0,99.000,1.0000,0.4146,0
repeat,51,21,1,99.000,1.0000,0.4140,0
repeat,51,21,2,99.000,1.0000,0.4180,0
repeat,51,21,3,99.000,1.0000,0.4075,0
repeat,52,22,0,99.000,1.0000,0.4092,0
repeat,52,22,1,99.000,1.0000,0.4093,0
repeat,52,22,2,99.000,1.0000,0.4129,0
repeat,52,22,3,99.000,1.0000,0.4052,0
repeat,53,23,0,99.000,1.0000,0.4064,0
repeat,53,23,1,99.000,1.0000,0.4073,0
repeat,53,23,2,99.000,1.0000,0.4134,0
repeat,53,23,3,99.000,1.0000,0.4059,0
repeat,54,24,0,99.000,1.0000,0.4037,0
repeat,54,24,1,99.000,1.0000,0.4062,0
repeat,54,24,2,99.000,1.0000,0.4152,0
repeat,54,24,3,99.000,1.0000,0.4060,0
repeat,55,25,0,99.000,1.0000,0.4116,0
repeat,55,25,1,99.000,1.0000,0.4166,0
repeat,55,25,2,99.000,1.0000,0.4264,0
repeat,55,25,3,99.000,1.0000,0.4144,0
repeat,56,26,0,99.000,1.0000,0.4214,0
repeat,56,26,1,99.000,1.0000,0.4215,0
repeat,56,26,2,99.000,1.0000,0.4270,0
repeat,56,26,3,99.000,1.0000,0.4174,0
repeat,57,27,0,99.000,1.0000,0.4226,0
repeat,57,27,1,99.000,1.0000,0.4209,0
repeat,57,27,2,99.000,1.0000,0.4276,0
repeat,57,27,3,99.000,1.0000,0.4170,0
repeat,58,28,0,99.000,1.0000,0.4220,0
repeat,58,28,1,99.000,1.0000,0.4241,0
repeat,58,28,2,99.000,1.0000,0.4300,0
repeat,58,28,3,99.000,1.0000,0.4207,0
repeat,59,29,0,99.000,1.0000,0.4266,0
repeat,59,29,1,99.000,1.0000,0.4276,0
repeat,59,29,2,99.000,1.0000,0.4340,0
repeat,59,29,3,99.000,1.0000,0.4339,0
repeat,60,30,0,99.000,1.0000,0.4178,0
repeat,60,30,1,99.000,1.0000,0.4227,0
repeat,60,30,2,99.000,1.0000,0.4068,0
repeat,60,30,3,99.000,1.0000,0.4033,0
repeat,61,31,0,99.000,1.0000,0.4108,0
repeat,61,31,1,99.000,1.0000,0.4074,0
repeat,61,31,2,99.000,1.0000,0.4166,0
repeat,61,31,3,99.000,1.0000,0.4136,0
repeat,62,32,0,99.000,1.0000,0.4192,0
repeat,62,32,1,99.000,1.0000,0.4222,0
repeat,62,32,2,99.000,1.0000,0.4241,0
repeat,62,32,3,99.000,1.0000,0.4160,0
repeat,63,33,0,99.000,1.0000,0.4205,0
repeat,63,33,1,99.000,1.0000,0.4252,0
repeat,63,33,2,99.000,1.0000,0.4303,0
repeat,63,33,3,99.000,1.0000,0.4215,0
repeat,64,34,0,99.000,1.0000,0.4235,0
repeat,64,34,1,99.000,1.0000,0.4223,0
repeat,64,34,2,99.000,1.0000,0.4269,0
repeat,64,34,3,99.000,1.0000,0.4200,0
repeat,65,35,0,99.000,1.0000,0.4231,0
repeat,65,35,1,99.000,1.0000,0.4241,0
repeat,65,35,2,99.000,1.0000,0.4267,0
repeat,65,35,3,99.000,1.0000,0.4216,0
repeat,66,36,0,99.000,1.0000,0.4232,0
repeat,66,36,1,99.000,1.0000,0.4215,0
repeat,66,36,2,99.000,1.0000,0.4248,0
repeat,66,36,3,99.000,1.0000,0.4201,0
repeat,67,37,0,99.000,1.0000,0.4190,0
repeat,67,37,1,99.000,1.0000,0.4156,0
repeat,67,37,2,99.000,1.0000,0.4183,0
repeat,67,37,3,99.000,1.0000,0.4134,0
repeat,68,38,0,99.000,1.0000,0.4151,0
repeat,68,38,1,99.000,1.0000,0.4152,0
repeat,68,38,2,99.000,1.0000,0.4189,0
repeat,68,38,3,99.000,1.0000,0.4199,0
repeat,69,39,0,99.000,1.0000,0.4157,0
repeat,69,39,1,99.000,1.0000,0.4190,0
repeat,69,39,2,99.000,1.0000,0.4207,0
repeat,69,39,3,99.000,1.0000,0.4242,0
xfer_all,1,-29,0,99.000,,,0
xfer_all,1,-29,1,99.000,,,0
xfer_all,1,-29,2,99.000,,,0
xfer_all,1,-29,3,99.000,,,0
xfer_all,2,-28,0,99.000,,,0
xfer_all,2,-28,1,99.000,,,0
xfer_all,2,-28,2,99.000,,,0
xfer_all,2,-28,3,99.000,,,0
xfer_all,3,-27,0,99.000,,,0
xfer_all,3,-27,1,99.000,,,0
xfer_all,3,-27,2,99.000,,,0
xfer_all,3,-27,3,99.000,,,0
xfer_all,4,-26,0,99.000,,,0
xfer_all,4,-26,1,99.000,,,0
xfer_all,4,-26,2,99.000,,,0
xfer_all,4,-26,3,99.000,,,0
xfer_all,5,-25,0,99.000,,,0
xfer_all,5,-25,1,99.000,,,0
xfer_all,5,-25,2,99.000,,,0
xfer_all,5,-25,3,99.000,,,0
xfer_all,6,-24,0,99.000,,,0
xfer_all,6,-24,1,99.000,,,0
xfer_all,6,-24,2,99.000,,,0
xfer_all,6,-24,3,99.000,,,0
xfer_all,7,-23,0,99.000,,,0
xfer_all,7,-23,1,99.000,,,0
xfer_all,7,-23,2,99.000,,,0
xfer_all,7,-23,3,99.000,,,0
xfer_all,8,-22,0,99.000,,,0
xfer_all,8,-22,1,99.000,,,0
xfer_all,8,-22,2,99.000,,,0
xfer_all,8,-22,3,99.000,,,0
xfer_all,9,-21,0,99.000,,,0
xfer_all,9,-21,1,99.000,,,0
xfer_all,9,-21,2,99.000,,,0
xfer_all,9,-21,3,99.000,,,0
xfer_all,10,-20,0,99.000,,,0
xfer_all,10,-20,1,99.000,,,0
xfer_all,10,-20,2,99.000,,,0
xfer_all,10,-20,3,99.000,,,0
xfer_all,11,-19,0,99.000,,,0
xfer_all,11,-19,1,99.000,,,0
xfer_all,11,-19,2,99.000,,,0
xfer_all,11,-19,3,99.000,,,0
xfer_all,12,-18,0,99.000,,,0
xfer_all,12,-18,1,99.000,,,0
xfer_all,12,-18,2,99.000,,,0
xfer_all,12,-18,3,99.000,,,0
xfer_all,13,-17,0,99.000,,,0
xfer_all,13,-17,1,99.000,,,0
xfer_all,13,-17,2,99.000,,,0
xfer_all,13,-17,3,99.000,,,0
xfer_all,14,-16,0,99.000,,,0
xfer_all,14,-16,1,99.000,,,0
xfer_all,14,-16,2,99.000,,,0
xfer_all,14,-16,3,99.000,,,0
xfer_all,15,-15,0,99.000,,,0
xfer_all,15,-15,1,99.000,,,0
xfer_all,15,-15,2,99.000,,,0
xfer_all,15,-15,3,99.000,,,0
xfer_all,16,-14,0,99.000,,,0
xfer_all,16,-14,1,99.000,,,0
xfer_all,16,-14,2,99.000,,,0
xfer_all,16,-14,3,99.000,,,0
xfer_all,17,-13,0,99.000,,,0
xfer_all,17,-13,1,99.000,,,0
xfer_all,17,-13,2,99.000,,,0
xfer_all,17,-13,3,99.000,,,0
xfer_all,18,-12,0,99.000,,,0
xfer_all,18,-12,1,99.000,,,0
xfer_all,18,-12,2,99.000,,,0
xfer_all,18,-12,3,99.000,,,0
xfer_all,19,-11,0,99.000,,,0
xfer_all,19,-11,1,99.000,,,0
xfer_all,19,-11,2,99.000,,,0
xfer_all,19,-11,3,99.000,,,0
xfer_all,20,-10,0,99.000,,,0
xfer_all,20,-10,1,99.000,,,0
xfer_all,20,-10,2,99.000,,,0
xfer_all,20,-10,3,99.000,,,0
xfer_all,21,-9,0,99.000,,,0
xfer_all,21,-9,1,99.000,,,0
xfer_all,21,-9,2,99.000,,,0
xfer_all,21,-9,3,99.000,,,0
xfer_all,22,-8,0,99.000,,,0
xfer_all,22,-8,1,99.000,,,0
xfer_all,22,-8,2,99.000,,,0
xfer_all,22,-8,3,99.000,,,0
xfer_all,23,-7,0,99.000,,,0
xfer_all,23,-7,1,99.000,,,0
xfer_all,23,-7,2,99.000,,,0
xfer_all,23,-7,3,99.000,,,0
xfer_all,24,-6,0,99.000,,,0
xfer_all,24,-6,1,99.000,,,0
xfer_all,24,-6,2,99.000,,,0
xfer_all,24,-6,3,99.000,,,0
xfer_all,25,-5,0,99.000,,,0
xfer_all,25,-5,1,99.000,,,0
xfer_all,25,-5,2,99.000,,,0
xfer_all,25,-5,3,99.000,,,0
xfer_all,26,-4,0,99.000,,,0
xfer_all,26,-4,1,99.000,,,0
xfer_all,26,-4,2,99.000,,,0
xfer_all,26,-4,3,99.000,,,0
xfer_all,27,-3,0,99.000,,,0
xfer_all,27,-3,1,99.000,,,0
xfer_all,27,-3,2,99.000,,,0
xfer_all,27,-3,3,99.000,,,0
xfer_all,28,-2,0,99.000,,,0
xfer_all,28,-2,1,99.000,,,0
xfer_all,28,-2,2,99.000,,,0
xfer_all,28,-2,3,99.000,,,0
xfer_all,29,-1,0,99.000,,,0
xfer_all,29,-1,1,99.000,,,0
xfer_all,29,-1,2,99.000,,,0
xfer_all,29,-1,3,99.000,,,0
xfer_all,30,0,0,99.000,1.0000,0.4178,0
xfer_all,30,0,1,99.000,1.0000,0.4216,0
xfer_all,30,0,2,99.000,1.0000,0.4163,0
xfer_all,30,0,3,99.000,1.0000,0.4141,0
xfer_all,31,1,0,99.000,1.0000,0.4073,0
xfer_all,31,1,1,99.000,1.0000,0.4117,0
xfer_all,31,1,2,99.000,1.0000,0.4005,0
xfer_all,31,1,3,99.000,1.0000,0.4009,0
xfer_all,32,2,0,99.000,1.0000,0.3983,0
xfer_all,32,2,1,99.000,1.0000,0.4047,0
xfer_all,32,2,2,99.000,1.0000,0.3966,0
xfer_all,32,2,3,99.000,1.0000,0.3971,0
xfer_all,33,3,0,99.000,1.0000,0.3979,0
xfer_all,33,3,1,99.000,1.0000,0.4084,0
xfer_all,33,3,2,99.000,1.0000,0.4037,0
xfer_all,33,3,3,99.000,1.0000,0.4029,0
xfer_all,34,4,0,99.000,1.0000,0.4041,0
xfer_all,34,4,1,99.000,1.0000,0.4145,0
xfer_all,34,4,2,99.000,1.0000,0.4050,0
xfer_all,34,4,3,99.000,1.0000,0.4098,0
xfer_all,35,5,0,99.000,1.0000,0.4119,0
xfer_all,35,5,1,99.000,1.0000,0.4230,0
xfer_all,35,5,2,99.000,1.0000,0.4118,0
xfer_all,35,5,3,99.000,1.0000,0.4126,0
xfer_all,36,6,0,99.000,1.0000,0.4136,0
xfer_all,36,6,1,99.000,1.0000,0.4210,0
xfer_all,36,6,2,99.000,1.0000,0.4112,0
xfer_all,36,6,3,99.000,1.0000,0.4106,0
xfer_all,37,7,0,99.000,1.0000,0.4134,0
xfer_all,37,7,1,99.000,1.0000,0.4215,0
xfer_all,37,7,2,99.000,1.0000,0.4136,0
xfer_all,37,7,3,99.000,1.0000,0.4121,0
xfer_all,38,8,0,99.000,1.0000,0.4172,0
xfer_all,38,8,1,99.000,1.0000,0.4223,0
xfer_all,38,8,2,99.000,1.0000,0.4159,0
xfer_all,38,8,3,99.000,1.0000,0.4173,0
xfer_all,39,9,0,99.000,1.0000,0.4178,0
xfer_all,39,9,1,99.000,1.0000,0.4249,0
xfer_all,39,9,2,99.000,1.0000,0.4256,0
xfer_all,39,9,3,99.000,1.0000,0.4163,0
xfer_all,40,10,0,99.000,1.0000,0.4186,0
xfer_all,40,10,1,99.000,1.0000,0.3996,0
xfer_all,40,10,2,99.000,1.0000,0.3934,0
xfer_all,40,10,3,99.000,1.0000,0.3975,0
xfer_all,41,11,0,99.000,1.0000,0.4000,0
xfer_all,41,11,1,99.000,1.0000,0.4127,0
xfer_all,41,11,2,99.000,1.0000,0.4123,0
xfer_all,41,11,3,99.000,1.0000,0.4151,0
xfer_all,42,12,0,99.000,1.0000,0.4182,0
xfer_all,42,12,1,99.000,1.0000,0.4233,0
xfer_all,42,12,2,99.000,1.0000,0.4190,0
xfer_all,42,12,3,99.000,1.0000,0.4182,0
xfer_all,43,13,0,99.000,1.0000,0.4217,0
xfer_all,43,13,1,99.000,1.0000,0.4267,0
xfer_all,43,13,2,99.000,1.0000,0.4202,0
xfer_all,43,13,3,99.000,1.0000,0.4204,0
xfer_all,44,14,0,99.000,1.0000,0.4215,0
xfer_all,44,14,1,99.000,1.0000,0.4273,0
xfer_all,44,14,2,99.000,1.0000,0.4225,0
xfer_all,44,14,3,99.000,1.0000,0.4228,0
xfer_all,45,15,0,99.000,1.0000,0.4258,0
xfer_all,45,15,1,99.000,1.0000,0.4283,0
xfer_all,45,15,2,99.000,1.0000,0.4247,0
xfer_all,45,15,3,99.000,1.0000,0.4235,0
xfer_all,46,16,0,99.000,1.0000,0.4210,0
xfer_all,46,16,1,99.000,1.0000,0.4234,0
xfer_all,46,16,2,99.000,1.0000,0.4189,0
xfer_all,46,16,3,99.000,1.0000,0.4156,0
xfer_all,47,17,0,99.000,1.0000,0.4115,0
xfer_all,47,17,1,99.000,1.0000,0.4154,0
xfer_all,47,17,2,99.000,1.0000,0.4116,0
xfer_all,47,17,3,99.000,1.0000,0.4125,0
xfer_all,48,18,0,99.000,1.0000,0.4107,0
xfer_all,48,18,1,99.000,1.0000,0.4147,0
xfer_all,48,18,2,99.000,1.0000,0.4152,0
xfer_all,48,18,3,99.000,1.0000,0.4114,0
xfer_all,49,19,0,99.000,1.0000,0.4147,0
xfer_all,49,19,1,99.000,1.0000,0.4155,0
xfer_all,49,19,2,99.000,1.0000,0.4201,0
xfer_all,49,19,3,99.000,1.0000,0.4138,0
xfer_all,50,20,0,99.000,1.0000,0.4149,0
xfer_all,50,20,1,99.000,1.0000,0.4158,0
xfer_all,50,20,2,99.000,1.0000,0.4196,0
xfer_all,50,20,3,99.000,1.0000,0.4157,0
xfer_all,51,21,0,99.000,1.0000,0.4146,0
xfer_all,51,21,1,99.000,1.0000,0.4140,0
xfer_all,51,21,2,99.000,1.0000,0.4180,0
xfer_all,51,21,3,99.000,1.0000,0.4075,0
xfer_all,52,22,0,99.000,1.0000,0.4092,0
xfer_all,52,22,1,99.000,1.0000,0.4093,0
xfer_all,52,22,2,99.000,1.0000,0.4129,0
xfer_all,52,22,3,99.000,1.0000,0.4052,0
xfer_all,53,23,0,99.000,1.0000,0.4064,0
xfer_all,53,23,1,99.000,1.0000,0.4073,0
xfer_all,53,23,2,99.000,1.0000,0.4134,0
xfer_all,53,23,3,99.000,1.0000,0.4059,0
xfer_all,54,24,0,99.000,1.0000,0.4037,0
xfer_all,54,24,1,99.000,1.0000,0.4062,0
xfer_all,54,24,2,99.000,1.0000,0.4152,0
xfer_all,54,24,3,99.000,1.0000,0.4060,0
xfer_all,55,25,0,99.000,1.0000,0.4116,0
xfer_all,55,25,1,99.000,1.0000,0.4166,0
xfer_all,55,25,2,99.000,1.0000,0.4264,0
xfer_all,55,25,3,99.000,1.0000,0.4144,0
xfer_all,56,26,0,99.000,1.0000,0.4214,0
xfer_all,56,26,1,99.000,1.0000,0.4215,0
xfer_all,56,26,2,99.000,1.0000,0.4270,0
xfer_all,56,26,3,99.000,1.0000,0.4174,0
xfer_all,57,27,0,99.000,1.0000,0.4226,0
xfer_all,57,27,1,99.000,1.0000,0.4209,0
xfer_all,57,27,2,99.000,1.0000,0.4276,0
xfer_all,57,27,3,99.000,1.0000,0.4170,0
xfer_all,58,28,0,99.000,1.0000,0.4220,0
xfer_all,58,28,1,99.000,1.0000,0.4241,0
xfer_all,58,28,2,99.000,1.0000,0.4300,0
xfer_all,58,28,3,99.000,1.0000,0.4207,0
xfer_all,59,29,0,99.000,1.0000,0.4266,0
xfer_all,59,29,1,99.000,1.0000,0.4276,0
xfer_all,59,29,2,99.000,1.0000,0.4340,0
xfer_all,59,29,3,99.000,1.0000,0.4339,0
xfer_all,60,30,0,99.000,1.0000,0.4178,0
xfer_all,60,30,1,99.000,1.0000,0.4227,0
xfer_all,60,30,2,99.000,1.0000,0.4068,0
xfer_all,60,30,3,99.000,1.0000,0.4033,0
xfer_all,61,31,0,99.000,1.0000,0.4108,0
xfer_all,61,31,1,99.000,1.0000,0.4074,0
xfer_all,61,31,2,99.000,1.0000,0.4166,0
xfer_all,61,31,3,99.000,1.0000,0.4136,0
xfer_all,62,32,0,99.000,1.0000,0.4192,0
xfer_all,62,32,1,99.000,1.0000,0.4222,0
xfer_all,62,32,2,99.000,1.0000,0.4241,0
xfer_all,62,32,3,99.000,1.0000,0.4160,0
xfer_all,63,33,0,99.000,1.0000,0.4205,0
xfer_all,63,33,1,99.000,1.0000,0.4252,0
xfer_all,63,33,2,99.000,1.0000,0.4303,0
xfer_all,63,33,3,99.000,1.0000,0.4215,0
xfer_all,64,34,0,99.000,1.0000,0.4235,0
xfer_all,64,34,1,99.000,1.0000,0.4223,0
xfer_all,64,34,2,99.000,1.0000,0.4269,0
xfer_all,64,34,3,99.000,1.0000,0.4200,0
xfer_all,65,35,0,99.000,1.0000,0.4231,0
xfer_all,65,35,1,99.000,1.0000,0.4241,0
xfer_all,65,35,2,99.000,1.0000,0.4267,0
xfer_all,65,35,3,99.000,1.0000,0.4216,0
xfer_all,66,36,0,99.000,1.0000,0.4232,0
xfer_all,66,36,1,99.000,1.0000,0.4215,0
xfer_all,66,36,2,99.000,1.0000,0.4248,0
xfer_all,66,36,3,99.000,1.0000,0.4201,0
xfer_all,67,37,0,99.000,1.0000,0.4190,0
xfer_all,67,37,1,99.000,1.0000,0.4156,0
xfer_all,67,37,2,99.000,1.0000,0.4183,0
xfer_all,67,37,3,99.000,1.0000,0.4134,0
xfer_all,68,38,0,99.000,1.0000,0.4151,0
xfer_all,68,38,1,99.000,1.0000,0.4152,0
xfer_all,68,38,2,99.000,1.0000,0.4189,0
xfer_all,68,38,3,99.000,1.0000,0.4199,0
xfer_all,69,39,0,99.000,1.0000,0.4157,0
xfer_all,69,39,1,99.000,1.0000,0.4190,0
xfer_all,69,39,2,99.000,1.0000,0.4207,0
xfer_all,69,39,3,99.000,1.0000,0.4242,0
xfer_sink+meta,1,-29,0,99.000,,,0
xfer_sink+meta,1,-29,1,99.000,,,0
xfer_sink+meta,1,-29,2,99.000,,,0
xfer_sink+meta,1,-29,3,99.000,,,0
xfer_sink+meta,2,-28,0,99.000,,,0
xfer_sink+meta,2,-28,1,99.000,,,0
xfer_sink+meta,2,-28,2,99.000,,,0
xfer_sink+meta,2,-28,3,99.000,,,0
xfer_sink+meta,3,-27,0,99.000,,,0
xfer_sink+meta,3,-27,1,99.000,,,0
xfer_sink+meta,3,-27,2,99.000,,,0
xfer_sink+meta,3,-27,3,99.000,,,0
xfer_sink+meta,4,-26,0,99.000,,,0
xfer_sink+meta,4,-26,1,99.000,,,0
xfer_sink+meta,4,-26,2,99.000,,,0
xfer_sink+meta,4,-26,3,99.000,,,0
xfer_sink+meta,5,-25,0,99.000,,,0
xfer_sink+meta,5,-25,1,99.000,,,0
xfer_sink+meta,5,-25,2,99.000,,,0
xfer_sink+meta,5,-25,3,99.000,,,0
xfer_sink+meta,6,-24,0,99.000,,,0
xfer_sink+meta,6,-24,1,99.000,,,0
xfer_sink+meta,6,-24,2,99.000,,,0
xfer_sink+meta,6,-24,3,99.000,,,0
xfer_sink+meta,7,-23,0,99.000,,,0
xfer_sink+meta,7,-23,1,99.000,,,0
xfer_sink+meta,7,-23,2,99.000,,,0
xfer_sink+meta,7,-23,3,99.000,,,0
xfer_sink+meta,8,-22,0,99.000,,,0
xfer_sink+meta,8,-22,1,99.000,,,0
xfer_sink+meta,8,-22,2,99.000,,,0
xfer_sink+meta,8,-22,3,99.000,,,0
xfer_sink+meta,9,-21,0,99.000,,,0
xfer_sink+meta,9,-21,1,99.000,,,0
xfer_sink+meta,9,-21,2,99.000,,,0
xfer_sink+meta,9,-21,3,99.000,,,0
xfer_sink+meta,10,-20,0,99.000,,,0
xfer_sink+meta,10,-20,1,99.000,,,0
xfer_sink+meta,10,-20,2,99.000,,,0
xfer_sink+meta,10,-20,3,99.000,,,0
xfer_sink+meta,11,-19,0,99.000,,,0
xfer_sink+meta,11,-19,1,99.000,,,0
xfer_sink+meta,11,-19,2,99.000,,,0
xfer_sink+meta,11,-19,3,99.000,,,0
xfer_sink+meta,12,-18,0,99.000,,,0
xfer_sink+meta,12,-18,1,99.000,,,0
xfer_sink+meta,12,-18,2,99.000,,,0
xfer_sink+meta,12,-18,3,99.000,,,0
xfer_sink+meta,13,-17,0,99.000,,,0
xfer_sink+meta,13,-17,1,99.000,,,0
xfer_sink+meta,13,-17,2,99.000,,,0
xfer_sink+meta,13,-17,3,99.000,,,0
xfer_sink+meta,14,-16,0,99.000,,,0
xfer_sink+meta,14,-16,1,99.000,,,0
xfer_sink+meta,14,-16,2,99.000,,,0
xfer_sink+meta,14,-16,3,99.000,,,0
xfer_sink+meta,15,-15,0,99.000,,,0
xfer_sink+meta,15,-15,1,99.000,,,0
xfer_sink+meta,15,-15,2,99.000,,,0
xfer_sink+meta,15,-15,3,99.000,,,0
xfer_sink+meta,16,-14,0,99.000,,,0
xfer_sink+meta,16,-14,1,99.000,,,0
xfer_sink+meta,16,-14,2,99.000,,,0
xfer_sink+meta,16,-14,3,99.000,,,0
xfer_sink+meta,17,-13,0,99.000,,,0
xfer_sink+meta,17,-13,1,99.000,,,0
xfer_sink+meta,17,-13,2,99.000,,,0
xfer_sink+meta,17,-13,3,99.000,,,0
xfer_sink+meta,18,-12,0,99.000,,,0
xfer_sink+meta,18,-12,1,99.000,,,0
xfer_sink+meta,18,-12,2,99.000,,,0
xfer_sink+meta,18,-12,3,99.000,,,0
xfer_sink+meta,19,-11,0,99.000,,,0
xfer_sink+meta,19,-11,1,99.000,,,0
xfer_sink+meta,19,-11,2,99.000,,,0
xfer_sink+meta,19,-11,3,99.000,,,0
xfer_sink+meta,20,-10,0,99.000,,,0
xfer_sink+meta,20,-10,1,99.000,,,0
xfer_sink+meta,20,-10,2,99.000,,,0
xfer_sink+meta,20,-10,3,99.000,,,0
xfer_sink+meta,21,-9,0,99.000,,,0
xfer_sink+meta,21,-9,1,99.000,,,0
xfer_sink+meta,21,-9,2,99.000,,,0
xfer_sink+meta,21,-9,3,99.000,,,0
xfer_sink+meta,22,-8,0,99.000,,,0
xfer_sink+meta,22,-8,1,99.000,,,0
xfer_sink+meta,22,-8,2,99.000,,,0
xfer_sink+meta,22,-8,3,99.000,,,0
xfer_sink+meta,23,-7,0,99.000,,,0
xfer_sink+meta,23,-7,1,99.000,,,0
xfer_sink+meta,23,-7,2,99.000,,,0
xfer_sink+meta,23,-7,3,99.000,,,0
xfer_sink+meta,24,-6,0,99.000,,,0
xfer_sink+meta,24,-6,1,99.000,,,0
xfer_sink+meta,24,-6,2,99.000,,,0
xfer_sink+meta,24,-6,3,99.000,,,0
xfer_sink+meta,25,-5,0,99.000,,,0
xfer_sink+meta,25,-5,1,99.000,,,0
xfer_sink+meta,25,-5,2,99.000,,,0
xfer_sink+meta,25,-5,3,99.000,,,0
xfer_sink+meta,26,-4,0,99.000,,,0
xfer_sink+meta,26,-4,1,99.000,,,0
xfer_sink+meta,26,-4,2,99.000,,,0
xfer_sink+meta,26,-4,3,99.000,,,0
xfer_sink+meta,27,-3,0,99.000,,,0
xfer_sink+meta,27,-3,1,99.000,,,0
xfer_sink+meta,27,-3,2,99.000,,,0
xfer_sink+meta,27,-3,3,99.000,,,0
xfer_sink+meta,28,-2,0,99.000,,,0
xfer_sink+meta,28,-2,1,99.000,,,0
xfer_sink+meta,28,-2,2,99.000,,,0
xfer_sink+meta,28,-2,3,99.000,,,0
xfer_sink+meta,29,-1,0,99.000,,,0
xfer_sink+meta,29,-1,1,99.000,,,0
xfer_sink+meta,29,-1,2,99.000,,,0
xfer_sink+meta,29,-1,3,99.000,,,0
xfer_sink+meta,30,0,0,10.131,0.1970,0.1812,0
xfer_sink+meta,30,0,1,10.152,0.2361,0.2085,0
xfer_sink+meta,30,0,2,10.164,0.2616,0.2318,0
xfer_sink+meta,30,0,3,10.191,0.2728,0.2369,0
xfer_sink+meta,31,1,0,14.768,0.3989,0.3496,0
xfer_sink+meta,31,1,1,16.194,0.4936,0.4004,0
xfer_sink+meta,31,1,2,16.773,0.5257,0.3997,0
xfer_sink+meta,31,1,3,17.423,0.5495,0.4008,0
xfer_sink+meta,32,2,0,18.343,0.6008,0.4170,0
xfer_sink+meta,32,2,1,18.626,0.6165,0.4166,0
xfer_sink+meta,32,2,2,19.329,0.6160,0.4144,0
xfer_sink+meta,32,2,3,19.365,0.6139,0.4096,0
xfer_sink+meta,33,3,0,20.897,0.8068,0.3949,0
xfer_sink+meta,33,3,1,21.387,0.8209,0.3997,0
xfer_sink+meta,33,3,2,21.613,0.8207,0.3900,0
xfer_sink+meta,33,3,3,21.646,0.8164,0.3879,0
xfer_sink+meta,34,4,0,22.700,0.8506,0.3914,0
xfer_sink+meta,34,4,1,23.863,0.8672,0.4030,0
xfer_sink+meta,34,4,2,24.307,0.8716,0.3931,0
xfer_sink+meta,34,4,3,24.474,0.8695,0.3967,0
xfer_sink+meta,35,5,0,25.718,0.9035,0.4064,0
xfer_sink+meta,35,5,1,27.190,0.9167,0.4186,0
xfer_sink+meta,35,5,2,27.743,0.9218,0.4097,0
xfer_sink+meta,35,5,3,27.527,0.9184,0.4121,0
xfer_sink+meta,36,6,0,28.438,0.9344,0.4151,0
xfer_sink+meta,36,6,1,29.950,0.9411,0.4221,0
xfer_sink+meta,36,6,2,30.614,0.9447,0.4115,0
xfer_sink+meta,36,6,3,30.535,0.9425,0.4112,0
xfer_sink+meta,37,7,0,32.264,0.9520,0.4138,0
xfer_sink+meta,37,7,1,32.338,0.9506,0.4207,0
xfer_sink+meta,37,7,2,33.045,0.9511,0.4120,0
xfer_sink+meta,37,7,3,33.028,0.9493,0.4103,0
xfer_sink+meta,38,8,0,33.701,0.9548,0.4157,0
xfer_sink+meta,38,8,1,33.547,0.9527,0.4208,0
xfer_sink+meta,38,8,2,33.605,0.9539,0.4151,0
xfer_sink+meta,38,8,3,33.582,0.9521,0.4162,0
xfer_sink+meta,39,9,0,34.246,0.9589,0.4165,0
xfer_sink+meta,39,9,1,34.838,0.9598,0.4232,0
xfer_sink+meta,39,9,2,35.030,0.9605,0.4242,0
xfer_sink+meta,39,9,3,35.036,0.9595,0.4145,0
xfer_sink+meta,40,10,0,34.793,0.9622,0.4175,0
xfer_sink+meta,40,10,1,35.674,0.9660,0.3990,0
xfer_sink+meta,40,10,2,35.702,0.9688,0.3933,0
xfer_sink+meta,40,10,3,35.777,0.9696,0.3977,0
xfer_sink+meta,41,11,0,36.452,0.9695,0.3987,0
xfer_sink+meta,41,11,1,36.170,0.9667,0.4110,0
xfer_sink+meta,41,11,2,36.242,0.9665,0.4107,0
xfer_sink+meta,41,11,3,36.406,0.9662,0.4139,0
xfer_sink+meta,42,12,0,37.100,0.9711,0.4174,0
xfer_sink+meta,42,12,1,37.271,0.9712,0.4221,0
xfer_sink+meta,42,12,2,37.511,0.9727,0.4182,0
xfer_sink+meta,42,12,3,37.558,0.9728,0.4175,0
xfer_sink+meta,43,13,0,38.167,0.9771,0.4219,0
xfer_sink+meta,43,13,1,38.263,0.9775,0.4269,0
xfer_sink+meta,43,13,2,38.130,0.9779,0.4204,0
xfer_sink+meta,43,13,3,38.092,0.9778,0.4209,0
xfer_sink+meta,44,14,0,37.621,0.9737,0.4205,0
xfer_sink+meta,44,14,1,36.808,0.9699,0.4254,0
xfer_sink+meta,44,14,2,36.097,0.9664,0.4198,0
xfer_sink+meta,44,14,3,35.307,0.9629,0.4197,0
xfer_sink+meta,45,15,0,36.353,0.9675,0.4227,0
xfer_sink+meta,45,15,1,36.991,0.9687,0.4249,0
xfer_sink+meta,45,15,2,37.062,0.9694,0.4211,0
xfer_sink+meta,45,15,3,36.981,0.9690,0.4199,0
xfer_sink+meta,46,16,0,37.936,0.9776,0.4182,0
xfer_sink+meta,46,16,1,37.979,0.9785,0.4210,0
xfer_sink+meta,46,16,2,37.772,0.9788,0.4165,0
xfer_sink+meta,46,16,3,37.739,0.9787,0.4134,0
xfer_sink+meta,47,17,0,36.008,0.9789,0.4108,0
xfer_sink+meta,47,17,1,37.060,0.9803,0.4146,0
xfer_sink+meta,47,17,2,37.484,0.9813,0.4108,0
xfer_sink+meta,47,17,3,37.218,0.9808,0.4115,0
xfer_sink+meta,48,18,0,36.325,0.9801,0.4103,0
xfer_sink+meta,48,18,1,36.717,0.9793,0.4143,0
xfer_sink+meta,48,18,2,36.783,0.9787,0.4154,0
xfer_sink+meta,48,18,3,36.133,0.9773,0.4115,0
xfer_sink+meta,49,19,0,35.415,0.9750,0.4145,0
xfer_sink+meta,49,19,1,35.526,0.9744,0.4153,0
xfer_sink+meta,49,19,2,35.825,0.9755,0.4197,0
xfer_sink+meta,49,19,3,34.361,0.9720,0.4138,0
xfer_sink+meta,50,20,0,35.318,0.9733,0.4140,0
xfer_sink+meta,50,20,1,35.687,0.9732,0.4141,0
xfer_sink+meta,50,20,2,35.295,0.9717,0.4181,0
xfer_sink+meta,50,20,3,35.298,0.9704,0.4144,0
xfer_sink+meta,51,21,0,32.490,0.9642,0.4133,0
xfer_sink+meta,51,21,1,33.647,0.9667,0.4125,0
xfer_sink+meta,51,21,2,35.018,0.9697,0.4165,0
xfer_sink+meta,51,21,3,34.787,0.9692,0.4056,0
xfer_sink+meta,52,22,0,29.710,0.9551,0.4080,0
xfer_sink+meta,52,22,1,33.203,0.9619,0.4078,0
xfer_sink+meta,52,22,2,34.570,0.9630,0.4109,0
xfer_sink+meta,52,22,3,33.772,0.9600,0.4037,0
xfer_sink+meta,53,23,0,32.456,0.9597,0.4056,0
xfer_sink+meta,53,23,1,33.610,0.9628,0.4059,0
xfer_sink+meta,53,23,2,32.970,0.9623,0.4118,0
xfer_sink+meta,53,23,3,32.880,0.9613,0.4046,0
xfer_sink+meta,54,24,0,30.527,0.9562,0.4035,0
xfer_sink+meta,54,24,1,33.258,0.9635,0.4057,0
xfer_sink+meta,54,24,2,34.227,0.9658,0.4147,0
xfer_sink+meta,54,24,3,33.850,0.9646,0.4064,0
xfer_sink+meta,55,25,0,31.444,0.9602,0.4142,0
xfer_sink+meta,55,25,1,32.675,0.9647,0.4184,0
xfer_sink+meta,55,25,2,32.675,0.9644,0.4281,0
xfer_sink+meta,55,25,3,32.383,0.9622,0.4165,0
xfer_sink+meta,56,26,0,31.664,0.9590,0.4222,0
xfer_sink+meta,56,26,1,33.400,0.9622,0.4218,0
xfer_sink+meta,56,26,2,33.142,0.9604,0.4271,0
xfer_sink+meta,56,26,3,32.915,0.9588,0.4177,0
xfer_sink+meta,57,27,0,31.843,0.9565,0.4227,0
xfer_sink+meta,57,27,1,33.086,0.9598,0.4205,0
xfer_sink+meta,57,27,2,33.245,0.9596,0.4275,0
xfer_sink+meta,57,27,3,32.953,0.9576,0.4170,0
xfer_sink+meta,58,28,0,32.807,0.9569,0.4216,0
xfer_sink+meta,58,28,1,33.417,0.9579,0.4245,0
xfer_sink+meta,58,28,2,33.284,0.9570,0.4302,0
xfer_sink+meta,58,28,3,33.216,0.9546,0.4203,0
xfer_sink+meta,59,29,0,33.422,0.9581,0.4255,0
xfer_sink+meta,59,29,1,33.928,0.9598,0.4258,0
xfer_sink+meta,59,29,2,34.107,0.9605,0.4325,0
xfer_sink+meta,59,29,3,33.776,0.9588,0.4330,0
xfer_sink+meta,60,30,0,32.730,0.9562,0.4183,0
xfer_sink+meta,60,30,1,32.467,0.9511,0.4231,0
xfer_sink+meta,60,30,2,32.337,0.9557,0.4068,0
xfer_sink+meta,60,30,3,32.150,0.9500,0.4028,0
xfer_sink+meta,61,31,0,34.640,0.9685,0.4104,0
xfer_sink+meta,61,31,1,35.039,0.9705,0.4067,0
xfer_sink+meta,61,31,2,35.371,0.9714,0.4159,0
xfer_sink+meta,61,31,3,35.148,0.9708,0.4126,0
xfer_sink+meta,62,32,0,35.966,0.9743,0.4178,0
xfer_sink+meta,62,32,1,36.559,0.9753,0.4206,0
xfer_sink+meta,62,32,2,36.608,0.9758,0.4223,0
xfer_sink+meta,62,32,3,36.492,0.9753,0.4141,0
xfer_sink+meta,63,33,0,36.592,0.9740,0.4190,0
xfer_sink+meta,63,33,1,36.453,0.9728,0.4239,0
xfer_sink+meta,63,33,2,36.610,0.9730,0.4291,0
xfer_sink+meta,63,33,3,36.501,0.9728,0.4206,0
xfer_sink+meta,64,34,0,37.403,0.9758,0.4228,0
xfer_sink+meta,64,34,1,37.527,0.9758,0.4217,0
xfer_sink+meta,64,34,2,37.463,0.9757,0.4262,0
xfer_sink+meta,64,34,3,37.426,0.9755,0.4193,0
xfer_sink+meta,65,35,0,38.385,0.9797,0.4224,0
xfer_sink+meta,65,35,1,38.493,0.9796,0.4233,0
xfer_sink+meta,65,35,2,38.383,0.9796,0.4261,0
xfer_sink+meta,65,35,3,38.299,0.9793,0.4209,0
xfer_sink+meta,66,36,0,38.713,0.9806,0.4231,0
xfer_sink+meta,66,36,1,38.591,0.9801,0.4214,0
xfer_sink+meta,66,36,2,38.365,0.9799,0.4249,0
xfer_sink+meta,66,36,3,38.234,0.9796,0.4202,0
xfer_sink+meta,67,37,0,38.072,0.9800,0.4191,0
xfer_sink+meta,67,37,1,38.058,0.9793,0.4157,0
xfer_sink+meta,67,37,2,37.813,0.9791,0.4184,0
xfer_sink+meta,67,37,3,37.221,0.9782,0.4138,0
xfer_sink+meta,68,38,0,36.017,0.9766,0.4152,0
xfer_sink+meta,68,38,1,37.100,0.9768,0.4153,0
xfer_sink+meta,68,38,2,36.984,0.9763,0.4187,0
xfer_sink+meta,68,38,3,36.530,0.9751,0.4194,0
xfer_sink+meta,69,39,0,36.775,0.9769,0.4149,0
xfer_sink+meta,69,39,1,36.718,0.9758,0.4179,0
xfer_sink+meta,69,39,2,36.885,0.9762,0.4193,0
xfer_sink+meta,69,39,3,36.460,0.9753,0.4229,0
xfer_sink+meta+vae,1,-29,0,99.000,,,0
xfer_sink+meta+vae,1,-29,1,99.000,,,0
xfer_sink+meta+vae,1,-29,2,99.000,,,0
xfer_sink+meta+vae,1,-29,3,99.000,,,0
xfer_sink+meta+vae,2,-28,0,99.000,,,0
xfer_sink+meta+vae,2,-28,1,99.000,,,0
xfer_sink+meta+vae,2,-28,2,99.000,,,0
xfer_sink+meta+vae,2,-28,3,99.000,,,0
xfer_sink+meta+vae,3,-27,0,99.000,,,0
xfer_sink+meta+vae,3,-27,1,99.000,,,0
xfer_sink+meta+vae,3,-27,2,99.000,,,0
xfer_sink+meta+vae,3,-27,3,99.000,,,0
xfer_sink+meta+vae,4,-26,0,99.000,,,0
xfer_sink+meta+vae,4,-26,1,99.000,,,0
xfer_sink+meta+vae,4,-26,2,99.000,,,0
xfer_sink+meta+vae,4,-26,3,99.000,,,0
xfer_sink+meta+vae,5,-25,0,99.000,,,0
xfer_sink+meta+vae,5,-25,1,99.000,,,0
xfer_sink+meta+vae,5,-25,2,99.000,,,0
xfer_sink+meta+vae,5,-25,3,99.000,,,0
xfer_sink+meta+vae,6,-24,0,99.000,,,0
xfer_sink+meta+vae,6,-24,1,99.000,,,0
xfer_sink+meta+vae,6,-24,2,99.000,,,0
xfer_sink+meta+vae,6,-24,3,99.000,,,0
xfer_sink+meta+vae,7,-23,0,99.000,,,0
xfer_sink+meta+vae,7,-23,1,99.000,,,0
xfer_sink+meta+vae,7,-23,2,99.000,,,0
xfer_sink+meta+vae,7,-23,3,99.000,,,0
xfer_sink+meta+vae,8,-22,0,99.000,,,0
xfer_sink+meta+vae,8,-22,1,99.000,,,0
xfer_sink+meta+vae,8,-22,2,99.000,,,0
xfer_sink+meta+vae,8,-22,3,99.000,,,0
xfer_sink+meta+vae,9,-21,0,99.000,,,0
xfer_sink+meta+vae,9,-21,1,99.000,,,0
xfer_sink+meta+vae,9,-21,2,99.000,,,0
xfer_sink+meta+vae,9,-21,3,99.000,,,0
xfer_sink+meta+vae,10,-20,0,99.000,,,0
xfer_sink+meta+vae,10,-20,1,99.000,,,0
xfer_sink+meta+vae,10,-20,2,99.000,,,0
xfer_sink+meta+vae,10,-20,3,99.000,,,0
xfer_sink+meta+vae,11,-19,0,99.000,,,0
xfer_sink+meta+vae,11,-19,1,99.000,,,0
xfer_sink+meta+vae,11,-19,2,99.000,,,0
xfer_sink+meta+vae,11,-19,3,99.000,,,0
xfer_sink+meta+vae,12,-18,0,99.000,,,0
xfer_sink+meta+vae,12,-18,1,99.000,,,0
xfer_sink+meta+vae,12,-18,2,99.000,,,0
xfer_sink+meta+vae,12,-18,3,99.000,,,0
xfer_sink+meta+vae,13,-17,0,99.000,,,0
xfer_sink+meta+vae,13,-17,1,99.000,,,0
xfer_sink+meta+vae,13,-17,2,99.000,,,0
xfer_sink+meta+vae,13,-17,3,99.000,,,0
xfer_sink+meta+vae,14,-16,0,99.000,,,0
xfer_sink+meta+vae,14,-16,1,99.000,,,0
xfer_sink+meta+vae,14,-16,2,99.000,,,0
xfer_sink+meta+vae,14,-16,3,99.000,,,0
xfer_sink+meta+vae,15,-15,0,99.000,,,0
xfer_sink+meta+vae,15,-15,1,99.000,,,0
xfer_sink+meta+vae,15,-15,2,99.000,,,0
xfer_sink+meta+vae,15,-15,3,99.000,,,0
xfer_sink+meta+vae,16,-14,0,99.000,,,0
xfer_sink+meta+vae,16,-14,1,99.000,,,0
xfer_sink+meta+vae,16,-14,2,99.000,,,0
xfer_sink+meta+vae,16,-14,3,99.000,,,0
xfer_sink+meta+vae,17,-13,0,99.000,,,0
xfer_sink+meta+vae,17,-13,1,99.000,,,0
xfer_sink+meta+vae,17,-13,2,99.000,,,0
xfer_sink+meta+vae,17,-13,3,99.000,,,0
xfer_sink+meta+vae,18,-12,0,99.000,,,0
xfer_sink+meta+vae,18,-12,1,99.000,,,0
xfer_sink+meta+vae,18,-12,2,99.000,,,0
xfer_sink+meta+vae,18,-12,3,99.000,,,0
xfer_sink+meta+vae,19,-11,0,99.000,,,0
xfer_sink+meta+vae,19,-11,1,99.000,,,0
xfer_sink+meta+vae,19,-11,2,99.000,,,0
xfer_sink+meta+vae,19,-11,3,99.000,,,0
xfer_sink+meta+vae,20,-10,0,99.000,,,0
xfer_sink+meta+vae,20,-10,1,99.000,,,0
xfer_sink+meta+vae,20,-10,2,99.000,,,0
xfer_sink+meta+vae,20,-10,3,99.000,,,0
xfer_sink+meta+vae,21,-9,0,99.000,,,0
xfer_sink+meta+vae,21,-9,1,99.000,,,0
xfer_sink+meta+vae,21,-9,2,99.000,,,0
xfer_sink+meta+vae,21,-9,3,99.000,,,0
xfer_sink+meta+vae,22,-8,0,99.000,,,0
xfer_sink+meta+vae,22,-8,1,99.000,,,0
xfer_sink+meta+vae,22,-8,2,99.000,,,0
xfer_sink+meta+vae,22,-8,3,99.000,,,0
xfer_sink+meta+vae,23,-7,0,99.000,,,0
xfer_sink+meta+vae,23,-7,1,99.000,,,0
xfer_sink+meta+vae,23,-7,2,99.000,,,0
xfer_sink+meta+vae,23,-7,3,99.000,,,0
xfer_sink+meta+vae,24,-6,0,99.000,,,0
xfer_sink+meta+vae,24,-6,1,99.000,,,0
xfer_sink+meta+vae,24,-6,2,99.000,,,0
xfer_sink+meta+vae,24,-6,3,99.000,,,0
xfer_sink+meta+vae,25,-5,0,99.000,,,0
xfer_sink+meta+vae,25,-5,1,99.000,,,0
xfer_sink+meta+vae,25,-5,2,99.000,,,0
xfer_sink+meta+vae,25,-5,3,99.000,,,0
xfer_sink+meta+vae,26,-4,0,99.000,,,0
xfer_sink+meta+vae,26,-4,1,99.000,,,0
xfer_sink+meta+vae,26,-4,2,99.000,,,0
xfer_sink+meta+vae,26,-4,3,99.000,,,0
xfer_sink+meta+vae,27,-3,0,99.000,,,0
xfer_sink+meta+vae,27,-3,1,99.000,,,0
xfer_sink+meta+vae,27,-3,2,99.000,,,0
xfer_sink+meta+vae,27,-3,3,99.000,,,0
xfer_sink+meta+vae,28,-2,0,99.000,,,0
xfer_sink+meta+vae,28,-2,1,99.000,,,0
xfer_sink+meta+vae,28,-2,2,99.000,,,0
xfer_sink+meta+vae,28,-2,3,99.000,,,0
xfer_sink+meta+vae,29,-1,0,99.000,,,0
xfer_sink+meta+vae,29,-1,1,99.000,,,0
xfer_sink+meta+vae,29,-1,2,99.000,,,0
xfer_sink+meta+vae,29,-1,3,99.000,,,0
xfer_sink+meta+vae,30,0,0,11.632,0.4415,0.3216,0
xfer_sink+meta+vae,30,0,1,10.116,0.3567,0.2782,0
xfer_sink+meta+vae,30,0,2,7.792,0.3036,0.2399,0
xfer_sink+meta+vae,30,0,3,7.436,0.2927,0.2304,0
xfer_sink+meta+vae,31,1,0,13.412,0.4247,0.3003,0
xfer_sink+meta+vae,31,1,1,17.832,0.6175,0.3865,0
xfer_sink+meta+vae,31,1,2,19.131,0.6490,0.3805,0
xfer_sink+meta+vae,31,1,3,19.305,0.6616,0.3839,0
xfer_sink+meta+vae,32,2,0,19.251,0.7305,0.3757,0
xfer_sink+meta+vae,32,2,1,19.515,0.7394,0.3812,0
xfer_sink+meta+vae,32,2,2,20.342,0.7419,0.3677,0
xfer_sink+meta+vae,32,2,3,20.096,0.7331,0.3640,0
xfer_sink+meta+vae,33,3,0,21.433,0.7892,0.3774,0
xfer_sink+meta+vae,33,3,1,22.274,0.8114,0.3903,0
xfer_sink+meta+vae,33,3,2,22.432,0.8236,0.3892,0
xfer_sink+meta+vae,33,3,3,22.338,0.8235,0.3897,0
xfer_sink+meta+vae,34,4,0,23.276,0.8491,0.3922,0
xfer_sink+meta+vae,34,4,1,24.195,0.8593,0.4038,0
xfer_sink+meta+vae,34,4,2,24.681,0.8642,0.3949,0
xfer_sink+meta+vae,34,4,3,25.005,0.8645,0.3999,0
xfer_sink+meta+vae,35,5,0,26.311,0.8970,0.4102,0
xfer_sink+meta+vae,35,5,1,27.517,0.9098,0.4226,0
xfer_sink+meta+vae,35,5,2,27.544,0.9135,0.4129,0
xfer_sink+meta+vae,35,5,3,27.144,0.9104,0.4142,0
xfer_sink+meta+vae,36,6,0,28.245,0.9301,0.4168,0
xfer_sink+meta+vae,36,6,1,30.163,0.9378,0.4241,0
xfer_sink+meta+vae,36,6,2,31.192,0.9421,0.4141,0
xfer_sink+meta+vae,36,6,3,30.729,0.9392,0.4136,0
xfer_sink+meta+vae,37,7,0,32.773,0.9536,0.4180,0
xfer_sink+meta+vae,37,7,1,32.880,0.9553,0.4251,0
xfer_sink+meta+vae,37,7,2,34.174,0.9593,0.4166,0
xfer_sink+meta+vae,37,7,3,33.904,0.9584,0.4145,0
xfer_sink+meta+vae,38,8,0,35.094,0.9647,0.4185,0
xfer_sink+meta+vae,38,8,1,35.020,0.9639,0.4232,0
xfer_sink+meta+vae,38,8,2,34.742,0.9635,0.4169,0
xfer_sink+meta+vae,38,8,3,34.708,0.9621,0.4176,0
xfer_sink+meta+vae,39,9,0,35.595,0.9708,0.4188,0
xfer_sink+meta+vae,39,9,1,36.322,0.9727,0.4257,0
xfer_sink+meta+vae,39,9,2,36.553,0.9737,0.4268,0
xfer_sink+meta+vae,39,9,3,36.607,0.9737,0.4171,0
xfer_sink+meta+vae,40,10,0,36.321,0.9751,0.4193,0
xfer_sink+meta+vae,40,10,1,36.324,0.9730,0.3999,0
xfer_sink+meta+vae,40,10,2,36.431,0.9747,0.3938,0
xfer_sink+meta+vae,40,10,3,36.039,0.9744,0.3978,0
xfer_sink+meta+vae,41,11,0,36.924,0.9749,0.3995,0
xfer_sink+meta+vae,41,11,1,36.654,0.9731,0.4121,0
xfer_sink+meta+vae,41,11,2,36.821,0.9729,0.4116,0
xfer_sink+meta+vae,41,11,3,36.800,0.9723,0.4148,0
xfer_sink+meta+vae,42,12,0,37.275,0.9762,0.4183,0
xfer_sink+meta+vae,42,12,1,37.558,0.9766,0.4233,0
xfer_sink+meta+vae,42,12,2,37.722,0.9774,0.4191,0
xfer_sink+meta+vae,42,12,3,37.564,0.9769,0.4183,0
xfer_sink+meta+vae,43,13,0,38.403,0.9803,0.4226,0
xfer_sink+meta+vae,43,13,1,38.503,0.9803,0.4277,0
xfer_sink+meta+vae,43,13,2,38.556,0.9804,0.4210,0
xfer_sink+meta+vae,43,13,3,38.526,0.9800,0.4215,0
xfer_sink+meta+vae,44,14,0,38.028,0.9770,0.4218,0
xfer_sink+meta+vae,44,14,1,37.288,0.9743,0.4272,0
xfer_sink+meta+vae,44,14,2,36.544,0.9716,0.4218,0
xfer_sink+meta+vae,44,14,3,35.781,0.9690,0.4219,0
xfer_sink+meta+vae,45,15,0,36.900,0.9734,0.4246,0
xfer_sink+meta+vae,45,15,1,37.326,0.9739,0.4269,0
xfer_sink+meta+vae,45,15,2,37.345,0.9742,0.4232,0
xfer_sink+meta+vae,45,15,3,37.215,0.9740,0.4219,0
xfer_sink+meta+vae,46,16,0,38.378,0.9803,0.4196,0
xfer_sink+meta+vae,46,16,1,38.251,0.9809,0.4222,0
xfer_sink+meta+vae,46,16,2,38.012,0.9812,0.4174,0
xfer_sink+meta+vae,46,16,3,38.012,0.9810,0.4143,0
xfer_sink+meta+vae,47,17,0,37.538,0.9822,0.4111,0
xfer_sink+meta+vae,47,17,1,38.152,0.9831,0.4148,0
xfer_sink+meta+vae,47,17,2,38.479,0.9838,0.4111,0
xfer_sink+meta+vae,47,17,3,38.371,0.9835,0.4120,0
xfer_sink+meta+vae,48,18,0,37.771,0.9830,0.4107,0
xfer_sink+meta+vae,48,18,1,37.795,0.9823,0.4149,0
xfer_sink+meta+vae,48,18,2,37.737,0.9816,0.4160,0
xfer_sink+meta+vae,48,18,3,37.361,0.9807,0.4121,0
xfer_sink+meta+vae,49,19,0,36.493,0.9794,0.4152,0
xfer_sink+meta+vae,49,19,1,36.499,0.9788,0.4160,0
xfer_sink+meta+vae,49,19,2,36.816,0.9798,0.4203,0
xfer_sink+meta+vae,49,19,3,35.873,0.9774,0.4145,0
xfer_sink+meta+vae,50,20,0,36.476,0.9768,0.4151,0
xfer_sink+meta+vae,50,20,1,36.289,0.9756,0.4154,0
xfer_sink+meta+vae,50,20,2,35.801,0.9737,0.4192,0
xfer_sink+meta+vae,50,20,3,35.941,0.9730,0.4155,0
xfer_sink+meta+vae,51,21,0,33.473,0.9675,0.4146,0
xfer_sink+meta+vae,51,21,1,34.294,0.9684,0.4140,0
xfer_sink+meta+vae,51,21,2,35.665,0.9709,0.4183,0
xfer_sink+meta+vae,51,21,3,35.681,0.9705,0.4075,0
xfer_sink+meta+vae,52,22,0,32.057,0.9627,0.4091,0
xfer_sink+meta+vae,52,22,1,34.501,0.9666,0.4090,0
xfer_sink+meta+vae,52,22,2,35.444,0.9668,0.4121,0
xfer_sink+meta+vae,52,22,3,34.773,0.9644,0.4047,0
xfer_sink+meta+vae,53,23,0,33.664,0.9639,0.4060,0
xfer_sink+meta+vae,53,23,1,34.138,0.9646,0.4062,0
xfer_sink+meta+vae,53,23,2,33.942,0.9637,0.4118,0
xfer_sink+meta+vae,53,23,3,33.758,0.9623,0.4042,0
xfer_sink+meta+vae,54,24,0,33.081,0.9658,0.4038,0
xfer_sink+meta+vae,54,24,1,34.447,0.9684,0.4069,0
xfer_sink+meta+vae,54,24,2,35.030,0.9695,0.4156,0
xfer_sink+meta+vae,54,24,3,35.139,0.9692,0.4072,0
xfer_sink+meta+vae,55,25,0,32.650,0.9631,0.4152,0
xfer_sink+meta+vae,55,25,1,33.490,0.9648,0.4195,0
xfer_sink+meta+vae,55,25,2,33.214,0.9637,0.4285,0
xfer_sink+meta+vae,55,25,3,32.744,0.9612,0.4165,0
xfer_sink+meta+vae,56,26,0,32.521,0.9605,0.4232,0
xfer_sink+meta+vae,56,26,1,33.756,0.9627,0.4227,0
xfer_sink+meta+vae,56,26,2,33.408,0.9611,0.4276,0
xfer_sink+meta+vae,56,26,3,32.805,0.9579,0.4182,0
xfer_sink+meta+vae,57,27,0,32.858,0.9618,0.4234,0
xfer_sink+meta+vae,57,27,1,33.722,0.9645,0.4211,0
xfer_sink+meta+vae,57,27,2,33.888,0.9644,0.4278,0
xfer_sink+meta+vae,57,27,3,33.761,0.9635,0.4173,0
xfer_sink+meta+vae,58,28,0,33.382,0.9641,0.4222,0
xfer_sink+meta+vae,58,28,1,33.644,0.9635,0.4255,0
xfer_sink+meta+vae,58,28,2,34.182,0.9662,0.4308,0
xfer_sink+meta+vae,58,28,3,34.093,0.9637,0.4210,0
xfer_sink+meta+vae,59,29,0,34.602,0.9688,0.4262,0
xfer_sink+meta+vae,59,29,1,35.106,0.9709,0.4270,0
xfer_sink+meta+vae,59,29,2,35.198,0.9714,0.4338,0
xfer_sink+meta+vae,59,29,3,34.716,0.9701,0.4342,0
xfer_sink+meta+vae,60,30,0,33.995,0.9684,0.4181,0
xfer_sink+meta+vae,60,30,1,32.017,0.9538,0.4235,0
xfer_sink+meta+vae,60,30,2,33.176,0.9629,0.4079,0
xfer_sink+meta+vae,60,30,3,32.734,0.9552,0.4036,0
xfer_sink+meta+vae,61,31,0,34.930,0.9685,0.4112,0
xfer_sink+meta+vae,61,31,1,35.032,0.9713,0.4070,0
xfer_sink+meta+vae,61,31,2,35.118,0.9717,0.4158,0
xfer_sink+meta+vae,61,31,3,35.025,0.9707,0.4130,0
xfer_sink+meta+vae,62,32,0,36.211,0.9760,0.4188,0
xfer_sink+meta+vae,62,32,1,36.628,0.9765,0.4215,0
xfer_sink+meta+vae,62,32,2,36.736,0.9770,0.4232,0
xfer_sink+meta+vae,62,32,3,36.519,0.9761,0.4153,0
xfer_sink+meta+vae,63,33,0,36.732,0.9762,0.4199,0
xfer_sink+meta+vae,63,33,1,36.552,0.9753,0.4248,0
xfer_sink+meta+vae,63,33,2,36.555,0.9751,0.4300,0
xfer_sink+meta+vae,63,33,3,36.406,0.9746,0.4215,0
xfer_sink+meta+vae,64,34,0,37.343,0.9765,0.4235,0
xfer_sink+meta+vae,64,34,1,37.387,0.9761,0.4224,0
xfer_sink+meta+vae,64,34,2,37.256,0.9753,0.4271,0
xfer_sink+meta+vae,64,34,3,37.033,0.9746,0.4202,0
xfer_sink+meta+vae,65,35,0,37.728,0.9778,0.4230,0
xfer_sink+meta+vae,65,35,1,37.643,0.9772,0.4239,0
xfer_sink+meta+vae,65,35,2,37.376,0.9767,0.4264,0
xfer_sink+meta+vae,65,35,3,37.314,0.9765,0.4212,0
xfer_sink+meta+vae,66,36,0,37.904,0.9784,0.4234,0
xfer_sink+meta+vae,66,36,1,37.839,0.9777,0.4216,0
xfer_sink+meta+vae,66,36,2,37.910,0.9778,0.4251,0
xfer_sink+meta+vae,66,36,3,37.796,0.9774,0.4204,0
xfer_sink+meta+vae,67,37,0,38.195,0.9798,0.4196,0
xfer_sink+meta+vae,67,37,1,38.246,0.9794,0.4164,0
xfer_sink+meta+vae,67,37,2,37.972,0.9789,0.4190,0
xfer_sink+meta+vae,67,37,3,37.659,0.9786,0.4142,0
xfer_sink+meta+vae,68,38,0,36.967,0.9779,0.4165,0
xfer_sink+meta+vae,68,38,1,37.452,0.9774,0.4165,0
xfer_sink+meta+vae,68,38,2,37.485,0.9771,0.4200,0
xfer_sink+meta+vae,68,38,3,37.027,0.9761,0.4207,0
xfer_sink+meta+vae,69,39,0,37.364,0.9779,0.4166,0
xfer_sink+meta+vae,69,39,1,36.901,0.9769,0.4198,0
xfer_sink+meta+vae,69,39,2,36.988,0.9768,0.4211,0
xfer_sink+meta+vae,69,39,3,36.903,0.9764,0.4245,0
xfer_sink+meta+vae+inflight,1,-29,0,99.000,,,0
xfer_sink+meta+vae+inflight,1,-29,1,99.000,,,0
xfer_sink+meta+vae+inflight,1,-29,2,99.000,,,0
xfer_sink+meta+vae+inflight,1,-29,3,99.000,,,0
xfer_sink+meta+vae+inflight,2,-28,0,99.000,,,0
xfer_sink+meta+vae+inflight,2,-28,1,99.000,,,0
xfer_sink+meta+vae+inflight,2,-28,2,99.000,,,0
xfer_sink+meta+vae+inflight,2,-28,3,99.000,,,0
xfer_sink+meta+vae+inflight,3,-27,0,99.000,,,0
xfer_sink+meta+vae+inflight,3,-27,1,99.000,,,0
xfer_sink+meta+vae+inflight,3,-27,2,99.000,,,0
xfer_sink+meta+vae+inflight,3,-27,3,99.000,,,0
xfer_sink+meta+vae+inflight,4,-26,0,99.000,,,0
xfer_sink+meta+vae+inflight,4,-26,1,99.000,,,0
xfer_sink+meta+vae+inflight,4,-26,2,99.000,,,0
xfer_sink+meta+vae+inflight,4,-26,3,99.000,,,0
xfer_sink+meta+vae+inflight,5,-25,0,99.000,,,0
xfer_sink+meta+vae+inflight,5,-25,1,99.000,,,0
xfer_sink+meta+vae+inflight,5,-25,2,99.000,,,0
xfer_sink+meta+vae+inflight,5,-25,3,99.000,,,0
xfer_sink+meta+vae+inflight,6,-24,0,99.000,,,0
xfer_sink+meta+vae+inflight,6,-24,1,99.000,,,0
xfer_sink+meta+vae+inflight,6,-24,2,99.000,,,0
xfer_sink+meta+vae+inflight,6,-24,3,99.000,,,0
xfer_sink+meta+vae+inflight,7,-23,0,99.000,,,0
xfer_sink+meta+vae+inflight,7,-23,1,99.000,,,0
xfer_sink+meta+vae+inflight,7,-23,2,99.000,,,0
xfer_sink+meta+vae+inflight,7,-23,3,99.000,,,0
xfer_sink+meta+vae+inflight,8,-22,0,99.000,,,0
xfer_sink+meta+vae+inflight,8,-22,1,99.000,,,0
xfer_sink+meta+vae+inflight,8,-22,2,99.000,,,0
xfer_sink+meta+vae+inflight,8,-22,3,99.000,,,0
xfer_sink+meta+vae+inflight,9,-21,0,99.000,,,0
xfer_sink+meta+vae+inflight,9,-21,1,99.000,,,0
xfer_sink+meta+vae+inflight,9,-21,2,99.000,,,0
xfer_sink+meta+vae+inflight,9,-21,3,99.000,,,0
xfer_sink+meta+vae+inflight,10,-20,0,99.000,,,0
xfer_sink+meta+vae+inflight,10,-20,1,99.000,,,0
xfer_sink+meta+vae+inflight,10,-20,2,99.000,,,0
xfer_sink+meta+vae+inflight,10,-20,3,99.000,,,0
xfer_sink+meta+vae+inflight,11,-19,0,99.000,,,0
xfer_sink+meta+vae+inflight,11,-19,1,99.000,,,0
xfer_sink+meta+vae+inflight,11,-19,2,99.000,,,0
xfer_sink+meta+vae+inflight,11,-19,3,99.000,,,0
xfer_sink+meta+vae+inflight,12,-18,0,99.000,,,0
xfer_sink+meta+vae+inflight,12,-18,1,99.000,,,0
xfer_sink+meta+vae+inflight,12,-18,2,99.000,,,0
xfer_sink+meta+vae+inflight,12,-18,3,99.000,,,0
xfer_sink+meta+vae+inflight,13,-17,0,99.000,,,0
xfer_sink+meta+vae+inflight,13,-17,1,99.000,,,0
xfer_sink+meta+vae+inflight,13,-17,2,99.000,,,0
xfer_sink+meta+vae+inflight,13,-17,3,99.000,,,0
xfer_sink+meta+vae+inflight,14,-16,0,99.000,,,0
xfer_sink+meta+vae+inflight,14,-16,1,99.000,,,0
xfer_sink+meta+vae+inflight,14,-16,2,99.000,,,0
xfer_sink+meta+vae+inflight,14,-16,3,99.000,,,0
xfer_sink+meta+vae+inflight,15,-15,0,99.000,,,0
xfer_sink+meta+vae+inflight,15,-15,1,99.000,,,0
xfer_sink+meta+vae+inflight,15,-15,2,99.000,,,0
xfer_sink+meta+vae+inflight,15,-15,3,99.000,,,0
xfer_sink+meta+vae+inflight,16,-14,0,99.000,,,0
xfer_sink+meta+vae+inflight,16,-14,1,99.000,,,0
xfer_sink+meta+vae+inflight,16,-14,2,99.000,,,0
xfer_sink+meta+vae+inflight,16,-14,3,99.000,,,0
xfer_sink+meta+vae+inflight,17,-13,0,99.000,,,0
xfer_sink+meta+vae+inflight,17,-13,1,99.000,,,0
xfer_sink+meta+vae+inflight,17,-13,2,99.000,,,0
xfer_sink+meta+vae+inflight,17,-13,3,99.000,,,0
xfer_sink+meta+vae+inflight,18,-12,0,99.000,,,0
xfer_sink+meta+vae+inflight,18,-12,1,99.000,,,0
xfer_sink+meta+vae+inflight,18,-12,2,99.000,,,0
xfer_sink+meta+vae+inflight,18,-12,3,99.000,,,0
xfer_sink+meta+vae+inflight,19,-11,0,99.000,,,0
xfer_sink+meta+vae+inflight,19,-11,1,99.000,,,0
xfer_sink+meta+vae+inflight,19,-11,2,99.000,,,0
xfer_sink+meta+vae+inflight,19,-11,3,99.000,,,0
xfer_sink+meta+vae+inflight,20,-10,0,99.000,,,0
xfer_sink+meta+vae+inflight,20,-10,1,99.000,,,0
xfer_sink+meta+vae+inflight,20,-10,2,99.000,,,0
xfer_sink+meta+vae+inflight,20,-10,3,99.000,,,0
xfer_sink+meta+vae+inflight,21,-9,0,99.000,,,0
xfer_sink+meta+vae+inflight,21,-9,1,99.000,,,0
xfer_sink+meta+vae+inflight,21,-9,2,99.000,,,0
xfer_sink+meta+vae+inflight,21,-9,3,99.000,,,0
xfer_sink+meta+vae+inflight,22,-8,0,99.000,,,0
xfer_sink+meta+vae+inflight,22,-8,1,99.000,,,0
xfer_sink+meta+vae+inflight,22,-8,2,99.000,,,0
xfer_sink+meta+vae+inflight,22,-8,3,99.000,,,0
xfer_sink+meta+vae+inflight,23,-7,0,99.000,,,0
xfer_sink+meta+vae+inflight,23,-7,1,99.000,,,0
xfer_sink+meta+vae+inflight,23,-7,2,99.000,,,0
xfer_sink+meta+vae+inflight,23,-7,3,99.000,,,0
xfer_sink+meta+vae+inflight,24,-6,0,99.000,,,0
xfer_sink+meta+vae+inflight,24,-6,1,99.000,,,0
xfer_sink+meta+vae+inflight,24,-6,2,99.000,,,0
xfer_sink+meta+vae+inflight,24,-6,3,99.000,,,0
xfer_sink+meta+vae+inflight,25,-5,0,99.000,,,0
xfer_sink+meta+vae+inflight,25,-5,1,99.000,,,0
xfer_sink+meta+vae+inflight,25,-5,2,99.000,,,0
xfer_sink+meta+vae+inflight,25,-5,3,99.000,,,0
xfer_sink+meta+vae+inflight,26,-4,0,99.000,,,0
xfer_sink+meta+vae+inflight,26,-4,1,99.000,,,0
xfer_sink+meta+vae+inflight,26,-4,2,99.000,,,0
xfer_sink+meta+vae+inflight,26,-4,3,99.000,,,0
xfer_sink+meta+vae+inflight,27,-3,0,99.000,,,0
xfer_sink+meta+vae+inflight,27,-3,1,99.000,,,0
xfer_sink+meta+vae+inflight,27,-3,2,99.000,,,0
xfer_sink+meta+vae+inflight,27,-3,3,99.000,,,0
xfer_sink+meta+vae+inflight,28,-2,0,99.000,,,0
xfer_sink+meta+vae+inflight,28,-2,1,99.000,,,0
xfer_sink+meta+vae+inflight,28,-2,2,99.000,,,0
xfer_sink+meta+vae+inflight,28,-2,3,99.000,,,0
xfer_sink+meta+vae+inflight,29,-1,0,99.000,,,0
xfer_sink+meta+vae+inflight,29,-1,1,99.000,,,0
xfer_sink+meta+vae+inflight,29,-1,2,99.000,,,0
xfer_sink+meta+vae+inflight,29,-1,3,99.000,,,0
xfer_sink+meta+vae+inflight,30,0,0,27.577,0.8353,0.4287,0
xfer_sink+meta+vae+inflight,30,0,1,25.875,0.7971,0.4317,0
xfer_sink+meta+vae+inflight,30,0,2,24.935,0.7751,0.4279,0
xfer_sink+meta+vae+inflight,30,0,3,24.582,0.7659,0.4244,0
xfer_sink+meta+vae+inflight,31,1,0,24.861,0.8164,0.4119,0
xfer_sink+meta+vae+inflight,31,1,1,22.680,0.8151,0.4147,0
xfer_sink+meta+vae+inflight,31,1,2,21.996,0.8172,0.4021,0
xfer_sink+meta+vae+inflight,31,1,3,21.671,0.8179,0.4032,0
xfer_sink+meta+vae+inflight,32,2,0,21.191,0.8367,0.3961,0
xfer_sink+meta+vae+inflight,32,2,1,21.089,0.8396,0.4019,0
xfer_sink+meta+vae+inflight,32,2,2,22.417,0.8514,0.3938,0
xfer_sink+meta+vae+inflight,32,2,3,22.404,0.8494,0.3951,0
xfer_sink+meta+vae+inflight,33,3,0,23.309,0.8706,0.3980,0
xfer_sink+meta+vae+inflight,33,3,1,24.125,0.8800,0.4078,0
xfer_sink+meta+vae+inflight,33,3,2,24.181,0.8809,0.4036,0
xfer_sink+meta+vae+inflight,33,3,3,24.128,0.8802,0.4022,0
xfer_sink+meta+vae+inflight,34,4,0,24.906,0.8987,0.4017,0
xfer_sink+meta+vae+inflight,34,4,1,25.863,0.9089,0.4123,0
xfer_sink+meta+vae+inflight,34,4,2,26.227,0.9134,0.4036,0
xfer_sink+meta+vae+inflight,34,4,3,26.650,0.9167,0.4079,0
xfer_sink+meta+vae+inflight,35,5,0,28.322,0.9330,0.4105,0
xfer_sink+meta+vae+inflight,35,5,1,29.627,0.9412,0.4215,0
xfer_sink+meta+vae+inflight,35,5,2,29.355,0.9428,0.4100,0
xfer_sink+meta+vae+inflight,35,5,3,29.212,0.9423,0.4117,0
xfer_sink+meta+vae+inflight,36,6,0,30.225,0.9585,0.4125,0
xfer_sink+meta+vae+inflight,36,6,1,32.044,0.9643,0.4203,0
xfer_sink+meta+vae+inflight,36,6,2,32.887,0.9672,0.4104,0
xfer_sink+meta+vae+inflight,36,6,3,33.111,0.9673,0.4098,0
xfer_sink+meta+vae+inflight,37,7,0,34.051,0.9746,0.4129,0
xfer_sink+meta+vae+inflight,37,7,1,35.412,0.9774,0.4211,0
xfer_sink+meta+vae+inflight,37,7,2,36.621,0.9794,0.4134,0
xfer_sink+meta+vae+inflight,37,7,3,37.071,0.9793,0.4124,0
xfer_sink+meta+vae+inflight,38,8,0,38.020,0.9853,0.4171,0
xfer_sink+meta+vae+inflight,38,8,1,37.999,0.9857,0.4223,0
xfer_sink+meta+vae+inflight,38,8,2,37.940,0.9866,0.4159,0
xfer_sink+meta+vae+inflight,38,8,3,38.194,0.9867,0.4171,0
xfer_sink+meta+vae+inflight,39,9,0,39.024,0.9891,0.4172,0
xfer_sink+meta+vae+inflight,39,9,1,39.513,0.9895,0.4246,0
xfer_sink+meta+vae+inflight,39,9,2,39.818,0.9898,0.4254,0
xfer_sink+meta+vae+inflight,39,9,3,40.113,0.9899,0.4162,0
xfer_sink+meta+vae+inflight,40,10,0,40.188,0.9907,0.4185,0
xfer_sink+meta+vae+inflight,40,10,1,42.648,0.9920,0.3991,0
xfer_sink+meta+vae+inflight,40,10,2,43.099,0.9925,0.3931,0
xfer_sink+meta+vae+inflight,40,10,3,43.134,0.9922,0.3969,0
xfer_sink+meta+vae+inflight,41,11,0,44.717,0.9935,0.4000,0
xfer_sink+meta+vae+inflight,41,11,1,45.259,0.9934,0.4129,0
xfer_sink+meta+vae+inflight,41,11,2,45.374,0.9934,0.4125,0
xfer_sink+meta+vae+inflight,41,11,3,45.708,0.9935,0.4154,0
xfer_sink+meta+vae+inflight,42,12,0,46.201,0.9943,0.4184,0
xfer_sink+meta+vae+inflight,42,12,1,46.186,0.9943,0.4235,0
xfer_sink+meta+vae+inflight,42,12,2,45.989,0.9941,0.4192,0
xfer_sink+meta+vae+inflight,42,12,3,46.034,0.9943,0.4184,0
xfer_sink+meta+vae+inflight,43,13,0,47.037,0.9954,0.4218,0
xfer_sink+meta+vae+inflight,43,13,1,46.885,0.9952,0.4269,0
xfer_sink+meta+vae+inflight,43,13,2,46.707,0.9952,0.4203,0
xfer_sink+meta+vae+inflight,43,13,3,46.599,0.9951,0.4206,0
xfer_sink+meta+vae+inflight,44,14,0,47.397,0.9957,0.4216,0
xfer_sink+meta+vae+inflight,44,14,1,47.268,0.9956,0.4273,0
xfer_sink+meta+vae+inflight,44,14,2,47.362,0.9955,0.4225,0
xfer_sink+meta+vae+inflight,44,14,3,47.283,0.9954,0.4227,0
xfer_sink+meta+vae+inflight,45,15,0,47.995,0.9960,0.4257,0
xfer_sink+meta+vae+inflight,45,15,1,47.985,0.9960,0.4283,0
xfer_sink+meta+vae+inflight,45,15,2,47.632,0.9959,0.4246,0
xfer_sink+meta+vae+inflight,45,15,3,47.525,0.9958,0.4234,0
xfer_sink+meta+vae+inflight,46,16,0,48.645,0.9966,0.4210,0
xfer_sink+meta+vae+inflight,46,16,1,48.289,0.9966,0.4235,0
xfer_sink+meta+vae+inflight,46,16,2,48.010,0.9965,0.4189,0
xfer_sink+meta+vae+inflight,46,16,3,47.488,0.9965,0.4157,0
xfer_sink+meta+vae+inflight,47,17,0,48.283,0.9969,0.4116,0
xfer_sink+meta+vae+inflight,47,17,1,47.949,0.9968,0.4153,0
xfer_sink+meta+vae+inflight,47,17,2,47.904,0.9968,0.4116,0
xfer_sink+meta+vae+inflight,47,17,3,47.874,0.9967,0.4125,0
xfer_sink+meta+vae+inflight,48,18,0,48.733,0.9971,0.4107,0
xfer_sink+meta+vae+inflight,48,18,1,48.434,0.9970,0.4147,0
xfer_sink+meta+vae+inflight,48,18,2,48.057,0.9969,0.4153,0
xfer_sink+meta+vae+inflight,48,18,3,47.891,0.9968,0.4113,0
xfer_sink+meta+vae+inflight,49,19,0,47.823,0.9972,0.4148,0
xfer_sink+meta+vae+inflight,49,19,1,47.692,0.9970,0.4155,0
xfer_sink+meta+vae+inflight,49,19,2,46.963,0.9969,0.4201,0
xfer_sink+meta+vae+inflight,49,19,3,47.323,0.9968,0.4138,0
xfer_sink+meta+vae+inflight,50,20,0,48.166,0.9973,0.4150,0
xfer_sink+meta+vae+inflight,50,20,1,48.172,0.9971,0.4159,0
xfer_sink+meta+vae+inflight,50,20,2,47.517,0.9970,0.4198,0
xfer_sink+meta+vae+inflight,50,20,3,47.522,0.9969,0.4158,0
xfer_sink+meta+vae+inflight,51,21,0,48.550,0.9973,0.4147,0
xfer_sink+meta+vae+inflight,51,21,1,48.619,0.9972,0.4142,0
xfer_sink+meta+vae+inflight,51,21,2,48.346,0.9972,0.4181,0
xfer_sink+meta+vae+inflight,51,21,3,48.122,0.9971,0.4076,0
xfer_sink+meta+vae+inflight,52,22,0,48.521,0.9974,0.4094,0
xfer_sink+meta+vae+inflight,52,22,1,48.651,0.9973,0.4094,0
xfer_sink+meta+vae+inflight,52,22,2,48.232,0.9971,0.4130,0
xfer_sink+meta+vae+inflight,52,22,3,47.913,0.9970,0.4053,0
xfer_sink+meta+vae+inflight,53,23,0,48.258,0.9973,0.4066,0
xfer_sink+meta+vae+inflight,53,23,1,47.765,0.9972,0.4073,0
xfer_sink+meta+vae+inflight,53,23,2,47.337,0.9971,0.4134,0
xfer_sink+meta+vae+inflight,53,23,3,47.878,0.9970,0.4059,0
xfer_sink+meta+vae+inflight,54,24,0,47.958,0.9972,0.4037,0
xfer_sink+meta+vae+inflight,54,24,1,47.905,0.9971,0.4062,0
xfer_sink+meta+vae+inflight,54,24,2,48.030,0.9971,0.4153,0
xfer_sink+meta+vae+inflight,54,24,3,48.195,0.9971,0.4059,0
xfer_sink+meta+vae+inflight,55,25,0,48.232,0.9972,0.4116,0
xfer_sink+meta+vae+inflight,55,25,1,48.108,0.9972,0.4166,0
xfer_sink+meta+vae+inflight,55,25,2,47.934,0.9971,0.4264,0
xfer_sink+meta+vae+inflight,55,25,3,47.171,0.9970,0.4144,0
xfer_sink+meta+vae+inflight,56,26,0,48.032,0.9973,0.4215,0
xfer_sink+meta+vae+inflight,56,26,1,48.023,0.9972,0.4216,0
xfer_sink+meta+vae+inflight,56,26,2,47.313,0.9970,0.4269,0
xfer_sink+meta+vae+inflight,56,26,3,47.444,0.9970,0.4173,0
xfer_sink+meta+vae+inflight,57,27,0,47.288,0.9970,0.4225,0
xfer_sink+meta+vae+inflight,57,27,1,46.761,0.9968,0.4209,0
xfer_sink+meta+vae+inflight,57,27,2,46.068,0.9966,0.4276,0
xfer_sink+meta+vae+inflight,57,27,3,45.977,0.9964,0.4170,0
xfer_sink+meta+vae+inflight,58,28,0,47.378,0.9969,0.4223,0
xfer_sink+meta+vae+inflight,58,28,1,47.678,0.9969,0.4242,0
xfer_sink+meta+vae+inflight,58,28,2,47.245,0.9968,0.4301,0
xfer_sink+meta+vae+inflight,58,28,3,46.986,0.9966,0.4207,0
xfer_sink+meta+vae+inflight,59,29,0,47.616,0.9970,0.4266,0
xfer_sink+meta+vae+inflight,59,29,1,47.579,0.9969,0.4277,0
xfer_sink+meta+vae+inflight,59,29,2,47.062,0.9967,0.4340,0
xfer_sink+meta+vae+inflight,59,29,3,46.139,0.9964,0.4338,0
xfer_sink+meta+vae+inflight,60,30,0,46.501,0.9967,0.4179,0
xfer_sink+meta+vae+inflight,60,30,1,45.940,0.9963,0.4225,0
xfer_sink+meta+vae+inflight,60,30,2,46.577,0.9965,0.4068,0
xfer_sink+meta+vae+inflight,60,30,3,46.346,0.9964,0.4032,0
xfer_sink+meta+vae+inflight,61,31,0,47.813,0.9968,0.4108,0
xfer_sink+meta+vae+inflight,61,31,1,47.780,0.9968,0.4074,0
xfer_sink+meta+vae+inflight,61,31,2,47.668,0.9967,0.4166,0
xfer_sink+meta+vae+inflight,61,31,3,47.782,0.9967,0.4137,0
xfer_sink+meta+vae+inflight,62,32,0,47.634,0.9967,0.4192,0
xfer_sink+meta+vae+inflight,62,32,1,46.904,0.9964,0.4221,0
xfer_sink+meta+vae+inflight,62,32,2,46.575,0.9962,0.4241,0
xfer_sink+meta+vae+inflight,62,32,3,46.117,0.9961,0.4161,0
xfer_sink+meta+vae+inflight,63,33,0,46.568,0.9963,0.4205,0
xfer_sink+meta+vae+inflight,63,33,1,46.594,0.9962,0.4253,0
xfer_sink+meta+vae+inflight,63,33,2,46.462,0.9961,0.4303,0
xfer_sink+meta+vae+inflight,63,33,3,46.543,0.9959,0.4214,0
xfer_sink+meta+vae+inflight,64,34,0,47.342,0.9963,0.4234,0
xfer_sink+meta+vae+inflight,64,34,1,47.348,0.9963,0.4224,0
xfer_sink+meta+vae+inflight,64,34,2,47.275,0.9962,0.4270,0
xfer_sink+meta+vae+inflight,64,34,3,47.122,0.9961,0.4201,0
xfer_sink+meta+vae+inflight,65,35,0,48.511,0.9968,0.4230,0
xfer_sink+meta+vae+inflight,65,35,1,48.378,0.9967,0.4241,0
xfer_sink+meta+vae+inflight,65,35,2,48.166,0.9966,0.4267,0
xfer_sink+meta+vae+inflight,65,35,3,48.082,0.9965,0.4217,0
xfer_sink+meta+vae+inflight,66,36,0,48.685,0.9969,0.4232,0
xfer_sink+meta+vae+inflight,66,36,1,48.096,0.9967,0.4214,0
xfer_sink+meta+vae+inflight,66,36,2,48.130,0.9967,0.4249,0
xfer_sink+meta+vae+inflight,66,36,3,48.138,0.9967,0.4201,0
xfer_sink+meta+vae+inflight,67,37,0,48.529,0.9970,0.4190,0
xfer_sink+meta+vae+inflight,67,37,1,48.186,0.9968,0.4157,0
xfer_sink+meta+vae+inflight,67,37,2,48.065,0.9968,0.4183,0
xfer_sink+meta+vae+inflight,67,37,3,47.923,0.9967,0.4133,0
xfer_sink+meta+vae+inflight,68,38,0,48.476,0.9969,0.4152,0
xfer_sink+meta+vae+inflight,68,38,1,47.991,0.9967,0.4153,0
xfer_sink+meta+vae+inflight,68,38,2,47.862,0.9966,0.4191,0
xfer_sink+meta+vae+inflight,68,38,3,47.594,0.9964,0.4199,0
xfer_sink+meta+vae+inflight,69,39,0,48.484,0.9970,0.4158,0
xfer_sink+meta+vae+inflight,69,39,1,48.175,0.9970,0.4190,0
xfer_sink+meta+vae+inflight,69,39,2,48.094,0.9968,0.4208,0
xfer_sink+meta+vae+inflight,69,39,3,47.862,0.9967,0.4243,0
xfer_meta,1,-29,0,99.000,,,0
xfer_meta,1,-29,1,99.000,,,0
xfer_meta,1,-29,2,99.000,,,0
xfer_meta,1,-29,3,99.000,,,0
xfer_meta,2,-28,0,99.000,,,0
xfer_meta,2,-28,1,99.000,,,0
xfer_meta,2,-28,2,99.000,,,0
xfer_meta,2,-28,3,99.000,,,0
xfer_meta,3,-27,0,99.000,,,0
xfer_meta,3,-27,1,99.000,,,0
xfer_meta,3,-27,2,99.000,,,0
xfer_meta,3,-27,3,99.000,,,0
xfer_meta,4,-26,0,99.000,,,0
xfer_meta,4,-26,1,99.000,,,0
xfer_meta,4,-26,2,99.000,,,0
xfer_meta,4,-26,3,99.000,,,0
xfer_meta,5,-25,0,99.000,,,0
xfer_meta,5,-25,1,99.000,,,0
xfer_meta,5,-25,2,99.000,,,0
xfer_meta,5,-25,3,99.000,,,0
xfer_meta,6,-24,0,99.000,,,0
xfer_meta,6,-24,1,99.000,,,0
xfer_meta,6,-24,2,99.000,,,0
xfer_meta,6,-24,3,99.000,,,0
xfer_meta,7,-23,0,99.000,,,0
xfer_meta,7,-23,1,99.000,,,0
xfer_meta,7,-23,2,99.000,,,0
xfer_meta,7,-23,3,99.000,,,0
xfer_meta,8,-22,0,99.000,,,0
xfer_meta,8,-22,1,99.000,,,0
xfer_meta,8,-22,2,99.000,,,0
xfer_meta,8,-22,3,99.000,,,0
xfer_meta,9,-21,0,99.000,,,0
xfer_meta,9,-21,1,99.000,,,0
xfer_meta,9,-21,2,99.000,,,0
xfer_meta,9,-21,3,99.000,,,0
xfer_meta,10,-20,0,99.000,,,0
xfer_meta,10,-20,1,99.000,,,0
xfer_meta,10,-20,2,99.000,,,0
xfer_meta,10,-20,3,99.000,,,0
xfer_meta,11,-19,0,99.000,,,0
xfer_meta,11,-19,1,99.000,,,0
xfer_meta,11,-19,2,99.000,,,0
xfer_meta,11,-19,3,99.000,,,0
xfer_meta,12,-18,0,99.000,,,0
xfer_meta,12,-18,1,99.000,,,0
xfer_meta,12,-18,2,99.000,,,0
xfer_meta,12,-18,3,99.000,,,0
xfer_meta,13,-17,0,99.000,,,0
xfer_meta,13,-17,1,99.000,,,0
xfer_meta,13,-17,2,99.000,,,0
xfer_meta,13,-17,3,99.000,,,0
xfer_meta,14,-16,0,99.000,,,0
xfer_meta,14,-16,1,99.000,,,0
xfer_meta,14,-16,2,99.000,,,0
xfer_meta,14,-16,3,99.000,,,0
xfer_meta,15,-15,0,99.000,,,0
xfer_meta,15,-15,1,99.000,,,0
xfer_meta,15,-15,2,99.000,,,0
xfer_meta,15,-15,3,99.000,,,0
xfer_meta,16,-14,0,99.000,,,0
xfer_meta,16,-14,1,99.000,,,0
xfer_meta,16,-14,2,99.000,,,0
xfer_meta,16,-14,3,99.000,,,0
xfer_meta,17,-13,0,99.000,,,0
xfer_meta,17,-13,1,99.000,,,0
xfer_meta,17,-13,2,99.000,,,0
xfer_meta,17,-13,3,99.000,,,0
xfer_meta,18,-12,0,99.000,,,0
xfer_meta,18,-12,1,99.000,,,0
xfer_meta,18,-12,2,99.000,,,0
xfer_meta,18,-12,3,99.000,,,0
xfer_meta,19,-11,0,99.000,,,0
xfer_meta,19,-11,1,99.000,,,0
xfer_meta,19,-11,2,99.000,,,0
xfer_meta,19,-11,3,99.000,,,0
xfer_meta,20,-10,0,99.000,,,0
xfer_meta,20,-10,1,99.000,,,0
xfer_meta,20,-10,2,99.000,,,0
xfer_meta,20,-10,3,99.000,,,0
xfer_meta,21,-9,0,99.000,,,0
xfer_meta,21,-9,1,99.000,,,0
xfer_meta,21,-9,2,99.000,,,0
xfer_meta,21,-9,3,99.000,,,0
xfer_meta,22,-8,0,99.000,,,0
xfer_meta,22,-8,1,99.000,,,0
xfer_meta,22,-8,2,99.000,,,0
xfer_meta,22,-8,3,99.000,,,0
xfer_meta,23,-7,0,99.000,,,0
xfer_meta,23,-7,1,99.000,,,0
xfer_meta,23,-7,2,99.000,,,0
xfer_meta,23,-7,3,99.000,,,0
xfer_meta,24,-6,0,99.000,,,0
xfer_meta,24,-6,1,99.000,,,0
xfer_meta,24,-6,2,99.000,,,0
xfer_meta,24,-6,3,99.000,,,0
xfer_meta,25,-5,0,99.000,,,0
xfer_meta,25,-5,1,99.000,,,0
xfer_meta,25,-5,2,99.000,,,0
xfer_meta,25,-5,3,99.000,,,0
xfer_meta,26,-4,0,99.000,,,0
xfer_meta,26,-4,1,99.000,,,0
xfer_meta,26,-4,2,99.000,,,0
xfer_meta,26,-4,3,99.000,,,0
xfer_meta,27,-3,0,99.000,,,0
xfer_meta,27,-3,1,99.000,,,0
xfer_meta,27,-3,2,99.000,,,0
xfer_meta,27,-3,3,99.000,,,0
xfer_meta,28,-2,0,99.000,,,0
xfer_meta,28,-2,1,99.000,,,0
xfer_meta,28,-2,2,99.000,,,0
xfer_meta,28,-2,3,99.000,,,0
xfer_meta,29,-1,0,99.000,,,0
xfer_meta,29,-1,1,99.000,,,0
xfer_meta,29,-1,2,99.000,,,0
xfer_meta,29,-1,3,99.000,,,0
xfer_meta,30,0,0,10.470,0.2176,0.1935,0
xfer_meta,30,0,1,10.411,0.2707,0.2315,0
xfer_meta,30,0,2,10.435,0.2710,0.2383,0
xfer_meta,30,0,3,10.440,0.2639,0.2315,0
xfer_meta,31,1,0,15.023,0.5251,0.3927,0
xfer_meta,31,1,1,15.171,0.5525,0.3985,0
xfer_meta,31,1,2,15.370,0.5708,0.3812,0
xfer_meta,31,1,3,15.448,0.5729,0.3771,0
xfer_meta,32,2,0,15.967,0.6124,0.3977,0
xfer_meta,32,2,1,16.959,0.6315,0.4135,0
xfer_meta,32,2,2,16.727,0.6281,0.4114,0
xfer_meta,32,2,3,16.435,0.6258,0.4057,0
xfer_meta,33,3,0,16.560,0.6573,0.4039,0
xfer_meta,33,3,1,18.073,0.6824,0.4232,0
xfer_meta,33,3,2,17.417,0.6782,0.4162,0
xfer_meta,33,3,3,17.006,0.6733,0.4077,0
xfer_meta,34,4,0,16.944,0.6912,0.4007,0
xfer_meta,34,4,1,18.030,0.7068,0.4205,0
xfer_meta,34,4,2,17.918,0.7027,0.4041,0
xfer_meta,34,4,3,17.348,0.6923,0.3999,0
xfer_meta,35,5,0,17.348,0.7208,0.4009,0
xfer_meta,35,5,1,17.907,0.7371,0.4178,0
xfer_meta,35,5,2,18.138,0.7345,0.4042,0
xfer_meta,35,5,3,17.916,0.7298,0.3996,0
xfer_meta,36,6,0,17.799,0.7382,0.4007,0
xfer_meta,36,6,1,18.222,0.7425,0.4143,0
xfer_meta,36,6,2,18.186,0.7374,0.4035,0
xfer_meta,36,6,3,17.936,0.7298,0.4006,0
xfer_meta,37,7,0,17.927,0.7390,0.4067,0
xfer_meta,37,7,1,18.061,0.7428,0.4179,0
xfer_meta,37,7,2,18.225,0.7405,0.4117,0
xfer_meta,37,7,3,17.947,0.7346,0.4074,0
xfer_meta,38,8,0,18.015,0.7443,0.4186,0
xfer_meta,38,8,1,18.008,0.7435,0.4249,0
xfer_meta,38,8,2,18.075,0.7432,0.4172,0
xfer_meta,38,8,3,18.196,0.7394,0.4168,0
xfer_meta,39,9,0,18.346,0.7529,0.4192,0
xfer_meta,39,9,1,18.474,0.7570,0.4266,0
xfer_meta,39,9,2,18.302,0.7523,0.4243,0
xfer_meta,39,9,3,18.403,0.7512,0.4124,0
xfer_meta,40,10,0,18.295,0.7551,0.4150,0
xfer_meta,40,10,1,18.351,0.7334,0.4013,0
xfer_meta,40,10,2,18.288,0.7357,0.3968,0
xfer_meta,40,10,3,18.054,0.7318,0.3964,0
xfer_meta,41,11,0,18.449,0.7450,0.4017,0
xfer_meta,41,11,1,18.376,0.7399,0.4091,0
xfer_meta,41,11,2,18.344,0.7373,0.4082,0
xfer_meta,41,11,3,18.395,0.7313,0.4108,0
xfer_meta,42,12,0,19.108,0.7457,0.4175,0
xfer_meta,42,12,1,19.965,0.7527,0.4232,0
xfer_meta,42,12,2,19.992,0.7529,0.4182,0
xfer_meta,42,12,3,19.825,0.7473,0.4158,0
xfer_meta,43,13,0,20.370,0.7620,0.4232,0
xfer_meta,43,13,1,20.343,0.7607,0.4290,0
xfer_meta,43,13,2,20.276,0.7600,0.4232,0
xfer_meta,43,13,3,20.310,0.7578,0.4221,0
xfer_meta,44,14,0,20.299,0.7572,0.4230,0
xfer_meta,44,14,1,20.214,0.7527,0.4265,0
xfer_meta,44,14,2,19.994,0.7455,0.4187,0
xfer_meta,44,14,3,19.834,0.7394,0.4160,0
xfer_meta,45,15,0,19.771,0.7394,0.4218,0
xfer_meta,45,15,1,19.609,0.7341,0.4233,0
xfer_meta,45,15,2,19.493,0.7269,0.4201,0
xfer_meta,45,15,3,19.330,0.7201,0.4189,0
xfer_meta,46,16,0,19.139,0.7346,0.4203,0
xfer_meta,46,16,1,19.072,0.7339,0.4252,0
xfer_meta,46,16,2,18.970,0.7310,0.4215,0
xfer_meta,46,16,3,18.810,0.7271,0.4175,0
xfer_meta,47,17,0,18.929,0.7378,0.4189,0
xfer_meta,47,17,1,18.716,0.7364,0.4236,0
xfer_meta,47,17,2,18.506,0.7321,0.4172,0
xfer_meta,47,17,3,18.334,0.7294,0.4166,0
xfer_meta,48,18,0,18.243,0.7365,0.4149,0
xfer_meta,48,18,1,18.000,0.7359,0.4188,0
xfer_meta,48,18,2,18.000,0.7336,0.4202,0
xfer_meta,48,18,3,18.004,0.7305,0.4157,0
xfer_meta,49,19,0,18.017,0.7358,0.4188,0
xfer_meta,49,19,1,18.368,0.7365,0.4204,0
xfer_meta,49,19,2,18.559,0.7349,0.4280,0
xfer_meta,49,19,3,18.724,0.7313,0.4211,0
xfer_meta,50,20,0,18.882,0.7330,0.4236,0
xfer_meta,50,20,1,19.154,0.7335,0.4242,0
xfer_meta,50,20,2,19.162,0.7297,0.4267,0
xfer_meta,50,20,3,19.202,0.7258,0.4215,0
xfer_meta,51,21,0,19.220,0.7296,0.4203,0
xfer_meta,51,21,1,19.125,0.7300,0.4184,0
xfer_meta,51,21,2,18.464,0.7270,0.4234,0
xfer_meta,51,21,3,18.196,0.7240,0.4116,0
xfer_meta,52,22,0,18.420,0.7322,0.4176,0
xfer_meta,52,22,1,18.605,0.7304,0.4214,0
xfer_meta,52,22,2,18.608,0.7302,0.4252,0
xfer_meta,52,22,3,18.593,0.7284,0.4161,0
xfer_meta,53,23,0,18.482,0.7349,0.4154,0
xfer_meta,53,23,1,19.041,0.7367,0.4204,0
xfer_meta,53,23,2,19.188,0.7393,0.4265,0
xfer_meta,53,23,3,18.864,0.7362,0.4150,0
xfer_meta,54,24,0,18.566,0.7382,0.4057,0
xfer_meta,54,24,1,18.806,0.7420,0.4106,0
xfer_meta,54,24,2,18.867,0.7438,0.4176,0
xfer_meta,54,24,3,18.851,0.7408,0.4061,0
xfer_meta,55,25,0,18.838,0.7521,0.4111,0
xfer_meta,55,25,1,19.111,0.7530,0.4177,0
xfer_meta,55,25,2,19.339,0.7483,0.4258,0
xfer_meta,55,25,3,18.576,0.7395,0.4059,0
xfer_meta,56,26,0,18.948,0.7539,0.4237,0
xfer_meta,56,26,1,19.366,0.7593,0.4259,0
xfer_meta,56,26,2,19.501,0.7576,0.4305,0
xfer_meta,56,26,3,19.177,0.7512,0.4166,0
xfer_meta,57,27,0,19.532,0.7609,0.4223,0
xfer_meta,57,27,1,19.832,0.7638,0.4224,0
xfer_meta,57,27,2,19.426,0.7590,0.4289,0
xfer_meta,57,27,3,19.351,0.7573,0.4163,0
xfer_meta,58,28,0,19.415,0.7714,0.4188,0
xfer_meta,58,28,1,19.140,0.7700,0.4230,0
xfer_meta,58,28,2,19.314,0.7728,0.4272,0
xfer_meta,58,28,3,19.263,0.7703,0.4156,0
xfer_meta,59,29,0,19.161,0.7775,0.4157,0
xfer_meta,59,29,1,19.136,0.7787,0.4147,0
xfer_meta,59,29,2,18.878,0.7766,0.4201,0
xfer_meta,59,29,3,18.951,0.7752,0.4182,0
xfer_meta,60,30,0,18.680,0.7735,0.4041,0
xfer_meta,60,30,1,18.850,0.7723,0.4068,0
xfer_meta,60,30,2,18.250,0.7474,0.3947,0
xfer_meta,60,30,3,18.248,0.7412,0.3868,0
xfer_meta,61,31,0,18.576,0.7519,0.4033,0
xfer_meta,61,31,1,18.626,0.7598,0.3986,0
xfer_meta,61,31,2,18.604,0.7594,0.4065,0
xfer_meta,61,31,3,18.545,0.7565,0.4040,0
xfer_meta,62,32,0,18.924,0.7625,0.4147,0
xfer_meta,62,32,1,19.516,0.7693,0.4207,0
xfer_meta,62,32,2,19.577,0.7690,0.4250,0
xfer_meta,62,32,3,19.478,0.7671,0.4166,0
xfer_meta,63,33,0,19.722,0.7733,0.4203,0
xfer_meta,63,33,1,20.103,0.7773,0.4248,0
xfer_meta,63,33,2,20.065,0.7764,0.4289,0
xfer_meta,63,33,3,19.743,0.7686,0.4183,0
xfer_meta,64,34,0,20.030,0.7694,0.4202,0
xfer_meta,64,34,1,20.289,0.7727,0.4196,0
xfer_meta,64,34,2,20.393,0.7728,0.4240,0
xfer_meta,64,34,3,20.385,0.7697,0.4157,0
xfer_meta,65,35,0,20.295,0.7657,0.4176,0
xfer_meta,65,35,1,20.242,0.7625,0.4175,0
xfer_meta,65,35,2,20.058,0.7552,0.4190,0
xfer_meta,65,35,3,19.900,0.7490,0.4134,0
xfer_meta,66,36,0,19.725,0.7432,0.4167,0
xfer_meta,66,36,1,20.027,0.7457,0.4182,0
xfer_meta,66,36,2,20.241,0.7480,0.4222,0
xfer_meta,66,36,3,19.970,0.7414,0.4170,0
xfer_meta,67,37,0,20.167,0.7420,0.4200,0
xfer_meta,67,37,1,20.036,0.7384,0.4176,0
xfer_meta,67,37,2,19.890,0.7345,0.4203,0
xfer_meta,67,37,3,19.424,0.7292,0.4131,0
xfer_meta,68,38,0,19.039,0.7293,0.4190,0
xfer_meta,68,38,1,18.541,0.7252,0.4173,0
xfer_meta,68,38,2,18.836,0.7244,0.4225,0
xfer_meta,68,38,3,18.848,0.7203,0.4225,0
xfer_meta,69,39,0,19.243,0.7256,0.4181,0
xfer_meta,69,39,1,19.306,0.7264,0.4195,0
xfer_meta,69,39,2,19.211,0.7202,0.4205,0
xfer_meta,69,39,3,19.228,0.7176,0.4235,0
xfer_meta+vae+inflight,1,-29,0,99.000,,,0
xfer_meta+vae+inflight,1,-29,1,99.000,,,0
xfer_meta+vae+inflight,1,-29,2,99.000,,,0
xfer_meta+vae+inflight,1,-29,3,99.000,,,0
xfer_meta+vae+inflight,2,-28,0,99.000,,,0
xfer_meta+vae+inflight,2,-28,1,99.000,,,0
xfer_meta+vae+inflight,2,-28,2,99.000,,,0
xfer_meta+vae+inflight,2,-28,3,99.000,,,0
xfer_meta+vae+inflight,3,-27,0,99.000,,,0
xfer_meta+vae+inflight,3,-27,1,99.000,,,0
xfer_meta+vae+inflight,3,-27,2,99.000,,,0
xfer_meta+vae+inflight,3,-27,3,99.000,,,0
xfer_meta+vae+inflight,4,-26,0,99.000,,,0
xfer_meta+vae+inflight,4,-26,1,99.000,,,0
xfer_meta+vae+inflight,4,-26,2,99.000,,,0
xfer_meta+vae+inflight,4,-26,3,99.000,,,0
xfer_meta+vae+inflight,5,-25,0,99.000,,,0
xfer_meta+vae+inflight,5,-25,1,99.000,,,0
xfer_meta+vae+inflight,5,-25,2,99.000,,,0
xfer_meta+vae+inflight,5,-25,3,99.000,,,0
xfer_meta+vae+inflight,6,-24,0,99.000,,,0
xfer_meta+vae+inflight,6,-24,1,99.000,,,0
xfer_meta+vae+inflight,6,-24,2,99.000,,,0
xfer_meta+vae+inflight,6,-24,3,99.000,,,0
xfer_meta+vae+inflight,7,-23,0,99.000,,,0
xfer_meta+vae+inflight,7,-23,1,99.000,,,0
xfer_meta+vae+inflight,7,-23,2,99.000,,,0
xfer_meta+vae+inflight,7,-23,3,99.000,,,0
xfer_meta+vae+inflight,8,-22,0,99.000,,,0
xfer_meta+vae+inflight,8,-22,1,99.000,,,0
xfer_meta+vae+inflight,8,-22,2,99.000,,,0
xfer_meta+vae+inflight,8,-22,3,99.000,,,0
xfer_meta+vae+inflight,9,-21,0,99.000,,,0
xfer_meta+vae+inflight,9,-21,1,99.000,,,0
xfer_meta+vae+inflight,9,-21,2,99.000,,,0
xfer_meta+vae+inflight,9,-21,3,99.000,,,0
xfer_meta+vae+inflight,10,-20,0,99.000,,,0
xfer_meta+vae+inflight,10,-20,1,99.000,,,0
xfer_meta+vae+inflight,10,-20,2,99.000,,,0
xfer_meta+vae+inflight,10,-20,3,99.000,,,0
xfer_meta+vae+inflight,11,-19,0,99.000,,,0
xfer_meta+vae+inflight,11,-19,1,99.000,,,0
xfer_meta+vae+inflight,11,-19,2,99.000,,,0
xfer_meta+vae+inflight,11,-19,3,99.000,,,0
xfer_meta+vae+inflight,12,-18,0,99.000,,,0
xfer_meta+vae+inflight,12,-18,1,99.000,,,0
xfer_meta+vae+inflight,12,-18,2,99.000,,,0
xfer_meta+vae+inflight,12,-18,3,99.000,,,0
xfer_meta+vae+inflight,13,-17,0,99.000,,,0
xfer_meta+vae+inflight,13,-17,1,99.000,,,0
xfer_meta+vae+inflight,13,-17,2,99.000,,,0
xfer_meta+vae+inflight,13,-17,3,99.000,,,0
xfer_meta+vae+inflight,14,-16,0,99.000,,,0
xfer_meta+vae+inflight,14,-16,1,99.000,,,0
xfer_meta+vae+inflight,14,-16,2,99.000,,,0
xfer_meta+vae+inflight,14,-16,3,99.000,,,0
xfer_meta+vae+inflight,15,-15,0,99.000,,,0
xfer_meta+vae+inflight,15,-15,1,99.000,,,0
xfer_meta+vae+inflight,15,-15,2,99.000,,,0
xfer_meta+vae+inflight,15,-15,3,99.000,,,0
xfer_meta+vae+inflight,16,-14,0,99.000,,,0
xfer_meta+vae+inflight,16,-14,1,99.000,,,0
xfer_meta+vae+inflight,16,-14,2,99.000,,,0
xfer_meta+vae+inflight,16,-14,3,99.000,,,0
xfer_meta+vae+inflight,17,-13,0,99.000,,,0
xfer_meta+vae+inflight,17,-13,1,99.000,,,0
xfer_meta+vae+inflight,17,-13,2,99.000,,,0
xfer_meta+vae+inflight,17,-13,3,99.000,,,0
xfer_meta+vae+inflight,18,-12,0,99.000,,,0
xfer_meta+vae+inflight,18,-12,1,99.000,,,0
xfer_meta+vae+inflight,18,-12,2,99.000,,,0
xfer_meta+vae+inflight,18,-12,3,99.000,,,0
xfer_meta+vae+inflight,19,-11,0,99.000,,,0
xfer_meta+vae+inflight,19,-11,1,99.000,,,0
xfer_meta+vae+inflight,19,-11,2,99.000,,,0
xfer_meta+vae+inflight,19,-11,3,99.000,,,0
xfer_meta+vae+inflight,20,-10,0,99.000,,,0
xfer_meta+vae+inflight,20,-10,1,99.000,,,0
xfer_meta+vae+inflight,20,-10,2,99.000,,,0
xfer_meta+vae+inflight,20,-10,3,99.000,,,0
xfer_meta+vae+inflight,21,-9,0,99.000,,,0
xfer_meta+vae+inflight,21,-9,1,99.000,,,0
xfer_meta+vae+inflight,21,-9,2,99.000,,,0
xfer_meta+vae+inflight,21,-9,3,99.000,,,0
xfer_meta+vae+inflight,22,-8,0,99.000,,,0
xfer_meta+vae+inflight,22,-8,1,99.000,,,0
xfer_meta+vae+inflight,22,-8,2,99.000,,,0
xfer_meta+vae+inflight,22,-8,3,99.000,,,0
xfer_meta+vae+inflight,23,-7,0,99.000,,,0
xfer_meta+vae+inflight,23,-7,1,99.000,,,0
xfer_meta+vae+inflight,23,-7,2,99.000,,,0
xfer_meta+vae+inflight,23,-7,3,99.000,,,0
xfer_meta+vae+inflight,24,-6,0,99.000,,,0
xfer_meta+vae+inflight,24,-6,1,99.000,,,0
xfer_meta+vae+inflight,24,-6,2,99.000,,,0
xfer_meta+vae+inflight,24,-6,3,99.000,,,0
xfer_meta+vae+inflight,25,-5,0,99.000,,,0
xfer_meta+vae+inflight,25,-5,1,99.000,,,0
xfer_meta+vae+inflight,25,-5,2,99.000,,,0
xfer_meta+vae+inflight,25,-5,3,99.000,,,0
xfer_meta+vae+inflight,26,-4,0,99.000,,,0
xfer_meta+vae+inflight,26,-4,1,99.000,,,0
xfer_meta+vae+inflight,26,-4,2,99.000,,,0
xfer_meta+vae+inflight,26,-4,3,99.000,,,0
xfer_meta+vae+inflight,27,-3,0,99.000,,,0
xfer_meta+vae+inflight,27,-3,1,99.000,,,0
xfer_meta+vae+inflight,27,-3,2,99.000,,,0
xfer_meta+vae+inflight,27,-3,3,99.000,,,0
xfer_meta+vae+inflight,28,-2,0,99.000,,,0
xfer_meta+vae+inflight,28,-2,1,99.000,,,0
xfer_meta+vae+inflight,28,-2,2,99.000,,,0
xfer_meta+vae+inflight,28,-2,3,99.000,,,0
xfer_meta+vae+inflight,29,-1,0,99.000,,,0
xfer_meta+vae+inflight,29,-1,1,99.000,,,0
xfer_meta+vae+inflight,29,-1,2,99.000,,,0
xfer_meta+vae+inflight,29,-1,3,99.000,,,0
xfer_meta+vae+inflight,30,0,0,22.939,0.7371,0.4100,0
xfer_meta+vae+inflight,30,0,1,21.149,0.6989,0.4076,0
xfer_meta+vae+inflight,30,0,2,20.243,0.6739,0.3959,0
xfer_meta+vae+inflight,30,0,3,19.976,0.6632,0.3892,0
xfer_meta+vae+inflight,31,1,0,17.811,0.6619,0.3980,0
xfer_meta+vae+inflight,31,1,1,16.786,0.6429,0.3993,0
xfer_meta+vae+inflight,31,1,2,16.413,0.6338,0.3889,0
xfer_meta+vae+inflight,31,1,3,16.203,0.6293,0.3865,0
xfer_meta+vae+inflight,32,2,0,16.364,0.6533,0.3936,0
xfer_meta+vae+inflight,32,2,1,17.023,0.6542,0.4022,0
xfer_meta+vae+inflight,32,2,2,16.999,0.6549,0.3957,0
xfer_meta+vae+inflight,32,2,3,16.547,0.6499,0.3893,0
xfer_meta+vae+inflight,33,3,0,16.463,0.6656,0.3900,0
xfer_meta+vae+inflight,33,3,1,16.668,0.6822,0.4126,0
xfer_meta+vae+inflight,33,3,2,16.947,0.6830,0.4060,0
xfer_meta+vae+inflight,33,3,3,17.036,0.6781,0.3973,0
xfer_meta+vae+inflight,34,4,0,16.797,0.6903,0.3941,0
xfer_meta+vae+inflight,34,4,1,17.218,0.7011,0.4147,0
xfer_meta+vae+inflight,34,4,2,17.166,0.6972,0.3993,0
xfer_meta+vae+inflight,34,4,3,16.894,0.6907,0.3968,0
xfer_meta+vae+inflight,35,5,0,16.985,0.7118,0.4041,0
xfer_meta+vae+inflight,35,5,1,17.176,0.7218,0.4219,0
xfer_meta+vae+inflight,35,5,2,17.147,0.7198,0.4063,0
xfer_meta+vae+inflight,35,5,3,17.073,0.7147,0.4012,0
xfer_meta+vae+inflight,36,6,0,17.106,0.7181,0.4046,0
xfer_meta+vae+inflight,36,6,1,17.173,0.7208,0.4161,0
xfer_meta+vae+inflight,36,6,2,17.216,0.7153,0.4069,0
xfer_meta+vae+inflight,36,6,3,17.057,0.7079,0.4037,0
xfer_meta+vae+inflight,37,7,0,16.943,0.7175,0.4101,0
xfer_meta+vae+inflight,37,7,1,16.881,0.7208,0.4206,0
xfer_meta+vae+inflight,37,7,2,16.960,0.7167,0.4119,0
xfer_meta+vae+inflight,37,7,3,16.528,0.7097,0.4073,0
xfer_meta+vae+inflight,38,8,0,16.557,0.7208,0.4201,0
xfer_meta+vae+inflight,38,8,1,16.515,0.7191,0.4259,0
xfer_meta+vae+inflight,38,8,2,16.572,0.7180,0.4169,0
xfer_meta+vae+inflight,38,8,3,16.642,0.7137,0.4154,0
xfer_meta+vae+inflight,39,9,0,16.777,0.7303,0.4189,0
xfer_meta+vae+inflight,39,9,1,16.902,0.7326,0.4250,0
xfer_meta+vae+inflight,39,9,2,16.871,0.7302,0.4230,0
xfer_meta+vae+inflight,39,9,3,16.864,0.7273,0.4109,0
xfer_meta+vae+inflight,40,10,0,16.723,0.7333,0.4126,0
xfer_meta+vae+inflight,40,10,1,16.441,0.7081,0.3895,0
xfer_meta+vae+inflight,40,10,2,16.323,0.7137,0.3870,0
xfer_meta+vae+inflight,40,10,3,16.376,0.7106,0.3873,0
xfer_meta+vae+inflight,41,11,0,16.896,0.7282,0.4017,0
xfer_meta+vae+inflight,41,11,1,16.972,0.7252,0.4100,0
xfer_meta+vae+inflight,41,11,2,17.009,0.7223,0.4094,0
xfer_meta+vae+inflight,41,11,3,17.144,0.7171,0.4124,0
xfer_meta+vae+inflight,42,12,0,18.760,0.7393,0.4205,0
xfer_meta+vae+inflight,42,12,1,18.725,0.7398,0.4237,0
xfer_meta+vae+inflight,42,12,2,18.663,0.7405,0.4172,0
xfer_meta+vae+inflight,42,12,3,18.541,0.7376,0.4143,0
xfer_meta+vae+inflight,43,13,0,18.907,0.7501,0.4221,0
xfer_meta+vae+inflight,43,13,1,19.002,0.7515,0.4276,0
xfer_meta+vae+inflight,43,13,2,18.997,0.7496,0.4216,0
xfer_meta+vae+inflight,43,13,3,18.936,0.7462,0.4210,0
xfer_meta+vae+inflight,44,14,0,18.967,0.7441,0.4233,0
xfer_meta+vae+inflight,44,14,1,18.911,0.7402,0.4280,0
xfer_meta+vae+inflight,44,14,2,18.800,0.7322,0.4208,0
xfer_meta+vae+inflight,44,14,3,18.719,0.7261,0.4184,0
xfer_meta+vae+inflight,45,15,0,18.645,0.7251,0.4252,0
xfer_meta+vae+inflight,45,15,1,18.493,0.7200,0.4279,0
xfer_meta+vae+inflight,45,15,2,18.345,0.7111,0.4229,0
xfer_meta+vae+inflight,45,15,3,18.199,0.7040,0.4190,0
xfer_meta+vae+inflight,46,16,0,18.110,0.7191,0.4216,0
xfer_meta+vae+inflight,46,16,1,18.037,0.7172,0.4262,0
xfer_meta+vae+inflight,46,16,2,17.958,0.7137,0.4232,0
xfer_meta+vae+inflight,46,16,3,17.783,0.7094,0.4187,0
xfer_meta+vae+inflight,47,17,0,18.025,0.7234,0.4216,0
xfer_meta+vae+inflight,47,17,1,17.868,0.7213,0.4251,0
xfer_meta+vae+inflight,47,17,2,17.767,0.7184,0.4191,0
xfer_meta+vae+inflight,47,17,3,17.627,0.7150,0.4175,0
xfer_meta+vae+inflight,48,18,0,17.568,0.7257,0.4162,0
xfer_meta+vae+inflight,48,18,1,17.444,0.7269,0.4209,0
xfer_meta+vae+inflight,48,18,2,17.467,0.7255,0.4214,0
xfer_meta+vae+inflight,48,18,3,17.500,0.7231,0.4177,0
xfer_meta+vae+inflight,49,19,0,17.482,0.7311,0.4193,0
xfer_meta+vae+inflight,49,19,1,17.795,0.7325,0.4210,0
xfer_meta+vae+inflight,49,19,2,18.067,0.7329,0.4282,0
xfer_meta+vae+inflight,49,19,3,18.224,0.7290,0.4222,0
xfer_meta+vae+inflight,50,20,0,18.542,0.7355,0.4227,0
xfer_meta+vae+inflight,50,20,1,18.708,0.7329,0.4246,0
xfer_meta+vae+inflight,50,20,2,18.563,0.7268,0.4271,0
xfer_meta+vae+inflight,50,20,3,18.505,0.7228,0.4215,0
xfer_meta+vae+inflight,51,21,0,18.678,0.7282,0.4192,0
xfer_meta+vae+inflight,51,21,1,18.599,0.7273,0.4183,0
xfer_meta+vae+inflight,51,21,2,18.192,0.7238,0.4226,0
xfer_meta+vae+inflight,51,21,3,17.884,0.7199,0.4103,0
xfer_meta+vae+inflight,52,22,0,18.007,0.7315,0.4170,0
xfer_meta+vae+inflight,52,22,1,18.081,0.7294,0.4198,0
xfer_meta+vae+inflight,52,22,2,18.064,0.7279,0.4234,0
xfer_meta+vae+inflight,52,22,3,17.915,0.7242,0.4119,0
xfer_meta+vae+inflight,53,23,0,17.795,0.7327,0.4104,0
xfer_meta+vae+inflight,53,23,1,18.260,0.7361,0.4160,0
xfer_meta+vae+inflight,53,23,2,18.310,0.7390,0.4221,0
xfer_meta+vae+inflight,53,23,3,18.000,0.7357,0.4093,0
xfer_meta+vae+inflight,54,24,0,17.695,0.7407,0.4012,0
xfer_meta+vae+inflight,54,24,1,18.213,0.7462,0.4103,0
xfer_meta+vae+inflight,54,24,2,18.330,0.7493,0.4180,0
xfer_meta+vae+inflight,54,24,3,18.170,0.7471,0.4049,0
xfer_meta+vae+inflight,55,25,0,18.203,0.7592,0.4097,0
xfer_meta+vae+inflight,55,25,1,18.371,0.7584,0.4146,0
xfer_meta+vae+inflight,55,25,2,18.862,0.7579,0.4229,0
xfer_meta+vae+inflight,55,25,3,18.077,0.7478,0.4035,0
xfer_meta+vae+inflight,56,26,0,18.440,0.7589,0.4179,0
xfer_meta+vae+inflight,56,26,1,18.981,0.7628,0.4196,0
xfer_meta+vae+inflight,56,26,2,19.095,0.7606,0.4240,0
xfer_meta+vae+inflight,56,26,3,18.758,0.7555,0.4099,0
xfer_meta+vae+inflight,57,27,0,19.228,0.7636,0.4174,0
xfer_meta+vae+inflight,57,27,1,19.238,0.7632,0.4185,0
xfer_meta+vae+inflight,57,27,2,18.942,0.7594,0.4228,0
xfer_meta+vae+inflight,57,27,3,18.788,0.7570,0.4090,0
xfer_meta+vae+inflight,58,28,0,18.684,0.7704,0.4140,0
xfer_meta+vae+inflight,58,28,1,18.533,0.7713,0.4178,0
xfer_meta+vae+inflight,58,28,2,18.663,0.7729,0.4215,0
xfer_meta+vae+inflight,58,28,3,18.571,0.7697,0.4095,0
xfer_meta+vae+inflight,59,29,0,18.492,0.7773,0.4130,0
xfer_meta+vae+inflight,59,29,1,18.501,0.7781,0.4127,0
xfer_meta+vae+inflight,59,29,2,18.380,0.7773,0.4194,0
xfer_meta+vae+inflight,59,29,3,18.424,0.7750,0.4174,0
xfer_meta+vae+inflight,60,30,0,18.122,0.7750,0.4035,0
xfer_meta+vae+inflight,60,30,1,18.242,0.7726,0.4083,0
xfer_meta+vae+inflight,60,30,2,17.681,0.7406,0.3984,0
xfer_meta+vae+inflight,60,30,3,17.729,0.7352,0.3878,0
xfer_meta+vae+inflight,61,31,0,18.804,0.7606,0.4043,0
xfer_meta+vae+inflight,61,31,1,18.837,0.7652,0.3998,0
xfer_meta+vae+inflight,61,31,2,18.829,0.7637,0.4076,0
xfer_meta+vae+inflight,61,31,3,18.742,0.7601,0.4048,0
xfer_meta+vae+inflight,62,32,0,19.071,0.7659,0.4151,0
xfer_meta+vae+inflight,62,32,1,19.621,0.7727,0.4201,0
xfer_meta+vae+inflight,62,32,2,19.674,0.7723,0.4244,0
xfer_meta+vae+inflight,62,32,3,19.531,0.7706,0.4161,0
xfer_meta+vae+inflight,63,33,0,19.747,0.7760,0.4197,0
xfer_meta+vae+inflight,63,33,1,20.065,0.7808,0.4236,0
xfer_meta+vae+inflight,63,33,2,19.985,0.7795,0.4282,0
xfer_meta+vae+inflight,63,33,3,19.601,0.7703,0.4179,0
xfer_meta+vae+inflight,64,34,0,19.901,0.7728,0.4204,0
xfer_meta+vae+inflight,64,34,1,20.145,0.7770,0.4204,0
xfer_meta+vae+inflight,64,34,2,20.277,0.7769,0.4251,0
xfer_meta+vae+inflight,64,34,3,20.271,0.7734,0.4170,0
xfer_meta+vae+inflight,65,35,0,20.180,0.7702,0.4183,0
xfer_meta+vae+inflight,65,35,1,20.103,0.7664,0.4184,0
xfer_meta+vae+inflight,65,35,2,19.879,0.7583,0.4194,0
xfer_meta+vae+inflight,65,35,3,19.698,0.7519,0.4138,0
xfer_meta+vae+inflight,66,36,0,19.605,0.7478,0.4185,0
xfer_meta+vae+inflight,66,36,1,19.824,0.7492,0.4206,0
xfer_meta+vae+inflight,66,36,2,19.932,0.7490,0.4242,0
xfer_meta+vae+inflight,66,36,3,19.797,0.7444,0.4191,0
xfer_meta+vae+inflight,67,37,0,19.791,0.7454,0.4201,0
xfer_meta+vae+inflight,67,37,1,19.646,0.7423,0.4177,0
xfer_meta+vae+inflight,67,37,2,19.476,0.7386,0.4201,0
xfer_meta+vae+inflight,67,37,3,19.023,0.7329,0.4125,0
xfer_meta+vae+inflight,68,38,0,18.639,0.7362,0.4161,0
xfer_meta+vae+inflight,68,38,1,18.147,0.7317,0.4149,0
xfer_meta+vae+inflight,68,38,2,18.153,0.7296,0.4191,0
xfer_meta+vae+inflight,68,38,3,18.106,0.7239,0.4191,0
xfer_meta+vae+inflight,69,39,0,18.450,0.7325,0.4143,0
xfer_meta+vae+inflight,69,39,1,18.684,0.7342,0.4187,0
xfer_meta+vae+inflight,69,39,2,18.706,0.7297,0.4193,0
xfer_meta+vae+inflight,69,39,3,18.707,0.7253,0.4224,0
replay_3_sinkhist_pos,1,-29,0,99.000,,,0
replay_3_sinkhist_pos,1,-29,1,99.000,,,0
replay_3_sinkhist_pos,1,-29,2,99.000,,,0
replay_3_sinkhist_pos,1,-29,3,99.000,,,0
replay_3_sinkhist_pos,2,-28,0,99.000,,,0
replay_3_sinkhist_pos,2,-28,1,99.000,,,0
replay_3_sinkhist_pos,2,-28,2,99.000,,,0
replay_3_sinkhist_pos,2,-28,3,99.000,,,0
replay_3_sinkhist_pos,3,-27,0,99.000,,,0
replay_3_sinkhist_pos,3,-27,1,99.000,,,0
replay_3_sinkhist_pos,3,-27,2,99.000,,,0
replay_3_sinkhist_pos,3,-27,3,99.000,,,0
replay_3_sinkhist_pos,4,-26,0,99.000,,,0
replay_3_sinkhist_pos,4,-26,1,99.000,,,0
replay_3_sinkhist_pos,4,-26,2,99.000,,,0
replay_3_sinkhist_pos,4,-26,3,99.000,,,0
replay_3_sinkhist_pos,5,-25,0,99.000,,,0
replay_3_sinkhist_pos,5,-25,1,99.000,,,0
replay_3_sinkhist_pos,5,-25,2,99.000,,,0
replay_3_sinkhist_pos,5,-25,3,99.000,,,0
replay_3_sinkhist_pos,6,-24,0,99.000,,,0
replay_3_sinkhist_pos,6,-24,1,99.000,,,0
replay_3_sinkhist_pos,6,-24,2,99.000,,,0
replay_3_sinkhist_pos,6,-24,3,99.000,,,0
replay_3_sinkhist_pos,7,-23,0,99.000,,,0
replay_3_sinkhist_pos,7,-23,1,99.000,,,0
replay_3_sinkhist_pos,7,-23,2,99.000,,,0
replay_3_sinkhist_pos,7,-23,3,99.000,,,0
replay_3_sinkhist_pos,8,-22,0,99.000,,,0
replay_3_sinkhist_pos,8,-22,1,99.000,,,0
replay_3_sinkhist_pos,8,-22,2,99.000,,,0
replay_3_sinkhist_pos,8,-22,3,99.000,,,0
replay_3_sinkhist_pos,9,-21,0,99.000,,,0
replay_3_sinkhist_pos,9,-21,1,99.000,,,0
replay_3_sinkhist_pos,9,-21,2,99.000,,,0
replay_3_sinkhist_pos,9,-21,3,99.000,,,0
replay_3_sinkhist_pos,10,-20,0,99.000,,,0
replay_3_sinkhist_pos,10,-20,1,99.000,,,0
replay_3_sinkhist_pos,10,-20,2,99.000,,,0
replay_3_sinkhist_pos,10,-20,3,99.000,,,0
replay_3_sinkhist_pos,11,-19,0,99.000,,,0
replay_3_sinkhist_pos,11,-19,1,99.000,,,0
replay_3_sinkhist_pos,11,-19,2,99.000,,,0
replay_3_sinkhist_pos,11,-19,3,99.000,,,0
replay_3_sinkhist_pos,12,-18,0,99.000,,,0
replay_3_sinkhist_pos,12,-18,1,99.000,,,0
replay_3_sinkhist_pos,12,-18,2,99.000,,,0
replay_3_sinkhist_pos,12,-18,3,99.000,,,0
replay_3_sinkhist_pos,13,-17,0,99.000,,,0
replay_3_sinkhist_pos,13,-17,1,99.000,,,0
replay_3_sinkhist_pos,13,-17,2,99.000,,,0
replay_3_sinkhist_pos,13,-17,3,99.000,,,0
replay_3_sinkhist_pos,14,-16,0,99.000,,,0
replay_3_sinkhist_pos,14,-16,1,99.000,,,0
replay_3_sinkhist_pos,14,-16,2,99.000,,,0
replay_3_sinkhist_pos,14,-16,3,99.000,,,0
replay_3_sinkhist_pos,15,-15,0,99.000,,,0
replay_3_sinkhist_pos,15,-15,1,99.000,,,0
replay_3_sinkhist_pos,15,-15,2,99.000,,,0
replay_3_sinkhist_pos,15,-15,3,99.000,,,0
replay_3_sinkhist_pos,16,-14,0,99.000,,,0
replay_3_sinkhist_pos,16,-14,1,99.000,,,0
replay_3_sinkhist_pos,16,-14,2,99.000,,,0
replay_3_sinkhist_pos,16,-14,3,99.000,,,0
replay_3_sinkhist_pos,17,-13,0,99.000,,,0
replay_3_sinkhist_pos,17,-13,1,99.000,,,0
replay_3_sinkhist_pos,17,-13,2,99.000,,,0
replay_3_sinkhist_pos,17,-13,3,99.000,,,0
replay_3_sinkhist_pos,18,-12,0,99.000,,,0
replay_3_sinkhist_pos,18,-12,1,99.000,,,0
replay_3_sinkhist_pos,18,-12,2,99.000,,,0
replay_3_sinkhist_pos,18,-12,3,99.000,,,0
replay_3_sinkhist_pos,19,-11,0,99.000,,,0
replay_3_sinkhist_pos,19,-11,1,99.000,,,0
replay_3_sinkhist_pos,19,-11,2,99.000,,,0
replay_3_sinkhist_pos,19,-11,3,99.000,,,0
replay_3_sinkhist_pos,20,-10,0,99.000,,,0
replay_3_sinkhist_pos,20,-10,1,99.000,,,0
replay_3_sinkhist_pos,20,-10,2,99.000,,,0
replay_3_sinkhist_pos,20,-10,3,99.000,,,0
replay_3_sinkhist_pos,21,-9,0,99.000,,,0
replay_3_sinkhist_pos,21,-9,1,99.000,,,0
replay_3_sinkhist_pos,21,-9,2,99.000,,,0
replay_3_sinkhist_pos,21,-9,3,99.000,,,0
replay_3_sinkhist_pos,22,-8,0,99.000,,,0
replay_3_sinkhist_pos,22,-8,1,99.000,,,0
replay_3_sinkhist_pos,22,-8,2,99.000,,,0
replay_3_sinkhist_pos,22,-8,3,99.000,,,0
replay_3_sinkhist_pos,23,-7,0,99.000,,,0
replay_3_sinkhist_pos,23,-7,1,99.000,,,0
replay_3_sinkhist_pos,23,-7,2,99.000,,,0
replay_3_sinkhist_pos,23,-7,3,99.000,,,0
replay_3_sinkhist_pos,24,-6,0,99.000,,,0
replay_3_sinkhist_pos,24,-6,1,99.000,,,0
replay_3_sinkhist_pos,24,-6,2,99.000,,,0
replay_3_sinkhist_pos,24,-6,3,99.000,,,0
replay_3_sinkhist_pos,25,-5,0,99.000,,,0
replay_3_sinkhist_pos,25,-5,1,99.000,,,0
replay_3_sinkhist_pos,25,-5,2,99.000,,,0
replay_3_sinkhist_pos,25,-5,3,99.000,,,0
replay_3_sinkhist_pos,26,-4,0,99.000,,,0
replay_3_sinkhist_pos,26,-4,1,99.000,,,0
replay_3_sinkhist_pos,26,-4,2,99.000,,,0
replay_3_sinkhist_pos,26,-4,3,99.000,,,0
replay_3_sinkhist_pos,27,-3,0,99.000,,,0
replay_3_sinkhist_pos,27,-3,1,99.000,,,0
replay_3_sinkhist_pos,27,-3,2,99.000,,,0
replay_3_sinkhist_pos,27,-3,3,99.000,,,0
replay_3_sinkhist_pos,28,-2,0,99.000,,,0
replay_3_sinkhist_pos,28,-2,1,99.000,,,0
replay_3_sinkhist_pos,28,-2,2,99.000,,,0
replay_3_sinkhist_pos,28,-2,3,99.000,,,0
replay_3_sinkhist_pos,29,-1,0,99.000,,,0
replay_3_sinkhist_pos,29,-1,1,99.000,,,0
replay_3_sinkhist_pos,29,-1,2,99.000,,,0
replay_3_sinkhist_pos,29,-1,3,99.000,,,0
replay_3_sinkhist_pos,30,0,0,23.558,0.8059,0.3988,0
replay_3_sinkhist_pos,30,0,1,24.274,0.8142,0.3995,0
replay_3_sinkhist_pos,30,0,2,24.367,0.8029,0.3880,0
replay_3_sinkhist_pos,30,0,3,23.635,0.7852,0.3818,0
replay_3_sinkhist_pos,31,1,0,24.457,0.8388,0.3878,0
replay_3_sinkhist_pos,31,1,1,26.827,0.8651,0.3980,0
replay_3_sinkhist_pos,31,1,2,27.461,0.8775,0.3898,0
replay_3_sinkhist_pos,31,1,3,27.182,0.8755,0.3917,0
replay_3_sinkhist_pos,32,2,0,27.459,0.9005,0.3949,0
replay_3_sinkhist_pos,32,2,1,27.423,0.9040,0.4027,0
replay_3_sinkhist_pos,32,2,2,28.070,0.9096,0.3966,0
replay_3_sinkhist_pos,32,2,3,27.341,0.9054,0.3986,0
replay_3_sinkhist_pos,33,3,0,27.511,0.9154,0.4006,0
replay_3_sinkhist_pos,33,3,1,27.639,0.9175,0.4106,0
replay_3_sinkhist_pos,33,3,2,27.694,0.9191,0.4063,0
replay_3_sinkhist_pos,33,3,3,27.897,0.9220,0.4051,0
replay_3_sinkhist_pos,34,4,0,28.253,0.9296,0.4074,0
replay_3_sinkhist_pos,34,4,1,28.855,0.9352,0.4173,0
replay_3_sinkhist_pos,34,4,2,28.698,0.9350,0.4089,0
replay_3_sinkhist_pos,34,4,3,27.948,0.9313,0.4135,0
replay_3_sinkhist_pos,35,5,0,28.552,0.9368,0.4171,0
replay_3_sinkhist_pos,35,5,1,27.148,0.9317,0.4263,0
replay_3_sinkhist_pos,35,5,2,26.354,0.9270,0.4149,0
replay_3_sinkhist_pos,35,5,3,26.409,0.9235,0.4162,0
replay_3_sinkhist_pos,36,6,0,27.142,0.9324,0.4164,0
replay_3_sinkhist_pos,36,6,1,29.886,0.9444,0.4227,0
replay_3_sinkhist_pos,36,6,2,30.200,0.9464,0.4123,0
replay_3_sinkhist_pos,36,6,3,29.858,0.9431,0.4123,0
replay_3_sinkhist_pos,37,7,0,29.755,0.9460,0.4162,0
replay_3_sinkhist_pos,37,7,1,29.085,0.9425,0.4240,0
replay_3_sinkhist_pos,37,7,2,31.336,0.9499,0.4156,0
replay_3_sinkhist_pos,37,7,3,31.869,0.9503,0.4139,0
replay_3_sinkhist_pos,38,8,0,32.095,0.9566,0.4183,0
replay_3_sinkhist_pos,38,8,1,32.188,0.9552,0.4230,0
replay_3_sinkhist_pos,38,8,2,31.856,0.9546,0.4165,0
replay_3_sinkhist_pos,38,8,3,31.179,0.9508,0.4182,0
replay_3_sinkhist_pos,39,9,0,30.162,0.9435,0.4201,0
replay_3_sinkhist_pos,39,9,1,30.485,0.9442,0.4269,0
replay_3_sinkhist_pos,39,9,2,30.912,0.9456,0.4277,0
replay_3_sinkhist_pos,39,9,3,30.509,0.9408,0.4186,0
replay_3_sinkhist_pos,40,10,0,27.787,0.9307,0.4212,0
replay_3_sinkhist_pos,40,10,1,28.672,0.9423,0.3995,0
replay_3_sinkhist_pos,40,10,2,29.539,0.9492,0.3917,0
replay_3_sinkhist_pos,40,10,3,28.324,0.9414,0.3975,0
replay_3_sinkhist_pos,41,11,0,29.137,0.9478,0.3995,0
replay_3_sinkhist_pos,41,11,1,28.798,0.9504,0.4128,0
replay_3_sinkhist_pos,41,11,2,28.776,0.9527,0.4125,0
replay_3_sinkhist_pos,41,11,3,29.062,0.9533,0.4150,0
replay_3_sinkhist_pos,42,12,0,29.110,0.9529,0.4188,0
replay_3_sinkhist_pos,42,12,1,28.577,0.9499,0.4240,0
replay_3_sinkhist_pos,42,12,2,28.257,0.9521,0.4194,0
replay_3_sinkhist_pos,42,12,3,28.759,0.9533,0.4194,0
replay_3_sinkhist_pos,43,13,0,29.240,0.9555,0.4227,0
replay_3_sinkhist_pos,43,13,1,29.364,0.9558,0.4275,0
replay_3_sinkhist_pos,43,13,2,29.257,0.9557,0.4198,0
replay_3_sinkhist_pos,43,13,3,29.361,0.9552,0.4200,0
replay_3_sinkhist_pos,44,14,0,30.259,0.9545,0.4213,0
replay_3_sinkhist_pos,44,14,1,31.250,0.9552,0.4274,0
replay_3_sinkhist_pos,44,14,2,31.925,0.9542,0.4229,0
replay_3_sinkhist_pos,44,14,3,31.936,0.9514,0.4235,0
replay_3_sinkhist_pos,45,15,0,31.281,0.9510,0.4267,0
replay_3_sinkhist_pos,45,15,1,31.081,0.9504,0.4293,0
replay_3_sinkhist_pos,45,15,2,30.648,0.9506,0.4254,0
replay_3_sinkhist_pos,45,15,3,30.473,0.9489,0.4240,0
replay_3_sinkhist_pos,46,16,0,30.314,0.9488,0.4212,0
replay_3_sinkhist_pos,46,16,1,30.275,0.9503,0.4234,0
replay_3_sinkhist_pos,46,16,2,30.251,0.9503,0.4191,0
replay_3_sinkhist_pos,46,16,3,29.971,0.9482,0.4166,0
replay_3_sinkhist_pos,47,17,0,27.413,0.9424,0.4130,0
replay_3_sinkhist_pos,47,17,1,27.133,0.9403,0.4167,0
replay_3_sinkhist_pos,47,17,2,27.713,0.9421,0.4121,0
replay_3_sinkhist_pos,47,17,3,27.600,0.9388,0.4125,0
replay_3_sinkhist_pos,48,18,0,27.970,0.9420,0.4096,0
replay_3_sinkhist_pos,48,18,1,28.620,0.9441,0.4131,0
replay_3_sinkhist_pos,48,18,2,28.800,0.9453,0.4136,0
replay_3_sinkhist_pos,48,18,3,28.730,0.9433,0.4099,0
replay_3_sinkhist_pos,49,19,0,29.264,0.9468,0.4134,0
replay_3_sinkhist_pos,49,19,1,29.387,0.9464,0.4146,0
replay_3_sinkhist_pos,49,19,2,29.715,0.9493,0.4181,0
replay_3_sinkhist_pos,49,19,3,29.489,0.9466,0.4133,0
replay_3_sinkhist_pos,50,20,0,29.304,0.9453,0.4133,0
replay_3_sinkhist_pos,50,20,1,29.457,0.9453,0.4135,0
replay_3_sinkhist_pos,50,20,2,29.666,0.9476,0.4162,0
replay_3_sinkhist_pos,50,20,3,28.653,0.9400,0.4137,0
replay_3_sinkhist_pos,51,21,0,28.565,0.9336,0.4132,0
replay_3_sinkhist_pos,51,21,1,28.465,0.9305,0.4132,0
replay_3_sinkhist_pos,51,21,2,28.942,0.9296,0.4176,0
replay_3_sinkhist_pos,51,21,3,28.634,0.9244,0.4071,0
replay_3_sinkhist_pos,52,22,0,28.870,0.9322,0.4072,0
replay_3_sinkhist_pos,52,22,1,28.481,0.9313,0.4073,0
replay_3_sinkhist_pos,52,22,2,28.329,0.9333,0.4121,0
replay_3_sinkhist_pos,52,22,3,28.206,0.9331,0.4042,0
replay_3_sinkhist_pos,53,23,0,27.229,0.9270,0.4071,0
replay_3_sinkhist_pos,53,23,1,28.406,0.9326,0.4076,0
replay_3_sinkhist_pos,53,23,2,27.572,0.9278,0.4132,0
replay_3_sinkhist_pos,53,23,3,28.040,0.9278,0.4063,0
replay_3_sinkhist_pos,54,24,0,27.148,0.9245,0.4054,0
replay_3_sinkhist_pos,54,24,1,27.822,0.9283,0.4068,0
replay_3_sinkhist_pos,54,24,2,29.219,0.9381,0.4134,0
replay_3_sinkhist_pos,54,24,3,28.019,0.9346,0.4036,0
replay_3_sinkhist_pos,55,25,0,29.290,0.9400,0.4130,0
replay_3_sinkhist_pos,55,25,1,28.916,0.9397,0.4170,0
replay_3_sinkhist_pos,55,25,2,28.063,0.9347,0.4264,0
replay_3_sinkhist_pos,55,25,3,27.002,0.9293,0.4158,0
replay_3_sinkhist_pos,56,26,0,28.152,0.9310,0.4216,0
replay_3_sinkhist_pos,56,26,1,29.257,0.9333,0.4207,0
replay_3_sinkhist_pos,56,26,2,29.631,0.9362,0.4259,0
replay_3_sinkhist_pos,56,26,3,29.329,0.9337,0.4176,0
replay_3_sinkhist_pos,57,27,0,28.806,0.9408,0.4232,0
replay_3_sinkhist_pos,57,27,1,29.531,0.9430,0.4213,0
replay_3_sinkhist_pos,57,27,2,29.743,0.9433,0.4270,0
replay_3_sinkhist_pos,57,27,3,28.532,0.9355,0.4168,0
replay_3_sinkhist_pos,58,28,0,29.001,0.9367,0.4230,0
replay_3_sinkhist_pos,58,28,1,29.335,0.9367,0.4250,0
replay_3_sinkhist_pos,58,28,2,28.732,0.9325,0.4310,0
replay_3_sinkhist_pos,58,28,3,28.401,0.9282,0.4224,0
replay_3_sinkhist_pos,59,29,0,27.988,0.9319,0.4266,0
replay_3_sinkhist_pos,59,29,1,28.245,0.9345,0.4275,0
replay_3_sinkhist_pos,59,29,2,29.194,0.9417,0.4346,0
replay_3_sinkhist_pos,59,29,3,29.063,0.9393,0.4357,0
replay_3_sinkhist_pos,60,30,0,28.678,0.9379,0.4207,0
replay_3_sinkhist_pos,60,30,1,27.723,0.9353,0.4255,0
replay_3_sinkhist_pos,60,30,2,26.165,0.9361,0.4063,0
replay_3_sinkhist_pos,60,30,3,26.923,0.9280,0.4032,0
replay_3_sinkhist_pos,61,31,0,28.719,0.9489,0.4105,0
replay_3_sinkhist_pos,61,31,1,29.106,0.9555,0.4071,0
replay_3_sinkhist_pos,61,31,2,29.079,0.9582,0.4165,0
replay_3_sinkhist_pos,61,31,3,29.606,0.9600,0.4141,0
replay_3_sinkhist_pos,62,32,0,30.786,0.9662,0.4192,0
replay_3_sinkhist_pos,62,32,1,30.670,0.9682,0.4219,0
replay_3_sinkhist_pos,62,32,2,30.355,0.9689,0.4233,0
replay_3_sinkhist_pos,62,32,3,30.498,0.9688,0.4151,0
replay_3_sinkhist_pos,63,33,0,30.867,0.9697,0.4199,0
replay_3_sinkhist_pos,63,33,1,30.893,0.9675,0.4245,0
replay_3_sinkhist_pos,63,33,2,30.871,0.9668,0.4290,0
replay_3_sinkhist_pos,63,33,3,31.244,0.9671,0.4200,0
replay_3_sinkhist_pos,64,34,0,31.437,0.9671,0.4224,0
replay_3_sinkhist_pos,64,34,1,31.474,0.9667,0.4214,0
replay_3_sinkhist_pos,64,34,2,31.610,0.9667,0.4262,0
replay_3_sinkhist_pos,64,34,3,31.653,0.9656,0.4197,0
replay_3_sinkhist_pos,65,35,0,30.994,0.9610,0.4226,0
replay_3_sinkhist_pos,65,35,1,31.242,0.9610,0.4234,0
replay_3_sinkhist_pos,65,35,2,31.698,0.9623,0.4257,0
replay_3_sinkhist_pos,65,35,3,31.299,0.9595,0.4202,0
replay_3_sinkhist_pos,66,36,0,29.920,0.9572,0.4222,0
replay_3_sinkhist_pos,66,36,1,30.100,0.9571,0.4204,0
replay_3_sinkhist_pos,66,36,2,30.506,0.9580,0.4238,0
replay_3_sinkhist_pos,66,36,3,30.522,0.9576,0.4192,0
replay_3_sinkhist_pos,67,37,0,30.014,0.9548,0.4190,0
replay_3_sinkhist_pos,67,37,1,28.662,0.9515,0.4160,0
replay_3_sinkhist_pos,67,37,2,27.700,0.9494,0.4194,0
replay_3_sinkhist_pos,67,37,3,27.612,0.9455,0.4152,0
replay_3_sinkhist_pos,68,38,0,28.367,0.9492,0.4165,0
replay_3_sinkhist_pos,68,38,1,29.380,0.9535,0.4158,0
replay_3_sinkhist_pos,68,38,2,30.161,0.9574,0.4194,0
replay_3_sinkhist_pos,68,38,3,30.563,0.9564,0.4207,0
replay_3_sinkhist_pos,69,39,0,31.025,0.9581,0.4161,0
replay_3_sinkhist_pos,69,39,1,31.303,0.9595,0.4188,0
replay_3_sinkhist_pos,69,39,2,31.352,0.9615,0.4187,0
replay_3_sinkhist_pos,69,39,3,32.143,0.9614,0.4226,0
ph_localrefresh,1,-29,0,99.000,,,0
ph_localrefresh,1,-29,1,99.000,,,0
ph_localrefresh,1,-29,2,99.000,,,0
ph_localrefresh,1,-29,3,99.000,,,0
ph_localrefresh,2,-28,0,99.000,,,0
ph_localrefresh,2,-28,1,99.000,,,0
ph_localrefresh,2,-28,2,99.000,,,0
ph_localrefresh,2,-28,3,99.000,,,0
ph_localrefresh,3,-27,0,99.000,,,0
ph_localrefresh,3,-27,1,99.000,,,0
ph_localrefresh,3,-27,2,99.000,,,0
ph_localrefresh,3,-27,3,99.000,,,0
ph_localrefresh,4,-26,0,99.000,,,0
ph_localrefresh,4,-26,1,99.000,,,0
ph_localrefresh,4,-26,2,99.000,,,0
ph_localrefresh,4,-26,3,99.000,,,0
ph_localrefresh,5,-25,0,99.000,,,0
ph_localrefresh,5,-25,1,99.000,,,0
ph_localrefresh,5,-25,2,99.000,,,0
ph_localrefresh,5,-25,3,99.000,,,0
ph_localrefresh,6,-24,0,99.000,,,0
ph_localrefresh,6,-24,1,99.000,,,0
ph_localrefresh,6,-24,2,99.000,,,0
ph_localrefresh,6,-24,3,99.000,,,0
ph_localrefresh,7,-23,0,99.000,,,0
ph_localrefresh,7,-23,1,99.000,,,0
ph_localrefresh,7,-23,2,99.000,,,0
ph_localrefresh,7,-23,3,99.000,,,0
ph_localrefresh,8,-22,0,99.000,,,0
ph_localrefresh,8,-22,1,99.000,,,0
ph_localrefresh,8,-22,2,99.000,,,0
ph_localrefresh,8,-22,3,99.000,,,0
ph_localrefresh,9,-21,0,99.000,,,0
ph_localrefresh,9,-21,1,99.000,,,0
ph_localrefresh,9,-21,2,99.000,,,0
ph_localrefresh,9,-21,3,99.000,,,0
ph_localrefresh,10,-20,0,99.000,,,0
ph_localrefresh,10,-20,1,99.000,,,0
ph_localrefresh,10,-20,2,99.000,,,0
ph_localrefresh,10,-20,3,99.000,,,0
ph_localrefresh,11,-19,0,99.000,,,0
ph_localrefresh,11,-19,1,99.000,,,0
ph_localrefresh,11,-19,2,99.000,,,0
ph_localrefresh,11,-19,3,99.000,,,0
ph_localrefresh,12,-18,0,99.000,,,0
ph_localrefresh,12,-18,1,99.000,,,0
ph_localrefresh,12,-18,2,99.000,,,0
ph_localrefresh,12,-18,3,99.000,,,0
ph_localrefresh,13,-17,0,99.000,,,0
ph_localrefresh,13,-17,1,99.000,,,0
ph_localrefresh,13,-17,2,99.000,,,0
ph_localrefresh,13,-17,3,99.000,,,0
ph_localrefresh,14,-16,0,99.000,,,0
ph_localrefresh,14,-16,1,99.000,,,0
ph_localrefresh,14,-16,2,99.000,,,0
ph_localrefresh,14,-16,3,99.000,,,0
ph_localrefresh,15,-15,0,99.000,,,0
ph_localrefresh,15,-15,1,99.000,,,0
ph_localrefresh,15,-15,2,99.000,,,0
ph_localrefresh,15,-15,3,99.000,,,0
ph_localrefresh,16,-14,0,99.000,,,0
ph_localrefresh,16,-14,1,99.000,,,0
ph_localrefresh,16,-14,2,99.000,,,0
ph_localrefresh,16,-14,3,99.000,,,0
ph_localrefresh,17,-13,0,99.000,,,0
ph_localrefresh,17,-13,1,99.000,,,0
ph_localrefresh,17,-13,2,99.000,,,0
ph_localrefresh,17,-13,3,99.000,,,0
ph_localrefresh,18,-12,0,99.000,,,0
ph_localrefresh,18,-12,1,99.000,,,0
ph_localrefresh,18,-12,2,99.000,,,0
ph_localrefresh,18,-12,3,99.000,,,0
ph_localrefresh,19,-11,0,99.000,,,0
ph_localrefresh,19,-11,1,99.000,,,0
ph_localrefresh,19,-11,2,99.000,,,0
ph_localrefresh,19,-11,3,99.000,,,0
ph_localrefresh,20,-10,0,99.000,,,0
ph_localrefresh,20,-10,1,99.000,,,0
ph_localrefresh,20,-10,2,99.000,,,0
ph_localrefresh,20,-10,3,99.000,,,0
ph_localrefresh,21,-9,0,99.000,,,0
ph_localrefresh,21,-9,1,99.000,,,0
ph_localrefresh,21,-9,2,99.000,,,0
ph_localrefresh,21,-9,3,99.000,,,0
ph_localrefresh,22,-8,0,99.000,,,0
ph_localrefresh,22,-8,1,99.000,,,0
ph_localrefresh,22,-8,2,99.000,,,0
ph_localrefresh,22,-8,3,99.000,,,0
ph_localrefresh,23,-7,0,99.000,,,0
ph_localrefresh,23,-7,1,99.000,,,0
ph_localrefresh,23,-7,2,99.000,,,0
ph_localrefresh,23,-7,3,99.000,,,0
ph_localrefresh,24,-6,0,99.000,,,0
ph_localrefresh,24,-6,1,99.000,,,0
ph_localrefresh,24,-6,2,99.000,,,0
ph_localrefresh,24,-6,3,99.000,,,0
ph_localrefresh,25,-5,0,99.000,,,0
ph_localrefresh,25,-5,1,99.000,,,0
ph_localrefresh,25,-5,2,99.000,,,0
ph_localrefresh,25,-5,3,99.000,,,0
ph_localrefresh,26,-4,0,99.000,,,0
ph_localrefresh,26,-4,1,99.000,,,0
ph_localrefresh,26,-4,2,99.000,,,0
ph_localrefresh,26,-4,3,99.000,,,0
ph_localrefresh,27,-3,0,99.000,,,0
ph_localrefresh,27,-3,1,99.000,,,0
ph_localrefresh,27,-3,2,99.000,,,0
ph_localrefresh,27,-3,3,99.000,,,0
ph_localrefresh,28,-2,0,99.000,,,0
ph_localrefresh,28,-2,1,99.000,,,0
ph_localrefresh,28,-2,2,99.000,,,0
ph_localrefresh,28,-2,3,99.000,,,0
ph_localrefresh,29,-1,0,99.000,,,0
ph_localrefresh,29,-1,1,99.000,,,0
ph_localrefresh,29,-1,2,99.000,,,0
ph_localrefresh,29,-1,3,99.000,,,0
ph_localrefresh,30,0,0,30.923,0.9000,0.4026,0
ph_localrefresh,30,0,1,28.888,0.8791,0.4030,0
ph_localrefresh,30,0,2,27.876,0.8613,0.3946,0
ph_localrefresh,30,0,3,26.897,0.8472,0.3908,0
ph_localrefresh,31,1,0,26.125,0.8476,0.3897,0
ph_localrefresh,31,1,1,24.773,0.8344,0.3960,0
ph_localrefresh,31,1,2,23.932,0.8253,0.3841,0
ph_localrefresh,31,1,3,22.602,0.8068,0.3816,0
ph_localrefresh,32,2,0,22.226,0.8080,0.3802,0
ph_localrefresh,32,2,1,22.486,0.8101,0.3897,0
ph_localrefresh,32,2,2,22.513,0.8083,0.3800,0
ph_localrefresh,32,2,3,22.412,0.8022,0.3782,0
ph_localrefresh,33,3,0,22.314,0.8023,0.3798,0
ph_localrefresh,33,3,1,22.185,0.8010,0.3916,0
ph_localrefresh,33,3,2,22.022,0.7943,0.3856,0
ph_localrefresh,33,3,3,21.976,0.7874,0.3843,0
ph_localrefresh,34,4,0,21.629,0.7851,0.3923,0
ph_localrefresh,34,4,1,21.387,0.7833,0.4064,0
ph_localrefresh,34,4,2,21.064,0.7786,0.3980,0
ph_localrefresh,34,4,3,21.049,0.7782,0.3992,0
ph_localrefresh,35,5,0,20.689,0.7891,0.4127,0
ph_localrefresh,35,5,1,19.868,0.7775,0.4280,0
ph_localrefresh,35,5,2,20.781,0.7938,0.4154,0
ph_localrefresh,35,5,3,20.702,0.7895,0.4148,0
ph_localrefresh,36,6,0,20.936,0.7947,0.4263,0
ph_localrefresh,36,6,1,20.731,0.7883,0.4350,0
ph_localrefresh,36,6,2,20.905,0.7922,0.4250,0
ph_localrefresh,36,6,3,20.485,0.7804,0.4220,0
ph_localrefresh,37,7,0,20.520,0.7881,0.4263,0
ph_localrefresh,37,7,1,20.430,0.7882,0.4373,0
ph_localrefresh,37,7,2,20.317,0.7818,0.4250,0
ph_localrefresh,37,7,3,20.342,0.7800,0.4216,0
ph_localrefresh,38,8,0,20.348,0.7902,0.4284,0
ph_localrefresh,38,8,1,20.370,0.7909,0.4345,0
ph_localrefresh,38,8,2,20.505,0.7917,0.4272,0
ph_localrefresh,38,8,3,20.574,0.7858,0.4258,0
ph_localrefresh,39,9,0,20.733,0.7987,0.4239,0
ph_localrefresh,39,9,1,20.980,0.8048,0.4315,0
ph_localrefresh,39,9,2,20.927,0.8012,0.4300,0
ph_localrefresh,39,9,3,20.860,0.7961,0.4164,0
ph_localrefresh,40,10,0,20.568,0.7981,0.4170,0
ph_localrefresh,40,10,1,20.693,0.7744,0.4107,0
ph_localrefresh,40,10,2,20.655,0.7792,0.4073,0
ph_localrefresh,40,10,3,20.220,0.7714,0.4058,0
ph_localrefresh,41,11,0,20.191,0.7772,0.4098,0
ph_localrefresh,41,11,1,19.945,0.7699,0.4200,0
ph_localrefresh,41,11,2,19.930,0.7665,0.4205,0
ph_localrefresh,41,11,3,19.994,0.7587,0.4235,0
ph_localrefresh,42,12,0,20.200,0.7656,0.4264,0
ph_localrefresh,42,12,1,20.376,0.7660,0.4318,0
ph_localrefresh,42,12,2,20.343,0.7648,0.4263,0
ph_localrefresh,42,12,3,20.064,0.7567,0.4253,0
ph_localrefresh,43,13,0,20.633,0.7713,0.4306,0
ph_localrefresh,43,13,1,20.812,0.7724,0.4379,0
ph_localrefresh,43,13,2,20.803,0.7711,0.4311,0
ph_localrefresh,43,13,3,20.659,0.7651,0.4300,0
ph_localrefresh,44,14,0,20.730,0.7681,0.4313,0
ph_localrefresh,44,14,1,20.683,0.7640,0.4368,0
ph_localrefresh,44,14,2,20.570,0.7586,0.4288,0
ph_localrefresh,44,14,3,20.439,0.7520,0.4262,0
ph_localrefresh,45,15,0,20.236,0.7519,0.4307,0
ph_localrefresh,45,15,1,19.928,0.7455,0.4334,0
ph_localrefresh,45,15,2,19.821,0.7392,0.4297,0
ph_localrefresh,45,15,3,19.681,0.7334,0.4281,0
ph_localrefresh,46,16,0,19.504,0.7510,0.4293,0
ph_localrefresh,46,16,1,19.354,0.7487,0.4344,0
ph_localrefresh,46,16,2,19.248,0.7452,0.4316,0
ph_localrefresh,46,16,3,18.990,0.7396,0.4267,0
ph_localrefresh,47,17,0,19.138,0.7538,0.4260,0
ph_localrefresh,47,17,1,19.022,0.7542,0.4295,0
ph_localrefresh,47,17,2,19.004,0.7538,0.4240,0
ph_localrefresh,47,17,3,18.908,0.7510,0.4221,0
ph_localrefresh,48,18,0,18.948,0.7619,0.4205,0
ph_localrefresh,48,18,1,19.616,0.7681,0.4276,0
ph_localrefresh,48,18,2,19.826,0.7694,0.4297,0
ph_localrefresh,48,18,3,19.702,0.7656,0.4254,0
ph_localrefresh,49,19,0,19.972,0.7730,0.4279,0
ph_localrefresh,49,19,1,20.095,0.7706,0.4286,0
ph_localrefresh,49,19,2,19.964,0.7663,0.4341,0
ph_localrefresh,49,19,3,19.787,0.7605,0.4297,0
ph_localrefresh,50,20,0,20.010,0.7654,0.4323,0
ph_localrefresh,50,20,1,20.216,0.7681,0.4338,0
ph_localrefresh,50,20,2,20.295,0.7655,0.4362,0
ph_localrefresh,50,20,3,20.305,0.7629,0.4326,0
ph_localrefresh,51,21,0,20.404,0.7702,0.4327,0
ph_localrefresh,51,21,1,20.641,0.7747,0.4323,0
ph_localrefresh,51,21,2,20.362,0.7705,0.4358,0
ph_localrefresh,51,21,3,20.438,0.7694,0.4216,0
ph_localrefresh,52,22,0,20.575,0.7800,0.4245,0
ph_localrefresh,52,22,1,20.275,0.7736,0.4266,0
ph_localrefresh,52,22,2,20.564,0.7744,0.4271,0
ph_localrefresh,52,22,3,20.585,0.7722,0.4160,0
ph_localrefresh,53,23,0,20.678,0.7818,0.4135,0
ph_localrefresh,53,23,1,20.457,0.7791,0.4174,0
ph_localrefresh,53,23,2,20.325,0.7760,0.4234,0
ph_localrefresh,53,23,3,20.364,0.7754,0.4115,0
ph_localrefresh,54,24,0,20.161,0.7814,0.4051,0
ph_localrefresh,54,24,1,20.343,0.7821,0.4154,0
ph_localrefresh,54,24,2,20.487,0.7871,0.4235,0
ph_localrefresh,54,24,3,20.134,0.7805,0.4103,0
ph_localrefresh,55,25,0,19.941,0.7897,0.4109,0
ph_localrefresh,55,25,1,20.589,0.7972,0.4188,0
ph_localrefresh,55,25,2,19.998,0.7861,0.4286,0
ph_localrefresh,55,25,3,20.100,0.7838,0.4115,0
ph_localrefresh,56,26,0,20.654,0.8003,0.4202,0
ph_localrefresh,56,26,1,21.257,0.8072,0.4222,0
ph_localrefresh,56,26,2,21.429,0.8047,0.4287,0
ph_localrefresh,56,26,3,20.832,0.7948,0.4147,0
ph_localrefresh,57,27,0,21.108,0.8008,0.4187,0
ph_localrefresh,57,27,1,21.590,0.8060,0.4202,0
ph_localrefresh,57,27,2,21.225,0.8007,0.4264,0
ph_localrefresh,57,27,3,20.994,0.7978,0.4134,0
ph_localrefresh,58,28,0,21.085,0.8074,0.4162,0
ph_localrefresh,58,28,1,20.813,0.8026,0.4204,0
ph_localrefresh,58,28,2,21.258,0.8097,0.4239,0
ph_localrefresh,58,28,3,21.509,0.8106,0.4118,0
ph_localrefresh,59,29,0,21.513,0.8163,0.4148,0
ph_localrefresh,59,29,1,21.564,0.8165,0.4156,0
ph_localrefresh,59,29,2,21.468,0.8139,0.4219,0
ph_localrefresh,59,29,3,21.406,0.8099,0.4197,0
ph_localrefresh,60,30,0,21.120,0.8100,0.4037,0
ph_localrefresh,60,30,1,21.408,0.8107,0.4088,0
ph_localrefresh,60,30,2,19.929,0.7801,0.4094,0
ph_localrefresh,60,30,3,19.791,0.7651,0.4007,0
ph_localrefresh,61,31,0,19.604,0.7737,0.4123,0
ph_localrefresh,61,31,1,19.640,0.7802,0.4087,0
ph_localrefresh,61,31,2,19.700,0.7805,0.4151,0
ph_localrefresh,61,31,3,19.589,0.7776,0.4117,0
ph_localrefresh,62,32,0,19.802,0.7804,0.4222,0
ph_localrefresh,62,32,1,20.027,0.7835,0.4268,0
ph_localrefresh,62,32,2,20.052,0.7829,0.4310,0
ph_localrefresh,62,32,3,19.945,0.7812,0.4225,0
ph_localrefresh,63,33,0,20.165,0.7840,0.4266,0
ph_localrefresh,63,33,1,20.410,0.7854,0.4322,0
ph_localrefresh,63,33,2,20.313,0.7831,0.4367,0
ph_localrefresh,63,33,3,19.838,0.7735,0.4285,0
ph_localrefresh,64,34,0,20.182,0.7812,0.4320,0
ph_localrefresh,64,34,1,20.548,0.7849,0.4327,0
ph_localrefresh,64,34,2,20.693,0.7831,0.4381,0
ph_localrefresh,64,34,3,20.697,0.7803,0.4302,0
ph_localrefresh,65,35,0,20.596,0.7789,0.4303,0
ph_localrefresh,65,35,1,20.738,0.7788,0.4307,0
ph_localrefresh,65,35,2,20.756,0.7736,0.4325,0
ph_localrefresh,65,35,3,20.584,0.7678,0.4274,0
ph_localrefresh,66,36,0,20.534,0.7698,0.4302,0
ph_localrefresh,66,36,1,20.867,0.7730,0.4309,0
ph_localrefresh,66,36,2,20.826,0.7686,0.4344,0
ph_localrefresh,66,36,3,20.689,0.7624,0.4289,0
ph_localrefresh,67,37,0,20.864,0.7701,0.4289,0
ph_localrefresh,67,37,1,20.767,0.7672,0.4269,0
ph_localrefresh,67,37,2,20.609,0.7639,0.4293,0
ph_localrefresh,67,37,3,20.226,0.7607,0.4243,0
ph_localrefresh,68,38,0,20.290,0.7636,0.4277,0
ph_localrefresh,68,38,1,20.353,0.7617,0.4271,0
ph_localrefresh,68,38,2,20.377,0.7602,0.4316,0
ph_localrefresh,68,38,3,20.387,0.7548,0.4331,0
ph_localrefresh,69,39,0,20.383,0.7596,0.4301,0
ph_localrefresh,69,39,1,20.265,0.7581,0.4324,0
ph_localrefresh,69,39,2,20.066,0.7538,0.4322,0
ph_localrefresh,69,39,3,20.219,0.7485,0.4340,0
ph_zero_noswap,1,-29,0,99.000,,,0
ph_zero_noswap,1,-29,1,99.000,,,0
ph_zero_noswap,1,-29,2,99.000,,,0
ph_zero_noswap,1,-29,3,99.000,,,0
ph_zero_noswap,2,-28,0,99.000,,,0
ph_zero_noswap,2,-28,1,99.000,,,0
ph_zero_noswap,2,-28,2,99.000,,,0
ph_zero_noswap,2,-28,3,99.000,,,0
ph_zero_noswap,3,-27,0,99.000,,,0
ph_zero_noswap,3,-27,1,99.000,,,0
ph_zero_noswap,3,-27,2,99.000,,,0
ph_zero_noswap,3,-27,3,99.000,,,0
ph_zero_noswap,4,-26,0,99.000,,,0
ph_zero_noswap,4,-26,1,99.000,,,0
ph_zero_noswap,4,-26,2,99.000,,,0
ph_zero_noswap,4,-26,3,99.000,,,0
ph_zero_noswap,5,-25,0,99.000,,,0
ph_zero_noswap,5,-25,1,99.000,,,0
ph_zero_noswap,5,-25,2,99.000,,,0
ph_zero_noswap,5,-25,3,99.000,,,0
ph_zero_noswap,6,-24,0,99.000,,,0
ph_zero_noswap,6,-24,1,99.000,,,0
ph_zero_noswap,6,-24,2,99.000,,,0
ph_zero_noswap,6,-24,3,99.000,,,0
ph_zero_noswap,7,-23,0,99.000,,,0
ph_zero_noswap,7,-23,1,99.000,,,0
ph_zero_noswap,7,-23,2,99.000,,,0
ph_zero_noswap,7,-23,3,99.000,,,0
ph_zero_noswap,8,-22,0,99.000,,,0
ph_zero_noswap,8,-22,1,99.000,,,0
ph_zero_noswap,8,-22,2,99.000,,,0
ph_zero_noswap,8,-22,3,99.000,,,0
ph_zero_noswap,9,-21,0,99.000,,,0
ph_zero_noswap,9,-21,1,99.000,,,0
ph_zero_noswap,9,-21,2,99.000,,,0
ph_zero_noswap,9,-21,3,99.000,,,0
ph_zero_noswap,10,-20,0,99.000,,,0
ph_zero_noswap,10,-20,1,99.000,,,0
ph_zero_noswap,10,-20,2,99.000,,,0
ph_zero_noswap,10,-20,3,99.000,,,0
ph_zero_noswap,11,-19,0,99.000,,,0
ph_zero_noswap,11,-19,1,99.000,,,0
ph_zero_noswap,11,-19,2,99.000,,,0
ph_zero_noswap,11,-19,3,99.000,,,0
ph_zero_noswap,12,-18,0,99.000,,,0
ph_zero_noswap,12,-18,1,99.000,,,0
ph_zero_noswap,12,-18,2,99.000,,,0
ph_zero_noswap,12,-18,3,99.000,,,0
ph_zero_noswap,13,-17,0,99.000,,,0
ph_zero_noswap,13,-17,1,99.000,,,0
ph_zero_noswap,13,-17,2,99.000,,,0
ph_zero_noswap,13,-17,3,99.000,,,0
ph_zero_noswap,14,-16,0,99.000,,,0
ph_zero_noswap,14,-16,1,99.000,,,0
ph_zero_noswap,14,-16,2,99.000,,,0
ph_zero_noswap,14,-16,3,99.000,,,0
ph_zero_noswap,15,-15,0,99.000,,,0
ph_zero_noswap,15,-15,1,99.000,,,0
ph_zero_noswap,15,-15,2,99.000,,,0
ph_zero_noswap,15,-15,3,99.000,,,0
ph_zero_noswap,16,-14,0,99.000,,,0
ph_zero_noswap,16,-14,1,99.000,,,0
ph_zero_noswap,16,-14,2,99.000,,,0
ph_zero_noswap,16,-14,3,99.000,,,0
ph_zero_noswap,17,-13,0,99.000,,,0
ph_zero_noswap,17,-13,1,99.000,,,0
ph_zero_noswap,17,-13,2,99.000,,,0
ph_zero_noswap,17,-13,3,99.000,,,0
ph_zero_noswap,18,-12,0,99.000,,,0
ph_zero_noswap,18,-12,1,99.000,,,0
ph_zero_noswap,18,-12,2,99.000,,,0
ph_zero_noswap,18,-12,3,99.000,,,0
ph_zero_noswap,19,-11,0,99.000,,,0
ph_zero_noswap,19,-11,1,99.000,,,0
ph_zero_noswap,19,-11,2,99.000,,,0
ph_zero_noswap,19,-11,3,99.000,,,0
ph_zero_noswap,20,-10,0,99.000,,,0
ph_zero_noswap,20,-10,1,99.000,,,0
ph_zero_noswap,20,-10,2,99.000,,,0
ph_zero_noswap,20,-10,3,99.000,,,0
ph_zero_noswap,21,-9,0,99.000,,,0
ph_zero_noswap,21,-9,1,99.000,,,0
ph_zero_noswap,21,-9,2,99.000,,,0
ph_zero_noswap,21,-9,3,99.000,,,0
ph_zero_noswap,22,-8,0,99.000,,,0
ph_zero_noswap,22,-8,1,99.000,,,0
ph_zero_noswap,22,-8,2,99.000,,,0
ph_zero_noswap,22,-8,3,99.000,,,0
ph_zero_noswap,23,-7,0,99.000,,,0
ph_zero_noswap,23,-7,1,99.000,,,0
ph_zero_noswap,23,-7,2,99.000,,,0
ph_zero_noswap,23,-7,3,99.000,,,0
ph_zero_noswap,24,-6,0,99.000,,,0
ph_zero_noswap,24,-6,1,99.000,,,0
ph_zero_noswap,24,-6,2,99.000,,,0
ph_zero_noswap,24,-6,3,99.000,,,0
ph_zero_noswap,25,-5,0,99.000,,,0
ph_zero_noswap,25,-5,1,99.000,,,0
ph_zero_noswap,25,-5,2,99.000,,,0
ph_zero_noswap,25,-5,3,99.000,,,0
ph_zero_noswap,26,-4,0,99.000,,,0
ph_zero_noswap,26,-4,1,99.000,,,0
ph_zero_noswap,26,-4,2,99.000,,,0
ph_zero_noswap,26,-4,3,99.000,,,0
ph_zero_noswap,27,-3,0,99.000,,,0
ph_zero_noswap,27,-3,1,99.000,,,0
ph_zero_noswap,27,-3,2,99.000,,,0
ph_zero_noswap,27,-3,3,99.000,,,0
ph_zero_noswap,28,-2,0,99.000,,,0
ph_zero_noswap,28,-2,1,99.000,,,0
ph_zero_noswap,28,-2,2,99.000,,,0
ph_zero_noswap,28,-2,3,99.000,,,0
ph_zero_noswap,29,-1,0,99.000,,,0
ph_zero_noswap,29,-1,1,99.000,,,0
ph_zero_noswap,29,-1,2,99.000,,,0
ph_zero_noswap,29,-1,3,99.000,,,0
ph_zero_noswap,30,0,0,29.972,0.8855,0.4048,0
ph_zero_noswap,30,0,1,28.294,0.8653,0.4060,0
ph_zero_noswap,30,0,2,27.249,0.8488,0.3977,0
ph_zero_noswap,30,0,3,26.318,0.8348,0.3932,0
ph_zero_noswap,31,1,0,25.753,0.8353,0.3952,0
ph_zero_noswap,31,1,1,24.253,0.8215,0.4023,0
ph_zero_noswap,31,1,2,23.482,0.8128,0.3900,0
ph_zero_noswap,31,1,3,21.859,0.7932,0.3880,0
ph_zero_noswap,32,2,0,20.508,0.7830,0.3950,0
ph_zero_noswap,32,2,1,21.523,0.7887,0.4072,0
ph_zero_noswap,32,2,2,20.965,0.7802,0.3985,0
ph_zero_noswap,32,2,3,20.058,0.7658,0.3939,0
ph_zero_noswap,33,3,0,19.297,0.7525,0.3973,0
ph_zero_noswap,33,3,1,20.006,0.7545,0.4134,0
ph_zero_noswap,33,3,2,19.683,0.7464,0.4064,0
ph_zero_noswap,33,3,3,18.625,0.7301,0.4012,0
ph_zero_noswap,34,4,0,17.628,0.7263,0.4052,0
ph_zero_noswap,34,4,1,17.843,0.7277,0.4201,0
ph_zero_noswap,34,4,2,17.839,0.7232,0.4052,0
ph_zero_noswap,34,4,3,16.705,0.7053,0.3993,0
ph_zero_noswap,35,5,0,16.477,0.7169,0.4064,0
ph_zero_noswap,35,5,1,16.325,0.7195,0.4191,0
ph_zero_noswap,35,5,2,16.556,0.7178,0.4045,0
ph_zero_noswap,35,5,3,16.482,0.7138,0.3999,0
ph_zero_noswap,36,6,0,16.713,0.7169,0.4020,0
ph_zero_noswap,36,6,1,17.326,0.7205,0.4144,0
ph_zero_noswap,36,6,2,17.431,0.7135,0.4026,0
ph_zero_noswap,36,6,3,17.334,0.7053,0.3985,0
ph_zero_noswap,37,7,0,17.411,0.7130,0.4066,0
ph_zero_noswap,37,7,1,17.699,0.7132,0.4161,0
ph_zero_noswap,37,7,2,17.359,0.7054,0.4073,0
ph_zero_noswap,37,7,3,17.196,0.6987,0.4049,0
ph_zero_noswap,38,8,0,17.243,0.7045,0.4209,0
ph_zero_noswap,38,8,1,17.142,0.7011,0.4256,0
ph_zero_noswap,38,8,2,16.978,0.6969,0.4150,0
ph_zero_noswap,38,8,3,16.982,0.6918,0.4134,0
ph_zero_noswap,39,9,0,17.097,0.7058,0.4161,0
ph_zero_noswap,39,9,1,17.196,0.7109,0.4258,0
ph_zero_noswap,39,9,2,17.082,0.7092,0.4250,0
ph_zero_noswap,39,9,3,17.015,0.7065,0.4092,0
ph_zero_noswap,40,10,0,16.838,0.7104,0.4061,0
ph_zero_noswap,40,10,1,16.676,0.6846,0.3900,0
ph_zero_noswap,40,10,2,16.348,0.6844,0.3801,0
ph_zero_noswap,40,10,3,16.162,0.6715,0.3760,0
ph_zero_noswap,41,11,0,16.671,0.6883,0.3932,0
ph_zero_noswap,41,11,1,16.681,0.6880,0.4015,0
ph_zero_noswap,41,11,2,16.613,0.6835,0.3983,0
ph_zero_noswap,41,11,3,16.647,0.6716,0.3988,0
ph_zero_noswap,42,12,0,17.043,0.6906,0.4128,0
ph_zero_noswap,42,12,1,17.110,0.6932,0.4187,0
ph_zero_noswap,42,12,2,17.099,0.6913,0.4106,0
ph_zero_noswap,42,12,3,17.018,0.6828,0.4094,0
ph_zero_noswap,43,13,0,17.381,0.6993,0.4254,0
ph_zero_noswap,43,13,1,17.404,0.7000,0.4294,0
ph_zero_noswap,43,13,2,17.391,0.6972,0.4203,0
ph_zero_noswap,43,13,3,17.339,0.6923,0.4201,0
ph_zero_noswap,44,14,0,17.387,0.6943,0.4324,0
ph_zero_noswap,44,14,1,17.265,0.6894,0.4369,0
ph_zero_noswap,44,14,2,17.123,0.6812,0.4262,0
ph_zero_noswap,44,14,3,16.994,0.6741,0.4203,0
ph_zero_noswap,45,15,0,17.087,0.6768,0.4280,0
ph_zero_noswap,45,15,1,16.955,0.6722,0.4279,0
ph_zero_noswap,45,15,2,16.790,0.6634,0.4198,0
ph_zero_noswap,45,15,3,16.635,0.6567,0.4141,0
ph_zero_noswap,46,16,0,16.739,0.6748,0.4152,0
ph_zero_noswap,46,16,1,16.777,0.6737,0.4207,0
ph_zero_noswap,46,16,2,16.683,0.6695,0.4156,0
ph_zero_noswap,46,16,3,16.542,0.6646,0.4119,0
ph_zero_noswap,47,17,0,16.865,0.6781,0.4169,0
ph_zero_noswap,47,17,1,16.749,0.6761,0.4200,0
ph_zero_noswap,47,17,2,16.667,0.6746,0.4123,0
ph_zero_noswap,47,17,3,16.696,0.6722,0.4111,0
ph_zero_noswap,48,18,0,16.886,0.6818,0.4143,0
ph_zero_noswap,48,18,1,16.627,0.6806,0.4183,0
ph_zero_noswap,48,18,2,16.379,0.6766,0.4152,0
ph_zero_noswap,48,18,3,16.300,0.6733,0.4079,0
ph_zero_noswap,49,19,0,16.503,0.6784,0.4206,0
ph_zero_noswap,49,19,1,16.566,0.6788,0.4199,0
ph_zero_noswap,49,19,2,16.495,0.6753,0.4212,0
ph_zero_noswap,49,19,3,16.522,0.6719,0.4097,0
ph_zero_noswap,50,20,0,16.579,0.6736,0.4130,0
ph_zero_noswap,50,20,1,16.484,0.6710,0.4141,0
ph_zero_noswap,50,20,2,16.342,0.6654,0.4139,0
ph_zero_noswap,50,20,3,16.274,0.6618,0.4062,0
ph_zero_noswap,51,21,0,16.514,0.6696,0.4114,0
ph_zero_noswap,51,21,1,16.575,0.6697,0.4096,0
ph_zero_noswap,51,21,2,16.637,0.6669,0.4104,0
ph_zero_noswap,51,21,3,16.479,0.6640,0.3963,0
ph_zero_noswap,52,22,0,16.240,0.6735,0.4014,0
ph_zero_noswap,52,22,1,16.730,0.6772,0.4048,0
ph_zero_noswap,52,22,2,16.722,0.6749,0.4070,0
ph_zero_noswap,52,22,3,16.624,0.6710,0.3943,0
ph_zero_noswap,53,23,0,16.417,0.6832,0.3942,0
ph_zero_noswap,53,23,1,17.077,0.6918,0.4045,0
ph_zero_noswap,53,23,2,17.216,0.6943,0.4104,0
ph_zero_noswap,53,23,3,17.193,0.6920,0.3969,0
ph_zero_noswap,54,24,0,16.989,0.6967,0.3930,0
ph_zero_noswap,54,24,1,16.920,0.6982,0.4019,0
ph_zero_noswap,54,24,2,17.286,0.7019,0.4091,0
ph_zero_noswap,54,24,3,17.191,0.6989,0.3952,0
ph_zero_noswap,55,25,0,16.837,0.7052,0.3974,0
ph_zero_noswap,55,25,1,17.107,0.7112,0.4083,0
ph_zero_noswap,55,25,2,17.017,0.7057,0.4142,0
ph_zero_noswap,55,25,3,16.473,0.6976,0.4003,0
ph_zero_noswap,56,26,0,16.521,0.7014,0.4072,0
ph_zero_noswap,56,26,1,16.763,0.7051,0.4120,0
ph_zero_noswap,56,26,2,16.985,0.7023,0.4162,0
ph_zero_noswap,56,26,3,16.884,0.6976,0.3993,0
ph_zero_noswap,57,27,0,16.692,0.7026,0.4014,0
ph_zero_noswap,57,27,1,17.305,0.7111,0.4110,0
ph_zero_noswap,57,27,2,17.119,0.7069,0.4181,0
ph_zero_noswap,57,27,3,16.897,0.7031,0.4040,0
ph_zero_noswap,58,28,0,16.509,0.7130,0.4061,0
ph_zero_noswap,58,28,1,17.038,0.7158,0.4205,0
ph_zero_noswap,58,28,2,16.912,0.7141,0.4232,0
ph_zero_noswap,58,28,3,16.890,0.7103,0.4096,0
ph_zero_noswap,59,29,0,16.896,0.7162,0.4177,0
ph_zero_noswap,59,29,1,16.785,0.7150,0.4180,0
ph_zero_noswap,59,29,2,16.759,0.7134,0.4260,0
ph_zero_noswap,59,29,3,16.688,0.7103,0.4203,0
ph_zero_noswap,60,30,0,16.613,0.7113,0.3996,0
ph_zero_noswap,60,30,1,16.670,0.7047,0.4010,0
ph_zero_noswap,60,30,2,15.589,0.6632,0.3884,0
ph_zero_noswap,60,30,3,15.591,0.6430,0.3776,0
ph_zero_noswap,61,31,0,16.240,0.6733,0.4026,0
ph_zero_noswap,61,31,1,16.385,0.6864,0.3977,0
ph_zero_noswap,61,31,2,16.459,0.6893,0.4043,0
ph_zero_noswap,61,31,3,16.481,0.6783,0.4002,0
ph_zero_noswap,62,32,0,16.957,0.6938,0.4200,0
ph_zero_noswap,62,32,1,17.007,0.6962,0.4214,0
ph_zero_noswap,62,32,2,16.999,0.6937,0.4230,0
ph_zero_noswap,62,32,3,16.946,0.6872,0.4144,0
ph_zero_noswap,63,33,0,17.320,0.6997,0.4283,0
ph_zero_noswap,63,33,1,17.329,0.7011,0.4295,0
ph_zero_noswap,63,33,2,17.287,0.6962,0.4313,0
ph_zero_noswap,63,33,3,17.238,0.6876,0.4214,0
ph_zero_noswap,64,34,0,17.423,0.6969,0.4331,0
ph_zero_noswap,64,34,1,17.400,0.6966,0.4310,0
ph_zero_noswap,64,34,2,17.327,0.6922,0.4333,0
ph_zero_noswap,64,34,3,17.257,0.6877,0.4230,0
ph_zero_noswap,65,35,0,17.210,0.6882,0.4273,0
ph_zero_noswap,65,35,1,17.132,0.6833,0.4263,0
ph_zero_noswap,65,35,2,16.985,0.6752,0.4241,0
ph_zero_noswap,65,35,3,16.865,0.6696,0.4159,0
ph_zero_noswap,66,36,0,16.958,0.6721,0.4243,0
ph_zero_noswap,66,36,1,16.919,0.6693,0.4237,0
ph_zero_noswap,66,36,2,16.814,0.6653,0.4254,0
ph_zero_noswap,66,36,3,16.690,0.6598,0.4185,0
ph_zero_noswap,67,37,0,16.874,0.6636,0.4244,0
ph_zero_noswap,67,37,1,16.786,0.6617,0.4209,0
ph_zero_noswap,67,37,2,16.682,0.6595,0.4212,0
ph_zero_noswap,67,37,3,16.441,0.6556,0.4125,0
ph_zero_noswap,68,38,0,16.446,0.6594,0.4185,0
ph_zero_noswap,68,38,1,16.335,0.6571,0.4179,0
ph_zero_noswap,68,38,2,16.354,0.6538,0.4202,0
ph_zero_noswap,68,38,3,16.364,0.6478,0.4177,0
ph_zero_noswap,69,39,0,16.399,0.6572,0.4176,0
ph_zero_noswap,69,39,1,16.360,0.6552,0.4208,0
ph_zero_noswap,69,39,2,16.389,0.6504,0.4189,0
ph_zero_noswap,69,39,3,16.405,0.6451,0.4193,0
ph_local_noswap,1,-29,0,99.000,,,0
ph_local_noswap,1,-29,1,99.000,,,0
ph_local_noswap,1,-29,2,99.000,,,0
ph_local_noswap,1,-29,3,99.000,,,0
ph_local_noswap,2,-28,0,99.000,,,0
ph_local_noswap,2,-28,1,99.000,,,0
ph_local_noswap,2,-28,2,99.000,,,0
ph_local_noswap,2,-28,3,99.000,,,0
ph_local_noswap,3,-27,0,99.000,,,0
ph_local_noswap,3,-27,1,99.000,,,0
ph_local_noswap,3,-27,2,99.000,,,0
ph_local_noswap,3,-27,3,99.000,,,0
ph_local_noswap,4,-26,0,99.000,,,0
ph_local_noswap,4,-26,1,99.000,,,0
ph_local_noswap,4,-26,2,99.000,,,0
ph_local_noswap,4,-26,3,99.000,,,0
ph_local_noswap,5,-25,0,99.000,,,0
ph_local_noswap,5,-25,1,99.000,,,0
ph_local_noswap,5,-25,2,99.000,,,0
ph_local_noswap,5,-25,3,99.000,,,0
ph_local_noswap,6,-24,0,99.000,,,0
ph_local_noswap,6,-24,1,99.000,,,0
ph_local_noswap,6,-24,2,99.000,,,0
ph_local_noswap,6,-24,3,99.000,,,0
ph_local_noswap,7,-23,0,99.000,,,0
ph_local_noswap,7,-23,1,99.000,,,0
ph_local_noswap,7,-23,2,99.000,,,0
ph_local_noswap,7,-23,3,99.000,,,0
ph_local_noswap,8,-22,0,99.000,,,0
ph_local_noswap,8,-22,1,99.000,,,0
ph_local_noswap,8,-22,2,99.000,,,0
ph_local_noswap,8,-22,3,99.000,,,0
ph_local_noswap,9,-21,0,99.000,,,0
ph_local_noswap,9,-21,1,99.000,,,0
ph_local_noswap,9,-21,2,99.000,,,0
ph_local_noswap,9,-21,3,99.000,,,0
ph_local_noswap,10,-20,0,99.000,,,0
ph_local_noswap,10,-20,1,99.000,,,0
ph_local_noswap,10,-20,2,99.000,,,0
ph_local_noswap,10,-20,3,99.000,,,0
ph_local_noswap,11,-19,0,99.000,,,0
ph_local_noswap,11,-19,1,99.000,,,0
ph_local_noswap,11,-19,2,99.000,,,0
ph_local_noswap,11,-19,3,99.000,,,0
ph_local_noswap,12,-18,0,99.000,,,0
ph_local_noswap,12,-18,1,99.000,,,0
ph_local_noswap,12,-18,2,99.000,,,0
ph_local_noswap,12,-18,3,99.000,,,0
ph_local_noswap,13,-17,0,99.000,,,0
ph_local_noswap,13,-17,1,99.000,,,0
ph_local_noswap,13,-17,2,99.000,,,0
ph_local_noswap,13,-17,3,99.000,,,0
ph_local_noswap,14,-16,0,99.000,,,0
ph_local_noswap,14,-16,1,99.000,,,0
ph_local_noswap,14,-16,2,99.000,,,0
ph_local_noswap,14,-16,3,99.000,,,0
ph_local_noswap,15,-15,0,99.000,,,0
ph_local_noswap,15,-15,1,99.000,,,0
ph_local_noswap,15,-15,2,99.000,,,0
ph_local_noswap,15,-15,3,99.000,,,0
ph_local_noswap,16,-14,0,99.000,,,0
ph_local_noswap,16,-14,1,99.000,,,0
ph_local_noswap,16,-14,2,99.000,,,0
ph_local_noswap,16,-14,3,99.000,,,0
ph_local_noswap,17,-13,0,99.000,,,0
ph_local_noswap,17,-13,1,99.000,,,0
ph_local_noswap,17,-13,2,99.000,,,0
ph_local_noswap,17,-13,3,99.000,,,0
ph_local_noswap,18,-12,0,99.000,,,0
ph_local_noswap,18,-12,1,99.000,,,0
ph_local_noswap,18,-12,2,99.000,,,0
ph_local_noswap,18,-12,3,99.000,,,0
ph_local_noswap,19,-11,0,99.000,,,0
ph_local_noswap,19,-11,1,99.000,,,0
ph_local_noswap,19,-11,2,99.000,,,0
ph_local_noswap,19,-11,3,99.000,,,0
ph_local_noswap,20,-10,0,99.000,,,0
ph_local_noswap,20,-10,1,99.000,,,0
ph_local_noswap,20,-10,2,99.000,,,0
ph_local_noswap,20,-10,3,99.000,,,0
ph_local_noswap,21,-9,0,99.000,,,0
ph_local_noswap,21,-9,1,99.000,,,0
ph_local_noswap,21,-9,2,99.000,,,0
ph_local_noswap,21,-9,3,99.000,,,0
ph_local_noswap,22,-8,0,99.000,,,0
ph_local_noswap,22,-8,1,99.000,,,0
ph_local_noswap,22,-8,2,99.000,,,0
ph_local_noswap,22,-8,3,99.000,,,0
ph_local_noswap,23,-7,0,99.000,,,0
ph_local_noswap,23,-7,1,99.000,,,0
ph_local_noswap,23,-7,2,99.000,,,0
ph_local_noswap,23,-7,3,99.000,,,0
ph_local_noswap,24,-6,0,99.000,,,0
ph_local_noswap,24,-6,1,99.000,,,0
ph_local_noswap,24,-6,2,99.000,,,0
ph_local_noswap,24,-6,3,99.000,,,0
ph_local_noswap,25,-5,0,99.000,,,0
ph_local_noswap,25,-5,1,99.000,,,0
ph_local_noswap,25,-5,2,99.000,,,0
ph_local_noswap,25,-5,3,99.000,,,0
ph_local_noswap,26,-4,0,99.000,,,0
ph_local_noswap,26,-4,1,99.000,,,0
ph_local_noswap,26,-4,2,99.000,,,0
ph_local_noswap,26,-4,3,99.000,,,0
ph_local_noswap,27,-3,0,99.000,,,0
ph_local_noswap,27,-3,1,99.000,,,0
ph_local_noswap,27,-3,2,99.000,,,0
ph_local_noswap,27,-3,3,99.000,,,0
ph_local_noswap,28,-2,0,99.000,,,0
ph_local_noswap,28,-2,1,99.000,,,0
ph_local_noswap,28,-2,2,99.000,,,0
ph_local_noswap,28,-2,3,99.000,,,0
ph_local_noswap,29,-1,0,99.000,,,0
ph_local_noswap,29,-1,1,99.000,,,0
ph_local_noswap,29,-1,2,99.000,,,0
ph_local_noswap,29,-1,3,99.000,,,0
ph_local_noswap,30,0,0,30.827,0.9058,0.4001,0
ph_local_noswap,30,0,1,29.273,0.8868,0.3998,0
ph_local_noswap,30,0,2,28.198,0.8690,0.3906,0
ph_local_noswap,30,0,3,27.270,0.8561,0.3871,0
ph_local_noswap,31,1,0,26.320,0.8501,0.3859,0
ph_local_noswap,31,1,1,24.023,0.8289,0.3929,0
ph_local_noswap,31,1,2,23.570,0.8213,0.3801,0
ph_local_noswap,31,1,3,22.197,0.8007,0.3781,0
ph_local_noswap,32,2,0,21.590,0.7947,0.3769,0
ph_local_noswap,32,2,1,21.796,0.7959,0.3875,0
ph_local_noswap,32,2,2,21.894,0.7928,0.3776,0
ph_local_noswap,32,2,3,22.064,0.7886,0.3760,0
ph_local_noswap,33,3,0,21.986,0.7929,0.3764,0
ph_local_noswap,33,3,1,21.826,0.7932,0.3875,0
ph_local_noswap,33,3,2,21.615,0.7865,0.3810,0
ph_local_noswap,33,3,3,21.589,0.7810,0.3797,0
ph_local_noswap,34,4,0,21.362,0.7808,0.3904,0
ph_local_noswap,34,4,1,21.373,0.7829,0.4015,0
ph_local_noswap,34,4,2,21.447,0.7812,0.3937,0
ph_local_noswap,34,4,3,21.536,0.7828,0.3962,0
ph_local_noswap,35,5,0,21.067,0.7862,0.4030,0
ph_local_noswap,35,5,1,21.332,0.7908,0.4160,0
ph_local_noswap,35,5,2,21.513,0.7932,0.4027,0
ph_local_noswap,35,5,3,21.539,0.7918,0.4025,0
ph_local_noswap,36,6,0,21.420,0.7856,0.4100,0
ph_local_noswap,36,6,1,21.727,0.7883,0.4173,0
ph_local_noswap,36,6,2,21.589,0.7846,0.4071,0
ph_local_noswap,36,6,3,21.119,0.7712,0.4055,0
ph_local_noswap,37,7,0,21.660,0.7811,0.4085,0
ph_local_noswap,37,7,1,21.497,0.7822,0.4182,0
ph_local_noswap,37,7,2,21.536,0.7788,0.4068,0
ph_local_noswap,37,7,3,21.194,0.7696,0.4029,0
ph_local_noswap,38,8,0,20.896,0.7750,0.4094,0
ph_local_noswap,38,8,1,20.915,0.7768,0.4155,0
ph_local_noswap,38,8,2,21.002,0.7767,0.4093,0
ph_local_noswap,38,8,3,20.965,0.7694,0.4083,0
ph_local_noswap,39,9,0,21.175,0.7842,0.4075,0
ph_local_noswap,39,9,1,21.556,0.7934,0.4166,0
ph_local_noswap,39,9,2,21.560,0.7908,0.4176,0
ph_local_noswap,39,9,3,21.435,0.7857,0.4048,0
ph_local_noswap,40,10,0,21.297,0.7894,0.4050,0
ph_local_noswap,40,10,1,20.819,0.7767,0.3900,0
ph_local_noswap,40,10,2,20.851,0.7834,0.3850,0
ph_local_noswap,40,10,3,20.418,0.7766,0.3860,0
ph_local_noswap,41,11,0,20.888,0.7857,0.3909,0
ph_local_noswap,41,11,1,20.688,0.7808,0.4004,0
ph_local_noswap,41,11,2,20.716,0.7782,0.4007,0
ph_local_noswap,41,11,3,20.741,0.7701,0.4029,0
ph_local_noswap,42,12,0,20.957,0.7799,0.4070,0
ph_local_noswap,42,12,1,20.996,0.7796,0.4131,0
ph_local_noswap,42,12,2,20.898,0.7772,0.4069,0
ph_local_noswap,42,12,3,20.542,0.7663,0.4067,0
ph_local_noswap,43,13,0,21.134,0.7807,0.4117,0
ph_local_noswap,43,13,1,21.205,0.7812,0.4185,0
ph_local_noswap,43,13,2,21.181,0.7797,0.4112,0
ph_local_noswap,43,13,3,20.988,0.7718,0.4108,0
ph_local_noswap,44,14,0,21.006,0.7724,0.4099,0
ph_local_noswap,44,14,1,20.966,0.7684,0.4160,0
ph_local_noswap,44,14,2,20.810,0.7613,0.4099,0
ph_local_noswap,44,14,3,20.638,0.7527,0.4088,0
ph_local_noswap,45,15,0,20.490,0.7518,0.4096,0
ph_local_noswap,45,15,1,20.420,0.7490,0.4123,0
ph_local_noswap,45,15,2,20.478,0.7462,0.4099,0
ph_local_noswap,45,15,3,20.441,0.7425,0.4109,0
ph_local_noswap,46,16,0,20.434,0.7607,0.4106,0
ph_local_noswap,46,16,1,20.394,0.7618,0.4165,0
ph_local_noswap,46,16,2,20.286,0.7618,0.4140,0
ph_local_noswap,46,16,3,20.121,0.7585,0.4122,0
ph_local_noswap,47,17,0,20.157,0.7698,0.4098,0
ph_local_noswap,47,17,1,20.145,0.7732,0.4132,0
ph_local_noswap,47,17,2,20.286,0.7740,0.4100,0
ph_local_noswap,47,17,3,20.291,0.7729,0.4111,0
ph_local_noswap,48,18,0,20.757,0.7809,0.4106,0
ph_local_noswap,48,18,1,20.871,0.7832,0.4140,0
ph_local_noswap,48,18,2,20.794,0.7813,0.4148,0
ph_local_noswap,48,18,3,20.624,0.7773,0.4100,0
ph_local_noswap,49,19,0,20.985,0.7806,0.4105,0
ph_local_noswap,49,19,1,21.050,0.7792,0.4101,0
ph_local_noswap,49,19,2,20.958,0.7758,0.4134,0
ph_local_noswap,49,19,3,20.837,0.7731,0.4052,0
ph_local_noswap,50,20,0,20.901,0.7742,0.4057,0
ph_local_noswap,50,20,1,21.134,0.7755,0.4065,0
ph_local_noswap,50,20,2,21.116,0.7717,0.4086,0
ph_local_noswap,50,20,3,20.906,0.7665,0.4031,0
ph_local_noswap,51,21,0,21.051,0.7740,0.4019,0
ph_local_noswap,51,21,1,21.079,0.7764,0.4006,0
ph_local_noswap,51,21,2,21.153,0.7805,0.4050,0
ph_local_noswap,51,21,3,21.133,0.7786,0.3901,0
ph_local_noswap,52,22,0,21.409,0.7918,0.3918,0
ph_local_noswap,52,22,1,21.066,0.7880,0.3940,0
ph_local_noswap,52,22,2,21.276,0.7899,0.3979,0
ph_local_noswap,52,22,3,21.013,0.7852,0.3864,0
ph_local_noswap,53,23,0,21.164,0.7918,0.3862,0
ph_local_noswap,53,23,1,21.016,0.7906,0.3885,0
ph_local_noswap,53,23,2,21.136,0.7912,0.3953,0
ph_local_noswap,53,23,3,21.297,0.7932,0.3866,0
ph_local_noswap,54,24,0,21.176,0.7984,0.3832,0
ph_local_noswap,54,24,1,21.368,0.8000,0.3890,0
ph_local_noswap,54,24,2,21.323,0.8011,0.3992,0
ph_local_noswap,54,24,3,21.007,0.7972,0.3889,0
ph_local_noswap,55,25,0,20.990,0.8014,0.3927,0
ph_local_noswap,55,25,1,20.895,0.7985,0.3989,0
ph_local_noswap,55,25,2,20.502,0.7897,0.4059,0
ph_local_noswap,55,25,3,20.055,0.7797,0.3927,0
ph_local_noswap,56,26,0,20.735,0.7909,0.4002,0
ph_local_noswap,56,26,1,21.204,0.7971,0.4022,0
ph_local_noswap,56,26,2,21.108,0.7919,0.4073,0
ph_local_noswap,56,26,3,20.487,0.7804,0.3947,0
ph_local_noswap,57,27,0,20.450,0.7843,0.3988,0
ph_local_noswap,57,27,1,21.062,0.7923,0.4005,0
ph_local_noswap,57,27,2,21.199,0.7915,0.4070,0
ph_local_noswap,57,27,3,21.109,0.7882,0.3948,0
ph_local_noswap,58,28,0,21.104,0.8006,0.4003,0
ph_local_noswap,58,28,1,20.670,0.7982,0.4046,0
ph_local_noswap,58,28,2,21.053,0.8032,0.4093,0
ph_local_noswap,58,28,3,21.452,0.8057,0.3987,0
ph_local_noswap,59,29,0,21.306,0.8127,0.4022,0
ph_local_noswap,59,29,1,21.371,0.8145,0.4046,0
ph_local_noswap,59,29,2,21.462,0.8137,0.4128,0
ph_local_noswap,59,29,3,21.492,0.8111,0.4114,0
ph_local_noswap,60,30,0,21.182,0.8075,0.3951,0
ph_local_noswap,60,30,1,20.848,0.7932,0.4005,0
ph_local_noswap,60,30,2,19.667,0.7680,0.3962,0
ph_local_noswap,60,30,3,19.651,0.7584,0.3875,0
ph_local_noswap,61,31,0,19.832,0.7646,0.3971,0
ph_local_noswap,61,31,1,19.761,0.7729,0.3936,0
ph_local_noswap,61,31,2,19.721,0.7719,0.4006,0
ph_local_noswap,61,31,3,19.630,0.7653,0.3976,0
ph_local_noswap,62,32,0,19.840,0.7710,0.4087,0
ph_local_noswap,62,32,1,19.919,0.7730,0.4130,0
ph_local_noswap,62,32,2,19.864,0.7716,0.4163,0
ph_local_noswap,62,32,3,19.742,0.7688,0.4070,0
ph_local_noswap,63,33,0,19.930,0.7738,0.4110,0
ph_local_noswap,63,33,1,20.074,0.7765,0.4158,0
ph_local_noswap,63,33,2,20.000,0.7745,0.4207,0
ph_local_noswap,63,33,3,19.696,0.7652,0.4116,0
ph_local_noswap,64,34,0,19.876,0.7718,0.4132,0
ph_local_noswap,64,34,1,20.145,0.7758,0.4128,0
ph_local_noswap,64,34,2,20.295,0.7746,0.4180,0
ph_local_noswap,64,34,3,20.326,0.7708,0.4114,0
ph_local_noswap,65,35,0,20.264,0.7693,0.4126,0
ph_local_noswap,65,35,1,20.423,0.7702,0.4139,0
ph_local_noswap,65,35,2,20.465,0.7661,0.4167,0
ph_local_noswap,65,35,3,20.498,0.7631,0.4136,0
ph_local_noswap,66,36,0,20.613,0.7665,0.4140,0
ph_local_noswap,66,36,1,20.709,0.7655,0.4148,0
ph_local_noswap,66,36,2,20.693,0.7615,0.4185,0
ph_local_noswap,66,36,3,20.644,0.7571,0.4145,0
ph_local_noswap,67,37,0,20.956,0.7619,0.4125,0
ph_local_noswap,67,37,1,21.037,0.7597,0.4103,0
ph_local_noswap,67,37,2,20.843,0.7566,0.4138,0
ph_local_noswap,67,37,3,20.368,0.7530,0.4087,0
ph_local_noswap,68,38,0,20.556,0.7559,0.4099,0
ph_local_noswap,68,38,1,20.736,0.7562,0.4107,0
ph_local_noswap,68,38,2,20.994,0.7550,0.4161,0
ph_local_noswap,68,38,3,21.099,0.7516,0.4162,0
ph_local_noswap,69,39,0,21.288,0.7592,0.4122,0
ph_local_noswap,69,39,1,21.202,0.7592,0.4150,0
ph_local_noswap,69,39,2,21.452,0.7581,0.4142,0
ph_local_noswap,69,39,3,21.396,0.7533,0.4147,0
ph_zero_1,1,-29,0,99.000,,,0
ph_zero_1,1,-29,1,99.000,,,0
ph_zero_1,1,-29,2,99.000,,,0
ph_zero_1,1,-29,3,99.000,,,0
ph_zero_1,2,-28,0,99.000,,,0
ph_zero_1,2,-28,1,99.000,,,0
ph_zero_1,2,-28,2,99.000,,,0
ph_zero_1,2,-28,3,99.000,,,0
ph_zero_1,3,-27,0,99.000,,,0
ph_zero_1,3,-27,1,99.000,,,0
ph_zero_1,3,-27,2,99.000,,,0
ph_zero_1,3,-27,3,99.000,,,0
ph_zero_1,4,-26,0,99.000,,,0
ph_zero_1,4,-26,1,99.000,,,0
ph_zero_1,4,-26,2,99.000,,,0
ph_zero_1,4,-26,3,99.000,,,0
ph_zero_1,5,-25,0,99.000,,,0
ph_zero_1,5,-25,1,99.000,,,0
ph_zero_1,5,-25,2,99.000,,,0
ph_zero_1,5,-25,3,99.000,,,0
ph_zero_1,6,-24,0,99.000,,,0
ph_zero_1,6,-24,1,99.000,,,0
ph_zero_1,6,-24,2,99.000,,,0
ph_zero_1,6,-24,3,99.000,,,0
ph_zero_1,7,-23,0,99.000,,,0
ph_zero_1,7,-23,1,99.000,,,0
ph_zero_1,7,-23,2,99.000,,,0
ph_zero_1,7,-23,3,99.000,,,0
ph_zero_1,8,-22,0,99.000,,,0
ph_zero_1,8,-22,1,99.000,,,0
ph_zero_1,8,-22,2,99.000,,,0
ph_zero_1,8,-22,3,99.000,,,0
ph_zero_1,9,-21,0,99.000,,,0
ph_zero_1,9,-21,1,99.000,,,0
ph_zero_1,9,-21,2,99.000,,,0
ph_zero_1,9,-21,3,99.000,,,0
ph_zero_1,10,-20,0,99.000,,,0
ph_zero_1,10,-20,1,99.000,,,0
ph_zero_1,10,-20,2,99.000,,,0
ph_zero_1,10,-20,3,99.000,,,0
ph_zero_1,11,-19,0,99.000,,,0
ph_zero_1,11,-19,1,99.000,,,0
ph_zero_1,11,-19,2,99.000,,,0
ph_zero_1,11,-19,3,99.000,,,0
ph_zero_1,12,-18,0,99.000,,,0
ph_zero_1,12,-18,1,99.000,,,0
ph_zero_1,12,-18,2,99.000,,,0
ph_zero_1,12,-18,3,99.000,,,0
ph_zero_1,13,-17,0,99.000,,,0
ph_zero_1,13,-17,1,99.000,,,0
ph_zero_1,13,-17,2,99.000,,,0
ph_zero_1,13,-17,3,99.000,,,0
ph_zero_1,14,-16,0,99.000,,,0
ph_zero_1,14,-16,1,99.000,,,0
ph_zero_1,14,-16,2,99.000,,,0
ph_zero_1,14,-16,3,99.000,,,0
ph_zero_1,15,-15,0,99.000,,,0
ph_zero_1,15,-15,1,99.000,,,0
ph_zero_1,15,-15,2,99.000,,,0
ph_zero_1,15,-15,3,99.000,,,0
ph_zero_1,16,-14,0,99.000,,,0
ph_zero_1,16,-14,1,99.000,,,0
ph_zero_1,16,-14,2,99.000,,,0
ph_zero_1,16,-14,3,99.000,,,0
ph_zero_1,17,-13,0,99.000,,,0
ph_zero_1,17,-13,1,99.000,,,0
ph_zero_1,17,-13,2,99.000,,,0
ph_zero_1,17,-13,3,99.000,,,0
ph_zero_1,18,-12,0,99.000,,,0
ph_zero_1,18,-12,1,99.000,,,0
ph_zero_1,18,-12,2,99.000,,,0
ph_zero_1,18,-12,3,99.000,,,0
ph_zero_1,19,-11,0,99.000,,,0
ph_zero_1,19,-11,1,99.000,,,0
ph_zero_1,19,-11,2,99.000,,,0
ph_zero_1,19,-11,3,99.000,,,0
ph_zero_1,20,-10,0,99.000,,,0
ph_zero_1,20,-10,1,99.000,,,0
ph_zero_1,20,-10,2,99.000,,,0
ph_zero_1,20,-10,3,99.000,,,0
ph_zero_1,21,-9,0,99.000,,,0
ph_zero_1,21,-9,1,99.000,,,0
ph_zero_1,21,-9,2,99.000,,,0
ph_zero_1,21,-9,3,99.000,,,0
ph_zero_1,22,-8,0,99.000,,,0
ph_zero_1,22,-8,1,99.000,,,0
ph_zero_1,22,-8,2,99.000,,,0
ph_zero_1,22,-8,3,99.000,,,0
ph_zero_1,23,-7,0,99.000,,,0
ph_zero_1,23,-7,1,99.000,,,0
ph_zero_1,23,-7,2,99.000,,,0
ph_zero_1,23,-7,3,99.000,,,0
ph_zero_1,24,-6,0,99.000,,,0
ph_zero_1,24,-6,1,99.000,,,0
ph_zero_1,24,-6,2,99.000,,,0
ph_zero_1,24,-6,3,99.000,,,0
ph_zero_1,25,-5,0,99.000,,,0
ph_zero_1,25,-5,1,99.000,,,0
ph_zero_1,25,-5,2,99.000,,,0
ph_zero_1,25,-5,3,99.000,,,0
ph_zero_1,26,-4,0,99.000,,,0
ph_zero_1,26,-4,1,99.000,,,0
ph_zero_1,26,-4,2,99.000,,,0
ph_zero_1,26,-4,3,99.000,,,0
ph_zero_1,27,-3,0,99.000,,,0
ph_zero_1,27,-3,1,99.000,,,0
ph_zero_1,27,-3,2,99.000,,,0
ph_zero_1,27,-3,3,99.000,,,0
ph_zero_1,28,-2,0,99.000,,,0
ph_zero_1,28,-2,1,99.000,,,0
ph_zero_1,28,-2,2,99.000,,,0
ph_zero_1,28,-2,3,99.000,,,0
ph_zero_1,29,-1,0,99.000,,,0
ph_zero_1,29,-1,1,99.000,,,0
ph_zero_1,29,-1,2,99.000,,,0
ph_zero_1,29,-1,3,99.000,,,0
ph_zero_1,30,0,0,29.972,0.8855,0.4048,0
ph_zero_1,30,0,1,28.294,0.8653,0.4060,0
ph_zero_1,30,0,2,27.249,0.8488,0.3977,0
ph_zero_1,30,0,3,26.318,0.8348,0.3932,0
ph_zero_1,31,1,0,28.228,0.8934,0.4002,0
ph_zero_1,31,1,1,28.482,0.9076,0.4104,0
ph_zero_1,31,1,2,29.156,0.9221,0.4017,0
ph_zero_1,31,1,3,27.538,0.9175,0.4025,0
ph_zero_1,32,2,0,26.975,0.9315,0.4020,0
ph_zero_1,32,2,1,30.741,0.9466,0.4098,0
ph_zero_1,32,2,2,30.754,0.9469,0.4020,0
ph_zero_1,32,2,3,29.793,0.9417,0.4028,0
ph_zero_1,33,3,0,31.013,0.9499,0.4000,0
ph_zero_1,33,3,1,31.959,0.9516,0.4087,0
ph_zero_1,33,3,2,31.830,0.9486,0.4024,0
ph_zero_1,33,3,3,31.224,0.9444,0.4009,0
ph_zero_1,34,4,0,32.102,0.9564,0.4039,0
ph_zero_1,34,4,1,33.194,0.9612,0.4144,0
ph_zero_1,34,4,2,33.430,0.9629,0.4055,0
ph_zero_1,34,4,3,33.242,0.9622,0.4101,0
ph_zero_1,35,5,0,33.938,0.9669,0.4113,0
ph_zero_1,35,5,1,33.536,0.9671,0.4228,0
ph_zero_1,35,5,2,32.822,0.9669,0.4109,0
ph_zero_1,35,5,3,32.811,0.9663,0.4120,0
ph_zero_1,36,6,0,33.059,0.9731,0.4126,0
ph_zero_1,36,6,1,34.322,0.9748,0.4201,0
ph_zero_1,36,6,2,35.411,0.9766,0.4102,0
ph_zero_1,36,6,3,35.635,0.9767,0.4100,0
ph_zero_1,37,7,0,37.112,0.9827,0.4129,0
ph_zero_1,37,7,1,37.595,0.9837,0.4213,0
ph_zero_1,37,7,2,38.575,0.9847,0.4135,0
ph_zero_1,37,7,3,38.781,0.9847,0.4120,0
ph_zero_1,38,8,0,40.343,0.9885,0.4168,0
ph_zero_1,38,8,1,40.299,0.9885,0.4219,0
ph_zero_1,38,8,2,40.321,0.9886,0.4155,0
ph_zero_1,38,8,3,40.391,0.9885,0.4169,0
ph_zero_1,39,9,0,40.996,0.9904,0.4174,0
ph_zero_1,39,9,1,41.733,0.9908,0.4245,0
ph_zero_1,39,9,2,41.832,0.9908,0.4252,0
ph_zero_1,39,9,3,41.570,0.9905,0.4159,0
ph_zero_1,40,10,0,41.822,0.9910,0.4181,0
ph_zero_1,40,10,1,41.858,0.9894,0.3995,0
ph_zero_1,40,10,2,42.390,0.9902,0.3931,0
ph_zero_1,40,10,3,42.868,0.9905,0.3973,0
ph_zero_1,41,11,0,43.450,0.9904,0.3998,0
ph_zero_1,41,11,1,43.340,0.9900,0.4129,0
ph_zero_1,41,11,2,43.312,0.9897,0.4124,0
ph_zero_1,41,11,3,43.624,0.9899,0.4153,0
ph_zero_1,42,12,0,44.538,0.9916,0.4183,0
ph_zero_1,42,12,1,44.695,0.9921,0.4235,0
ph_zero_1,42,12,2,44.638,0.9919,0.4191,0
ph_zero_1,42,12,3,44.706,0.9920,0.4184,0
ph_zero_1,43,13,0,45.552,0.9937,0.4218,0
ph_zero_1,43,13,1,45.391,0.9937,0.4268,0
ph_zero_1,43,13,2,45.190,0.9936,0.4203,0
ph_zero_1,43,13,3,45.213,0.9935,0.4205,0
ph_zero_1,44,14,0,46.042,0.9946,0.4216,0
ph_zero_1,44,14,1,45.956,0.9945,0.4274,0
ph_zero_1,44,14,2,46.053,0.9945,0.4225,0
ph_zero_1,44,14,3,45.957,0.9945,0.4227,0
ph_zero_1,45,15,0,46.606,0.9953,0.4257,0
ph_zero_1,45,15,1,46.378,0.9952,0.4283,0
ph_zero_1,45,15,2,45.706,0.9951,0.4247,0
ph_zero_1,45,15,3,45.418,0.9950,0.4235,0
ph_zero_1,46,16,0,45.927,0.9952,0.4209,0
ph_zero_1,46,16,1,45.189,0.9948,0.4234,0
ph_zero_1,46,16,2,44.699,0.9946,0.4189,0
ph_zero_1,46,16,3,43.962,0.9945,0.4157,0
ph_zero_1,47,17,0,44.746,0.9951,0.4115,0
ph_zero_1,47,17,1,44.775,0.9950,0.4153,0
ph_zero_1,47,17,2,45.007,0.9951,0.4115,0
ph_zero_1,47,17,3,44.805,0.9948,0.4124,0
ph_zero_1,48,18,0,45.451,0.9953,0.4105,0
ph_zero_1,48,18,1,45.505,0.9952,0.4145,0
ph_zero_1,48,18,2,45.156,0.9951,0.4151,0
ph_zero_1,48,18,3,45.191,0.9949,0.4112,0
ph_zero_1,49,19,0,45.649,0.9957,0.4145,0
ph_zero_1,49,19,1,45.592,0.9955,0.4152,0
ph_zero_1,49,19,2,45.657,0.9955,0.4198,0
ph_zero_1,49,19,3,45.474,0.9954,0.4136,0
ph_zero_1,50,20,0,46.036,0.9958,0.4150,0
ph_zero_1,50,20,1,46.023,0.9956,0.4158,0
ph_zero_1,50,20,2,45.591,0.9954,0.4196,0
ph_zero_1,50,20,3,45.586,0.9953,0.4157,0
ph_zero_1,51,21,0,46.072,0.9957,0.4145,0
ph_zero_1,51,21,1,45.912,0.9955,0.4139,0
ph_zero_1,51,21,2,45.191,0.9953,0.4179,0
ph_zero_1,51,21,3,45.224,0.9952,0.4073,0
ph_zero_1,52,22,0,45.405,0.9953,0.4089,0
ph_zero_1,52,22,1,45.020,0.9949,0.4089,0
ph_zero_1,52,22,2,44.359,0.9945,0.4125,0
ph_zero_1,52,22,3,43.873,0.9941,0.4047,0
ph_zero_1,53,23,0,44.499,0.9945,0.4060,0
ph_zero_1,53,23,1,44.344,0.9944,0.4070,0
ph_zero_1,53,23,2,44.079,0.9942,0.4129,0
ph_zero_1,53,23,3,43.683,0.9938,0.4054,0
ph_zero_1,54,24,0,44.019,0.9942,0.4030,0
ph_zero_1,54,24,1,44.104,0.9942,0.4056,0
ph_zero_1,54,24,2,44.072,0.9941,0.4147,0
ph_zero_1,54,24,3,44.036,0.9940,0.4056,0
ph_zero_1,55,25,0,44.388,0.9948,0.4112,0
ph_zero_1,55,25,1,44.099,0.9946,0.4162,0
ph_zero_1,55,25,2,44.225,0.9947,0.4263,0
ph_zero_1,55,25,3,42.872,0.9943,0.4143,0
ph_zero_1,56,26,0,43.926,0.9949,0.4212,0
ph_zero_1,56,26,1,44.408,0.9948,0.4215,0
ph_zero_1,56,26,2,44.053,0.9947,0.4268,0
ph_zero_1,56,26,3,44.062,0.9946,0.4173,0
ph_zero_1,57,27,0,43.904,0.9945,0.4223,0
ph_zero_1,57,27,1,42.801,0.9940,0.4204,0
ph_zero_1,57,27,2,42.832,0.9939,0.4270,0
ph_zero_1,57,27,3,42.390,0.9935,0.4162,0
ph_zero_1,58,28,0,42.280,0.9931,0.4213,0
ph_zero_1,58,28,1,41.967,0.9924,0.4234,0
ph_zero_1,58,28,2,42.166,0.9921,0.4293,0
ph_zero_1,58,28,3,41.735,0.9917,0.4201,0
ph_zero_1,59,29,0,42.122,0.9924,0.4260,0
ph_zero_1,59,29,1,42.117,0.9922,0.4273,0
ph_zero_1,59,29,2,41.677,0.9919,0.4336,0
ph_zero_1,59,29,3,40.849,0.9912,0.4334,0
ph_zero_1,60,30,0,40.858,0.9918,0.4177,0
ph_zero_1,60,30,1,39.891,0.9900,0.4230,0
ph_zero_1,60,30,2,39.696,0.9899,0.4069,0
ph_zero_1,60,30,3,39.320,0.9880,0.4034,0
ph_zero_1,61,31,0,42.936,0.9928,0.4108,0
ph_zero_1,61,31,1,43.482,0.9934,0.4072,0
ph_zero_1,61,31,2,43.478,0.9934,0.4163,0
ph_zero_1,61,31,3,43.549,0.9935,0.4134,0
ph_zero_1,62,32,0,44.224,0.9938,0.4194,0
ph_zero_1,62,32,1,43.736,0.9934,0.4221,0
ph_zero_1,62,32,2,43.683,0.9934,0.4239,0
ph_zero_1,62,32,3,43.370,0.9931,0.4158,0
ph_zero_1,63,33,0,43.509,0.9933,0.4205,0
ph_zero_1,63,33,1,42.661,0.9926,0.4254,0
ph_zero_1,63,33,2,42.096,0.9924,0.4303,0
ph_zero_1,63,33,3,42.210,0.9923,0.4214,0
ph_zero_1,64,34,0,43.046,0.9930,0.4235,0
ph_zero_1,64,34,1,43.005,0.9929,0.4224,0
ph_zero_1,64,34,2,42.955,0.9927,0.4269,0
ph_zero_1,64,34,3,42.813,0.9925,0.4200,0
ph_zero_1,65,35,0,44.204,0.9939,0.4232,0
ph_zero_1,65,35,1,44.348,0.9938,0.4242,0
ph_zero_1,65,35,2,44.145,0.9937,0.4269,0
ph_zero_1,65,35,3,44.003,0.9935,0.4219,0
ph_zero_1,66,36,0,44.478,0.9940,0.4234,0
ph_zero_1,66,36,1,44.217,0.9937,0.4216,0
ph_zero_1,66,36,2,44.182,0.9937,0.4251,0
ph_zero_1,66,36,3,44.115,0.9936,0.4203,0
ph_zero_1,67,37,0,44.490,0.9941,0.4192,0
ph_zero_1,67,37,1,44.037,0.9938,0.4159,0
ph_zero_1,67,37,2,43.928,0.9937,0.4186,0
ph_zero_1,67,37,3,43.861,0.9936,0.4137,0
ph_zero_1,68,38,0,44.138,0.9939,0.4153,0
ph_zero_1,68,38,1,44.102,0.9936,0.4153,0
ph_zero_1,68,38,2,44.160,0.9935,0.4191,0
ph_zero_1,68,38,3,43.863,0.9932,0.4198,0
ph_zero_1,69,39,0,43.491,0.9933,0.4156,0
ph_zero_1,69,39,1,43.301,0.9929,0.4190,0
ph_zero_1,69,39,2,43.516,0.9928,0.4207,0
ph_zero_1,69,39,3,43.188,0.9925,0.4244,0
ph_zero_4,1,-29,0,99.000,,,0
ph_zero_4,1,-29,1,99.000,,,0
ph_zero_4,1,-29,2,99.000,,,0
ph_zero_4,1,-29,3,99.000,,,0
ph_zero_4,2,-28,0,99.000,,,0
ph_zero_4,2,-28,1,99.000,,,0
ph_zero_4,2,-28,2,99.000,,,0
ph_zero_4,2,-28,3,99.000,,,0
ph_zero_4,3,-27,0,99.000,,,0
ph_zero_4,3,-27,1,99.000,,,0
ph_zero_4,3,-27,2,99.000,,,0
ph_zero_4,3,-27,3,99.000,,,0
ph_zero_4,4,-26,0,99.000,,,0
ph_zero_4,4,-26,1,99.000,,,0
ph_zero_4,4,-26,2,99.000,,,0
ph_zero_4,4,-26,3,99.000,,,0
ph_zero_4,5,-25,0,99.000,,,0
ph_zero_4,5,-25,1,99.000,,,0
ph_zero_4,5,-25,2,99.000,,,0
ph_zero_4,5,-25,3,99.000,,,0
ph_zero_4,6,-24,0,99.000,,,0
ph_zero_4,6,-24,1,99.000,,,0
ph_zero_4,6,-24,2,99.000,,,0
ph_zero_4,6,-24,3,99.000,,,0
ph_zero_4,7,-23,0,99.000,,,0
ph_zero_4,7,-23,1,99.000,,,0
ph_zero_4,7,-23,2,99.000,,,0
ph_zero_4,7,-23,3,99.000,,,0
ph_zero_4,8,-22,0,99.000,,,0
ph_zero_4,8,-22,1,99.000,,,0
ph_zero_4,8,-22,2,99.000,,,0
ph_zero_4,8,-22,3,99.000,,,0
ph_zero_4,9,-21,0,99.000,,,0
ph_zero_4,9,-21,1,99.000,,,0
ph_zero_4,9,-21,2,99.000,,,0
ph_zero_4,9,-21,3,99.000,,,0
ph_zero_4,10,-20,0,99.000,,,0
ph_zero_4,10,-20,1,99.000,,,0
ph_zero_4,10,-20,2,99.000,,,0
ph_zero_4,10,-20,3,99.000,,,0
ph_zero_4,11,-19,0,99.000,,,0
ph_zero_4,11,-19,1,99.000,,,0
ph_zero_4,11,-19,2,99.000,,,0
ph_zero_4,11,-19,3,99.000,,,0
ph_zero_4,12,-18,0,99.000,,,0
ph_zero_4,12,-18,1,99.000,,,0
ph_zero_4,12,-18,2,99.000,,,0
ph_zero_4,12,-18,3,99.000,,,0
ph_zero_4,13,-17,0,99.000,,,0
ph_zero_4,13,-17,1,99.000,,,0
ph_zero_4,13,-17,2,99.000,,,0
ph_zero_4,13,-17,3,99.000,,,0
ph_zero_4,14,-16,0,99.000,,,0
ph_zero_4,14,-16,1,99.000,,,0
ph_zero_4,14,-16,2,99.000,,,0
ph_zero_4,14,-16,3,99.000,,,0
ph_zero_4,15,-15,0,99.000,,,0
ph_zero_4,15,-15,1,99.000,,,0
ph_zero_4,15,-15,2,99.000,,,0
ph_zero_4,15,-15,3,99.000,,,0
ph_zero_4,16,-14,0,99.000,,,0
ph_zero_4,16,-14,1,99.000,,,0
ph_zero_4,16,-14,2,99.000,,,0
ph_zero_4,16,-14,3,99.000,,,0
ph_zero_4,17,-13,0,99.000,,,0
ph_zero_4,17,-13,1,99.000,,,0
ph_zero_4,17,-13,2,99.000,,,0
ph_zero_4,17,-13,3,99.000,,,0
ph_zero_4,18,-12,0,99.000,,,0
ph_zero_4,18,-12,1,99.000,,,0
ph_zero_4,18,-12,2,99.000,,,0
ph_zero_4,18,-12,3,99.000,,,0
ph_zero_4,19,-11,0,99.000,,,0
ph_zero_4,19,-11,1,99.000,,,0
ph_zero_4,19,-11,2,99.000,,,0
ph_zero_4,19,-11,3,99.000,,,0
ph_zero_4,20,-10,0,99.000,,,0
ph_zero_4,20,-10,1,99.000,,,0
ph_zero_4,20,-10,2,99.000,,,0
ph_zero_4,20,-10,3,99.000,,,0
ph_zero_4,21,-9,0,99.000,,,0
ph_zero_4,21,-9,1,99.000,,,0
ph_zero_4,21,-9,2,99.000,,,0
ph_zero_4,21,-9,3,99.000,,,0
ph_zero_4,22,-8,0,99.000,,,0
ph_zero_4,22,-8,1,99.000,,,0
ph_zero_4,22,-8,2,99.000,,,0
ph_zero_4,22,-8,3,99.000,,,0
ph_zero_4,23,-7,0,99.000,,,0
ph_zero_4,23,-7,1,99.000,,,0
ph_zero_4,23,-7,2,99.000,,,0
ph_zero_4,23,-7,3,99.000,,,0
ph_zero_4,24,-6,0,99.000,,,0
ph_zero_4,24,-6,1,99.000,,,0
ph_zero_4,24,-6,2,99.000,,,0
ph_zero_4,24,-6,3,99.000,,,0
ph_zero_4,25,-5,0,99.000,,,0
ph_zero_4,25,-5,1,99.000,,,0
ph_zero_4,25,-5,2,99.000,,,0
ph_zero_4,25,-5,3,99.000,,,0
ph_zero_4,26,-4,0,99.000,,,0
ph_zero_4,26,-4,1,99.000,,,0
ph_zero_4,26,-4,2,99.000,,,0
ph_zero_4,26,-4,3,99.000,,,0
ph_zero_4,27,-3,0,99.000,,,0
ph_zero_4,27,-3,1,99.000,,,0
ph_zero_4,27,-3,2,99.000,,,0
ph_zero_4,27,-3,3,99.000,,,0
ph_zero_4,28,-2,0,99.000,,,0
ph_zero_4,28,-2,1,99.000,,,0
ph_zero_4,28,-2,2,99.000,,,0
ph_zero_4,28,-2,3,99.000,,,0
ph_zero_4,29,-1,0,99.000,,,0
ph_zero_4,29,-1,1,99.000,,,0
ph_zero_4,29,-1,2,99.000,,,0
ph_zero_4,29,-1,3,99.000,,,0
ph_zero_4,30,0,0,29.972,0.8855,0.4048,0
ph_zero_4,30,0,1,28.294,0.8653,0.4060,0
ph_zero_4,30,0,2,27.249,0.8488,0.3977,0
ph_zero_4,30,0,3,26.318,0.8348,0.3932,0
ph_zero_4,31,1,0,25.753,0.8353,0.3952,0
ph_zero_4,31,1,1,24.253,0.8215,0.4023,0
ph_zero_4,31,1,2,23.482,0.8128,0.3900,0
ph_zero_4,31,1,3,21.859,0.7932,0.3880,0
ph_zero_4,32,2,0,20.508,0.7830,0.3950,0
ph_zero_4,32,2,1,21.523,0.7887,0.4072,0
ph_zero_4,32,2,2,20.965,0.7802,0.3985,0
ph_zero_4,32,2,3,20.058,0.7658,0.3939,0
ph_zero_4,33,3,0,19.297,0.7525,0.3973,0
ph_zero_4,33,3,1,20.006,0.7545,0.4134,0
ph_zero_4,33,3,2,19.683,0.7464,0.4064,0
ph_zero_4,33,3,3,18.625,0.7301,0.4012,0
ph_zero_4,34,4,0,18.334,0.7700,0.4119,0
ph_zero_4,34,4,1,18.848,0.7833,0.4274,0
ph_zero_4,34,4,2,18.832,0.7855,0.4159,0
ph_zero_4,34,4,3,18.187,0.7791,0.4140,0
ph_zero_4,35,5,0,19.638,0.8130,0.4149,0
ph_zero_4,35,5,1,24.418,0.8601,0.4312,0
ph_zero_4,35,5,2,24.156,0.8600,0.4161,0
ph_zero_4,35,5,3,24.205,0.8598,0.4160,0
ph_zero_4,36,6,0,25.090,0.8842,0.4131,0
ph_zero_4,36,6,1,26.459,0.8972,0.4200,0
ph_zero_4,36,6,2,26.894,0.9004,0.4103,0
ph_zero_4,36,6,3,25.954,0.8920,0.4084,0
ph_zero_4,37,7,0,25.724,0.9078,0.4110,0
ph_zero_4,37,7,1,26.013,0.9121,0.4184,0
ph_zero_4,37,7,2,28.352,0.9291,0.4116,0
ph_zero_4,37,7,3,27.913,0.9251,0.4099,0
ph_zero_4,38,8,0,29.795,0.9467,0.4153,0
ph_zero_4,38,8,1,30.072,0.9480,0.4202,0
ph_zero_4,38,8,2,30.859,0.9526,0.4144,0
ph_zero_4,38,8,3,30.882,0.9518,0.4163,0
ph_zero_4,39,9,0,31.920,0.9603,0.4175,0
ph_zero_4,39,9,1,33.070,0.9652,0.4250,0
ph_zero_4,39,9,2,33.441,0.9670,0.4255,0
ph_zero_4,39,9,3,33.454,0.9664,0.4158,0
ph_zero_4,40,10,0,33.862,0.9688,0.4184,0
ph_zero_4,40,10,1,37.074,0.9759,0.4002,0
ph_zero_4,40,10,2,36.893,0.9775,0.3933,0
ph_zero_4,40,10,3,37.582,0.9777,0.3969,0
ph_zero_4,41,11,0,39.911,0.9838,0.3997,0
ph_zero_4,41,11,1,40.388,0.9845,0.4127,0
ph_zero_4,41,11,2,40.628,0.9849,0.4123,0
ph_zero_4,41,11,3,41.128,0.9852,0.4151,0
ph_zero_4,42,12,0,42.287,0.9884,0.4184,0
ph_zero_4,42,12,1,42.445,0.9890,0.4233,0
ph_zero_4,42,12,2,42.602,0.9896,0.4192,0
ph_zero_4,42,12,3,42.990,0.9898,0.4183,0
ph_zero_4,43,13,0,44.009,0.9921,0.4217,0
ph_zero_4,43,13,1,44.208,0.9921,0.4268,0
ph_zero_4,43,13,2,44.122,0.9921,0.4203,0
ph_zero_4,43,13,3,44.151,0.9920,0.4205,0
ph_zero_4,44,14,0,45.041,0.9932,0.4216,0
ph_zero_4,44,14,1,45.040,0.9930,0.4273,0
ph_zero_4,44,14,2,45.070,0.9930,0.4223,0
ph_zero_4,44,14,3,44.959,0.9929,0.4226,0
ph_zero_4,45,15,0,45.615,0.9940,0.4257,0
ph_zero_4,45,15,1,45.535,0.9939,0.4283,0
ph_zero_4,45,15,2,45.154,0.9940,0.4246,0
ph_zero_4,45,15,3,45.176,0.9939,0.4235,0
ph_zero_4,46,16,0,45.518,0.9946,0.4209,0
ph_zero_4,46,16,1,44.838,0.9944,0.4233,0
ph_zero_4,46,16,2,44.419,0.9943,0.4189,0
ph_zero_4,46,16,3,43.399,0.9941,0.4157,0
ph_zero_4,47,17,0,44.791,0.9950,0.4115,0
ph_zero_4,47,17,1,44.866,0.9949,0.4153,0
ph_zero_4,47,17,2,45.192,0.9950,0.4115,0
ph_zero_4,47,17,3,45.051,0.9948,0.4123,0
ph_zero_4,48,18,0,45.610,0.9953,0.4106,0
ph_zero_4,48,18,1,45.624,0.9952,0.4146,0
ph_zero_4,48,18,2,45.414,0.9950,0.4152,0
ph_zero_4,48,18,3,45.232,0.9949,0.4113,0
ph_zero_4,49,19,0,45.598,0.9956,0.4145,0
ph_zero_4,49,19,1,45.304,0.9953,0.4151,0
ph_zero_4,49,19,2,45.093,0.9953,0.4197,0
ph_zero_4,49,19,3,45.260,0.9952,0.4135,0
ph_zero_4,50,20,0,45.901,0.9958,0.4149,0
ph_zero_4,50,20,1,45.931,0.9956,0.4157,0
ph_zero_4,50,20,2,45.505,0.9954,0.4195,0
ph_zero_4,50,20,3,45.510,0.9953,0.4155,0
ph_zero_4,51,21,0,46.113,0.9957,0.4144,0
ph_zero_4,51,21,1,45.805,0.9954,0.4139,0
ph_zero_4,51,21,2,45.463,0.9953,0.4179,0
ph_zero_4,51,21,3,45.394,0.9952,0.4073,0
ph_zero_4,52,22,0,45.527,0.9953,0.4090,0
ph_zero_4,52,22,1,45.055,0.9949,0.4090,0
ph_zero_4,52,22,2,44.548,0.9946,0.4124,0
ph_zero_4,52,22,3,44.018,0.9942,0.4047,0
ph_zero_4,53,23,0,44.502,0.9945,0.4060,0
ph_zero_4,53,23,1,44.386,0.9944,0.4069,0
ph_zero_4,53,23,2,44.050,0.9941,0.4130,0
ph_zero_4,53,23,3,43.411,0.9937,0.4054,0
ph_zero_4,54,24,0,43.490,0.9940,0.4030,0
ph_zero_4,54,24,1,43.612,0.9940,0.4056,0
ph_zero_4,54,24,2,43.882,0.9939,0.4147,0
ph_zero_4,54,24,3,43.805,0.9938,0.4056,0
ph_zero_4,55,25,0,44.227,0.9947,0.4112,0
ph_zero_4,55,25,1,44.049,0.9946,0.4162,0
ph_zero_4,55,25,2,44.129,0.9946,0.4262,0
ph_zero_4,55,25,3,43.132,0.9943,0.4142,0
ph_zero_4,56,26,0,44.201,0.9950,0.4211,0
ph_zero_4,56,26,1,44.490,0.9949,0.4214,0
ph_zero_4,56,26,2,44.061,0.9947,0.4267,0
ph_zero_4,56,26,3,43.948,0.9946,0.4173,0
ph_zero_4,57,27,0,43.510,0.9945,0.4223,0
ph_zero_4,57,27,1,42.619,0.9940,0.4205,0
ph_zero_4,57,27,2,42.592,0.9938,0.4271,0
ph_zero_4,57,27,3,41.754,0.9933,0.4162,0
ph_zero_4,58,28,0,41.993,0.9930,0.4214,0
ph_zero_4,58,28,1,41.682,0.9922,0.4233,0
ph_zero_4,58,28,2,41.947,0.9921,0.4293,0
ph_zero_4,58,28,3,41.576,0.9917,0.4201,0
ph_zero_4,59,29,0,41.645,0.9922,0.4260,0
ph_zero_4,59,29,1,41.341,0.9919,0.4274,0
ph_zero_4,59,29,2,40.979,0.9916,0.4337,0
ph_zero_4,59,29,3,40.190,0.9909,0.4334,0
ph_zero_4,60,30,0,40.163,0.9913,0.4176,0
ph_zero_4,60,30,1,38.840,0.9893,0.4230,0
ph_zero_4,60,30,2,39.465,0.9896,0.4070,0
ph_zero_4,60,30,3,39.137,0.9876,0.4035,0
ph_zero_4,61,31,0,42.799,0.9927,0.4106,0
ph_zero_4,61,31,1,43.365,0.9933,0.4071,0
ph_zero_4,61,31,2,43.363,0.9934,0.4162,0
ph_zero_4,61,31,3,43.459,0.9934,0.4134,0
ph_zero_4,62,32,0,44.165,0.9939,0.4194,0
ph_zero_4,62,32,1,43.813,0.9936,0.4221,0
ph_zero_4,62,32,2,43.566,0.9935,0.4238,0
ph_zero_4,62,32,3,43.249,0.9932,0.4158,0
ph_zero_4,63,33,0,43.410,0.9933,0.4204,0
ph_zero_4,63,33,1,42.600,0.9926,0.4253,0
ph_zero_4,63,33,2,42.280,0.9925,0.4302,0
ph_zero_4,63,33,3,42.333,0.9923,0.4213,0
ph_zero_4,64,34,0,43.295,0.9931,0.4234,0
ph_zero_4,64,34,1,43.406,0.9931,0.4223,0
ph_zero_4,64,34,2,43.377,0.9930,0.4269,0
ph_zero_4,64,34,3,43.246,0.9928,0.4199,0
ph_zero_4,65,35,0,44.619,0.9941,0.4231,0
ph_zero_4,65,35,1,44.565,0.9939,0.4240,0
ph_zero_4,65,35,2,44.351,0.9938,0.4269,0
ph_zero_4,65,35,3,44.195,0.9937,0.4218,0
ph_zero_4,66,36,0,44.471,0.9941,0.4234,0
ph_zero_4,66,36,1,44.196,0.9939,0.4216,0
ph_zero_4,66,36,2,44.266,0.9938,0.4250,0
ph_zero_4,66,36,3,44.217,0.9937,0.4203,0
ph_zero_4,67,37,0,44.489,0.9941,0.4192,0
ph_zero_4,67,37,1,44.202,0.9939,0.4159,0
ph_zero_4,67,37,2,44.075,0.9938,0.4186,0
ph_zero_4,67,37,3,43.914,0.9937,0.4137,0
ph_zero_4,68,38,0,44.154,0.9939,0.4152,0
ph_zero_4,68,38,1,44.207,0.9936,0.4154,0
ph_zero_4,68,38,2,44.106,0.9935,0.4192,0
ph_zero_4,68,38,3,43.889,0.9932,0.4198,0
ph_zero_4,69,39,0,43.719,0.9933,0.4156,0
ph_zero_4,69,39,1,43.531,0.9930,0.4190,0
ph_zero_4,69,39,2,43.537,0.9927,0.4207,0
ph_zero_4,69,39,3,43.224,0.9924,0.4242,0
ph_zero_8,1,-29,0,99.000,,,0
ph_zero_8,1,-29,1,99.000,,,0
ph_zero_8,1,-29,2,99.000,,,0
ph_zero_8,1,-29,3,99.000,,,0
ph_zero_8,2,-28,0,99.000,,,0
ph_zero_8,2,-28,1,99.000,,,0
ph_zero_8,2,-28,2,99.000,,,0
ph_zero_8,2,-28,3,99.000,,,0
ph_zero_8,3,-27,0,99.000,,,0
ph_zero_8,3,-27,1,99.000,,,0
ph_zero_8,3,-27,2,99.000,,,0
ph_zero_8,3,-27,3,99.000,,,0
ph_zero_8,4,-26,0,99.000,,,0
ph_zero_8,4,-26,1,99.000,,,0
ph_zero_8,4,-26,2,99.000,,,0
ph_zero_8,4,-26,3,99.000,,,0
ph_zero_8,5,-25,0,99.000,,,0
ph_zero_8,5,-25,1,99.000,,,0
ph_zero_8,5,-25,2,99.000,,,0
ph_zero_8,5,-25,3,99.000,,,0
ph_zero_8,6,-24,0,99.000,,,0
ph_zero_8,6,-24,1,99.000,,,0
ph_zero_8,6,-24,2,99.000,,,0
ph_zero_8,6,-24,3,99.000,,,0
ph_zero_8,7,-23,0,99.000,,,0
ph_zero_8,7,-23,1,99.000,,,0
ph_zero_8,7,-23,2,99.000,,,0
ph_zero_8,7,-23,3,99.000,,,0
ph_zero_8,8,-22,0,99.000,,,0
ph_zero_8,8,-22,1,99.000,,,0
ph_zero_8,8,-22,2,99.000,,,0
ph_zero_8,8,-22,3,99.000,,,0
ph_zero_8,9,-21,0,99.000,,,0
ph_zero_8,9,-21,1,99.000,,,0
ph_zero_8,9,-21,2,99.000,,,0
ph_zero_8,9,-21,3,99.000,,,0
ph_zero_8,10,-20,0,99.000,,,0
ph_zero_8,10,-20,1,99.000,,,0
ph_zero_8,10,-20,2,99.000,,,0
ph_zero_8,10,-20,3,99.000,,,0
ph_zero_8,11,-19,0,99.000,,,0
ph_zero_8,11,-19,1,99.000,,,0
ph_zero_8,11,-19,2,99.000,,,0
ph_zero_8,11,-19,3,99.000,,,0
ph_zero_8,12,-18,0,99.000,,,0
ph_zero_8,12,-18,1,99.000,,,0
ph_zero_8,12,-18,2,99.000,,,0
ph_zero_8,12,-18,3,99.000,,,0
ph_zero_8,13,-17,0,99.000,,,0
ph_zero_8,13,-17,1,99.000,,,0
ph_zero_8,13,-17,2,99.000,,,0
ph_zero_8,13,-17,3,99.000,,,0
ph_zero_8,14,-16,0,99.000,,,0
ph_zero_8,14,-16,1,99.000,,,0
ph_zero_8,14,-16,2,99.000,,,0
ph_zero_8,14,-16,3,99.000,,,0
ph_zero_8,15,-15,0,99.000,,,0
ph_zero_8,15,-15,1,99.000,,,0
ph_zero_8,15,-15,2,99.000,,,0
ph_zero_8,15,-15,3,99.000,,,0
ph_zero_8,16,-14,0,99.000,,,0
ph_zero_8,16,-14,1,99.000,,,0
ph_zero_8,16,-14,2,99.000,,,0
ph_zero_8,16,-14,3,99.000,,,0
ph_zero_8,17,-13,0,99.000,,,0
ph_zero_8,17,-13,1,99.000,,,0
ph_zero_8,17,-13,2,99.000,,,0
ph_zero_8,17,-13,3,99.000,,,0
ph_zero_8,18,-12,0,99.000,,,0
ph_zero_8,18,-12,1,99.000,,,0
ph_zero_8,18,-12,2,99.000,,,0
ph_zero_8,18,-12,3,99.000,,,0
ph_zero_8,19,-11,0,99.000,,,0
ph_zero_8,19,-11,1,99.000,,,0
ph_zero_8,19,-11,2,99.000,,,0
ph_zero_8,19,-11,3,99.000,,,0
ph_zero_8,20,-10,0,99.000,,,0
ph_zero_8,20,-10,1,99.000,,,0
ph_zero_8,20,-10,2,99.000,,,0
ph_zero_8,20,-10,3,99.000,,,0
ph_zero_8,21,-9,0,99.000,,,0
ph_zero_8,21,-9,1,99.000,,,0
ph_zero_8,21,-9,2,99.000,,,0
ph_zero_8,21,-9,3,99.000,,,0
ph_zero_8,22,-8,0,99.000,,,0
ph_zero_8,22,-8,1,99.000,,,0
ph_zero_8,22,-8,2,99.000,,,0
ph_zero_8,22,-8,3,99.000,,,0
ph_zero_8,23,-7,0,99.000,,,0
ph_zero_8,23,-7,1,99.000,,,0
ph_zero_8,23,-7,2,99.000,,,0
ph_zero_8,23,-7,3,99.000,,,0
ph_zero_8,24,-6,0,99.000,,,0
ph_zero_8,24,-6,1,99.000,,,0
ph_zero_8,24,-6,2,99.000,,,0
ph_zero_8,24,-6,3,99.000,,,0
ph_zero_8,25,-5,0,99.000,,,0
ph_zero_8,25,-5,1,99.000,,,0
ph_zero_8,25,-5,2,99.000,,,0
ph_zero_8,25,-5,3,99.000,,,0
ph_zero_8,26,-4,0,99.000,,,0
ph_zero_8,26,-4,1,99.000,,,0
ph_zero_8,26,-4,2,99.000,,,0
ph_zero_8,26,-4,3,99.000,,,0
ph_zero_8,27,-3,0,99.000,,,0
ph_zero_8,27,-3,1,99.000,,,0
ph_zero_8,27,-3,2,99.000,,,0
ph_zero_8,27,-3,3,99.000,,,0
ph_zero_8,28,-2,0,99.000,,,0
ph_zero_8,28,-2,1,99.000,,,0
ph_zero_8,28,-2,2,99.000,,,0
ph_zero_8,28,-2,3,99.000,,,0
ph_zero_8,29,-1,0,99.000,,,0
ph_zero_8,29,-1,1,99.000,,,0
ph_zero_8,29,-1,2,99.000,,,0
ph_zero_8,29,-1,3,99.000,,,0
ph_zero_8,30,0,0,29.972,0.8855,0.4048,0
ph_zero_8,30,0,1,28.294,0.8653,0.4060,0
ph_zero_8,30,0,2,27.249,0.8488,0.3977,0
ph_zero_8,30,0,3,26.318,0.8348,0.3932,0
ph_zero_8,31,1,0,25.753,0.8353,0.3952,0
ph_zero_8,31,1,1,24.253,0.8215,0.4023,0
ph_zero_8,31,1,2,23.482,0.8128,0.3900,0
ph_zero_8,31,1,3,21.859,0.7932,0.3880,0
ph_zero_8,32,2,0,20.508,0.7830,0.3950,0
ph_zero_8,32,2,1,21.523,0.7887,0.4072,0
ph_zero_8,32,2,2,20.965,0.7802,0.3985,0
ph_zero_8,32,2,3,20.058,0.7658,0.3939,0
ph_zero_8,33,3,0,19.297,0.7525,0.3973,0
ph_zero_8,33,3,1,20.006,0.7545,0.4134,0
ph_zero_8,33,3,2,19.683,0.7464,0.4064,0
ph_zero_8,33,3,3,18.625,0.7301,0.4012,0
ph_zero_8,34,4,0,17.628,0.7263,0.4052,0
ph_zero_8,34,4,1,17.843,0.7277,0.4201,0
ph_zero_8,34,4,2,17.839,0.7232,0.4052,0
ph_zero_8,34,4,3,16.705,0.7053,0.3993,0
ph_zero_8,35,5,0,16.477,0.7169,0.4064,0
ph_zero_8,35,5,1,16.325,0.7195,0.4191,0
ph_zero_8,35,5,2,16.556,0.7178,0.4045,0
ph_zero_8,35,5,3,16.482,0.7138,0.3999,0
ph_zero_8,36,6,0,16.713,0.7169,0.4020,0
ph_zero_8,36,6,1,17.326,0.7205,0.4144,0
ph_zero_8,36,6,2,17.431,0.7135,0.4026,0
ph_zero_8,36,6,3,17.334,0.7053,0.3985,0
ph_zero_8,37,7,0,17.411,0.7130,0.4066,0
ph_zero_8,37,7,1,17.699,0.7132,0.4161,0
ph_zero_8,37,7,2,17.359,0.7054,0.4073,0
ph_zero_8,37,7,3,17.196,0.6987,0.4049,0
ph_zero_8,38,8,0,19.570,0.7723,0.4292,0
ph_zero_8,38,8,1,20.131,0.7853,0.4377,0
ph_zero_8,38,8,2,20.391,0.7930,0.4307,0
ph_zero_8,38,8,3,20.563,0.7932,0.4322,0
ph_zero_8,39,9,0,20.731,0.8194,0.4287,0
ph_zero_8,39,9,1,19.172,0.8138,0.4301,0
ph_zero_8,39,9,2,18.586,0.8139,0.4292,0
ph_zero_8,39,9,3,18.885,0.8169,0.4208,0
ph_zero_8,40,10,0,18.781,0.8243,0.4202,0
ph_zero_8,40,10,1,20.850,0.8489,0.4014,0
ph_zero_8,40,10,2,21.391,0.8578,0.3910,0
ph_zero_8,40,10,3,21.264,0.8564,0.3957,0
ph_zero_8,41,11,0,22.958,0.8905,0.4006,0
ph_zero_8,41,11,1,24.145,0.9011,0.4138,0
ph_zero_8,41,11,2,24.394,0.9045,0.4128,0
ph_zero_8,41,11,3,24.787,0.9076,0.4157,0
ph_zero_8,42,12,0,25.614,0.9187,0.4200,0
ph_zero_8,42,12,1,26.931,0.9284,0.4246,0
ph_zero_8,42,12,2,27.858,0.9348,0.4203,0
ph_zero_8,42,12,3,28.163,0.9366,0.4204,0
ph_zero_8,43,13,0,29.431,0.9472,0.4229,0
ph_zero_8,43,13,1,30.353,0.9512,0.4278,0
ph_zero_8,43,13,2,31.106,0.9550,0.4213,0
ph_zero_8,43,13,3,31.645,0.9565,0.4213,0
ph_zero_8,44,14,0,32.880,0.9645,0.4223,0
ph_zero_8,44,14,1,34.065,0.9677,0.4278,0
ph_zero_8,44,14,2,35.065,0.9709,0.4228,0
ph_zero_8,44,14,3,35.372,0.9714,0.4228,0
ph_zero_8,45,15,0,36.472,0.9777,0.4265,0
ph_zero_8,45,15,1,37.015,0.9797,0.4290,0
ph_zero_8,45,15,2,36.958,0.9811,0.4256,0
ph_zero_8,45,15,3,36.664,0.9812,0.4241,0
ph_zero_8,46,16,0,37.821,0.9860,0.4213,0
ph_zero_8,46,16,1,37.873,0.9871,0.4239,0
ph_zero_8,46,16,2,38.028,0.9880,0.4195,0
ph_zero_8,46,16,3,37.810,0.9881,0.4164,0
ph_zero_8,47,17,0,39.570,0.9904,0.4122,0
ph_zero_8,47,17,1,40.142,0.9911,0.4159,0
ph_zero_8,47,17,2,40.838,0.9916,0.4119,0
ph_zero_8,47,17,3,41.143,0.9914,0.4126,0
ph_zero_8,48,18,0,42.125,0.9929,0.4107,0
ph_zero_8,48,18,1,42.597,0.9931,0.4146,0
ph_zero_8,48,18,2,42.824,0.9934,0.4151,0
ph_zero_8,48,18,3,43.170,0.9933,0.4112,0
ph_zero_8,49,19,0,43.432,0.9944,0.4146,0
ph_zero_8,49,19,1,44.262,0.9945,0.4153,0
ph_zero_8,49,19,2,44.582,0.9948,0.4200,0
ph_zero_8,49,19,3,44.548,0.9947,0.4136,0
ph_zero_8,50,20,0,45.007,0.9954,0.4150,0
ph_zero_8,50,20,1,45.224,0.9953,0.4158,0
ph_zero_8,50,20,2,45.169,0.9952,0.4196,0
ph_zero_8,50,20,3,45.009,0.9951,0.4157,0
ph_zero_8,51,21,0,45.670,0.9955,0.4146,0
ph_zero_8,51,21,1,45.658,0.9954,0.4141,0
ph_zero_8,51,21,2,45.354,0.9953,0.4180,0
ph_zero_8,51,21,3,45.438,0.9952,0.4073,0
ph_zero_8,52,22,0,45.584,0.9953,0.4090,0
ph_zero_8,52,22,1,45.194,0.9950,0.4089,0
ph_zero_8,52,22,2,44.553,0.9946,0.4124,0
ph_zero_8,52,22,3,44.058,0.9942,0.4047,0
ph_zero_8,53,23,0,44.455,0.9945,0.4060,0
ph_zero_8,53,23,1,44.396,0.9944,0.4070,0
ph_zero_8,53,23,2,43.902,0.9941,0.4129,0
ph_zero_8,53,23,3,43.316,0.9937,0.4053,0
ph_zero_8,54,24,0,43.528,0.9941,0.4030,0
ph_zero_8,54,24,1,43.594,0.9939,0.4055,0
ph_zero_8,54,24,2,43.936,0.9939,0.4147,0
ph_zero_8,54,24,3,43.861,0.9938,0.4055,0
ph_zero_8,55,25,0,44.217,0.9946,0.4111,0
ph_zero_8,55,25,1,43.908,0.9945,0.4161,0
ph_zero_8,55,25,2,43.942,0.9945,0.4261,0
ph_zero_8,55,25,3,42.491,0.9941,0.4141,0
ph_zero_8,56,26,0,43.600,0.9948,0.4211,0
ph_zero_8,56,26,1,44.269,0.9948,0.4214,0
ph_zero_8,56,26,2,44.052,0.9948,0.4268,0
ph_zero_8,56,26,3,44.038,0.9946,0.4173,0
ph_zero_8,57,27,0,43.950,0.9946,0.4223,0
ph_zero_8,57,27,1,43.103,0.9941,0.4205,0
ph_zero_8,57,27,2,43.142,0.9940,0.4272,0
ph_zero_8,57,27,3,42.589,0.9936,0.4165,0
ph_zero_8,58,28,0,42.420,0.9933,0.4214,0
ph_zero_8,58,28,1,41.942,0.9924,0.4234,0
ph_zero_8,58,28,2,41.958,0.9922,0.4293,0
ph_zero_8,58,28,3,41.599,0.9918,0.4201,0
ph_zero_8,59,29,0,41.665,0.9922,0.4261,0
ph_zero_8,59,29,1,41.073,0.9916,0.4273,0
ph_zero_8,59,29,2,40.038,0.9912,0.4336,0
ph_zero_8,59,29,3,39.150,0.9903,0.4333,0
ph_zero_8,60,30,0,39.503,0.9910,0.4175,0
ph_zero_8,60,30,1,38.677,0.9892,0.4228,0
ph_zero_8,60,30,2,39.992,0.9899,0.4068,0
ph_zero_8,60,30,3,39.472,0.9880,0.4034,0
ph_zero_8,61,31,0,42.900,0.9927,0.4109,0
ph_zero_8,61,31,1,43.442,0.9933,0.4073,0
ph_zero_8,61,31,2,43.396,0.9934,0.4164,0
ph_zero_8,61,31,3,43.321,0.9933,0.4136,0
ph_zero_8,62,32,0,43.808,0.9935,0.4193,0
ph_zero_8,62,32,1,43.438,0.9932,0.4221,0
ph_zero_8,62,32,2,43.092,0.9931,0.4239,0
ph_zero_8,62,32,3,42.666,0.9927,0.4157,0
ph_zero_8,63,33,0,43.082,0.9931,0.4204,0
ph_zero_8,63,33,1,42.507,0.9927,0.4252,0
ph_zero_8,63,33,2,42.051,0.9925,0.4303,0
ph_zero_8,63,33,3,42.152,0.9923,0.4213,0
ph_zero_8,64,34,0,43.108,0.9931,0.4234,0
ph_zero_8,64,34,1,43.224,0.9929,0.4223,0
ph_zero_8,64,34,2,43.117,0.9928,0.4269,0
ph_zero_8,64,34,3,43.026,0.9926,0.4200,0
ph_zero_8,65,35,0,44.276,0.9939,0.4232,0
ph_zero_8,65,35,1,44.208,0.9938,0.4242,0
ph_zero_8,65,35,2,44.040,0.9936,0.4270,0
ph_zero_8,65,35,3,43.874,0.9935,0.4219,0
ph_zero_8,66,36,0,44.109,0.9939,0.4235,0
ph_zero_8,66,36,1,43.867,0.9937,0.4216,0
ph_zero_8,66,36,2,43.835,0.9937,0.4251,0
ph_zero_8,66,36,3,43.666,0.9936,0.4204,0
ph_zero_8,67,37,0,43.638,0.9939,0.4193,0
ph_zero_8,67,37,1,43.936,0.9938,0.4160,0
ph_zero_8,67,37,2,43.765,0.9937,0.4185,0
ph_zero_8,67,37,3,43.832,0.9936,0.4137,0
ph_zero_8,68,38,0,44.385,0.9940,0.4153,0
ph_zero_8,68,38,1,44.323,0.9936,0.4154,0
ph_zero_8,68,38,2,44.164,0.9934,0.4191,0
ph_zero_8,68,38,3,43.887,0.9930,0.4199,0
ph_zero_8,69,39,0,43.706,0.9932,0.4156,0
ph_zero_8,69,39,1,43.425,0.9928,0.4190,0
ph_zero_8,69,39,2,43.260,0.9925,0.4207,0
ph_zero_8,69,39,3,42.963,0.9922,0.4243,0
ph_zero_16,1,-29,0,99.000,,,0
ph_zero_16,1,-29,1,99.000,,,0
ph_zero_16,1,-29,2,99.000,,,0
ph_zero_16,1,-29,3,99.000,,,0
ph_zero_16,2,-28,0,99.000,,,0
ph_zero_16,2,-28,1,99.000,,,0
ph_zero_16,2,-28,2,99.000,,,0
ph_zero_16,2,-28,3,99.000,,,0
ph_zero_16,3,-27,0,99.000,,,0
ph_zero_16,3,-27,1,99.000,,,0
ph_zero_16,3,-27,2,99.000,,,0
ph_zero_16,3,-27,3,99.000,,,0
ph_zero_16,4,-26,0,99.000,,,0
ph_zero_16,4,-26,1,99.000,,,0
ph_zero_16,4,-26,2,99.000,,,0
ph_zero_16,4,-26,3,99.000,,,0
ph_zero_16,5,-25,0,99.000,,,0
ph_zero_16,5,-25,1,99.000,,,0
ph_zero_16,5,-25,2,99.000,,,0
ph_zero_16,5,-25,3,99.000,,,0
ph_zero_16,6,-24,0,99.000,,,0
ph_zero_16,6,-24,1,99.000,,,0
ph_zero_16,6,-24,2,99.000,,,0
ph_zero_16,6,-24,3,99.000,,,0
ph_zero_16,7,-23,0,99.000,,,0
ph_zero_16,7,-23,1,99.000,,,0
ph_zero_16,7,-23,2,99.000,,,0
ph_zero_16,7,-23,3,99.000,,,0
ph_zero_16,8,-22,0,99.000,,,0
ph_zero_16,8,-22,1,99.000,,,0
ph_zero_16,8,-22,2,99.000,,,0
ph_zero_16,8,-22,3,99.000,,,0
ph_zero_16,9,-21,0,99.000,,,0
ph_zero_16,9,-21,1,99.000,,,0
ph_zero_16,9,-21,2,99.000,,,0
ph_zero_16,9,-21,3,99.000,,,0
ph_zero_16,10,-20,0,99.000,,,0
ph_zero_16,10,-20,1,99.000,,,0
ph_zero_16,10,-20,2,99.000,,,0
ph_zero_16,10,-20,3,99.000,,,0
ph_zero_16,11,-19,0,99.000,,,0
ph_zero_16,11,-19,1,99.000,,,0
ph_zero_16,11,-19,2,99.000,,,0
ph_zero_16,11,-19,3,99.000,,,0
ph_zero_16,12,-18,0,99.000,,,0
ph_zero_16,12,-18,1,99.000,,,0
ph_zero_16,12,-18,2,99.000,,,0
ph_zero_16,12,-18,3,99.000,,,0
ph_zero_16,13,-17,0,99.000,,,0
ph_zero_16,13,-17,1,99.000,,,0
ph_zero_16,13,-17,2,99.000,,,0
ph_zero_16,13,-17,3,99.000,,,0
ph_zero_16,14,-16,0,99.000,,,0
ph_zero_16,14,-16,1,99.000,,,0
ph_zero_16,14,-16,2,99.000,,,0
ph_zero_16,14,-16,3,99.000,,,0
ph_zero_16,15,-15,0,99.000,,,0
ph_zero_16,15,-15,1,99.000,,,0
ph_zero_16,15,-15,2,99.000,,,0
ph_zero_16,15,-15,3,99.000,,,0
ph_zero_16,16,-14,0,99.000,,,0
ph_zero_16,16,-14,1,99.000,,,0
ph_zero_16,16,-14,2,99.000,,,0
ph_zero_16,16,-14,3,99.000,,,0
ph_zero_16,17,-13,0,99.000,,,0
ph_zero_16,17,-13,1,99.000,,,0
ph_zero_16,17,-13,2,99.000,,,0
ph_zero_16,17,-13,3,99.000,,,0
ph_zero_16,18,-12,0,99.000,,,0
ph_zero_16,18,-12,1,99.000,,,0
ph_zero_16,18,-12,2,99.000,,,0
ph_zero_16,18,-12,3,99.000,,,0
ph_zero_16,19,-11,0,99.000,,,0
ph_zero_16,19,-11,1,99.000,,,0
ph_zero_16,19,-11,2,99.000,,,0
ph_zero_16,19,-11,3,99.000,,,0
ph_zero_16,20,-10,0,99.000,,,0
ph_zero_16,20,-10,1,99.000,,,0
ph_zero_16,20,-10,2,99.000,,,0
ph_zero_16,20,-10,3,99.000,,,0
ph_zero_16,21,-9,0,99.000,,,0
ph_zero_16,21,-9,1,99.000,,,0
ph_zero_16,21,-9,2,99.000,,,0
ph_zero_16,21,-9,3,99.000,,,0
ph_zero_16,22,-8,0,99.000,,,0
ph_zero_16,22,-8,1,99.000,,,0
ph_zero_16,22,-8,2,99.000,,,0
ph_zero_16,22,-8,3,99.000,,,0
ph_zero_16,23,-7,0,99.000,,,0
ph_zero_16,23,-7,1,99.000,,,0
ph_zero_16,23,-7,2,99.000,,,0
ph_zero_16,23,-7,3,99.000,,,0
ph_zero_16,24,-6,0,99.000,,,0
ph_zero_16,24,-6,1,99.000,,,0
ph_zero_16,24,-6,2,99.000,,,0
ph_zero_16,24,-6,3,99.000,,,0
ph_zero_16,25,-5,0,99.000,,,0
ph_zero_16,25,-5,1,99.000,,,0
ph_zero_16,25,-5,2,99.000,,,0
ph_zero_16,25,-5,3,99.000,,,0
ph_zero_16,26,-4,0,99.000,,,0
ph_zero_16,26,-4,1,99.000,,,0
ph_zero_16,26,-4,2,99.000,,,0
ph_zero_16,26,-4,3,99.000,,,0
ph_zero_16,27,-3,0,99.000,,,0
ph_zero_16,27,-3,1,99.000,,,0
ph_zero_16,27,-3,2,99.000,,,0
ph_zero_16,27,-3,3,99.000,,,0
ph_zero_16,28,-2,0,99.000,,,0
ph_zero_16,28,-2,1,99.000,,,0
ph_zero_16,28,-2,2,99.000,,,0
ph_zero_16,28,-2,3,99.000,,,0
ph_zero_16,29,-1,0,99.000,,,0
ph_zero_16,29,-1,1,99.000,,,0
ph_zero_16,29,-1,2,99.000,,,0
ph_zero_16,29,-1,3,99.000,,,0
ph_zero_16,30,0,0,29.972,0.8855,0.4048,0
ph_zero_16,30,0,1,28.294,0.8653,0.4060,0
ph_zero_16,30,0,2,27.249,0.8488,0.3977,0
ph_zero_16,30,0,3,26.318,0.8348,0.3932,0
ph_zero_16,31,1,0,25.753,0.8353,0.3952,0
ph_zero_16,31,1,1,24.253,0.8215,0.4023,0
ph_zero_16,31,1,2,23.482,0.8128,0.3900,0
ph_zero_16,31,1,3,21.859,0.7932,0.3880,0
ph_zero_16,32,2,0,20.508,0.7830,0.3950,0
ph_zero_16,32,2,1,21.523,0.7887,0.4072,0
ph_zero_16,32,2,2,20.965,0.7802,0.3985,0
ph_zero_16,32,2,3,20.058,0.7658,0.3939,0
ph_zero_16,33,3,0,19.297,0.7525,0.3973,0
ph_zero_16,33,3,1,20.006,0.7545,0.4134,0
ph_zero_16,33,3,2,19.683,0.7464,0.4064,0
ph_zero_16,33,3,3,18.625,0.7301,0.4012,0
ph_zero_16,34,4,0,17.628,0.7263,0.4052,0
ph_zero_16,34,4,1,17.843,0.7277,0.4201,0
ph_zero_16,34,4,2,17.839,0.7232,0.4052,0
ph_zero_16,34,4,3,16.705,0.7053,0.3993,0
ph_zero_16,35,5,0,16.477,0.7169,0.4064,0
ph_zero_16,35,5,1,16.325,0.7195,0.4191,0
ph_zero_16,35,5,2,16.556,0.7178,0.4045,0
ph_zero_16,35,5,3,16.482,0.7138,0.3999,0
ph_zero_16,36,6,0,16.713,0.7169,0.4020,0
ph_zero_16,36,6,1,17.326,0.7205,0.4144,0
ph_zero_16,36,6,2,17.431,0.7135,0.4026,0
ph_zero_16,36,6,3,17.334,0.7053,0.3985,0
ph_zero_16,37,7,0,17.411,0.7130,0.4066,0
ph_zero_16,37,7,1,17.699,0.7132,0.4161,0
ph_zero_16,37,7,2,17.359,0.7054,0.4073,0
ph_zero_16,37,7,3,17.196,0.6987,0.4049,0
ph_zero_16,38,8,0,17.243,0.7045,0.4209,0
ph_zero_16,38,8,1,17.142,0.7011,0.4256,0
ph_zero_16,38,8,2,16.978,0.6969,0.4150,0
ph_zero_16,38,8,3,16.982,0.6918,0.4134,0
ph_zero_16,39,9,0,17.097,0.7058,0.4161,0
ph_zero_16,39,9,1,17.196,0.7109,0.4258,0
ph_zero_16,39,9,2,17.082,0.7092,0.4250,0
ph_zero_16,39,9,3,17.015,0.7065,0.4092,0
ph_zero_16,40,10,0,16.838,0.7104,0.4061,0
ph_zero_16,40,10,1,16.676,0.6846,0.3900,0
ph_zero_16,40,10,2,16.348,0.6844,0.3801,0
ph_zero_16,40,10,3,16.162,0.6715,0.3760,0
ph_zero_16,41,11,0,16.671,0.6883,0.3932,0
ph_zero_16,41,11,1,16.681,0.6880,0.4015,0
ph_zero_16,41,11,2,16.613,0.6835,0.3983,0
ph_zero_16,41,11,3,16.647,0.6716,0.3988,0
ph_zero_16,42,12,0,17.043,0.6906,0.4128,0
ph_zero_16,42,12,1,17.110,0.6932,0.4187,0
ph_zero_16,42,12,2,17.099,0.6913,0.4106,0
ph_zero_16,42,12,3,17.018,0.6828,0.4094,0
ph_zero_16,43,13,0,17.381,0.6993,0.4254,0
ph_zero_16,43,13,1,17.404,0.7000,0.4294,0
ph_zero_16,43,13,2,17.391,0.6972,0.4203,0
ph_zero_16,43,13,3,17.339,0.6923,0.4201,0
ph_zero_16,44,14,0,17.387,0.6943,0.4324,0
ph_zero_16,44,14,1,17.265,0.6894,0.4369,0
ph_zero_16,44,14,2,17.123,0.6812,0.4262,0
ph_zero_16,44,14,3,16.994,0.6741,0.4203,0
ph_zero_16,45,15,0,17.087,0.6768,0.4280,0
ph_zero_16,45,15,1,16.955,0.6722,0.4279,0
ph_zero_16,45,15,2,16.790,0.6634,0.4198,0
ph_zero_16,45,15,3,16.635,0.6567,0.4141,0
ph_zero_16,46,16,0,18.912,0.7385,0.4295,0
ph_zero_16,46,16,1,20.629,0.7673,0.4365,0
ph_zero_16,46,16,2,21.067,0.7784,0.4327,0
ph_zero_16,46,16,3,21.035,0.7791,0.4289,0
ph_zero_16,47,17,0,21.613,0.8134,0.4250,0
ph_zero_16,47,17,1,22.114,0.8227,0.4259,0
ph_zero_16,47,17,2,23.107,0.8342,0.4204,0
ph_zero_16,47,17,3,23.835,0.8363,0.4203,0
ph_zero_16,48,18,0,24.582,0.8632,0.4184,0
ph_zero_16,48,18,1,25.349,0.8729,0.4208,0
ph_zero_16,48,18,2,26.035,0.8803,0.4203,0
ph_zero_16,48,18,3,25.999,0.8800,0.4163,0
ph_zero_16,49,19,0,26.917,0.9066,0.4210,0
ph_zero_16,49,19,1,28.154,0.9165,0.4215,0
ph_zero_16,49,19,2,28.959,0.9229,0.4255,0
ph_zero_16,49,19,3,29.170,0.9239,0.4189,0
ph_zero_16,50,20,0,30.447,0.9429,0.4191,0
ph_zero_16,50,20,1,31.456,0.9483,0.4202,0
ph_zero_16,50,20,2,31.791,0.9512,0.4234,0
ph_zero_16,50,20,3,31.679,0.9502,0.4191,0
ph_zero_16,51,21,0,32.547,0.9603,0.4163,0
ph_zero_16,51,21,1,32.757,0.9631,0.4155,0
ph_zero_16,51,21,2,34.653,0.9684,0.4196,0
ph_zero_16,51,21,3,34.968,0.9688,0.4089,0
ph_zero_16,52,22,0,36.399,0.9767,0.4095,0
ph_zero_16,52,22,1,37.090,0.9783,0.4090,0
ph_zero_16,52,22,2,37.207,0.9783,0.4119,0
ph_zero_16,52,22,3,37.036,0.9776,0.4041,0
ph_zero_16,53,23,0,37.969,0.9825,0.4054,0
ph_zero_16,53,23,1,38.538,0.9838,0.4064,0
ph_zero_16,53,23,2,38.598,0.9844,0.4122,0
ph_zero_16,53,23,3,38.497,0.9842,0.4047,0
ph_zero_16,54,24,0,39.359,0.9876,0.4026,0
ph_zero_16,54,24,1,39.908,0.9886,0.4051,0
ph_zero_16,54,24,2,40.132,0.9889,0.4145,0
ph_zero_16,54,24,3,40.094,0.9890,0.4053,0
ph_zero_16,55,25,0,41.568,0.9917,0.4107,0
ph_zero_16,55,25,1,41.772,0.9920,0.4158,0
ph_zero_16,55,25,2,41.656,0.9923,0.4261,0
ph_zero_16,55,25,3,40.149,0.9916,0.4140,0
ph_zero_16,56,26,0,41.414,0.9933,0.4210,0
ph_zero_16,56,26,1,42.266,0.9935,0.4213,0
ph_zero_16,56,26,2,41.425,0.9933,0.4266,0
ph_zero_16,56,26,3,41.507,0.9932,0.4171,0
ph_zero_16,57,27,0,42.171,0.9936,0.4224,0
ph_zero_16,57,27,1,41.954,0.9933,0.4206,0
ph_zero_16,57,27,2,42.157,0.9932,0.4272,0
ph_zero_16,57,27,3,41.538,0.9927,0.4164,0
ph_zero_16,58,28,0,41.828,0.9927,0.4215,0
ph_zero_16,58,28,1,41.863,0.9921,0.4236,0
ph_zero_16,58,28,2,42.140,0.9920,0.4294,0
ph_zero_16,58,28,3,41.637,0.9915,0.4202,0
ph_zero_16,59,29,0,41.731,0.9921,0.4260,0
ph_zero_16,59,29,1,41.437,0.9919,0.4272,0
ph_zero_16,59,29,2,40.768,0.9915,0.4335,0
ph_zero_16,59,29,3,39.867,0.9906,0.4333,0
ph_zero_16,60,30,0,40.089,0.9913,0.4176,0
ph_zero_16,60,30,1,39.172,0.9895,0.4229,0
ph_zero_16,60,30,2,39.318,0.9896,0.4068,0
ph_zero_16,60,30,3,38.972,0.9878,0.4035,0
ph_zero_16,61,31,0,41.893,0.9924,0.4108,0
ph_zero_16,61,31,1,42.458,0.9930,0.4073,0
ph_zero_16,61,31,2,42.818,0.9932,0.4164,0
ph_zero_16,61,31,3,42.881,0.9932,0.4135,0
ph_zero_16,62,32,0,43.619,0.9936,0.4194,0
ph_zero_16,62,32,1,43.454,0.9933,0.4220,0
ph_zero_16,62,32,2,43.143,0.9932,0.4238,0
ph_zero_16,62,32,3,42.567,0.9928,0.4157,0
ph_zero_16,63,33,0,42.938,0.9930,0.4203,0
ph_zero_16,63,33,1,42.320,0.9925,0.4251,0
ph_zero_16,63,33,2,41.840,0.9923,0.4301,0
ph_zero_16,63,33,3,42.022,0.9922,0.4213,0
ph_zero_16,64,34,0,42.894,0.9930,0.4235,0
ph_zero_16,64,34,1,43.099,0.9930,0.4224,0
ph_zero_16,64,34,2,43.042,0.9928,0.4269,0
ph_zero_16,64,34,3,42.962,0.9926,0.4199,0
ph_zero_16,65,35,0,44.443,0.9941,0.4230,0
ph_zero_16,65,35,1,44.471,0.9940,0.4241,0
ph_zero_16,65,35,2,44.225,0.9938,0.4268,0
ph_zero_16,65,35,3,44.013,0.9937,0.4218,0
ph_zero_16,66,36,0,44.445,0.9941,0.4234,0
ph_zero_16,66,36,1,44.258,0.9939,0.4216,0
ph_zero_16,66,36,2,43.949,0.9937,0.4251,0
ph_zero_16,66,36,3,43.874,0.9936,0.4204,0
ph_zero_16,67,37,0,44.170,0.9940,0.4192,0
ph_zero_16,67,37,1,43.979,0.9937,0.4158,0
ph_zero_16,67,37,2,43.871,0.9936,0.4186,0
ph_zero_16,67,37,3,43.805,0.9935,0.4136,0
ph_zero_16,68,38,0,44.085,0.9939,0.4152,0
ph_zero_16,68,38,1,44.129,0.9936,0.4153,0
ph_zero_16,68,38,2,44.082,0.9935,0.4191,0
ph_zero_16,68,38,3,43.782,0.9931,0.4198,0
ph_zero_16,69,39,0,43.469,0.9933,0.4156,0
ph_zero_16,69,39,1,43.326,0.9929,0.4190,0
ph_zero_16,69,39,2,43.452,0.9928,0.4207,0
ph_zero_16,69,39,3,43.092,0.9924,0.4243,0
ph_local_1,1,-29,0,99.000,,,0
ph_local_1,1,-29,1,99.000,,,0
ph_local_1,1,-29,2,99.000,,,0
ph_local_1,1,-29,3,99.000,,,0
ph_local_1,2,-28,0,99.000,,,0
ph_local_1,2,-28,1,99.000,,,0
ph_local_1,2,-28,2,99.000,,,0
ph_local_1,2,-28,3,99.000,,,0
ph_local_1,3,-27,0,99.000,,,0
ph_local_1,3,-27,1,99.000,,,0
ph_local_1,3,-27,2,99.000,,,0
ph_local_1,3,-27,3,99.000,,,0
ph_local_1,4,-26,0,99.000,,,0
ph_local_1,4,-26,1,99.000,,,0
ph_local_1,4,-26,2,99.000,,,0
ph_local_1,4,-26,3,99.000,,,0
ph_local_1,5,-25,0,99.000,,,0
ph_local_1,5,-25,1,99.000,,,0
ph_local_1,5,-25,2,99.000,,,0
ph_local_1,5,-25,3,99.000,,,0
ph_local_1,6,-24,0,99.000,,,0
ph_local_1,6,-24,1,99.000,,,0
ph_local_1,6,-24,2,99.000,,,0
ph_local_1,6,-24,3,99.000,,,0
ph_local_1,7,-23,0,99.000,,,0
ph_local_1,7,-23,1,99.000,,,0
ph_local_1,7,-23,2,99.000,,,0
ph_local_1,7,-23,3,99.000,,,0
ph_local_1,8,-22,0,99.000,,,0
ph_local_1,8,-22,1,99.000,,,0
ph_local_1,8,-22,2,99.000,,,0
ph_local_1,8,-22,3,99.000,,,0
ph_local_1,9,-21,0,99.000,,,0
ph_local_1,9,-21,1,99.000,,,0
ph_local_1,9,-21,2,99.000,,,0
ph_local_1,9,-21,3,99.000,,,0
ph_local_1,10,-20,0,99.000,,,0
ph_local_1,10,-20,1,99.000,,,0
ph_local_1,10,-20,2,99.000,,,0
ph_local_1,10,-20,3,99.000,,,0
ph_local_1,11,-19,0,99.000,,,0
ph_local_1,11,-19,1,99.000,,,0
ph_local_1,11,-19,2,99.000,,,0
ph_local_1,11,-19,3,99.000,,,0
ph_local_1,12,-18,0,99.000,,,0
ph_local_1,12,-18,1,99.000,,,0
ph_local_1,12,-18,2,99.000,,,0
ph_local_1,12,-18,3,99.000,,,0
ph_local_1,13,-17,0,99.000,,,0
ph_local_1,13,-17,1,99.000,,,0
ph_local_1,13,-17,2,99.000,,,0
ph_local_1,13,-17,3,99.000,,,0
ph_local_1,14,-16,0,99.000,,,0
ph_local_1,14,-16,1,99.000,,,0
ph_local_1,14,-16,2,99.000,,,0
ph_local_1,14,-16,3,99.000,,,0
ph_local_1,15,-15,0,99.000,,,0
ph_local_1,15,-15,1,99.000,,,0
ph_local_1,15,-15,2,99.000,,,0
ph_local_1,15,-15,3,99.000,,,0
ph_local_1,16,-14,0,99.000,,,0
ph_local_1,16,-14,1,99.000,,,0
ph_local_1,16,-14,2,99.000,,,0
ph_local_1,16,-14,3,99.000,,,0
ph_local_1,17,-13,0,99.000,,,0
ph_local_1,17,-13,1,99.000,,,0
ph_local_1,17,-13,2,99.000,,,0
ph_local_1,17,-13,3,99.000,,,0
ph_local_1,18,-12,0,99.000,,,0
ph_local_1,18,-12,1,99.000,,,0
ph_local_1,18,-12,2,99.000,,,0
ph_local_1,18,-12,3,99.000,,,0
ph_local_1,19,-11,0,99.000,,,0
ph_local_1,19,-11,1,99.000,,,0
ph_local_1,19,-11,2,99.000,,,0
ph_local_1,19,-11,3,99.000,,,0
ph_local_1,20,-10,0,99.000,,,0
ph_local_1,20,-10,1,99.000,,,0
ph_local_1,20,-10,2,99.000,,,0
ph_local_1,20,-10,3,99.000,,,0
ph_local_1,21,-9,0,99.000,,,0
ph_local_1,21,-9,1,99.000,,,0
ph_local_1,21,-9,2,99.000,,,0
ph_local_1,21,-9,3,99.000,,,0
ph_local_1,22,-8,0,99.000,,,0
ph_local_1,22,-8,1,99.000,,,0
ph_local_1,22,-8,2,99.000,,,0
ph_local_1,22,-8,3,99.000,,,0
ph_local_1,23,-7,0,99.000,,,0
ph_local_1,23,-7,1,99.000,,,0
ph_local_1,23,-7,2,99.000,,,0
ph_local_1,23,-7,3,99.000,,,0
ph_local_1,24,-6,0,99.000,,,0
ph_local_1,24,-6,1,99.000,,,0
ph_local_1,24,-6,2,99.000,,,0
ph_local_1,24,-6,3,99.000,,,0
ph_local_1,25,-5,0,99.000,,,0
ph_local_1,25,-5,1,99.000,,,0
ph_local_1,25,-5,2,99.000,,,0
ph_local_1,25,-5,3,99.000,,,0
ph_local_1,26,-4,0,99.000,,,0
ph_local_1,26,-4,1,99.000,,,0
ph_local_1,26,-4,2,99.000,,,0
ph_local_1,26,-4,3,99.000,,,0
ph_local_1,27,-3,0,99.000,,,0
ph_local_1,27,-3,1,99.000,,,0
ph_local_1,27,-3,2,99.000,,,0
ph_local_1,27,-3,3,99.000,,,0
ph_local_1,28,-2,0,99.000,,,0
ph_local_1,28,-2,1,99.000,,,0
ph_local_1,28,-2,2,99.000,,,0
ph_local_1,28,-2,3,99.000,,,0
ph_local_1,29,-1,0,99.000,,,0
ph_local_1,29,-1,1,99.000,,,0
ph_local_1,29,-1,2,99.000,,,0
ph_local_1,29,-1,3,99.000,,,0
ph_local_1,30,0,0,30.827,0.9058,0.4001,0
ph_local_1,30,0,1,29.273,0.8868,0.3998,0
ph_local_1,30,0,2,28.198,0.8690,0.3906,0
ph_local_1,30,0,3,27.270,0.8561,0.3871,0
ph_local_1,31,1,0,28.867,0.9025,0.3943,0
ph_local_1,31,1,1,27.720,0.9104,0.4057,0
ph_local_1,31,1,2,29.139,0.9268,0.3974,0
ph_local_1,31,1,3,27.709,0.9209,0.3976,0
ph_local_1,32,2,0,26.968,0.9348,0.3964,0
ph_local_1,32,2,1,27.827,0.9431,0.4058,0
ph_local_1,32,2,2,28.121,0.9465,0.3986,0
ph_local_1,32,2,3,28.453,0.9460,0.3996,0
ph_local_1,33,3,0,29.821,0.9519,0.3986,0
ph_local_1,33,3,1,31.592,0.9544,0.4084,0
ph_local_1,33,3,2,32.146,0.9536,0.4030,0
ph_local_1,33,3,3,32.246,0.9519,0.4016,0
ph_local_1,34,4,0,33.362,0.9640,0.4054,0
ph_local_1,34,4,1,34.056,0.9681,0.4160,0
ph_local_1,34,4,2,34.259,0.9704,0.4069,0
ph_local_1,34,4,3,34.193,0.9705,0.4111,0
ph_local_1,35,5,0,35.207,0.9756,0.4118,0
ph_local_1,35,5,1,35.936,0.9774,0.4231,0
ph_local_1,35,5,2,35.885,0.9776,0.4113,0
ph_local_1,35,5,3,35.505,0.9768,0.4121,0
ph_local_1,36,6,0,36.046,0.9806,0.4124,0
ph_local_1,36,6,1,37.420,0.9821,0.4199,0
ph_local_1,36,6,2,37.535,0.9820,0.4101,0
ph_local_1,36,6,3,37.412,0.9814,0.4100,0
ph_local_1,37,7,0,38.671,0.9859,0.4128,0
ph_local_1,37,7,1,39.159,0.9865,0.4209,0
ph_local_1,37,7,2,40.034,0.9873,0.4133,0
ph_local_1,37,7,3,40.081,0.9872,0.4118,0
ph_local_1,38,8,0,41.465,0.9906,0.4172,0
ph_local_1,38,8,1,41.853,0.9908,0.4223,0
ph_local_1,38,8,2,42.094,0.9909,0.4161,0
ph_local_1,38,8,3,42.048,0.9907,0.4176,0
ph_local_1,39,9,0,42.642,0.9922,0.4178,0
ph_local_1,39,9,1,42.790,0.9921,0.4247,0
ph_local_1,39,9,2,42.653,0.9920,0.4255,0
ph_local_1,39,9,3,42.173,0.9916,0.4162,0
ph_local_1,40,10,0,42.296,0.9921,0.4184,0
ph_local_1,40,10,1,42.628,0.9910,0.3997,0
ph_local_1,40,10,2,43.435,0.9918,0.3933,0
ph_local_1,40,10,3,43.581,0.9920,0.3975,0
ph_local_1,41,11,0,44.336,0.9920,0.3999,0
ph_local_1,41,11,1,44.260,0.9917,0.4130,0
ph_local_1,41,11,2,44.151,0.9914,0.4124,0
ph_local_1,41,11,3,44.415,0.9915,0.4152,0
ph_local_1,42,12,0,45.094,0.9928,0.4183,0
ph_local_1,42,12,1,45.205,0.9930,0.4234,0
ph_local_1,42,12,2,44.964,0.9929,0.4190,0
ph_local_1,42,12,3,44.955,0.9929,0.4182,0
ph_local_1,43,13,0,46.077,0.9944,0.4217,0
ph_local_1,43,13,1,45.957,0.9944,0.4268,0
ph_local_1,43,13,2,45.717,0.9942,0.4203,0
ph_local_1,43,13,3,45.685,0.9942,0.4205,0
ph_local_1,44,14,0,46.342,0.9950,0.4215,0
ph_local_1,44,14,1,46.089,0.9949,0.4273,0
ph_local_1,44,14,2,46.034,0.9948,0.4225,0
ph_local_1,44,14,3,45.966,0.9947,0.4228,0
ph_local_1,45,15,0,46.524,0.9954,0.4258,0
ph_local_1,45,15,1,46.033,0.9952,0.4283,0
ph_local_1,45,15,2,45.282,0.9951,0.4247,0
ph_local_1,45,15,3,44.910,0.9950,0.4236,0
ph_local_1,46,16,0,45.439,0.9952,0.4210,0
ph_local_1,46,16,1,44.809,0.9949,0.4234,0
ph_local_1,46,16,2,43.890,0.9947,0.4189,0
ph_local_1,46,16,3,42.981,0.9946,0.4157,0
ph_local_1,47,17,0,44.556,0.9950,0.4115,0
ph_local_1,47,17,1,44.592,0.9949,0.4153,0
ph_local_1,47,17,2,44.946,0.9950,0.4115,0
ph_local_1,47,17,3,44.754,0.9948,0.4124,0
ph_local_1,48,18,0,45.445,0.9952,0.4105,0
ph_local_1,48,18,1,45.520,0.9951,0.4145,0
ph_local_1,48,18,2,45.163,0.9950,0.4151,0
ph_local_1,48,18,3,44.660,0.9947,0.4111,0
ph_local_1,49,19,0,45.742,0.9956,0.4145,0
ph_local_1,49,19,1,45.471,0.9954,0.4152,0
ph_local_1,49,19,2,45.515,0.9955,0.4198,0
ph_local_1,49,19,3,45.489,0.9954,0.4137,0
ph_local_1,50,20,0,45.891,0.9957,0.4149,0
ph_local_1,50,20,1,45.882,0.9956,0.4158,0
ph_local_1,50,20,2,45.448,0.9954,0.4195,0
ph_local_1,50,20,3,45.458,0.9953,0.4156,0
ph_local_1,51,21,0,45.973,0.9957,0.4145,0
ph_local_1,51,21,1,45.930,0.9955,0.4139,0
ph_local_1,51,21,2,45.540,0.9953,0.4178,0
ph_local_1,51,21,3,45.273,0.9952,0.4073,0
ph_local_1,52,22,0,45.485,0.9954,0.4090,0
ph_local_1,52,22,1,44.861,0.9950,0.4090,0
ph_local_1,52,22,2,44.264,0.9946,0.4125,0
ph_local_1,52,22,3,43.829,0.9942,0.4047,0
ph_local_1,53,23,0,44.091,0.9944,0.4059,0
ph_local_1,53,23,1,44.333,0.9943,0.4070,0
ph_local_1,53,23,2,44.093,0.9941,0.4129,0
ph_local_1,53,23,3,43.461,0.9937,0.4053,0
ph_local_1,54,24,0,43.720,0.9942,0.4030,0
ph_local_1,54,24,1,43.850,0.9941,0.4054,0
ph_local_1,54,24,2,44.280,0.9941,0.4147,0
ph_local_1,54,24,3,44.062,0.9939,0.4056,0
ph_local_1,55,25,0,44.227,0.9947,0.4110,0
ph_local_1,55,25,1,43.922,0.9946,0.4161,0
ph_local_1,55,25,2,44.179,0.9947,0.4262,0
ph_local_1,55,25,3,42.750,0.9943,0.4142,0
ph_local_1,56,26,0,44.028,0.9949,0.4211,0
ph_local_1,56,26,1,44.341,0.9948,0.4214,0
ph_local_1,56,26,2,43.781,0.9947,0.4267,0
ph_local_1,56,26,3,43.694,0.9946,0.4172,0
ph_local_1,57,27,0,43.819,0.9946,0.4222,0
ph_local_1,57,27,1,42.931,0.9941,0.4203,0
ph_local_1,57,27,2,43.003,0.9939,0.4270,0
ph_local_1,57,27,3,42.498,0.9936,0.4163,0
ph_local_1,58,28,0,42.653,0.9933,0.4214,0
ph_local_1,58,28,1,42.368,0.9927,0.4234,0
ph_local_1,58,28,2,42.274,0.9923,0.4294,0
ph_local_1,58,28,3,41.781,0.9918,0.4201,0
ph_local_1,59,29,0,42.000,0.9925,0.4261,0
ph_local_1,59,29,1,41.813,0.9921,0.4273,0
ph_local_1,59,29,2,41.690,0.9919,0.4336,0
ph_local_1,59,29,3,40.950,0.9913,0.4334,0
ph_local_1,60,30,0,40.872,0.9918,0.4177,0
ph_local_1,60,30,1,40.058,0.9901,0.4229,0
ph_local_1,60,30,2,40.075,0.9901,0.4068,0
ph_local_1,60,30,3,39.604,0.9883,0.4034,0
ph_local_1,61,31,0,43.047,0.9930,0.4107,0
ph_local_1,61,31,1,43.617,0.9935,0.4072,0
ph_local_1,61,31,2,43.717,0.9936,0.4163,0
ph_local_1,61,31,3,43.724,0.9936,0.4135,0
ph_local_1,62,32,0,44.131,0.9938,0.4193,0
ph_local_1,62,32,1,43.785,0.9935,0.4220,0
ph_local_1,62,32,2,43.579,0.9934,0.4239,0
ph_local_1,62,32,3,43.171,0.9931,0.4158,0
ph_local_1,63,33,0,43.375,0.9934,0.4204,0
ph_local_1,63,33,1,42.609,0.9927,0.4252,0
ph_local_1,63,33,2,42.007,0.9923,0.4302,0
ph_local_1,63,33,3,42.135,0.9922,0.4212,0
ph_local_1,64,34,0,43.395,0.9932,0.4235,0
ph_local_1,64,34,1,43.549,0.9931,0.4223,0
ph_local_1,64,34,2,43.416,0.9929,0.4269,0
ph_local_1,64,34,3,43.281,0.9927,0.4200,0
ph_local_1,65,35,0,44.570,0.9940,0.4231,0
ph_local_1,65,35,1,44.527,0.9939,0.4241,0
ph_local_1,65,35,2,44.322,0.9938,0.4269,0
ph_local_1,65,35,3,44.129,0.9936,0.4218,0
ph_local_1,66,36,0,44.321,0.9941,0.4233,0
ph_local_1,66,36,1,44.067,0.9938,0.4215,0
ph_local_1,66,36,2,44.209,0.9938,0.4249,0
ph_local_1,66,36,3,44.148,0.9937,0.4202,0
ph_local_1,67,37,0,44.394,0.9941,0.4191,0
ph_local_1,67,37,1,43.890,0.9938,0.4158,0
ph_local_1,67,37,2,43.676,0.9937,0.4184,0
ph_local_1,67,37,3,43.687,0.9936,0.4136,0
ph_local_1,68,38,0,43.886,0.9939,0.4151,0
ph_local_1,68,38,1,44.023,0.9937,0.4153,0
ph_local_1,68,38,2,44.107,0.9935,0.4191,0
ph_local_1,68,38,3,43.812,0.9932,0.4198,0
ph_local_1,69,39,0,43.537,0.9932,0.4155,0
ph_local_1,69,39,1,43.248,0.9928,0.4190,0
ph_local_1,69,39,2,43.364,0.9926,0.4207,0
ph_local_1,69,39,3,42.954,0.9923,0.4244,0
ph_local_4,1,-29,0,99.000,,,0
ph_local_4,1,-29,1,99.000,,,0
ph_local_4,1,-29,2,99.000,,,0
ph_local_4,1,-29,3,99.000,,,0
ph_local_4,2,-28,0,99.000,,,0
ph_local_4,2,-28,1,99.000,,,0
ph_local_4,2,-28,2,99.000,,,0
ph_local_4,2,-28,3,99.000,,,0
ph_local_4,3,-27,0,99.000,,,0
ph_local_4,3,-27,1,99.000,,,0
ph_local_4,3,-27,2,99.000,,,0
ph_local_4,3,-27,3,99.000,,,0
ph_local_4,4,-26,0,99.000,,,0
ph_local_4,4,-26,1,99.000,,,0
ph_local_4,4,-26,2,99.000,,,0
ph_local_4,4,-26,3,99.000,,,0
ph_local_4,5,-25,0,99.000,,,0
ph_local_4,5,-25,1,99.000,,,0
ph_local_4,5,-25,2,99.000,,,0
ph_local_4,5,-25,3,99.000,,,0
ph_local_4,6,-24,0,99.000,,,0
ph_local_4,6,-24,1,99.000,,,0
ph_local_4,6,-24,2,99.000,,,0
ph_local_4,6,-24,3,99.000,,,0
ph_local_4,7,-23,0,99.000,,,0
ph_local_4,7,-23,1,99.000,,,0
ph_local_4,7,-23,2,99.000,,,0
ph_local_4,7,-23,3,99.000,,,0
ph_local_4,8,-22,0,99.000,,,0
ph_local_4,8,-22,1,99.000,,,0
ph_local_4,8,-22,2,99.000,,,0
ph_local_4,8,-22,3,99.000,,,0
ph_local_4,9,-21,0,99.000,,,0
ph_local_4,9,-21,1,99.000,,,0
ph_local_4,9,-21,2,99.000,,,0
ph_local_4,9,-21,3,99.000,,,0
ph_local_4,10,-20,0,99.000,,,0
ph_local_4,10,-20,1,99.000,,,0
ph_local_4,10,-20,2,99.000,,,0
ph_local_4,10,-20,3,99.000,,,0
ph_local_4,11,-19,0,99.000,,,0
ph_local_4,11,-19,1,99.000,,,0
ph_local_4,11,-19,2,99.000,,,0
ph_local_4,11,-19,3,99.000,,,0
ph_local_4,12,-18,0,99.000,,,0
ph_local_4,12,-18,1,99.000,,,0
ph_local_4,12,-18,2,99.000,,,0
ph_local_4,12,-18,3,99.000,,,0
ph_local_4,13,-17,0,99.000,,,0
ph_local_4,13,-17,1,99.000,,,0
ph_local_4,13,-17,2,99.000,,,0
ph_local_4,13,-17,3,99.000,,,0
ph_local_4,14,-16,0,99.000,,,0
ph_local_4,14,-16,1,99.000,,,0
ph_local_4,14,-16,2,99.000,,,0
ph_local_4,14,-16,3,99.000,,,0
ph_local_4,15,-15,0,99.000,,,0
ph_local_4,15,-15,1,99.000,,,0
ph_local_4,15,-15,2,99.000,,,0
ph_local_4,15,-15,3,99.000,,,0
ph_local_4,16,-14,0,99.000,,,0
ph_local_4,16,-14,1,99.000,,,0
ph_local_4,16,-14,2,99.000,,,0
ph_local_4,16,-14,3,99.000,,,0
ph_local_4,17,-13,0,99.000,,,0
ph_local_4,17,-13,1,99.000,,,0
ph_local_4,17,-13,2,99.000,,,0
ph_local_4,17,-13,3,99.000,,,0
ph_local_4,18,-12,0,99.000,,,0
ph_local_4,18,-12,1,99.000,,,0
ph_local_4,18,-12,2,99.000,,,0
ph_local_4,18,-12,3,99.000,,,0
ph_local_4,19,-11,0,99.000,,,0
ph_local_4,19,-11,1,99.000,,,0
ph_local_4,19,-11,2,99.000,,,0
ph_local_4,19,-11,3,99.000,,,0
ph_local_4,20,-10,0,99.000,,,0
ph_local_4,20,-10,1,99.000,,,0
ph_local_4,20,-10,2,99.000,,,0
ph_local_4,20,-10,3,99.000,,,0
ph_local_4,21,-9,0,99.000,,,0
ph_local_4,21,-9,1,99.000,,,0
ph_local_4,21,-9,2,99.000,,,0
ph_local_4,21,-9,3,99.000,,,0
ph_local_4,22,-8,0,99.000,,,0
ph_local_4,22,-8,1,99.000,,,0
ph_local_4,22,-8,2,99.000,,,0
ph_local_4,22,-8,3,99.000,,,0
ph_local_4,23,-7,0,99.000,,,0
ph_local_4,23,-7,1,99.000,,,0
ph_local_4,23,-7,2,99.000,,,0
ph_local_4,23,-7,3,99.000,,,0
ph_local_4,24,-6,0,99.000,,,0
ph_local_4,24,-6,1,99.000,,,0
ph_local_4,24,-6,2,99.000,,,0
ph_local_4,24,-6,3,99.000,,,0
ph_local_4,25,-5,0,99.000,,,0
ph_local_4,25,-5,1,99.000,,,0
ph_local_4,25,-5,2,99.000,,,0
ph_local_4,25,-5,3,99.000,,,0
ph_local_4,26,-4,0,99.000,,,0
ph_local_4,26,-4,1,99.000,,,0
ph_local_4,26,-4,2,99.000,,,0
ph_local_4,26,-4,3,99.000,,,0
ph_local_4,27,-3,0,99.000,,,0
ph_local_4,27,-3,1,99.000,,,0
ph_local_4,27,-3,2,99.000,,,0
ph_local_4,27,-3,3,99.000,,,0
ph_local_4,28,-2,0,99.000,,,0
ph_local_4,28,-2,1,99.000,,,0
ph_local_4,28,-2,2,99.000,,,0
ph_local_4,28,-2,3,99.000,,,0
ph_local_4,29,-1,0,99.000,,,0
ph_local_4,29,-1,1,99.000,,,0
ph_local_4,29,-1,2,99.000,,,0
ph_local_4,29,-1,3,99.000,,,0
ph_local_4,30,0,0,30.827,0.9058,0.4001,0
ph_local_4,30,0,1,29.273,0.8868,0.3998,0
ph_local_4,30,0,2,28.198,0.8690,0.3906,0
ph_local_4,30,0,3,27.270,0.8561,0.3871,0
ph_local_4,31,1,0,26.320,0.8501,0.3859,0
ph_local_4,31,1,1,24.023,0.8289,0.3929,0
ph_local_4,31,1,2,23.570,0.8213,0.3801,0
ph_local_4,31,1,3,22.197,0.8007,0.3781,0
ph_local_4,32,2,0,21.590,0.7947,0.3769,0
ph_local_4,32,2,1,21.796,0.7959,0.3875,0
ph_local_4,32,2,2,21.894,0.7928,0.3776,0
ph_local_4,32,2,3,22.064,0.7886,0.3760,0
ph_local_4,33,3,0,21.986,0.7929,0.3764,0
ph_local_4,33,3,1,21.826,0.7932,0.3875,0
ph_local_4,33,3,2,21.615,0.7865,0.3810,0
ph_local_4,33,3,3,21.589,0.7810,0.3797,0
ph_local_4,34,4,0,22.725,0.8342,0.3963,0
ph_local_4,34,4,1,23.933,0.8533,0.4165,0
ph_local_4,34,4,2,24.401,0.8643,0.4106,0
ph_local_4,34,4,3,24.718,0.8690,0.4142,0
ph_local_4,35,5,0,25.868,0.8998,0.4186,0
ph_local_4,35,5,1,26.288,0.9070,0.4302,0
ph_local_4,35,5,2,26.545,0.9108,0.4187,0
ph_local_4,35,5,3,25.259,0.9007,0.4197,0
ph_local_4,36,6,0,27.331,0.9263,0.4183,0
ph_local_4,36,6,1,29.524,0.9383,0.4242,0
ph_local_4,36,6,2,30.071,0.9420,0.4143,0
ph_local_4,36,6,3,29.891,0.9409,0.4137,0
ph_local_4,37,7,0,30.928,0.9543,0.4170,0
ph_local_4,37,7,1,31.720,0.9572,0.4249,0
ph_local_4,37,7,2,32.218,0.9589,0.4163,0
ph_local_4,37,7,3,32.252,0.9584,0.4144,0
ph_local_4,38,8,0,32.934,0.9663,0.4181,0
ph_local_4,38,8,1,32.939,0.9667,0.4226,0
ph_local_4,38,8,2,33.137,0.9682,0.4154,0
ph_local_4,38,8,3,33.433,0.9680,0.4165,0
ph_local_4,39,9,0,34.285,0.9751,0.4179,0
ph_local_4,39,9,1,34.546,0.9765,0.4249,0
ph_local_4,39,9,2,34.742,0.9777,0.4256,0
ph_local_4,39,9,3,34.985,0.9779,0.4164,0
ph_local_4,40,10,0,35.332,0.9799,0.4188,0
ph_local_4,40,10,1,40.206,0.9861,0.3994,0
ph_local_4,40,10,2,40.218,0.9868,0.3931,0
ph_local_4,40,10,3,40.162,0.9868,0.3967,0
ph_local_4,41,11,0,42.090,0.9901,0.3991,0
ph_local_4,41,11,1,42.629,0.9902,0.4121,0
ph_local_4,41,11,2,42.726,0.9903,0.4116,0
ph_local_4,41,11,3,43.140,0.9904,0.4148,0
ph_local_4,42,12,0,43.996,0.9917,0.4180,0
ph_local_4,42,12,1,44.317,0.9921,0.4231,0
ph_local_4,42,12,2,44.173,0.9921,0.4186,0
ph_local_4,42,12,3,44.264,0.9921,0.4178,0
ph_local_4,43,13,0,45.525,0.9939,0.4215,0
ph_local_4,43,13,1,45.466,0.9939,0.4267,0
ph_local_4,43,13,2,45.449,0.9939,0.4202,0
ph_local_4,43,13,3,45.554,0.9939,0.4205,0
ph_local_4,44,14,0,46.291,0.9947,0.4215,0
ph_local_4,44,14,1,46.073,0.9947,0.4273,0
ph_local_4,44,14,2,46.279,0.9946,0.4225,0
ph_local_4,44,14,3,46.103,0.9945,0.4228,0
ph_local_4,45,15,0,46.030,0.9951,0.4256,0
ph_local_4,45,15,1,45.590,0.9948,0.4282,0
ph_local_4,45,15,2,44.755,0.9947,0.4245,0
ph_local_4,45,15,3,44.745,0.9946,0.4234,0
ph_local_4,46,16,0,45.400,0.9951,0.4208,0
ph_local_4,46,16,1,45.120,0.9949,0.4233,0
ph_local_4,46,16,2,45.194,0.9949,0.4188,0
ph_local_4,46,16,3,44.884,0.9947,0.4156,0
ph_local_4,47,17,0,45.080,0.9952,0.4113,0
ph_local_4,47,17,1,44.943,0.9951,0.4151,0
ph_local_4,47,17,2,45.144,0.9951,0.4113,0
ph_local_4,47,17,3,45.232,0.9950,0.4121,0
ph_local_4,48,18,0,45.625,0.9954,0.4104,0
ph_local_4,48,18,1,45.776,0.9953,0.4144,0
ph_local_4,48,18,2,45.389,0.9951,0.4150,0
ph_local_4,48,18,3,45.294,0.9949,0.4112,0
ph_local_4,49,19,0,45.287,0.9956,0.4147,0
ph_local_4,49,19,1,45.330,0.9954,0.4153,0
ph_local_4,49,19,2,45.391,0.9955,0.4199,0
ph_local_4,49,19,3,45.478,0.9954,0.4137,0
ph_local_4,50,20,0,45.975,0.9958,0.4150,0
ph_local_4,50,20,1,45.729,0.9955,0.4158,0
ph_local_4,50,20,2,45.455,0.9953,0.4196,0
ph_local_4,50,20,3,45.343,0.9952,0.4157,0
ph_local_4,51,21,0,45.928,0.9957,0.4146,0
ph_local_4,51,21,1,45.910,0.9955,0.4140,0
ph_local_4,51,21,2,45.504,0.9954,0.4181,0
ph_local_4,51,21,3,45.419,0.9953,0.4074,0
ph_local_4,52,22,0,45.635,0.9955,0.4091,0
ph_local_4,52,22,1,45.113,0.9951,0.4090,0
ph_local_4,52,22,2,44.489,0.9947,0.4126,0
ph_local_4,52,22,3,44.218,0.9944,0.4049,0
ph_local_4,53,23,0,44.484,0.9945,0.4060,0
ph_local_4,53,23,1,44.354,0.9944,0.4070,0
ph_local_4,53,23,2,43.980,0.9942,0.4129,0
ph_local_4,53,23,3,43.468,0.9937,0.4054,0
ph_local_4,54,24,0,43.759,0.9941,0.4030,0
ph_local_4,54,24,1,43.837,0.9940,0.4055,0
ph_local_4,54,24,2,44.103,0.9940,0.4146,0
ph_local_4,54,24,3,43.913,0.9938,0.4054,0
ph_local_4,55,25,0,44.145,0.9946,0.4111,0
ph_local_4,55,25,1,43.897,0.9945,0.4162,0
ph_local_4,55,25,2,43.880,0.9945,0.4264,0
ph_local_4,55,25,3,42.226,0.9940,0.4143,0
ph_local_4,56,26,0,43.596,0.9948,0.4212,0
ph_local_4,56,26,1,44.195,0.9948,0.4214,0
ph_local_4,56,26,2,43.916,0.9947,0.4268,0
ph_local_4,56,26,3,43.860,0.9945,0.4173,0
ph_local_4,57,27,0,43.715,0.9945,0.4222,0
ph_local_4,57,27,1,42.561,0.9939,0.4203,0
ph_local_4,57,27,2,42.681,0.9937,0.4270,0
ph_local_4,57,27,3,42.107,0.9933,0.4163,0
ph_local_4,58,28,0,42.532,0.9932,0.4213,0
ph_local_4,58,28,1,42.228,0.9925,0.4234,0
ph_local_4,58,28,2,42.305,0.9923,0.4293,0
ph_local_4,58,28,3,42.001,0.9919,0.4201,0
ph_local_4,59,29,0,42.253,0.9926,0.4261,0
ph_local_4,59,29,1,41.752,0.9922,0.4273,0
ph_local_4,59,29,2,41.211,0.9919,0.4336,0
ph_local_4,59,29,3,40.369,0.9912,0.4333,0
ph_local_4,60,30,0,40.505,0.9917,0.4175,0
ph_local_4,60,30,1,40.025,0.9901,0.4229,0
ph_local_4,60,30,2,39.988,0.9900,0.4068,0
ph_local_4,60,30,3,39.480,0.9880,0.4035,0
ph_local_4,61,31,0,42.667,0.9927,0.4108,0
ph_local_4,61,31,1,43.495,0.9934,0.4074,0
ph_local_4,61,31,2,43.431,0.9934,0.4164,0
ph_local_4,61,31,3,43.479,0.9934,0.4136,0
ph_local_4,62,32,0,44.062,0.9938,0.4194,0
ph_local_4,62,32,1,43.887,0.9935,0.4222,0
ph_local_4,62,32,2,43.498,0.9933,0.4239,0
ph_local_4,62,32,3,43.157,0.9930,0.4158,0
ph_local_4,63,33,0,43.554,0.9934,0.4204,0
ph_local_4,63,33,1,42.885,0.9928,0.4253,0
ph_local_4,63,33,2,42.403,0.9925,0.4304,0
ph_local_4,63,33,3,42.497,0.9923,0.4213,0
ph_local_4,64,34,0,43.376,0.9933,0.4234,0
ph_local_4,64,34,1,43.467,0.9932,0.4224,0
ph_local_4,64,34,2,43.337,0.9929,0.4269,0
ph_local_4,64,34,3,43.125,0.9927,0.4200,0
ph_local_4,65,35,0,44.483,0.9941,0.4231,0
ph_local_4,65,35,1,44.507,0.9939,0.4241,0
ph_local_4,65,35,2,44.327,0.9938,0.4269,0
ph_local_4,65,35,3,44.165,0.9936,0.4218,0
ph_local_4,66,36,0,44.600,0.9941,0.4234,0
ph_local_4,66,36,1,44.105,0.9938,0.4215,0
ph_local_4,66,36,2,44.037,0.9937,0.4250,0
ph_local_4,66,36,3,44.137,0.9937,0.4203,0
ph_local_4,67,37,0,44.531,0.9942,0.4191,0
ph_local_4,67,37,1,44.005,0.9939,0.4158,0
ph_local_4,67,37,2,44.029,0.9938,0.4184,0
ph_local_4,67,37,3,44.084,0.9938,0.4136,0
ph_local_4,68,38,0,44.115,0.9940,0.4152,0
ph_local_4,68,38,1,44.277,0.9937,0.4153,0
ph_local_4,68,38,2,44.244,0.9937,0.4192,0
ph_local_4,68,38,3,44.017,0.9933,0.4199,0
ph_local_4,69,39,0,43.912,0.9934,0.4156,0
ph_local_4,69,39,1,43.587,0.9930,0.4191,0
ph_local_4,69,39,2,43.476,0.9928,0.4207,0
ph_local_4,69,39,3,43.142,0.9925,0.4244,0
ph_local_8,1,-29,0,99.000,,,0
ph_local_8,1,-29,1,99.000,,,0
ph_local_8,1,-29,2,99.000,,,0
ph_local_8,1,-29,3,99.000,,,0
ph_local_8,2,-28,0,99.000,,,0
ph_local_8,2,-28,1,99.000,,,0
ph_local_8,2,-28,2,99.000,,,0
ph_local_8,2,-28,3,99.000,,,0
ph_local_8,3,-27,0,99.000,,,0
ph_local_8,3,-27,1,99.000,,,0
ph_local_8,3,-27,2,99.000,,,0
ph_local_8,3,-27,3,99.000,,,0
ph_local_8,4,-26,0,99.000,,,0
ph_local_8,4,-26,1,99.000,,,0
ph_local_8,4,-26,2,99.000,,,0
ph_local_8,4,-26,3,99.000,,,0
ph_local_8,5,-25,0,99.000,,,0
ph_local_8,5,-25,1,99.000,,,0
ph_local_8,5,-25,2,99.000,,,0
ph_local_8,5,-25,3,99.000,,,0
ph_local_8,6,-24,0,99.000,,,0
ph_local_8,6,-24,1,99.000,,,0
ph_local_8,6,-24,2,99.000,,,0
ph_local_8,6,-24,3,99.000,,,0
ph_local_8,7,-23,0,99.000,,,0
ph_local_8,7,-23,1,99.000,,,0
ph_local_8,7,-23,2,99.000,,,0
ph_local_8,7,-23,3,99.000,,,0
ph_local_8,8,-22,0,99.000,,,0
ph_local_8,8,-22,1,99.000,,,0
ph_local_8,8,-22,2,99.000,,,0
ph_local_8,8,-22,3,99.000,,,0
ph_local_8,9,-21,0,99.000,,,0
ph_local_8,9,-21,1,99.000,,,0
ph_local_8,9,-21,2,99.000,,,0
ph_local_8,9,-21,3,99.000,,,0
ph_local_8,10,-20,0,99.000,,,0
ph_local_8,10,-20,1,99.000,,,0
ph_local_8,10,-20,2,99.000,,,0
ph_local_8,10,-20,3,99.000,,,0
ph_local_8,11,-19,0,99.000,,,0
ph_local_8,11,-19,1,99.000,,,0
ph_local_8,11,-19,2,99.000,,,0
ph_local_8,11,-19,3,99.000,,,0
ph_local_8,12,-18,0,99.000,,,0
ph_local_8,12,-18,1,99.000,,,0
ph_local_8,12,-18,2,99.000,,,0
ph_local_8,12,-18,3,99.000,,,0
ph_local_8,13,-17,0,99.000,,,0
ph_local_8,13,-17,1,99.000,,,0
ph_local_8,13,-17,2,99.000,,,0
ph_local_8,13,-17,3,99.000,,,0
ph_local_8,14,-16,0,99.000,,,0
ph_local_8,14,-16,1,99.000,,,0
ph_local_8,14,-16,2,99.000,,,0
ph_local_8,14,-16,3,99.000,,,0
ph_local_8,15,-15,0,99.000,,,0
ph_local_8,15,-15,1,99.000,,,0
ph_local_8,15,-15,2,99.000,,,0
ph_local_8,15,-15,3,99.000,,,0
ph_local_8,16,-14,0,99.000,,,0
ph_local_8,16,-14,1,99.000,,,0
ph_local_8,16,-14,2,99.000,,,0
ph_local_8,16,-14,3,99.000,,,0
ph_local_8,17,-13,0,99.000,,,0
ph_local_8,17,-13,1,99.000,,,0
ph_local_8,17,-13,2,99.000,,,0
ph_local_8,17,-13,3,99.000,,,0
ph_local_8,18,-12,0,99.000,,,0
ph_local_8,18,-12,1,99.000,,,0
ph_local_8,18,-12,2,99.000,,,0
ph_local_8,18,-12,3,99.000,,,0
ph_local_8,19,-11,0,99.000,,,0
ph_local_8,19,-11,1,99.000,,,0
ph_local_8,19,-11,2,99.000,,,0
ph_local_8,19,-11,3,99.000,,,0
ph_local_8,20,-10,0,99.000,,,0
ph_local_8,20,-10,1,99.000,,,0
ph_local_8,20,-10,2,99.000,,,0
ph_local_8,20,-10,3,99.000,,,0
ph_local_8,21,-9,0,99.000,,,0
ph_local_8,21,-9,1,99.000,,,0
ph_local_8,21,-9,2,99.000,,,0
ph_local_8,21,-9,3,99.000,,,0
ph_local_8,22,-8,0,99.000,,,0
ph_local_8,22,-8,1,99.000,,,0
ph_local_8,22,-8,2,99.000,,,0
ph_local_8,22,-8,3,99.000,,,0
ph_local_8,23,-7,0,99.000,,,0
ph_local_8,23,-7,1,99.000,,,0
ph_local_8,23,-7,2,99.000,,,0
ph_local_8,23,-7,3,99.000,,,0
ph_local_8,24,-6,0,99.000,,,0
ph_local_8,24,-6,1,99.000,,,0
ph_local_8,24,-6,2,99.000,,,0
ph_local_8,24,-6,3,99.000,,,0
ph_local_8,25,-5,0,99.000,,,0
ph_local_8,25,-5,1,99.000,,,0
ph_local_8,25,-5,2,99.000,,,0
ph_local_8,25,-5,3,99.000,,,0
ph_local_8,26,-4,0,99.000,,,0
ph_local_8,26,-4,1,99.000,,,0
ph_local_8,26,-4,2,99.000,,,0
ph_local_8,26,-4,3,99.000,,,0
ph_local_8,27,-3,0,99.000,,,0
ph_local_8,27,-3,1,99.000,,,0
ph_local_8,27,-3,2,99.000,,,0
ph_local_8,27,-3,3,99.000,,,0
ph_local_8,28,-2,0,99.000,,,0
ph_local_8,28,-2,1,99.000,,,0
ph_local_8,28,-2,2,99.000,,,0
ph_local_8,28,-2,3,99.000,,,0
ph_local_8,29,-1,0,99.000,,,0
ph_local_8,29,-1,1,99.000,,,0
ph_local_8,29,-1,2,99.000,,,0
ph_local_8,29,-1,3,99.000,,,0
ph_local_8,30,0,0,30.827,0.9058,0.4001,0
ph_local_8,30,0,1,29.273,0.8868,0.3998,0
ph_local_8,30,0,2,28.198,0.8690,0.3906,0
ph_local_8,30,0,3,27.270,0.8561,0.3871,0
ph_local_8,31,1,0,26.320,0.8501,0.3859,0
ph_local_8,31,1,1,24.023,0.8289,0.3929,0
ph_local_8,31,1,2,23.570,0.8213,0.3801,0
ph_local_8,31,1,3,22.197,0.8007,0.3781,0
ph_local_8,32,2,0,21.590,0.7947,0.3769,0
ph_local_8,32,2,1,21.796,0.7959,0.3875,0
ph_local_8,32,2,2,21.894,0.7928,0.3776,0
ph_local_8,32,2,3,22.064,0.7886,0.3760,0
ph_local_8,33,3,0,21.986,0.7929,0.3764,0
ph_local_8,33,3,1,21.826,0.7932,0.3875,0
ph_local_8,33,3,2,21.615,0.7865,0.3810,0
ph_local_8,33,3,3,21.589,0.7810,0.3797,0
ph_local_8,34,4,0,21.362,0.7808,0.3904,0
ph_local_8,34,4,1,21.373,0.7829,0.4015,0
ph_local_8,34,4,2,21.447,0.7812,0.3937,0
ph_local_8,34,4,3,21.536,0.7828,0.3962,0
ph_local_8,35,5,0,21.067,0.7862,0.4030,0
ph_local_8,35,5,1,21.332,0.7908,0.4160,0
ph_local_8,35,5,2,21.513,0.7932,0.4027,0
ph_local_8,35,5,3,21.539,0.7918,0.4025,0
ph_local_8,36,6,0,21.420,0.7856,0.4100,0
ph_local_8,36,6,1,21.727,0.7883,0.4173,0
ph_local_8,36,6,2,21.589,0.7846,0.4071,0
ph_local_8,36,6,3,21.119,0.7712,0.4055,0
ph_local_8,37,7,0,21.660,0.7811,0.4085,0
ph_local_8,37,7,1,21.497,0.7822,0.4182,0
ph_local_8,37,7,2,21.536,0.7788,0.4068,0
ph_local_8,37,7,3,21.194,0.7696,0.4029,0
ph_local_8,38,8,0,22.488,0.8233,0.4199,0
ph_local_8,38,8,1,23.122,0.8449,0.4332,0
ph_local_8,38,8,2,23.966,0.8615,0.4305,0
ph_local_8,38,8,3,24.283,0.8614,0.4324,0
ph_local_8,39,9,0,24.959,0.8865,0.4307,0
ph_local_8,39,9,1,25.608,0.8938,0.4374,0
ph_local_8,39,9,2,25.976,0.8985,0.4377,0
ph_local_8,39,9,3,25.979,0.8972,0.4273,0
ph_local_8,40,10,0,25.592,0.9021,0.4274,0
ph_local_8,40,10,1,27.670,0.9153,0.4025,0
ph_local_8,40,10,2,28.104,0.9223,0.3935,0
ph_local_8,40,10,3,28.250,0.9197,0.3980,0
ph_local_8,41,11,0,30.328,0.9422,0.4013,0
ph_local_8,41,11,1,31.166,0.9460,0.4146,0
ph_local_8,41,11,2,31.291,0.9475,0.4138,0
ph_local_8,41,11,3,31.767,0.9491,0.4165,0
ph_local_8,42,12,0,32.451,0.9565,0.4199,0
ph_local_8,42,12,1,33.361,0.9603,0.4246,0
ph_local_8,42,12,2,33.840,0.9627,0.4200,0
ph_local_8,42,12,3,34.087,0.9634,0.4195,0
ph_local_8,43,13,0,35.668,0.9718,0.4226,0
ph_local_8,43,13,1,36.100,0.9731,0.4276,0
ph_local_8,43,13,2,36.321,0.9748,0.4209,0
ph_local_8,43,13,3,36.640,0.9751,0.4212,0
ph_local_8,44,14,0,37.498,0.9792,0.4213,0
ph_local_8,44,14,1,38.027,0.9795,0.4268,0
ph_local_8,44,14,2,38.771,0.9801,0.4216,0
ph_local_8,44,14,3,38.799,0.9800,0.4215,0
ph_local_8,45,15,0,39.061,0.9835,0.4247,0
ph_local_8,45,15,1,38.917,0.9840,0.4273,0
ph_local_8,45,15,2,39.170,0.9847,0.4238,0
ph_local_8,45,15,3,39.147,0.9848,0.4225,0
ph_local_8,46,16,0,40.180,0.9893,0.4202,0
ph_local_8,46,16,1,40.248,0.9900,0.4228,0
ph_local_8,46,16,2,40.144,0.9906,0.4185,0
ph_local_8,46,16,3,39.757,0.9905,0.4155,0
ph_local_8,47,17,0,41.289,0.9925,0.4116,0
ph_local_8,47,17,1,41.961,0.9928,0.4155,0
ph_local_8,47,17,2,42.709,0.9931,0.4117,0
ph_local_8,47,17,3,43.071,0.9930,0.4126,0
ph_local_8,48,18,0,44.147,0.9944,0.4107,0
ph_local_8,48,18,1,44.357,0.9944,0.4146,0
ph_local_8,48,18,2,44.436,0.9945,0.4152,0
ph_local_8,48,18,3,44.412,0.9944,0.4112,0
ph_local_8,49,19,0,45.293,0.9953,0.4146,0
ph_local_8,49,19,1,45.180,0.9952,0.4154,0
ph_local_8,49,19,2,45.411,0.9952,0.4199,0
ph_local_8,49,19,3,45.182,0.9951,0.4137,0
ph_local_8,50,20,0,45.590,0.9956,0.4150,0
ph_local_8,50,20,1,45.750,0.9955,0.4157,0
ph_local_8,50,20,2,45.207,0.9953,0.4196,0
ph_local_8,50,20,3,45.169,0.9951,0.4156,0
ph_local_8,51,21,0,45.815,0.9956,0.4145,0
ph_local_8,51,21,1,45.896,0.9954,0.4139,0
ph_local_8,51,21,2,45.498,0.9953,0.4179,0
ph_local_8,51,21,3,45.320,0.9952,0.4074,0
ph_local_8,52,22,0,45.761,0.9955,0.4090,0
ph_local_8,52,22,1,45.152,0.9951,0.4090,0
ph_local_8,52,22,2,44.603,0.9947,0.4124,0
ph_local_8,52,22,3,44.349,0.9945,0.4047,0
ph_local_8,53,23,0,44.528,0.9945,0.4060,0
ph_local_8,53,23,1,44.344,0.9943,0.4069,0
ph_local_8,53,23,2,44.023,0.9941,0.4128,0
ph_local_8,53,23,3,43.447,0.9937,0.4052,0
ph_local_8,54,24,0,43.948,0.9941,0.4030,0
ph_local_8,54,24,1,44.075,0.9940,0.4054,0
ph_local_8,54,24,2,44.082,0.9939,0.4147,0
ph_local_8,54,24,3,43.945,0.9938,0.4056,0
ph_local_8,55,25,0,44.252,0.9947,0.4111,0
ph_local_8,55,25,1,43.967,0.9946,0.4162,0
ph_local_8,55,25,2,44.071,0.9946,0.4264,0
ph_local_8,55,25,3,42.648,0.9942,0.4143,0
ph_local_8,56,26,0,43.558,0.9948,0.4212,0
ph_local_8,56,26,1,44.103,0.9948,0.4214,0
ph_local_8,56,26,2,43.258,0.9945,0.4268,0
ph_local_8,56,26,3,43.310,0.9944,0.4173,0
ph_local_8,57,27,0,43.359,0.9943,0.4222,0
ph_local_8,57,27,1,42.843,0.9938,0.4204,0
ph_local_8,57,27,2,42.776,0.9938,0.4270,0
ph_local_8,57,27,3,42.029,0.9933,0.4163,0
ph_local_8,58,28,0,43.092,0.9934,0.4215,0
ph_local_8,58,28,1,42.924,0.9928,0.4235,0
ph_local_8,58,28,2,42.882,0.9925,0.4294,0
ph_local_8,58,28,3,42.519,0.9920,0.4200,0
ph_local_8,59,29,0,42.345,0.9925,0.4260,0
ph_local_8,59,29,1,42.283,0.9923,0.4273,0
ph_local_8,59,29,2,41.911,0.9920,0.4337,0
ph_local_8,59,29,3,41.073,0.9912,0.4334,0
ph_local_8,60,30,0,40.942,0.9917,0.4175,0
ph_local_8,60,30,1,40.043,0.9899,0.4228,0
ph_local_8,60,30,2,40.007,0.9899,0.4069,0
ph_local_8,60,30,3,39.506,0.9879,0.4036,0
ph_local_8,61,31,0,42.776,0.9927,0.4107,0
ph_local_8,61,31,1,43.383,0.9933,0.4071,0
ph_local_8,61,31,2,43.372,0.9933,0.4163,0
ph_local_8,61,31,3,43.423,0.9934,0.4134,0
ph_local_8,62,32,0,43.481,0.9934,0.4192,0
ph_local_8,62,32,1,43.062,0.9932,0.4221,0
ph_local_8,62,32,2,42.551,0.9929,0.4239,0
ph_local_8,62,32,3,42.033,0.9926,0.4159,0
ph_local_8,63,33,0,42.939,0.9930,0.4205,0
ph_local_8,63,33,1,42.557,0.9927,0.4251,0
ph_local_8,63,33,2,42.136,0.9925,0.4302,0
ph_local_8,63,33,3,42.306,0.9923,0.4213,0
ph_local_8,64,34,0,43.235,0.9932,0.4235,0
ph_local_8,64,34,1,43.296,0.9930,0.4224,0
ph_local_8,64,34,2,43.165,0.9928,0.4270,0
ph_local_8,64,34,3,43.012,0.9926,0.4200,0
ph_local_8,65,35,0,44.402,0.9940,0.4231,0
ph_local_8,65,35,1,44.516,0.9940,0.4240,0
ph_local_8,65,35,2,44.261,0.9938,0.4268,0
ph_local_8,65,35,3,44.046,0.9935,0.4218,0
ph_local_8,66,36,0,44.559,0.9941,0.4234,0
ph_local_8,66,36,1,44.223,0.9938,0.4216,0
ph_local_8,66,36,2,44.255,0.9937,0.4251,0
ph_local_8,66,36,3,44.297,0.9937,0.4203,0
ph_local_8,67,37,0,44.444,0.9941,0.4191,0
ph_local_8,67,37,1,44.050,0.9938,0.4158,0
ph_local_8,67,37,2,43.898,0.9936,0.4184,0
ph_local_8,67,37,3,43.700,0.9934,0.4136,0
ph_local_8,68,38,0,43.969,0.9938,0.4152,0
ph_local_8,68,38,1,44.147,0.9936,0.4154,0
ph_local_8,68,38,2,44.097,0.9934,0.4191,0
ph_local_8,68,38,3,43.802,0.9931,0.4198,0
ph_local_8,69,39,0,43.577,0.9932,0.4156,0
ph_local_8,69,39,1,43.275,0.9929,0.4191,0
ph_local_8,69,39,2,43.345,0.9927,0.4207,0
ph_local_8,69,39,3,43.054,0.9924,0.4244,0
ph_local_16,1,-29,0,99.000,,,0
ph_local_16,1,-29,1,99.000,,,0
ph_local_16,1,-29,2,99.000,,,0
ph_local_16,1,-29,3,99.000,,,0
ph_local_16,2,-28,0,99.000,,,0
ph_local_16,2,-28,1,99.000,,,0
ph_local_16,2,-28,2,99.000,,,0
ph_local_16,2,-28,3,99.000,,,0
ph_local_16,3,-27,0,99.000,,,0
ph_local_16,3,-27,1,99.000,,,0
ph_local_16,3,-27,2,99.000,,,0
ph_local_16,3,-27,3,99.000,,,0
ph_local_16,4,-26,0,99.000,,,0
ph_local_16,4,-26,1,99.000,,,0
ph_local_16,4,-26,2,99.000,,,0
ph_local_16,4,-26,3,99.000,,,0
ph_local_16,5,-25,0,99.000,,,0
ph_local_16,5,-25,1,99.000,,,0
ph_local_16,5,-25,2,99.000,,,0
ph_local_16,5,-25,3,99.000,,,0
ph_local_16,6,-24,0,99.000,,,0
ph_local_16,6,-24,1,99.000,,,0
ph_local_16,6,-24,2,99.000,,,0
ph_local_16,6,-24,3,99.000,,,0
ph_local_16,7,-23,0,99.000,,,0
ph_local_16,7,-23,1,99.000,,,0
ph_local_16,7,-23,2,99.000,,,0
ph_local_16,7,-23,3,99.000,,,0
ph_local_16,8,-22,0,99.000,,,0
ph_local_16,8,-22,1,99.000,,,0
ph_local_16,8,-22,2,99.000,,,0
ph_local_16,8,-22,3,99.000,,,0
ph_local_16,9,-21,0,99.000,,,0
ph_local_16,9,-21,1,99.000,,,0
ph_local_16,9,-21,2,99.000,,,0
ph_local_16,9,-21,3,99.000,,,0
ph_local_16,10,-20,0,99.000,,,0
ph_local_16,10,-20,1,99.000,,,0
ph_local_16,10,-20,2,99.000,,,0
ph_local_16,10,-20,3,99.000,,,0
ph_local_16,11,-19,0,99.000,,,0
ph_local_16,11,-19,1,99.000,,,0
ph_local_16,11,-19,2,99.000,,,0
ph_local_16,11,-19,3,99.000,,,0
ph_local_16,12,-18,0,99.000,,,0
ph_local_16,12,-18,1,99.000,,,0
ph_local_16,12,-18,2,99.000,,,0
ph_local_16,12,-18,3,99.000,,,0
ph_local_16,13,-17,0,99.000,,,0
ph_local_16,13,-17,1,99.000,,,0
ph_local_16,13,-17,2,99.000,,,0
ph_local_16,13,-17,3,99.000,,,0
ph_local_16,14,-16,0,99.000,,,0
ph_local_16,14,-16,1,99.000,,,0
ph_local_16,14,-16,2,99.000,,,0
ph_local_16,14,-16,3,99.000,,,0
ph_local_16,15,-15,0,99.000,,,0
ph_local_16,15,-15,1,99.000,,,0
ph_local_16,15,-15,2,99.000,,,0
ph_local_16,15,-15,3,99.000,,,0
ph_local_16,16,-14,0,99.000,,,0
ph_local_16,16,-14,1,99.000,,,0
ph_local_16,16,-14,2,99.000,,,0
ph_local_16,16,-14,3,99.000,,,0
ph_local_16,17,-13,0,99.000,,,0
ph_local_16,17,-13,1,99.000,,,0
ph_local_16,17,-13,2,99.000,,,0
ph_local_16,17,-13,3,99.000,,,0
ph_local_16,18,-12,0,99.000,,,0
ph_local_16,18,-12,1,99.000,,,0
ph_local_16,18,-12,2,99.000,,,0
ph_local_16,18,-12,3,99.000,,,0
ph_local_16,19,-11,0,99.000,,,0
ph_local_16,19,-11,1,99.000,,,0
ph_local_16,19,-11,2,99.000,,,0
ph_local_16,19,-11,3,99.000,,,0
ph_local_16,20,-10,0,99.000,,,0
ph_local_16,20,-10,1,99.000,,,0
ph_local_16,20,-10,2,99.000,,,0
ph_local_16,20,-10,3,99.000,,,0
ph_local_16,21,-9,0,99.000,,,0
ph_local_16,21,-9,1,99.000,,,0
ph_local_16,21,-9,2,99.000,,,0
ph_local_16,21,-9,3,99.000,,,0
ph_local_16,22,-8,0,99.000,,,0
ph_local_16,22,-8,1,99.000,,,0
ph_local_16,22,-8,2,99.000,,,0
ph_local_16,22,-8,3,99.000,,,0
ph_local_16,23,-7,0,99.000,,,0
ph_local_16,23,-7,1,99.000,,,0
ph_local_16,23,-7,2,99.000,,,0
ph_local_16,23,-7,3,99.000,,,0
ph_local_16,24,-6,0,99.000,,,0
ph_local_16,24,-6,1,99.000,,,0
ph_local_16,24,-6,2,99.000,,,0
ph_local_16,24,-6,3,99.000,,,0
ph_local_16,25,-5,0,99.000,,,0
ph_local_16,25,-5,1,99.000,,,0
ph_local_16,25,-5,2,99.000,,,0
ph_local_16,25,-5,3,99.000,,,0
ph_local_16,26,-4,0,99.000,,,0
ph_local_16,26,-4,1,99.000,,,0
ph_local_16,26,-4,2,99.000,,,0
ph_local_16,26,-4,3,99.000,,,0
ph_local_16,27,-3,0,99.000,,,0
ph_local_16,27,-3,1,99.000,,,0
ph_local_16,27,-3,2,99.000,,,0
ph_local_16,27,-3,3,99.000,,,0
ph_local_16,28,-2,0,99.000,,,0
ph_local_16,28,-2,1,99.000,,,0
ph_local_16,28,-2,2,99.000,,,0
ph_local_16,28,-2,3,99.000,,,0
ph_local_16,29,-1,0,99.000,,,0
ph_local_16,29,-1,1,99.000,,,0
ph_local_16,29,-1,2,99.000,,,0
ph_local_16,29,-1,3,99.000,,,0
ph_local_16,30,0,0,30.827,0.9058,0.4001,0
ph_local_16,30,0,1,29.273,0.8868,0.3998,0
ph_local_16,30,0,2,28.198,0.8690,0.3906,0
ph_local_16,30,0,3,27.270,0.8561,0.3871,0
ph_local_16,31,1,0,26.320,0.8501,0.3859,0
ph_local_16,31,1,1,24.023,0.8289,0.3929,0
ph_local_16,31,1,2,23.570,0.8213,0.3801,0
ph_local_16,31,1,3,22.197,0.8007,0.3781,0
ph_local_16,32,2,0,21.590,0.7947,0.3769,0
ph_local_16,32,2,1,21.796,0.7959,0.3875,0
ph_local_16,32,2,2,21.894,0.7928,0.3776,0
ph_local_16,32,2,3,22.064,0.7886,0.3760,0
ph_local_16,33,3,0,21.986,0.7929,0.3764,0
ph_local_16,33,3,1,21.826,0.7932,0.3875,0
ph_local_16,33,3,2,21.615,0.7865,0.3810,0
ph_local_16,33,3,3,21.589,0.7810,0.3797,0
ph_local_16,34,4,0,21.362,0.7808,0.3904,0
ph_local_16,34,4,1,21.373,0.7829,0.4015,0
ph_local_16,34,4,2,21.447,0.7812,0.3937,0
ph_local_16,34,4,3,21.536,0.7828,0.3962,0
ph_local_16,35,5,0,21.067,0.7862,0.4030,0
ph_local_16,35,5,1,21.332,0.7908,0.4160,0
ph_local_16,35,5,2,21.513,0.7932,0.4027,0
ph_local_16,35,5,3,21.539,0.7918,0.4025,0
ph_local_16,36,6,0,21.420,0.7856,0.4100,0
ph_local_16,36,6,1,21.727,0.7883,0.4173,0
ph_local_16,36,6,2,21.589,0.7846,0.4071,0
ph_local_16,36,6,3,21.119,0.7712,0.4055,0
ph_local_16,37,7,0,21.660,0.7811,0.4085,0
ph_local_16,37,7,1,21.497,0.7822,0.4182,0
ph_local_16,37,7,2,21.536,0.7788,0.4068,0
ph_local_16,37,7,3,21.194,0.7696,0.4029,0
ph_local_16,38,8,0,20.896,0.7750,0.4094,0
ph_local_16,38,8,1,20.915,0.7768,0.4155,0
ph_local_16,38,8,2,21.002,0.7767,0.4093,0
ph_local_16,38,8,3,20.965,0.7694,0.4083,0
ph_local_16,39,9,0,21.175,0.7842,0.4075,0
ph_local_16,39,9,1,21.556,0.7934,0.4166,0
ph_local_16,39,9,2,21.560,0.7908,0.4176,0
ph_local_16,39,9,3,21.435,0.7857,0.4048,0
ph_local_16,40,10,0,21.297,0.7894,0.4050,0
ph_local_16,40,10,1,20.819,0.7767,0.3900,0
ph_local_16,40,10,2,20.851,0.7834,0.3850,0
ph_local_16,40,10,3,20.418,0.7766,0.3860,0
ph_local_16,41,11,0,20.888,0.7857,0.3909,0
ph_local_16,41,11,1,20.688,0.7808,0.4004,0
ph_local_16,41,11,2,20.716,0.7782,0.4007,0
ph_local_16,41,11,3,20.741,0.7701,0.4029,0
ph_local_16,42,12,0,20.957,0.7799,0.4070,0
ph_local_16,42,12,1,20.996,0.7796,0.4131,0
ph_local_16,42,12,2,20.898,0.7772,0.4069,0
ph_local_16,42,12,3,20.542,0.7663,0.4067,0
ph_local_16,43,13,0,21.134,0.7807,0.4117,0
ph_local_16,43,13,1,21.205,0.7812,0.4185,0
ph_local_16,43,13,2,21.181,0.7797,0.4112,0
ph_local_16,43,13,3,20.988,0.7718,0.4108,0
ph_local_16,44,14,0,21.006,0.7724,0.4099,0
ph_local_16,44,14,1,20.966,0.7684,0.4160,0
ph_local_16,44,14,2,20.810,0.7613,0.4099,0
ph_local_16,44,14,3,20.638,0.7527,0.4088,0
ph_local_16,45,15,0,20.490,0.7518,0.4096,0
ph_local_16,45,15,1,20.420,0.7490,0.4123,0
ph_local_16,45,15,2,20.478,0.7462,0.4099,0
ph_local_16,45,15,3,20.441,0.7425,0.4109,0
ph_local_16,46,16,0,21.454,0.8073,0.4229,0
ph_local_16,46,16,1,21.831,0.8239,0.4309,0
ph_local_16,46,16,2,21.912,0.8331,0.4299,0
ph_local_16,46,16,3,21.743,0.8348,0.4277,0
ph_local_16,47,17,0,22.251,0.8604,0.4241,0
ph_local_16,47,17,1,22.483,0.8692,0.4264,0
ph_local_16,47,17,2,23.610,0.8798,0.4233,0
ph_local_16,47,17,3,24.865,0.8838,0.4251,0
ph_local_16,48,18,0,25.704,0.9015,0.4220,0
ph_local_16,48,18,1,26.559,0.9096,0.4246,0
ph_local_16,48,18,2,27.139,0.9147,0.4243,0
ph_local_16,48,18,3,27.466,0.9147,0.4203,0
ph_local_16,49,19,0,28.454,0.9326,0.4245,0
ph_local_16,49,19,1,29.301,0.9386,0.4245,0
ph_local_16,49,19,2,29.890,0.9431,0.4289,0
ph_local_16,49,19,3,30.085,0.9436,0.4221,0
ph_local_16,50,20,0,31.565,0.9572,0.4211,0
ph_local_16,50,20,1,32.906,0.9631,0.4213,0
ph_local_16,50,20,2,33.420,0.9656,0.4247,0
ph_local_16,50,20,3,33.418,0.9652,0.4206,0
ph_local_16,51,21,0,34.525,0.9730,0.4173,0
ph_local_16,51,21,1,35.226,0.9757,0.4164,0
ph_local_16,51,21,2,36.769,0.9793,0.4200,0
ph_local_16,51,21,3,36.646,0.9791,0.4097,0
ph_local_16,52,22,0,37.901,0.9836,0.4093,0
ph_local_16,52,22,1,38.660,0.9844,0.4087,0
ph_local_16,52,22,2,38.630,0.9842,0.4119,0
ph_local_16,52,22,3,38.676,0.9838,0.4041,0
ph_local_16,53,23,0,39.873,0.9871,0.4049,0
ph_local_16,53,23,1,40.072,0.9877,0.4058,0
ph_local_16,53,23,2,39.883,0.9878,0.4117,0
ph_local_16,53,23,3,39.600,0.9872,0.4040,0
ph_local_16,54,24,0,40.576,0.9903,0.4024,0
ph_local_16,54,24,1,41.349,0.9910,0.4051,0
ph_local_16,54,24,2,41.698,0.9911,0.4143,0
ph_local_16,54,24,3,41.581,0.9910,0.4052,0
ph_local_16,55,25,0,42.239,0.9928,0.4110,0
ph_local_16,55,25,1,42.467,0.9931,0.4163,0
ph_local_16,55,25,2,43.086,0.9933,0.4265,0
ph_local_16,55,25,3,42.391,0.9931,0.4145,0
ph_local_16,56,26,0,43.612,0.9943,0.4215,0
ph_local_16,56,26,1,43.783,0.9942,0.4216,0
ph_local_16,56,26,2,43.605,0.9942,0.4269,0
ph_local_16,56,26,3,43.706,0.9941,0.4175,0
ph_local_16,57,27,0,43.624,0.9942,0.4223,0
ph_local_16,57,27,1,42.535,0.9937,0.4205,0
ph_local_16,57,27,2,42.521,0.9935,0.4272,0
ph_local_16,57,27,3,41.973,0.9932,0.4164,0
ph_local_16,58,28,0,42.588,0.9932,0.4214,0
ph_local_16,58,28,1,42.541,0.9927,0.4235,0
ph_local_16,58,28,2,42.342,0.9923,0.4292,0
ph_local_16,58,28,3,41.938,0.9919,0.4200,0
ph_local_16,59,29,0,42.090,0.9925,0.4259,0
ph_local_16,59,29,1,41.702,0.9921,0.4272,0
ph_local_16,59,29,2,41.067,0.9916,0.4336,0
ph_local_16,59,29,3,40.076,0.9907,0.4333,0
ph_local_16,60,30,0,40.253,0.9914,0.4175,0
ph_local_16,60,30,1,39.408,0.9895,0.4228,0
ph_local_16,60,30,2,39.031,0.9896,0.4069,0
ph_local_16,60,30,3,38.855,0.9876,0.4035,0
ph_local_16,61,31,0,41.931,0.9925,0.4107,0
ph_local_16,61,31,1,42.785,0.9932,0.4072,0
ph_local_16,61,31,2,42.875,0.9933,0.4163,0
ph_local_16,61,31,3,42.871,0.9933,0.4135,0
ph_local_16,62,32,0,43.601,0.9935,0.4193,0
ph_local_16,62,32,1,43.657,0.9934,0.4221,0
ph_local_16,62,32,2,43.360,0.9932,0.4239,0
ph_local_16,62,32,3,42.954,0.9928,0.4158,0
ph_local_16,63,33,0,43.349,0.9931,0.4204,0
ph_local_16,63,33,1,42.456,0.9925,0.4253,0
ph_local_16,63,33,2,41.793,0.9922,0.4303,0
ph_local_16,63,33,3,41.946,0.9921,0.4214,0
ph_local_16,64,34,0,42.857,0.9929,0.4236,0
ph_local_16,64,34,1,43.074,0.9929,0.4225,0
ph_local_16,64,34,2,43.015,0.9928,0.4271,0
ph_local_16,64,34,3,42.871,0.9926,0.4201,0
ph_local_16,65,35,0,44.243,0.9939,0.4232,0
ph_local_16,65,35,1,44.372,0.9939,0.4242,0
ph_local_16,65,35,2,44.255,0.9937,0.4269,0
ph_local_16,65,35,3,44.058,0.9935,0.4218,0
ph_local_16,66,36,0,44.414,0.9941,0.4234,0
ph_local_16,66,36,1,44.272,0.9939,0.4215,0
ph_local_16,66,36,2,44.155,0.9938,0.4250,0
ph_local_16,66,36,3,44.007,0.9937,0.4202,0
ph_local_16,67,37,0,44.037,0.9940,0.4192,0
ph_local_16,67,37,1,43.988,0.9938,0.4159,0
ph_local_16,67,37,2,43.946,0.9937,0.4185,0
ph_local_16,67,37,3,43.878,0.9936,0.4137,0
ph_local_16,68,38,0,43.994,0.9939,0.4153,0
ph_local_16,68,38,1,44.138,0.9936,0.4154,0
ph_local_16,68,38,2,44.068,0.9934,0.4192,0
ph_local_16,68,38,3,43.795,0.9931,0.4199,0
ph_local_16,69,39,0,43.558,0.9933,0.4156,0
ph_local_16,69,39,1,43.385,0.9929,0.4192,0
ph_local_16,69,39,2,43.376,0.9927,0.4207,0
ph_local_16,69,39,3,43.081,0.9924,0.4244,0
