config,call,rel_call,frame,psnr,ssim,ssim_in,missing
repeat,1,-29,0,99.000,,,0
repeat,1,-29,1,99.000,,,0
repeat,1,-29,2,99.000,,,0
repeat,1,-29,3,99.000,,,0
repeat,2,-28,0,99.000,,,0
repeat,2,-28,1,99.000,,,0
repeat,2,-28,2,99.000,,,0
repeat,2,-28,3,99.000,,,0
repeat,3,-27,0,99.000,,,0
repeat,3,-27,1,99.000,,,0
repeat,3,-27,2,99.000,,,0
repeat,3,-27,3,99.000,,,0
repeat,4,-26,0,99.000,,,0
repeat,4,-26,1,99.000,,,0
repeat,4,-26,2,99.000,,,0
repeat,4,-26,3,99.000,,,0
repeat,5,-25,0,99.000,,,0
repeat,5,-25,1,99.000,,,0
repeat,5,-25,2,99.000,,,0
repeat,5,-25,3,99.000,,,0
repeat,6,-24,0,99.000,,,0
repeat,6,-24,1,99.000,,,0
repeat,6,-24,2,99.000,,,0
repeat,6,-24,3,99.000,,,0
repeat,7,-23,0,99.000,,,0
repeat,7,-23,1,99.000,,,0
repeat,7,-23,2,99.000,,,0
repeat,7,-23,3,99.000,,,0
repeat,8,-22,0,99.000,,,0
repeat,8,-22,1,99.000,,,0
repeat,8,-22,2,99.000,,,0
repeat,8,-22,3,99.000,,,0
repeat,9,-21,0,99.000,,,0
repeat,9,-21,1,99.000,,,0
repeat,9,-21,2,99.000,,,0
repeat,9,-21,3,99.000,,,0
repeat,10,-20,0,99.000,,,0
repeat,10,-20,1,99.000,,,0
repeat,10,-20,2,99.000,,,0
repeat,10,-20,3,99.000,,,0
repeat,11,-19,0,99.000,,,0
repeat,11,-19,1,99.000,,,0
repeat,11,-19,2,99.000,,,0
repeat,11,-19,3,99.000,,,0
repeat,12,-18,0,99.000,,,0
repeat,12,-18,1,99.000,,,0
repeat,12,-18,2,99.000,,,0
repeat,12,-18,3,99.000,,,0
repeat,13,-17,0,99.000,,,0
repeat,13,-17,1,99.000,,,0
repeat,13,-17,2,99.000,,,0
repeat,13,-17,3,99.000,,,0
repeat,14,-16,0,99.000,,,0
repeat,14,-16,1,99.000,,,0
repeat,14,-16,2,99.000,,,0
repeat,14,-16,3,99.000,,,0
repeat,15,-15,0,99.000,,,0
repeat,15,-15,1,99.000,,,0
repeat,15,-15,2,99.000,,,0
repeat,15,-15,3,99.000,,,0
repeat,16,-14,0,99.000,,,0
repeat,16,-14,1,99.000,,,0
repeat,16,-14,2,99.000,,,0
repeat,16,-14,3,99.000,,,0
repeat,17,-13,0,99.000,,,0
repeat,17,-13,1,99.000,,,0
repeat,17,-13,2,99.000,,,0
repeat,17,-13,3,99.000,,,0
repeat,18,-12,0,99.000,,,0
repeat,18,-12,1,99.000,,,0
repeat,18,-12,2,99.000,,,0
repeat,18,-12,3,99.000,,,0
repeat,19,-11,0,99.000,,,0
repeat,19,-11,1,99.000,,,0
repeat,19,-11,2,99.000,,,0
repeat,19,-11,3,99.000,,,0
repeat,20,-10,0,99.000,,,0
repeat,20,-10,1,99.000,,,0
repeat,20,-10,2,99.000,,,0
repeat,20,-10,3,99.000,,,0
repeat,21,-9,0,99.000,,,0
repeat,21,-9,1,99.000,,,0
repeat,21,-9,2,99.000,,,0
repeat,21,-9,3,99.000,,,0
repeat,22,-8,0,99.000,,,0
repeat,22,-8,1,99.000,,,0
repeat,22,-8,2,99.000,,,0
repeat,22,-8,3,99.000,,,0
repeat,23,-7,0,99.000,,,0
repeat,23,-7,1,99.000,,,0
repeat,23,-7,2,99.000,,,0
repeat,23,-7,3,99.000,,,0
repeat,24,-6,0,99.000,,,0
repeat,24,-6,1,99.000,,,0
repeat,24,-6,2,99.000,,,0
repeat,24,-6,3,99.000,,,0
repeat,25,-5,0,99.000,,,0
repeat,25,-5,1,99.000,,,0
repeat,25,-5,2,99.000,,,0
repeat,25,-5,3,99.000,,,0
repeat,26,-4,0,99.000,,,0
repeat,26,-4,1,99.000,,,0
repeat,26,-4,2,99.000,,,0
repeat,26,-4,3,99.000,,,0
repeat,27,-3,0,99.000,,,0
repeat,27,-3,1,99.000,,,0
repeat,27,-3,2,99.000,,,0
repeat,27,-3,3,99.000,,,0
repeat,28,-2,0,99.000,,,0
repeat,28,-2,1,99.000,,,0
repeat,28,-2,2,99.000,,,0
repeat,28,-2,3,99.000,,,0
repeat,29,-1,0,99.000,,,0
repeat,29,-1,1,99.000,,,0
repeat,29,-1,2,99.000,,,0
repeat,29,-1,3,99.000,,,0
repeat,30,0,0,99.000,1.0000,0.4178,0
repeat,30,0,1,99.000,1.0000,0.4216,0
repeat,30,0,2,99.000,1.0000,0.4163,0
repeat,30,0,3,99.000,1.0000,0.4141,0
repeat,31,1,0,99.000,1.0000,0.4073,0
repeat,31,1,1,99.000,1.0000,0.4117,0
repeat,31,1,2,99.000,1.0000,0.4005,0
repeat,31,1,3,99.000,1.0000,0.4009,0
repeat,32,2,0,99.000,1.0000,0.3983,0
repeat,32,2,1,99.000,1.0000,0.4047,0
repeat,32,2,2,99.000,1.0000,0.3966,0
repeat,32,2,3,99.000,1.0000,0.3971,0
repeat,33,3,0,99.000,1.0000,0.3979,0
repeat,33,3,1,99.000,1.0000,0.4084,0
repeat,33,3,2,99.000,1.0000,0.4037,0
repeat,33,3,3,99.000,1.0000,0.4029,0
repeat,34,4,0,99.000,1.0000,0.4041,0
repeat,34,4,1,99.000,1.0000,0.4145,0
repeat,34,4,2,99.000,1.0000,0.4050,0
repeat,34,4,3,99.000,1.0000,0.4098,0
repeat,35,5,0,99.000,1.0000,0.4119,0
repeat,35,5,1,99.000,1.0000,0.4230,0
repeat,35,5,2,99.000,1.0000,0.4118,0
repeat,35,5,3,99.000,1.0000,0.4126,0
repeat,36,6,0,99.000,1.0000,0.4136,0
repeat,36,6,1,99.000,1.0000,0.4210,0
repeat,36,6,2,99.000,1.0000,0.4112,0
repeat,36,6,3,99.000,1.0000,0.4106,0
repeat,37,7,0,99.000,1.0000,0.4134,0
repeat,37,7,1,99.000,1.0000,0.4215,0
repeat,37,7,2,99.000,1.0000,0.4136,0
repeat,37,7,3,99.000,1.0000,0.4121,0
repeat,38,8,0,99.000,1.0000,0.4172,0
repeat,38,8,1,99.000,1.0000,0.4223,0
repeat,38,8,2,99.000,1.0000,0.4159,0
repeat,38,8,3,99.000,1.0000,0.4173,0
repeat,39,9,0,99.000,1.0000,0.4178,0
repeat,39,9,1,99.000,1.0000,0.4249,0
repeat,39,9,2,99.000,1.0000,0.4256,0
repeat,39,9,3,99.000,1.0000,0.4163,0
repeat,40,10,0,99.000,1.0000,0.4186,0
repeat,40,10,1,99.000,1.0000,0.3996,0
repeat,40,10,2,99.000,1.0000,0.3934,0
repeat,40,10,3,99.000,1.0000,0.3975,0
repeat,41,11,0,99.000,1.0000,0.4000,0
repeat,41,11,1,99.000,1.0000,0.4127,0
repeat,41,11,2,99.000,1.0000,0.4123,0
repeat,41,11,3,99.000,1.0000,0.4151,0
repeat,42,12,0,99.000,1.0000,0.4182,0
repeat,42,12,1,99.000,1.0000,0.4233,0
repeat,42,12,2,99.000,1.0000,0.4190,0
repeat,42,12,3,99.000,1.0000,0.4182,0
repeat,43,13,0,99.000,1.0000,0.4217,0
repeat,43,13,1,99.000,1.0000,0.4267,0
repeat,43,13,2,99.000,1.0000,0.4202,0
repeat,43,13,3,99.000,1.0000,0.4204,0
repeat,44,14,0,99.000,1.0000,0.4215,0
repeat,44,14,1,99.000,1.0000,0.4273,0
repeat,44,14,2,99.000,1.0000,0.4225,0
repeat,44,14,3,99.000,1.0000,0.4228,0
repeat,45,15,0,99.000,1.0000,0.4258,0
repeat,45,15,1,99.000,1.0000,0.4283,0
repeat,45,15,2,99.000,1.0000,0.4247,0
repeat,45,15,3,99.000,1.0000,0.4235,0
repeat,46,16,0,99.000,1.0000,0.4210,0
repeat,46,16,1,99.000,1.0000,0.4234,0
repeat,46,16,2,99.000,1.0000,0.4189,0
repeat,46,16,3,99.000,1.0000,0.4156,0
repeat,47,17,0,99.000,1.0000,0.4115,0
repeat,47,17,1,99.000,1.0000,0.4154,0
repeat,47,17,2,99.000,1.0000,0.4116,0
repeat,47,17,3,99.000,1.0000,0.4125,0
repeat,48,18,0,99.000,1.0000,0.4107,0
repeat,48,18,1,99.000,1.0000,0.4147,0
repeat,48,18,2,99.000,1.0000,0.4152,0
repeat,48,18,3,99.000,1.0000,0.4114,0
repeat,49,19,0,99.000,1.0000,0.4147,0
repeat,49,19,1,99.000,1.0000,0.4155,0
repeat,49,19,2,99.000,1.0000,0.4201,0
repeat,49,19,3,99.000,1.0000,0.4138,0
repeat,50,20,0,99.000,1.0000,0.4149,0
repeat,50,20,1,99.000,1.0000,0.4158,0
repeat,50,20,2,99.000,1.0000,0.4196,0
repeat,50,20,3,99.000,1.0000,0.4157,0
repeat,51,21,0,99.000,1.0000,0.4146,0
repeat,51,21,1,99.000,1.0000,0.4140,0
repeat,51,21,2,99.000,1.0000,0.4180,0
repeat,51,21,3,99.000,1.0000,0.4075,0
repeat,52,22,0,99.000,1.0000,0.4092,0
repeat,52,22,1,99.000,1.0000,0.4093,0
repeat,52,22,2,99.000,1.0000,0.4129,0
repeat,52,22,3,99.000,1.0000,0.4052,0
repeat,53,23,0,99.000,1.0000,0.4064,0
repeat,53,23,1,99.000,1.0000,0.4073,0
repeat,53,23,2,99.000,1.0000,0.4134,0
repeat,53,23,3,99.000,1.0000,0.4059,0
repeat,54,24,0,99.000,1.0000,0.4037,0
repeat,54,24,1,99.000,1.0000,0.4062,0
repeat,54,24,2,99.000,1.0000,0.4152,0
repeat,54,24,3,99.000,1.0000,0.4060,0
repeat,55,25,0,99.000,1.0000,0.4116,0
repeat,55,25,1,99.000,1.0000,0.4166,0
repeat,55,25,2,99.000,1.0000,0.4264,0
repeat,55,25,3,99.000,1.0000,0.4144,0
repeat,56,26,0,99.000,1.0000,0.4214,0
repeat,56,26,1,99.000,1.0000,0.4215,0
repeat,56,26,2,99.000,1.0000,0.4270,0
repeat,56,26,3,99.000,1.0000,0.4174,0
repeat,57,27,0,99.000,1.0000,0.4226,0
repeat,57,27,1,99.000,1.0000,0.4209,0
repeat,57,27,2,99.000,1.0000,0.4276,0
repeat,57,27,3,99.000,1.0000,0.4170,0
repeat,58,28,0,99.000,1.0000,0.4220,0
repeat,58,28,1,99.000,1.0000,0.4241,0
repeat,58,28,2,99.000,1.0000,0.4300,0
repeat,58,28,3,99.000,1.0000,0.4207,0
repeat,59,29,0,99.000,1.0000,0.4266,0
repeat,59,29,1,99.000,1.0000,0.4276,0
repeat,59,29,2,99.000,1.0000,0.4340,0
repeat,59,29,3,99.000,1.0000,0.4339,0
repeat,60,30,0,99.000,1.0000,0.4178,0
repeat,60,30,1,99.000,1.0000,0.4227,0
repeat,60,30,2,99.000,1.0000,0.4068,0
repeat,60,30,3,99.000,1.0000,0.4033,0
repeat,61,31,0,99.000,1.0000,0.4108,0
repeat,61,31,1,99.000,1.0000,0.4074,0
repeat,61,31,2,99.000,1.0000,0.4166,0
repeat,61,31,3,99.000,1.0000,0.4136,0
repeat,62,32,0,99.000,1.0000,0.4192,0
repeat,62,32,1,99.000,1.0000,0.4222,0
repeat,62,32,2,99.000,1.0000,0.4241,0
repeat,62,32,3,99.000,1.0000,0.4160,0
repeat,63,33,0,99.000,1.0000,0.4205,0
repeat,63,33,1,99.000,1.0000,0.4252,0
repeat,63,33,2,99.000,1.0000,0.4303,0
repeat,63,33,3,99.000,1.0000,0.4215,0
repeat,64,34,0,99.000,1.0000,0.4235,0
repeat,64,34,1,99.000,1.0000,0.4223,0
repeat,64,34,2,99.000,1.0000,0.4269,0
repeat,64,34,3,99.000,1.0000,0.4200,0
repeat,65,35,0,99.000,1.0000,0.4231,0
repeat,65,35,1,99.000,1.0000,0.4241,0
repeat,65,35,2,99.000,1.0000,0.4267,0
repeat,65,35,3,99.000,1.0000,0.4216,0
repeat,66,36,0,99.000,1.0000,0.4232,0
repeat,66,36,1,99.000,1.0000,0.4215,0
repeat,66,36,2,99.000,1.0000,0.4248,0
repeat,66,36,3,99.000,1.0000,0.4201,0
repeat,67,37,0,99.000,1.0000,0.4190,0
repeat,67,37,1,99.000,1.0000,0.4156,0
repeat,67,37,2,99.000,1.0000,0.4183,0
repeat,67,37,3,99.000,1.0000,0.4134,0
repeat,68,38,0,99.000,1.0000,0.4151,0
repeat,68,38,1,99.000,1.0000,0.4152,0
repeat,68,38,2,99.000,1.0000,0.4189,0
repeat,68,38,3,99.000,1.0000,0.4199,0
repeat,69,39,0,99.000,1.0000,0.4157,0
repeat,69,39,1,99.000,1.0000,0.4190,0
repeat,69,39,2,99.000,1.0000,0.4207,0
repeat,69,39,3,99.000,1.0000,0.4242,0
xfer_sink+meta+inflight,1,-29,0,99.000,,,0
xfer_sink+meta+inflight,1,-29,1,99.000,,,0
xfer_sink+meta+inflight,1,-29,2,99.000,,,0
xfer_sink+meta+inflight,1,-29,3,99.000,,,0
xfer_sink+meta+inflight,2,-28,0,99.000,,,0
xfer_sink+meta+inflight,2,-28,1,99.000,,,0
xfer_sink+meta+inflight,2,-28,2,99.000,,,0
xfer_sink+meta+inflight,2,-28,3,99.000,,,0
xfer_sink+meta+inflight,3,-27,0,99.000,,,0
xfer_sink+meta+inflight,3,-27,1,99.000,,,0
xfer_sink+meta+inflight,3,-27,2,99.000,,,0
xfer_sink+meta+inflight,3,-27,3,99.000,,,0
xfer_sink+meta+inflight,4,-26,0,99.000,,,0
xfer_sink+meta+inflight,4,-26,1,99.000,,,0
xfer_sink+meta+inflight,4,-26,2,99.000,,,0
xfer_sink+meta+inflight,4,-26,3,99.000,,,0
xfer_sink+meta+inflight,5,-25,0,99.000,,,0
xfer_sink+meta+inflight,5,-25,1,99.000,,,0
xfer_sink+meta+inflight,5,-25,2,99.000,,,0
xfer_sink+meta+inflight,5,-25,3,99.000,,,0
xfer_sink+meta+inflight,6,-24,0,99.000,,,0
xfer_sink+meta+inflight,6,-24,1,99.000,,,0
xfer_sink+meta+inflight,6,-24,2,99.000,,,0
xfer_sink+meta+inflight,6,-24,3,99.000,,,0
xfer_sink+meta+inflight,7,-23,0,99.000,,,0
xfer_sink+meta+inflight,7,-23,1,99.000,,,0
xfer_sink+meta+inflight,7,-23,2,99.000,,,0
xfer_sink+meta+inflight,7,-23,3,99.000,,,0
xfer_sink+meta+inflight,8,-22,0,99.000,,,0
xfer_sink+meta+inflight,8,-22,1,99.000,,,0
xfer_sink+meta+inflight,8,-22,2,99.000,,,0
xfer_sink+meta+inflight,8,-22,3,99.000,,,0
xfer_sink+meta+inflight,9,-21,0,99.000,,,0
xfer_sink+meta+inflight,9,-21,1,99.000,,,0
xfer_sink+meta+inflight,9,-21,2,99.000,,,0
xfer_sink+meta+inflight,9,-21,3,99.000,,,0
xfer_sink+meta+inflight,10,-20,0,99.000,,,0
xfer_sink+meta+inflight,10,-20,1,99.000,,,0
xfer_sink+meta+inflight,10,-20,2,99.000,,,0
xfer_sink+meta+inflight,10,-20,3,99.000,,,0
xfer_sink+meta+inflight,11,-19,0,99.000,,,0
xfer_sink+meta+inflight,11,-19,1,99.000,,,0
xfer_sink+meta+inflight,11,-19,2,99.000,,,0
xfer_sink+meta+inflight,11,-19,3,99.000,,,0
xfer_sink+meta+inflight,12,-18,0,99.000,,,0
xfer_sink+meta+inflight,12,-18,1,99.000,,,0
xfer_sink+meta+inflight,12,-18,2,99.000,,,0
xfer_sink+meta+inflight,12,-18,3,99.000,,,0
xfer_sink+meta+inflight,13,-17,0,99.000,,,0
xfer_sink+meta+inflight,13,-17,1,99.000,,,0
xfer_sink+meta+inflight,13,-17,2,99.000,,,0
xfer_sink+meta+inflight,13,-17,3,99.000,,,0
xfer_sink+meta+inflight,14,-16,0,99.000,,,0
xfer_sink+meta+inflight,14,-16,1,99.000,,,0
xfer_sink+meta+inflight,14,-16,2,99.000,,,0
xfer_sink+meta+inflight,14,-16,3,99.000,,,0
xfer_sink+meta+inflight,15,-15,0,99.000,,,0
xfer_sink+meta+inflight,15,-15,1,99.000,,,0
xfer_sink+meta+inflight,15,-15,2,99.000,,,0
xfer_sink+meta+inflight,15,-15,3,99.000,,,0
xfer_sink+meta+inflight,16,-14,0,99.000,,,0
xfer_sink+meta+inflight,16,-14,1,99.000,,,0
xfer_sink+meta+inflight,16,-14,2,99.000,,,0
xfer_sink+meta+inflight,16,-14,3,99.000,,,0
xfer_sink+meta+inflight,17,-13,0,99.000,,,0
xfer_sink+meta+inflight,17,-13,1,99.000,,,0
xfer_sink+meta+inflight,17,-13,2,99.000,,,0
xfer_sink+meta+inflight,17,-13,3,99.000,,,0
xfer_sink+meta+inflight,18,-12,0,99.000,,,0
xfer_sink+meta+inflight,18,-12,1,99.000,,,0
xfer_sink+meta+inflight,18,-12,2,99.000,,,0
xfer_sink+meta+inflight,18,-12,3,99.000,,,0
xfer_sink+meta+inflight,19,-11,0,99.000,,,0
xfer_sink+meta+inflight,19,-11,1,99.000,,,0
xfer_sink+meta+inflight,19,-11,2,99.000,,,0
xfer_sink+meta+inflight,19,-11,3,99.000,,,0
xfer_sink+meta+inflight,20,-10,0,99.000,,,0
xfer_sink+meta+inflight,20,-10,1,99.000,,,0
xfer_sink+meta+inflight,20,-10,2,99.000,,,0
xfer_sink+meta+inflight,20,-10,3,99.000,,,0
xfer_sink+meta+inflight,21,-9,0,99.000,,,0
xfer_sink+meta+inflight,21,-9,1,99.000,,,0
xfer_sink+meta+inflight,21,-9,2,99.000,,,0
xfer_sink+meta+inflight,21,-9,3,99.000,,,0
xfer_sink+meta+inflight,22,-8,0,99.000,,,0
xfer_sink+meta+inflight,22,-8,1,99.000,,,0
xfer_sink+meta+inflight,22,-8,2,99.000,,,0
xfer_sink+meta+inflight,22,-8,3,99.000,,,0
xfer_sink+meta+inflight,23,-7,0,99.000,,,0
xfer_sink+meta+inflight,23,-7,1,99.000,,,0
xfer_sink+meta+inflight,23,-7,2,99.000,,,0
xfer_sink+meta+inflight,23,-7,3,99.000,,,0
xfer_sink+meta+inflight,24,-6,0,99.000,,,0
xfer_sink+meta+inflight,24,-6,1,99.000,,,0
xfer_sink+meta+inflight,24,-6,2,99.000,,,0
xfer_sink+meta+inflight,24,-6,3,99.000,,,0
xfer_sink+meta+inflight,25,-5,0,99.000,,,0
xfer_sink+meta+inflight,25,-5,1,99.000,,,0
xfer_sink+meta+inflight,25,-5,2,99.000,,,0
xfer_sink+meta+inflight,25,-5,3,99.000,,,0
xfer_sink+meta+inflight,26,-4,0,99.000,,,0
xfer_sink+meta+inflight,26,-4,1,99.000,,,0
xfer_sink+meta+inflight,26,-4,2,99.000,,,0
xfer_sink+meta+inflight,26,-4,3,99.000,,,0
xfer_sink+meta+inflight,27,-3,0,99.000,,,0
xfer_sink+meta+inflight,27,-3,1,99.000,,,0
xfer_sink+meta+inflight,27,-3,2,99.000,,,0
xfer_sink+meta+inflight,27,-3,3,99.000,,,0
xfer_sink+meta+inflight,28,-2,0,99.000,,,0
xfer_sink+meta+inflight,28,-2,1,99.000,,,0
xfer_sink+meta+inflight,28,-2,2,99.000,,,0
xfer_sink+meta+inflight,28,-2,3,99.000,,,0
xfer_sink+meta+inflight,29,-1,0,99.000,,,0
xfer_sink+meta+inflight,29,-1,1,99.000,,,0
xfer_sink+meta+inflight,29,-1,2,99.000,,,0
xfer_sink+meta+inflight,29,-1,3,99.000,,,0
xfer_sink+meta+inflight,30,0,0,18.013,0.5909,0.3744,0
xfer_sink+meta+inflight,30,0,1,17.311,0.5121,0.3572,0
xfer_sink+meta+inflight,30,0,2,20.634,0.6835,0.3739,0
xfer_sink+meta+inflight,30,0,3,21.048,0.6970,0.3602,0
xfer_sink+meta+inflight,31,1,0,22.339,0.7767,0.3737,0
xfer_sink+meta+inflight,31,1,1,20.282,0.7806,0.3920,0
xfer_sink+meta+inflight,31,1,2,19.833,0.7629,0.4036,0
xfer_sink+meta+inflight,31,1,3,19.910,0.7656,0.4043,0
xfer_sink+meta+inflight,32,2,0,20.203,0.7737,0.4102,0
xfer_sink+meta+inflight,32,2,1,19.502,0.7471,0.4214,0
xfer_sink+meta+inflight,32,2,2,18.681,0.5828,0.4098,0
xfer_sink+meta+inflight,32,2,3,18.367,0.5740,0.3892,0
xfer_sink+meta+inflight,33,3,0,20.609,0.7680,0.4184,0
xfer_sink+meta+inflight,33,3,1,21.533,0.8056,0.4198,0
xfer_sink+meta+inflight,33,3,2,21.974,0.8237,0.4122,0
xfer_sink+meta+inflight,33,3,3,22.237,0.8351,0.4083,0
xfer_sink+meta+inflight,34,4,0,23.250,0.8409,0.4103,0
xfer_sink+meta+inflight,34,4,1,24.181,0.8534,0.4192,0
xfer_sink+meta+inflight,34,4,2,24.599,0.8608,0.4094,0
xfer_sink+meta+inflight,34,4,3,24.920,0.8647,0.4120,0
xfer_sink+meta+inflight,35,5,0,26.160,0.8962,0.4116,0
xfer_sink+meta+inflight,35,5,1,27.381,0.9057,0.4213,0
xfer_sink+meta+inflight,35,5,2,27.764,0.9153,0.4094,0
xfer_sink+meta+inflight,35,5,3,27.731,0.9173,0.4111,0
xfer_sink+meta+inflight,36,6,0,28.777,0.9387,0.4123,0
xfer_sink+meta+inflight,36,6,1,30.102,0.9448,0.4190,0
xfer_sink+meta+inflight,36,6,2,31.002,0.9484,0.4095,0
xfer_sink+meta+inflight,36,6,3,31.092,0.9485,0.4090,0
xfer_sink+meta+inflight,37,7,0,32.173,0.9598,0.4103,0
xfer_sink+meta+inflight,37,7,1,32.876,0.9608,0.4183,0
xfer_sink+meta+inflight,37,7,2,33.552,0.9613,0.4101,0
xfer_sink+meta+inflight,37,7,3,33.899,0.9605,0.4093,0
xfer_sink+meta+inflight,38,8,0,35.427,0.9717,0.4159,0
xfer_sink+meta+inflight,38,8,1,35.769,0.9725,0.4212,0
xfer_sink+meta+inflight,38,8,2,35.968,0.9735,0.4159,0
xfer_sink+meta+inflight,38,8,3,36.143,0.9721,0.4177,0
xfer_sink+meta+inflight,39,9,0,37.053,0.9780,0.4167,0
xfer_sink+meta+inflight,39,9,1,37.494,0.9787,0.4234,0
xfer_sink+meta+inflight,39,9,2,37.590,0.9790,0.4241,0
xfer_sink+meta+inflight,39,9,3,37.604,0.9788,0.4150,0
xfer_sink+meta+inflight,40,10,0,37.870,0.9803,0.4181,0
xfer_sink+meta+inflight,40,10,1,39.958,0.9833,0.3995,0
xfer_sink+meta+inflight,40,10,2,40.047,0.9846,0.3942,0
xfer_sink+meta+inflight,40,10,3,40.068,0.9840,0.3988,0
xfer_sink+meta+inflight,41,11,0,41.732,0.9870,0.4009,0
xfer_sink+meta+inflight,41,11,1,41.830,0.9874,0.4136,0
xfer_sink+meta+inflight,41,11,2,41.845,0.9871,0.4135,0
xfer_sink+meta+inflight,41,11,3,42.121,0.9872,0.4162,0
xfer_sink+meta+inflight,42,12,0,43.241,0.9898,0.4189,0
xfer_sink+meta+inflight,42,12,1,43.300,0.9900,0.4240,0
xfer_sink+meta+inflight,42,12,2,43.311,0.9903,0.4197,0
xfer_sink+meta+inflight,42,12,3,43.410,0.9904,0.4189,0
xfer_sink+meta+inflight,43,13,0,44.702,0.9927,0.4221,0
xfer_sink+meta+inflight,43,13,1,44.805,0.9928,0.4270,0
xfer_sink+meta+inflight,43,13,2,44.835,0.9930,0.4205,0
xfer_sink+meta+inflight,43,13,3,44.740,0.9929,0.4208,0
xfer_sink+meta+inflight,44,14,0,45.383,0.9936,0.4216,0
xfer_sink+meta+inflight,44,14,1,45.264,0.9934,0.4273,0
xfer_sink+meta+inflight,44,14,2,45.195,0.9933,0.4224,0
xfer_sink+meta+inflight,44,14,3,45.161,0.9932,0.4227,0
xfer_sink+meta+inflight,45,15,0,45.489,0.9938,0.4257,0
xfer_sink+meta+inflight,45,15,1,45.384,0.9937,0.4282,0
xfer_sink+meta+inflight,45,15,2,45.088,0.9937,0.4248,0
xfer_sink+meta+inflight,45,15,3,45.142,0.9938,0.4236,0
xfer_sink+meta+inflight,46,16,0,45.986,0.9950,0.4211,0
xfer_sink+meta+inflight,46,16,1,45.726,0.9949,0.4235,0
xfer_sink+meta+inflight,46,16,2,45.874,0.9951,0.4190,0
xfer_sink+meta+inflight,46,16,3,45.675,0.9950,0.4157,0
xfer_sink+meta+inflight,47,17,0,46.363,0.9958,0.4117,0
xfer_sink+meta+inflight,47,17,1,46.202,0.9957,0.4154,0
xfer_sink+meta+inflight,47,17,2,46.452,0.9957,0.4118,0
xfer_sink+meta+inflight,47,17,3,46.500,0.9957,0.4126,0
xfer_sink+meta+inflight,48,18,0,46.839,0.9961,0.4109,0
xfer_sink+meta+inflight,48,18,1,46.280,0.9959,0.4147,0
xfer_sink+meta+inflight,48,18,2,45.949,0.9958,0.4154,0
xfer_sink+meta+inflight,48,18,3,45.766,0.9956,0.4115,0
xfer_sink+meta+inflight,49,19,0,46.489,0.9964,0.4149,0
xfer_sink+meta+inflight,49,19,1,46.687,0.9962,0.4156,0
xfer_sink+meta+inflight,49,19,2,46.750,0.9963,0.4202,0
xfer_sink+meta+inflight,49,19,3,46.730,0.9963,0.4139,0
xfer_sink+meta+inflight,50,20,0,47.192,0.9967,0.4151,0
xfer_sink+meta+inflight,50,20,1,47.194,0.9965,0.4160,0
xfer_sink+meta+inflight,50,20,2,46.640,0.9964,0.4198,0
xfer_sink+meta+inflight,50,20,3,46.489,0.9962,0.4158,0
xfer_sink+meta+inflight,51,21,0,47.284,0.9966,0.4147,0
xfer_sink+meta+inflight,51,21,1,47.481,0.9966,0.4141,0
xfer_sink+meta+inflight,51,21,2,47.131,0.9965,0.4180,0
xfer_sink+meta+inflight,51,21,3,47.144,0.9964,0.4074,0
xfer_sink+meta+inflight,52,22,0,47.167,0.9966,0.4092,0
xfer_sink+meta+inflight,52,22,1,46.976,0.9964,0.4093,0
xfer_sink+meta+inflight,52,22,2,46.511,0.9962,0.4128,0
xfer_sink+meta+inflight,52,22,3,46.482,0.9961,0.4051,0
xfer_sink+meta+inflight,53,23,0,46.848,0.9964,0.4064,0
xfer_sink+meta+inflight,53,23,1,46.546,0.9962,0.4073,0
xfer_sink+meta+inflight,53,23,2,46.391,0.9962,0.4133,0
xfer_sink+meta+inflight,53,23,3,46.308,0.9961,0.4059,0
xfer_sink+meta+inflight,54,24,0,46.535,0.9964,0.4036,0
xfer_sink+meta+inflight,54,24,1,46.572,0.9964,0.4062,0
xfer_sink+meta+inflight,54,24,2,46.790,0.9964,0.4152,0
xfer_sink+meta+inflight,54,24,3,46.650,0.9963,0.4060,0
xfer_sink+meta+inflight,55,25,0,46.637,0.9965,0.4115,0
xfer_sink+meta+inflight,55,25,1,46.301,0.9964,0.4165,0
xfer_sink+meta+inflight,55,25,2,46.104,0.9963,0.4265,0
xfer_sink+meta+inflight,55,25,3,44.655,0.9959,0.4144,0
xfer_sink+meta+inflight,56,26,0,45.496,0.9964,0.4214,0
xfer_sink+meta+inflight,56,26,1,46.071,0.9964,0.4216,0
xfer_sink+meta+inflight,56,26,2,45.588,0.9962,0.4269,0
xfer_sink+meta+inflight,56,26,3,45.501,0.9961,0.4173,0
xfer_sink+meta+inflight,57,27,0,45.218,0.9957,0.4226,0
xfer_sink+meta+inflight,57,27,1,44.301,0.9954,0.4209,0
xfer_sink+meta+inflight,57,27,2,43.917,0.9951,0.4278,0
xfer_sink+meta+inflight,57,27,3,43.687,0.9949,0.4172,0
xfer_sink+meta+inflight,58,28,0,43.947,0.9949,0.4223,0
xfer_sink+meta+inflight,58,28,1,43.754,0.9944,0.4243,0
xfer_sink+meta+inflight,58,28,2,43.705,0.9943,0.4300,0
xfer_sink+meta+inflight,58,28,3,43.395,0.9940,0.4207,0
xfer_sink+meta+inflight,59,29,0,44.005,0.9948,0.4266,0
xfer_sink+meta+inflight,59,29,1,43.496,0.9946,0.4277,0
xfer_sink+meta+inflight,59,29,2,42.512,0.9942,0.4341,0
xfer_sink+meta+inflight,59,29,3,41.721,0.9936,0.4340,0
xfer_sink+meta+inflight,60,30,0,42.277,0.9942,0.4181,0
xfer_sink+meta+inflight,60,30,1,41.841,0.9934,0.4227,0
xfer_sink+meta+inflight,60,30,2,41.692,0.9936,0.4070,0
xfer_sink+meta+inflight,60,30,3,41.694,0.9931,0.4034,0
xfer_sink+meta+inflight,61,31,0,44.072,0.9953,0.4109,0
xfer_sink+meta+inflight,61,31,1,44.500,0.9954,0.4076,0
xfer_sink+meta+inflight,61,31,2,44.514,0.9954,0.4168,0
xfer_sink+meta+inflight,61,31,3,44.696,0.9954,0.4137,0
xfer_sink+meta+inflight,62,32,0,45.589,0.9957,0.4194,0
xfer_sink+meta+inflight,62,32,1,45.705,0.9956,0.4224,0
xfer_sink+meta+inflight,62,32,2,45.537,0.9955,0.4243,0
xfer_sink+meta+inflight,62,32,3,45.091,0.9953,0.4161,0
xfer_sink+meta+inflight,63,33,0,45.837,0.9957,0.4205,0
xfer_sink+meta+inflight,63,33,1,45.794,0.9955,0.4253,0
xfer_sink+meta+inflight,63,33,2,45.358,0.9952,0.4304,0
xfer_sink+meta+inflight,63,33,3,45.581,0.9952,0.4215,0
xfer_sink+meta+inflight,64,34,0,46.148,0.9955,0.4236,0
xfer_sink+meta+inflight,64,34,1,45.748,0.9953,0.4225,0
xfer_sink+meta+inflight,64,34,2,45.535,0.9951,0.4272,0
xfer_sink+meta+inflight,64,34,3,45.490,0.9949,0.4202,0
xfer_sink+meta+inflight,65,35,0,46.876,0.9959,0.4231,0
xfer_sink+meta+inflight,65,35,1,46.819,0.9959,0.4242,0
xfer_sink+meta+inflight,65,35,2,46.546,0.9958,0.4269,0
xfer_sink+meta+inflight,65,35,3,46.464,0.9957,0.4217,0
xfer_sink+meta+inflight,66,36,0,47.053,0.9963,0.4234,0
xfer_sink+meta+inflight,66,36,1,46.415,0.9961,0.4216,0
xfer_sink+meta+inflight,66,36,2,46.196,0.9960,0.4250,0
xfer_sink+meta+inflight,66,36,3,46.210,0.9960,0.4202,0
xfer_sink+meta+inflight,67,37,0,45.829,0.9961,0.4191,0
xfer_sink+meta+inflight,67,37,1,46.371,0.9960,0.4157,0
xfer_sink+meta+inflight,67,37,2,46.501,0.9960,0.4182,0
xfer_sink+meta+inflight,67,37,3,46.364,0.9959,0.4133,0
xfer_sink+meta+inflight,68,38,0,47.219,0.9963,0.4149,0
xfer_sink+meta+inflight,68,38,1,47.013,0.9961,0.4150,0
xfer_sink+meta+inflight,68,38,2,46.929,0.9961,0.4187,0
xfer_sink+meta+inflight,68,38,3,46.642,0.9958,0.4195,0
xfer_sink+meta+inflight,69,39,0,47.160,0.9964,0.4157,0
xfer_sink+meta+inflight,69,39,1,46.848,0.9963,0.4190,0
xfer_sink+meta+inflight,69,39,2,46.997,0.9961,0.4207,0
xfer_sink+meta+inflight,69,39,3,46.897,0.9960,0.4243,0
xfer_sink+meta,1,-29,0,99.000,,,0
xfer_sink+meta,1,-29,1,99.000,,,0
xfer_sink+meta,1,-29,2,99.000,,,0
xfer_sink+meta,1,-29,3,99.000,,,0
xfer_sink+meta,2,-28,0,99.000,,,0
xfer_sink+meta,2,-28,1,99.000,,,0
xfer_sink+meta,2,-28,2,99.000,,,0
xfer_sink+meta,2,-28,3,99.000,,,0
xfer_sink+meta,3,-27,0,99.000,,,0
xfer_sink+meta,3,-27,1,99.000,,,0
xfer_sink+meta,3,-27,2,99.000,,,0
xfer_sink+meta,3,-27,3,99.000,,,0
xfer_sink+meta,4,-26,0,99.000,,,0
xfer_sink+meta,4,-26,1,99.000,,,0
xfer_sink+meta,4,-26,2,99.000,,,0
xfer_sink+meta,4,-26,3,99.000,,,0
xfer_sink+meta,5,-25,0,99.000,,,0
xfer_sink+meta,5,-25,1,99.000,,,0
xfer_sink+meta,5,-25,2,99.000,,,0
xfer_sink+meta,5,-25,3,99.000,,,0
xfer_sink+meta,6,-24,0,99.000,,,0
xfer_sink+meta,6,-24,1,99.000,,,0
xfer_sink+meta,6,-24,2,99.000,,,0
xfer_sink+meta,6,-24,3,99.000,,,0
xfer_sink+meta,7,-23,0,99.000,,,0
xfer_sink+meta,7,-23,1,99.000,,,0
xfer_sink+meta,7,-23,2,99.000,,,0
xfer_sink+meta,7,-23,3,99.000,,,0
xfer_sink+meta,8,-22,0,99.000,,,0
xfer_sink+meta,8,-22,1,99.000,,,0
xfer_sink+meta,8,-22,2,99.000,,,0
xfer_sink+meta,8,-22,3,99.000,,,0
xfer_sink+meta,9,-21,0,99.000,,,0
xfer_sink+meta,9,-21,1,99.000,,,0
xfer_sink+meta,9,-21,2,99.000,,,0
xfer_sink+meta,9,-21,3,99.000,,,0
xfer_sink+meta,10,-20,0,99.000,,,0
xfer_sink+meta,10,-20,1,99.000,,,0
xfer_sink+meta,10,-20,2,99.000,,,0
xfer_sink+meta,10,-20,3,99.000,,,0
xfer_sink+meta,11,-19,0,99.000,,,0
xfer_sink+meta,11,-19,1,99.000,,,0
xfer_sink+meta,11,-19,2,99.000,,,0
xfer_sink+meta,11,-19,3,99.000,,,0
xfer_sink+meta,12,-18,0,99.000,,,0
xfer_sink+meta,12,-18,1,99.000,,,0
xfer_sink+meta,12,-18,2,99.000,,,0
xfer_sink+meta,12,-18,3,99.000,,,0
xfer_sink+meta,13,-17,0,99.000,,,0
xfer_sink+meta,13,-17,1,99.000,,,0
xfer_sink+meta,13,-17,2,99.000,,,0
xfer_sink+meta,13,-17,3,99.000,,,0
xfer_sink+meta,14,-16,0,99.000,,,0
xfer_sink+meta,14,-16,1,99.000,,,0
xfer_sink+meta,14,-16,2,99.000,,,0
xfer_sink+meta,14,-16,3,99.000,,,0
xfer_sink+meta,15,-15,0,99.000,,,0
xfer_sink+meta,15,-15,1,99.000,,,0
xfer_sink+meta,15,-15,2,99.000,,,0
xfer_sink+meta,15,-15,3,99.000,,,0
xfer_sink+meta,16,-14,0,99.000,,,0
xfer_sink+meta,16,-14,1,99.000,,,0
xfer_sink+meta,16,-14,2,99.000,,,0
xfer_sink+meta,16,-14,3,99.000,,,0
xfer_sink+meta,17,-13,0,99.000,,,0
xfer_sink+meta,17,-13,1,99.000,,,0
xfer_sink+meta,17,-13,2,99.000,,,0
xfer_sink+meta,17,-13,3,99.000,,,0
xfer_sink+meta,18,-12,0,99.000,,,0
xfer_sink+meta,18,-12,1,99.000,,,0
xfer_sink+meta,18,-12,2,99.000,,,0
xfer_sink+meta,18,-12,3,99.000,,,0
xfer_sink+meta,19,-11,0,99.000,,,0
xfer_sink+meta,19,-11,1,99.000,,,0
xfer_sink+meta,19,-11,2,99.000,,,0
xfer_sink+meta,19,-11,3,99.000,,,0
xfer_sink+meta,20,-10,0,99.000,,,0
xfer_sink+meta,20,-10,1,99.000,,,0
xfer_sink+meta,20,-10,2,99.000,,,0
xfer_sink+meta,20,-10,3,99.000,,,0
xfer_sink+meta,21,-9,0,99.000,,,0
xfer_sink+meta,21,-9,1,99.000,,,0
xfer_sink+meta,21,-9,2,99.000,,,0
xfer_sink+meta,21,-9,3,99.000,,,0
xfer_sink+meta,22,-8,0,99.000,,,0
xfer_sink+meta,22,-8,1,99.000,,,0
xfer_sink+meta,22,-8,2,99.000,,,0
xfer_sink+meta,22,-8,3,99.000,,,0
xfer_sink+meta,23,-7,0,99.000,,,0
xfer_sink+meta,23,-7,1,99.000,,,0
xfer_sink+meta,23,-7,2,99.000,,,0
xfer_sink+meta,23,-7,3,99.000,,,0
xfer_sink+meta,24,-6,0,99.000,,,0
xfer_sink+meta,24,-6,1,99.000,,,0
xfer_sink+meta,24,-6,2,99.000,,,0
xfer_sink+meta,24,-6,3,99.000,,,0
xfer_sink+meta,25,-5,0,99.000,,,0
xfer_sink+meta,25,-5,1,99.000,,,0
xfer_sink+meta,25,-5,2,99.000,,,0
xfer_sink+meta,25,-5,3,99.000,,,0
xfer_sink+meta,26,-4,0,99.000,,,0
xfer_sink+meta,26,-4,1,99.000,,,0
xfer_sink+meta,26,-4,2,99.000,,,0
xfer_sink+meta,26,-4,3,99.000,,,0
xfer_sink+meta,27,-3,0,99.000,,,0
xfer_sink+meta,27,-3,1,99.000,,,0
xfer_sink+meta,27,-3,2,99.000,,,0
xfer_sink+meta,27,-3,3,99.000,,,0
xfer_sink+meta,28,-2,0,99.000,,,0
xfer_sink+meta,28,-2,1,99.000,,,0
xfer_sink+meta,28,-2,2,99.000,,,0
xfer_sink+meta,28,-2,3,99.000,,,0
xfer_sink+meta,29,-1,0,99.000,,,0
xfer_sink+meta,29,-1,1,99.000,,,0
xfer_sink+meta,29,-1,2,99.000,,,0
xfer_sink+meta,29,-1,3,99.000,,,0
xfer_sink+meta,30,0,0,10.131,0.1970,0.1812,0
xfer_sink+meta,30,0,1,10.152,0.2361,0.2085,0
xfer_sink+meta,30,0,2,10.164,0.2616,0.2318,0
xfer_sink+meta,30,0,3,10.191,0.2728,0.2369,0
xfer_sink+meta,31,1,0,14.768,0.3989,0.3496,0
xfer_sink+meta,31,1,1,16.194,0.4936,0.4004,0
xfer_sink+meta,31,1,2,16.773,0.5257,0.3997,0
xfer_sink+meta,31,1,3,17.423,0.5495,0.4008,0
xfer_sink+meta,32,2,0,18.343,0.6008,0.4170,0
xfer_sink+meta,32,2,1,18.626,0.6165,0.4166,0
xfer_sink+meta,32,2,2,19.329,0.6160,0.4144,0
xfer_sink+meta,32,2,3,19.365,0.6139,0.4096,0
xfer_sink+meta,33,3,0,20.897,0.8068,0.3949,0
xfer_sink+meta,33,3,1,21.387,0.8209,0.3997,0
xfer_sink+meta,33,3,2,21.613,0.8207,0.3900,0
xfer_sink+meta,33,3,3,21.646,0.8164,0.3879,0
xfer_sink+meta,34,4,0,22.700,0.8506,0.3914,0
xfer_sink+meta,34,4,1,23.863,0.8672,0.4030,0
xfer_sink+meta,34,4,2,24.307,0.8716,0.3931,0
xfer_sink+meta,34,4,3,24.474,0.8695,0.3967,0
xfer_sink+meta,35,5,0,25.718,0.9035,0.4064,0
xfer_sink+meta,35,5,1,27.190,0.9167,0.4186,0
xfer_sink+meta,35,5,2,27.743,0.9218,0.4097,0
xfer_sink+meta,35,5,3,27.527,0.9184,0.4121,0
xfer_sink+meta,36,6,0,28.438,0.9344,0.4151,0
xfer_sink+meta,36,6,1,29.950,0.9411,0.4221,0
xfer_sink+meta,36,6,2,30.614,0.9447,0.4115,0
xfer_sink+meta,36,6,3,30.535,0.9425,0.4112,0
xfer_sink+meta,37,7,0,32.264,0.9520,0.4138,0
xfer_sink+meta,37,7,1,32.338,0.9506,0.4207,0
xfer_sink+meta,37,7,2,33.045,0.9511,0.4120,0
xfer_sink+meta,37,7,3,33.028,0.9493,0.4103,0
xfer_sink+meta,38,8,0,33.701,0.9548,0.4157,0
xfer_sink+meta,38,8,1,33.547,0.9527,0.4208,0
xfer_sink+meta,38,8,2,33.605,0.9539,0.4151,0
xfer_sink+meta,38,8,3,33.582,0.9521,0.4162,0
xfer_sink+meta,39,9,0,34.246,0.9589,0.4165,0
xfer_sink+meta,39,9,1,34.838,0.9598,0.4232,0
xfer_sink+meta,39,9,2,35.030,0.9605,0.4242,0
xfer_sink+meta,39,9,3,35.036,0.9595,0.4145,0
xfer_sink+meta,40,10,0,34.793,0.9622,0.4175,0
xfer_sink+meta,40,10,1,35.674,0.9660,0.3990,0
xfer_sink+meta,40,10,2,35.702,0.9688,0.3933,0
xfer_sink+meta,40,10,3,35.777,0.9696,0.3977,0
xfer_sink+meta,41,11,0,36.452,0.9695,0.3987,0
xfer_sink+meta,41,11,1,36.170,0.9667,0.4110,0
xfer_sink+meta,41,11,2,36.242,0.9665,0.4107,0
xfer_sink+meta,41,11,3,36.406,0.9662,0.4139,0
xfer_sink+meta,42,12,0,37.100,0.9711,0.4174,0
xfer_sink+meta,42,12,1,37.271,0.9712,0.4221,0
xfer_sink+meta,42,12,2,37.511,0.9727,0.4182,0
xfer_sink+meta,42,12,3,37.558,0.9728,0.4175,0
xfer_sink+meta,43,13,0,38.167,0.9771,0.4219,0
xfer_sink+meta,43,13,1,38.263,0.9775,0.4269,0
xfer_sink+meta,43,13,2,38.130,0.9779,0.4204,0
xfer_sink+meta,43,13,3,38.092,0.9778,0.4209,0
xfer_sink+meta,44,14,0,37.621,0.9737,0.4205,0
xfer_sink+meta,44,14,1,36.808,0.9699,0.4254,0
xfer_sink+meta,44,14,2,36.097,0.9664,0.4198,0
xfer_sink+meta,44,14,3,35.307,0.9629,0.4197,0
xfer_sink+meta,45,15,0,36.353,0.9675,0.4227,0
xfer_sink+meta,45,15,1,36.991,0.9687,0.4249,0
xfer_sink+meta,45,15,2,37.062,0.9694,0.4211,0
xfer_sink+meta,45,15,3,36.981,0.9690,0.4199,0
xfer_sink+meta,46,16,0,37.936,0.9776,0.4182,0
xfer_sink+meta,46,16,1,37.979,0.9785,0.4210,0
xfer_sink+meta,46,16,2,37.772,0.9788,0.4165,0
xfer_sink+meta,46,16,3,37.739,0.9787,0.4134,0
xfer_sink+meta,47,17,0,36.008,0.9789,0.4108,0
xfer_sink+meta,47,17,1,37.060,0.9803,0.4146,0
xfer_sink+meta,47,17,2,37.484,0.9813,0.4108,0
xfer_sink+meta,47,17,3,37.218,0.9808,0.4115,0
xfer_sink+meta,48,18,0,36.325,0.9801,0.4103,0
xfer_sink+meta,48,18,1,36.717,0.9793,0.4143,0
xfer_sink+meta,48,18,2,36.783,0.9787,0.4154,0
xfer_sink+meta,48,18,3,36.133,0.9773,0.4115,0
xfer_sink+meta,49,19,0,35.415,0.9750,0.4145,0
xfer_sink+meta,49,19,1,35.526,0.9744,0.4153,0
xfer_sink+meta,49,19,2,35.825,0.9755,0.4197,0
xfer_sink+meta,49,19,3,34.361,0.9720,0.4138,0
xfer_sink+meta,50,20,0,35.318,0.9733,0.4140,0
xfer_sink+meta,50,20,1,35.687,0.9732,0.4141,0
xfer_sink+meta,50,20,2,35.295,0.9717,0.4181,0
xfer_sink+meta,50,20,3,35.298,0.9704,0.4144,0
xfer_sink+meta,51,21,0,32.490,0.9642,0.4133,0
xfer_sink+meta,51,21,1,33.647,0.9667,0.4125,0
xfer_sink+meta,51,21,2,35.018,0.9697,0.4165,0
xfer_sink+meta,51,21,3,34.787,0.9692,0.4056,0
xfer_sink+meta,52,22,0,29.710,0.9551,0.4080,0
xfer_sink+meta,52,22,1,33.203,0.9619,0.4078,0
xfer_sink+meta,52,22,2,34.570,0.9630,0.4109,0
xfer_sink+meta,52,22,3,33.772,0.9600,0.4037,0
xfer_sink+meta,53,23,0,32.456,0.9597,0.4056,0
xfer_sink+meta,53,23,1,33.610,0.9628,0.4059,0
xfer_sink+meta,53,23,2,32.970,0.9623,0.4118,0
xfer_sink+meta,53,23,3,32.880,0.9613,0.4046,0
xfer_sink+meta,54,24,0,30.527,0.9562,0.4035,0
xfer_sink+meta,54,24,1,33.258,0.9635,0.4057,0
xfer_sink+meta,54,24,2,34.227,0.9658,0.4147,0
xfer_sink+meta,54,24,3,33.850,0.9646,0.4064,0
xfer_sink+meta,55,25,0,31.444,0.9602,0.4142,0
xfer_sink+meta,55,25,1,32.675,0.9647,0.4184,0
xfer_sink+meta,55,25,2,32.675,0.9644,0.4281,0
xfer_sink+meta,55,25,3,32.383,0.9622,0.4165,0
xfer_sink+meta,56,26,0,31.664,0.9590,0.4222,0
xfer_sink+meta,56,26,1,33.400,0.9622,0.4218,0
xfer_sink+meta,56,26,2,33.142,0.9604,0.4271,0
xfer_sink+meta,56,26,3,32.915,0.9588,0.4177,0
xfer_sink+meta,57,27,0,31.843,0.9565,0.4227,0
xfer_sink+meta,57,27,1,33.086,0.9598,0.4205,0
xfer_sink+meta,57,27,2,33.245,0.9596,0.4275,0
xfer_sink+meta,57,27,3,32.953,0.9576,0.4170,0
xfer_sink+meta,58,28,0,32.807,0.9569,0.4216,0
xfer_sink+meta,58,28,1,33.417,0.9579,0.4245,0
xfer_sink+meta,58,28,2,33.284,0.9570,0.4302,0
xfer_sink+meta,58,28,3,33.216,0.9546,0.4203,0
xfer_sink+meta,59,29,0,33.422,0.9581,0.4255,0
xfer_sink+meta,59,29,1,33.928,0.9598,0.4258,0
xfer_sink+meta,59,29,2,34.107,0.9605,0.4325,0
xfer_sink+meta,59,29,3,33.776,0.9588,0.4330,0
xfer_sink+meta,60,30,0,32.730,0.9562,0.4183,0
xfer_sink+meta,60,30,1,32.467,0.9511,0.4231,0
xfer_sink+meta,60,30,2,32.337,0.9557,0.4068,0
xfer_sink+meta,60,30,3,32.150,0.9500,0.4028,0
xfer_sink+meta,61,31,0,34.640,0.9685,0.4104,0
xfer_sink+meta,61,31,1,35.039,0.9705,0.4067,0
xfer_sink+meta,61,31,2,35.371,0.9714,0.4159,0
xfer_sink+meta,61,31,3,35.148,0.9708,0.4126,0
xfer_sink+meta,62,32,0,35.966,0.9743,0.4178,0
xfer_sink+meta,62,32,1,36.559,0.9753,0.4206,0
xfer_sink+meta,62,32,2,36.608,0.9758,0.4223,0
xfer_sink+meta,62,32,3,36.492,0.9753,0.4141,0
xfer_sink+meta,63,33,0,36.592,0.9740,0.4190,0
xfer_sink+meta,63,33,1,36.453,0.9728,0.4239,0
xfer_sink+meta,63,33,2,36.610,0.9730,0.4291,0
xfer_sink+meta,63,33,3,36.501,0.9728,0.4206,0
xfer_sink+meta,64,34,0,37.403,0.9758,0.4228,0
xfer_sink+meta,64,34,1,37.527,0.9758,0.4217,0
xfer_sink+meta,64,34,2,37.463,0.9757,0.4262,0
xfer_sink+meta,64,34,3,37.426,0.9755,0.4193,0
xfer_sink+meta,65,35,0,38.385,0.9797,0.4224,0
xfer_sink+meta,65,35,1,38.493,0.9796,0.4233,0
xfer_sink+meta,65,35,2,38.383,0.9796,0.4261,0
xfer_sink+meta,65,35,3,38.299,0.9793,0.4209,0
xfer_sink+meta,66,36,0,38.713,0.9806,0.4231,0
xfer_sink+meta,66,36,1,38.591,0.9801,0.4214,0
xfer_sink+meta,66,36,2,38.365,0.9799,0.4249,0
xfer_sink+meta,66,36,3,38.234,0.9796,0.4202,0
xfer_sink+meta,67,37,0,38.072,0.9800,0.4191,0
xfer_sink+meta,67,37,1,38.058,0.9793,0.4157,0
xfer_sink+meta,67,37,2,37.813,0.9791,0.4184,0
xfer_sink+meta,67,37,3,37.221,0.9782,0.4138,0
xfer_sink+meta,68,38,0,36.017,0.9766,0.4152,0
xfer_sink+meta,68,38,1,37.100,0.9768,0.4153,0
xfer_sink+meta,68,38,2,36.984,0.9763,0.4187,0
xfer_sink+meta,68,38,3,36.530,0.9751,0.4194,0
xfer_sink+meta,69,39,0,36.775,0.9769,0.4149,0
xfer_sink+meta,69,39,1,36.718,0.9758,0.4179,0
xfer_sink+meta,69,39,2,36.885,0.9762,0.4193,0
xfer_sink+meta,69,39,3,36.460,0.9753,0.4229,0
xfer_meta+inflight,1,-29,0,99.000,,,0
xfer_meta+inflight,1,-29,1,99.000,,,0
xfer_meta+inflight,1,-29,2,99.000,,,0
xfer_meta+inflight,1,-29,3,99.000,,,0
xfer_meta+inflight,2,-28,0,99.000,,,0
xfer_meta+inflight,2,-28,1,99.000,,,0
xfer_meta+inflight,2,-28,2,99.000,,,0
xfer_meta+inflight,2,-28,3,99.000,,,0
xfer_meta+inflight,3,-27,0,99.000,,,0
xfer_meta+inflight,3,-27,1,99.000,,,0
xfer_meta+inflight,3,-27,2,99.000,,,0
xfer_meta+inflight,3,-27,3,99.000,,,0
xfer_meta+inflight,4,-26,0,99.000,,,0
xfer_meta+inflight,4,-26,1,99.000,,,0
xfer_meta+inflight,4,-26,2,99.000,,,0
xfer_meta+inflight,4,-26,3,99.000,,,0
xfer_meta+inflight,5,-25,0,99.000,,,0
xfer_meta+inflight,5,-25,1,99.000,,,0
xfer_meta+inflight,5,-25,2,99.000,,,0
xfer_meta+inflight,5,-25,3,99.000,,,0
xfer_meta+inflight,6,-24,0,99.000,,,0
xfer_meta+inflight,6,-24,1,99.000,,,0
xfer_meta+inflight,6,-24,2,99.000,,,0
xfer_meta+inflight,6,-24,3,99.000,,,0
xfer_meta+inflight,7,-23,0,99.000,,,0
xfer_meta+inflight,7,-23,1,99.000,,,0
xfer_meta+inflight,7,-23,2,99.000,,,0
xfer_meta+inflight,7,-23,3,99.000,,,0
xfer_meta+inflight,8,-22,0,99.000,,,0
xfer_meta+inflight,8,-22,1,99.000,,,0
xfer_meta+inflight,8,-22,2,99.000,,,0
xfer_meta+inflight,8,-22,3,99.000,,,0
xfer_meta+inflight,9,-21,0,99.000,,,0
xfer_meta+inflight,9,-21,1,99.000,,,0
xfer_meta+inflight,9,-21,2,99.000,,,0
xfer_meta+inflight,9,-21,3,99.000,,,0
xfer_meta+inflight,10,-20,0,99.000,,,0
xfer_meta+inflight,10,-20,1,99.000,,,0
xfer_meta+inflight,10,-20,2,99.000,,,0
xfer_meta+inflight,10,-20,3,99.000,,,0
xfer_meta+inflight,11,-19,0,99.000,,,0
xfer_meta+inflight,11,-19,1,99.000,,,0
xfer_meta+inflight,11,-19,2,99.000,,,0
xfer_meta+inflight,11,-19,3,99.000,,,0
xfer_meta+inflight,12,-18,0,99.000,,,0
xfer_meta+inflight,12,-18,1,99.000,,,0
xfer_meta+inflight,12,-18,2,99.000,,,0
xfer_meta+inflight,12,-18,3,99.000,,,0
xfer_meta+inflight,13,-17,0,99.000,,,0
xfer_meta+inflight,13,-17,1,99.000,,,0
xfer_meta+inflight,13,-17,2,99.000,,,0
xfer_meta+inflight,13,-17,3,99.000,,,0
xfer_meta+inflight,14,-16,0,99.000,,,0
xfer_meta+inflight,14,-16,1,99.000,,,0
xfer_meta+inflight,14,-16,2,99.000,,,0
xfer_meta+inflight,14,-16,3,99.000,,,0
xfer_meta+inflight,15,-15,0,99.000,,,0
xfer_meta+inflight,15,-15,1,99.000,,,0
xfer_meta+inflight,15,-15,2,99.000,,,0
xfer_meta+inflight,15,-15,3,99.000,,,0
xfer_meta+inflight,16,-14,0,99.000,,,0
xfer_meta+inflight,16,-14,1,99.000,,,0
xfer_meta+inflight,16,-14,2,99.000,,,0
xfer_meta+inflight,16,-14,3,99.000,,,0
xfer_meta+inflight,17,-13,0,99.000,,,0
xfer_meta+inflight,17,-13,1,99.000,,,0
xfer_meta+inflight,17,-13,2,99.000,,,0
xfer_meta+inflight,17,-13,3,99.000,,,0
xfer_meta+inflight,18,-12,0,99.000,,,0
xfer_meta+inflight,18,-12,1,99.000,,,0
xfer_meta+inflight,18,-12,2,99.000,,,0
xfer_meta+inflight,18,-12,3,99.000,,,0
xfer_meta+inflight,19,-11,0,99.000,,,0
xfer_meta+inflight,19,-11,1,99.000,,,0
xfer_meta+inflight,19,-11,2,99.000,,,0
xfer_meta+inflight,19,-11,3,99.000,,,0
xfer_meta+inflight,20,-10,0,99.000,,,0
xfer_meta+inflight,20,-10,1,99.000,,,0
xfer_meta+inflight,20,-10,2,99.000,,,0
xfer_meta+inflight,20,-10,3,99.000,,,0
xfer_meta+inflight,21,-9,0,99.000,,,0
xfer_meta+inflight,21,-9,1,99.000,,,0
xfer_meta+inflight,21,-9,2,99.000,,,0
xfer_meta+inflight,21,-9,3,99.000,,,0
xfer_meta+inflight,22,-8,0,99.000,,,0
xfer_meta+inflight,22,-8,1,99.000,,,0
xfer_meta+inflight,22,-8,2,99.000,,,0
xfer_meta+inflight,22,-8,3,99.000,,,0
xfer_meta+inflight,23,-7,0,99.000,,,0
xfer_meta+inflight,23,-7,1,99.000,,,0
xfer_meta+inflight,23,-7,2,99.000,,,0
xfer_meta+inflight,23,-7,3,99.000,,,0
xfer_meta+inflight,24,-6,0,99.000,,,0
xfer_meta+inflight,24,-6,1,99.000,,,0
xfer_meta+inflight,24,-6,2,99.000,,,0
xfer_meta+inflight,24,-6,3,99.000,,,0
xfer_meta+inflight,25,-5,0,99.000,,,0
xfer_meta+inflight,25,-5,1,99.000,,,0
xfer_meta+inflight,25,-5,2,99.000,,,0
xfer_meta+inflight,25,-5,3,99.000,,,0
xfer_meta+inflight,26,-4,0,99.000,,,0
xfer_meta+inflight,26,-4,1,99.000,,,0
xfer_meta+inflight,26,-4,2,99.000,,,0
xfer_meta+inflight,26,-4,3,99.000,,,0
xfer_meta+inflight,27,-3,0,99.000,,,0
xfer_meta+inflight,27,-3,1,99.000,,,0
xfer_meta+inflight,27,-3,2,99.000,,,0
xfer_meta+inflight,27,-3,3,99.000,,,0
xfer_meta+inflight,28,-2,0,99.000,,,0
xfer_meta+inflight,28,-2,1,99.000,,,0
xfer_meta+inflight,28,-2,2,99.000,,,0
xfer_meta+inflight,28,-2,3,99.000,,,0
xfer_meta+inflight,29,-1,0,99.000,,,0
xfer_meta+inflight,29,-1,1,99.000,,,0
xfer_meta+inflight,29,-1,2,99.000,,,0
xfer_meta+inflight,29,-1,3,99.000,,,0
xfer_meta+inflight,30,0,0,15.418,0.4305,0.3464,0
xfer_meta+inflight,30,0,1,15.711,0.4205,0.3257,0
xfer_meta+inflight,30,0,2,17.266,0.5752,0.3690,0
xfer_meta+inflight,30,0,3,17.745,0.5934,0.3533,0
xfer_meta+inflight,31,1,0,17.716,0.6453,0.3781,0
xfer_meta+inflight,31,1,1,16.094,0.6278,0.3892,0
xfer_meta+inflight,31,1,2,15.460,0.5586,0.4032,0
xfer_meta+inflight,31,1,3,15.359,0.5647,0.3997,0
xfer_meta+inflight,32,2,0,15.930,0.5873,0.4187,0
xfer_meta+inflight,32,2,1,15.534,0.5829,0.4258,0
xfer_meta+inflight,32,2,2,14.771,0.4566,0.4154,0
xfer_meta+inflight,32,2,3,14.770,0.4606,0.3968,0
xfer_meta+inflight,33,3,0,16.048,0.6331,0.4102,0
xfer_meta+inflight,33,3,1,16.553,0.6621,0.4196,0
xfer_meta+inflight,33,3,2,16.807,0.6664,0.4087,0
xfer_meta+inflight,33,3,3,16.881,0.6645,0.4002,0
xfer_meta+inflight,34,4,0,16.723,0.6821,0.3998,0
xfer_meta+inflight,34,4,1,17.139,0.6928,0.4185,0
xfer_meta+inflight,34,4,2,17.072,0.6903,0.4023,0
xfer_meta+inflight,34,4,3,16.690,0.6833,0.3970,0
xfer_meta+inflight,35,5,0,16.811,0.7079,0.4034,0
xfer_meta+inflight,35,5,1,17.212,0.7179,0.4166,0
xfer_meta+inflight,35,5,2,17.382,0.7164,0.4019,0
xfer_meta+inflight,35,5,3,17.313,0.7135,0.3983,0
xfer_meta+inflight,36,6,0,17.185,0.7194,0.4008,0
xfer_meta+inflight,36,6,1,17.426,0.7228,0.4140,0
xfer_meta+inflight,36,6,2,17.411,0.7169,0.4056,0
xfer_meta+inflight,36,6,3,17.239,0.7106,0.4019,0
xfer_meta+inflight,37,7,0,17.245,0.7215,0.4076,0
xfer_meta+inflight,37,7,1,17.308,0.7225,0.4172,0
xfer_meta+inflight,37,7,2,17.427,0.7183,0.4102,0
xfer_meta+inflight,37,7,3,17.159,0.7121,0.4057,0
xfer_meta+inflight,38,8,0,17.020,0.7240,0.4191,0
xfer_meta+inflight,38,8,1,17.040,0.7224,0.4251,0
xfer_meta+inflight,38,8,2,17.130,0.7212,0.4176,0
xfer_meta+inflight,38,8,3,17.232,0.7171,0.4164,0
xfer_meta+inflight,39,9,0,17.381,0.7336,0.4189,0
xfer_meta+inflight,39,9,1,17.503,0.7358,0.4244,0
xfer_meta+inflight,39,9,2,17.441,0.7331,0.4229,0
xfer_meta+inflight,39,9,3,17.504,0.7317,0.4104,0
xfer_meta+inflight,40,10,0,17.378,0.7384,0.4125,0
xfer_meta+inflight,40,10,1,17.334,0.7214,0.3957,0
xfer_meta+inflight,40,10,2,17.324,0.7257,0.3930,0
xfer_meta+inflight,40,10,3,17.229,0.7203,0.3914,0
xfer_meta+inflight,41,11,0,18.027,0.7379,0.4028,0
xfer_meta+inflight,41,11,1,18.026,0.7347,0.4100,0
xfer_meta+inflight,41,11,2,18.026,0.7329,0.4103,0
xfer_meta+inflight,41,11,3,18.113,0.7268,0.4133,0
xfer_meta+inflight,42,12,0,18.738,0.7416,0.4196,0
xfer_meta+inflight,42,12,1,19.513,0.7482,0.4254,0
xfer_meta+inflight,42,12,2,19.496,0.7490,0.4209,0
xfer_meta+inflight,42,12,3,19.325,0.7456,0.4183,0
xfer_meta+inflight,43,13,0,19.727,0.7581,0.4245,0
xfer_meta+inflight,43,13,1,19.734,0.7580,0.4301,0
xfer_meta+inflight,43,13,2,19.709,0.7576,0.4249,0
xfer_meta+inflight,43,13,3,19.694,0.7552,0.4242,0
xfer_meta+inflight,44,14,0,19.725,0.7537,0.4260,0
xfer_meta+inflight,44,14,1,19.649,0.7495,0.4301,0
xfer_meta+inflight,44,14,2,19.477,0.7428,0.4232,0
xfer_meta+inflight,44,14,3,19.376,0.7376,0.4202,0
xfer_meta+inflight,45,15,0,19.263,0.7357,0.4274,0
xfer_meta+inflight,45,15,1,19.088,0.7301,0.4295,0
xfer_meta+inflight,45,15,2,18.919,0.7221,0.4258,0
xfer_meta+inflight,45,15,3,18.777,0.7158,0.4232,0
xfer_meta+inflight,46,16,0,18.633,0.7281,0.4261,0
xfer_meta+inflight,46,16,1,18.477,0.7249,0.4298,0
xfer_meta+inflight,46,16,2,18.357,0.7216,0.4267,0
xfer_meta+inflight,46,16,3,18.169,0.7173,0.4217,0
xfer_meta+inflight,47,17,0,18.319,0.7282,0.4248,0
xfer_meta+inflight,47,17,1,18.112,0.7258,0.4273,0
xfer_meta+inflight,47,17,2,17.962,0.7227,0.4212,0
xfer_meta+inflight,47,17,3,17.803,0.7196,0.4195,0
xfer_meta+inflight,48,18,0,17.692,0.7289,0.4183,0
xfer_meta+inflight,48,18,1,17.515,0.7299,0.4225,0
xfer_meta+inflight,48,18,2,17.516,0.7279,0.4234,0
xfer_meta+inflight,48,18,3,17.598,0.7261,0.4193,0
xfer_meta+inflight,49,19,0,17.607,0.7344,0.4210,0
xfer_meta+inflight,49,19,1,17.855,0.7353,0.4227,0
xfer_meta+inflight,49,19,2,18.074,0.7343,0.4301,0
xfer_meta+inflight,49,19,3,18.254,0.7305,0.4240,0
xfer_meta+inflight,50,20,0,18.492,0.7358,0.4242,0
xfer_meta+inflight,50,20,1,18.674,0.7340,0.4257,0
xfer_meta+inflight,50,20,2,18.648,0.7290,0.4279,0
xfer_meta+inflight,50,20,3,18.674,0.7255,0.4221,0
xfer_meta+inflight,51,21,0,18.729,0.7289,0.4216,0
xfer_meta+inflight,51,21,1,18.561,0.7279,0.4204,0
xfer_meta+inflight,51,21,2,18.001,0.7233,0.4247,0
xfer_meta+inflight,51,21,3,17.699,0.7185,0.4115,0
xfer_meta+inflight,52,22,0,17.896,0.7298,0.4195,0
xfer_meta+inflight,52,22,1,18.072,0.7293,0.4226,0
xfer_meta+inflight,52,22,2,18.097,0.7287,0.4259,0
xfer_meta+inflight,52,22,3,18.011,0.7256,0.4146,0
xfer_meta+inflight,53,23,0,17.901,0.7353,0.4140,0
xfer_meta+inflight,53,23,1,18.463,0.7393,0.4192,0
xfer_meta+inflight,53,23,2,18.619,0.7426,0.4257,0
xfer_meta+inflight,53,23,3,18.339,0.7392,0.4129,0
xfer_meta+inflight,54,24,0,17.964,0.7426,0.4034,0
xfer_meta+inflight,54,24,1,18.479,0.7484,0.4124,0
xfer_meta+inflight,54,24,2,18.542,0.7513,0.4198,0
xfer_meta+inflight,54,24,3,18.499,0.7492,0.4068,0
xfer_meta+inflight,55,25,0,18.433,0.7595,0.4090,0
xfer_meta+inflight,55,25,1,18.696,0.7591,0.4146,0
xfer_meta+inflight,55,25,2,19.202,0.7579,0.4232,0
xfer_meta+inflight,55,25,3,18.274,0.7464,0.4019,0
xfer_meta+inflight,56,26,0,18.559,0.7564,0.4171,0
xfer_meta+inflight,56,26,1,19.017,0.7589,0.4187,0
xfer_meta+inflight,56,26,2,19.172,0.7564,0.4232,0
xfer_meta+inflight,56,26,3,18.864,0.7512,0.4094,0
xfer_meta+inflight,57,27,0,19.234,0.7591,0.4152,0
xfer_meta+inflight,57,27,1,19.460,0.7603,0.4169,0
xfer_meta+inflight,57,27,2,19.186,0.7561,0.4219,0
xfer_meta+inflight,57,27,3,19.114,0.7538,0.4092,0
xfer_meta+inflight,58,28,0,18.972,0.7695,0.4151,0
xfer_meta+inflight,58,28,1,18.795,0.7702,0.4197,0
xfer_meta+inflight,58,28,2,18.963,0.7733,0.4243,0
xfer_meta+inflight,58,28,3,18.884,0.7704,0.4124,0
xfer_meta+inflight,59,29,0,18.737,0.7788,0.4176,0
xfer_meta+inflight,59,29,1,18.713,0.7807,0.4174,0
xfer_meta+inflight,59,29,2,18.540,0.7810,0.4238,0
xfer_meta+inflight,59,29,3,18.595,0.7795,0.4219,0
xfer_meta+inflight,60,30,0,18.321,0.7795,0.4077,0
xfer_meta+inflight,60,30,1,18.444,0.7757,0.4097,0
xfer_meta+inflight,60,30,2,17.957,0.7445,0.3997,0
xfer_meta+inflight,60,30,3,18.000,0.7397,0.3914,0
xfer_meta+inflight,61,31,0,18.549,0.7539,0.4052,0
xfer_meta+inflight,61,31,1,18.586,0.7601,0.4002,0
xfer_meta+inflight,61,31,2,18.581,0.7587,0.4082,0
xfer_meta+inflight,61,31,3,18.472,0.7535,0.4056,0
xfer_meta+inflight,62,32,0,18.790,0.7580,0.4156,0
xfer_meta+inflight,62,32,1,19.405,0.7653,0.4207,0
xfer_meta+inflight,62,32,2,19.445,0.7638,0.4249,0
xfer_meta+inflight,62,32,3,19.312,0.7621,0.4165,0
xfer_meta+inflight,63,33,0,19.570,0.7707,0.4208,0
xfer_meta+inflight,63,33,1,19.973,0.7769,0.4257,0
xfer_meta+inflight,63,33,2,19.921,0.7772,0.4305,0
xfer_meta+inflight,63,33,3,19.569,0.7695,0.4202,0
xfer_meta+inflight,64,34,0,19.858,0.7726,0.4236,0
xfer_meta+inflight,64,34,1,20.093,0.7770,0.4231,0
xfer_meta+inflight,64,34,2,20.201,0.7777,0.4283,0
xfer_meta+inflight,64,34,3,20.189,0.7745,0.4200,0
xfer_meta+inflight,65,35,0,20.126,0.7714,0.4223,0
xfer_meta+inflight,65,35,1,20.026,0.7676,0.4218,0
xfer_meta+inflight,65,35,2,19.812,0.7597,0.4234,0
xfer_meta+inflight,65,35,3,19.633,0.7531,0.4180,0
xfer_meta+inflight,66,36,0,19.486,0.7465,0.4218,0
xfer_meta+inflight,66,36,1,19.757,0.7491,0.4236,0
xfer_meta+inflight,66,36,2,19.909,0.7496,0.4275,0
xfer_meta+inflight,66,36,3,19.746,0.7449,0.4225,0
xfer_meta+inflight,67,37,0,19.795,0.7458,0.4237,0
xfer_meta+inflight,67,37,1,19.677,0.7439,0.4205,0
xfer_meta+inflight,67,37,2,19.542,0.7407,0.4224,0
xfer_meta+inflight,67,37,3,19.082,0.7352,0.4148,0
xfer_meta+inflight,68,38,0,18.739,0.7389,0.4184,0
xfer_meta+inflight,68,38,1,18.282,0.7352,0.4171,0
xfer_meta+inflight,68,38,2,18.372,0.7327,0.4219,0
xfer_meta+inflight,68,38,3,18.405,0.7286,0.4220,0
xfer_meta+inflight,69,39,0,18.749,0.7384,0.4176,0
xfer_meta+inflight,69,39,1,18.882,0.7397,0.4214,0
xfer_meta+inflight,69,39,2,18.912,0.7352,0.4227,0
xfer_meta+inflight,69,39,3,18.941,0.7325,0.4260,0
drop_inflight,1,-29,0,99.000,,,0
drop_inflight,1,-29,1,99.000,,,0
drop_inflight,1,-29,2,99.000,,,0
drop_inflight,1,-29,3,99.000,,,0
drop_inflight,2,-28,0,99.000,,,0
drop_inflight,2,-28,1,99.000,,,0
drop_inflight,2,-28,2,99.000,,,0
drop_inflight,2,-28,3,99.000,,,0
drop_inflight,3,-27,0,99.000,,,0
drop_inflight,3,-27,1,99.000,,,0
drop_inflight,3,-27,2,99.000,,,0
drop_inflight,3,-27,3,99.000,,,0
drop_inflight,4,-26,0,99.000,,,0
drop_inflight,4,-26,1,99.000,,,0
drop_inflight,4,-26,2,99.000,,,0
drop_inflight,4,-26,3,99.000,,,0
drop_inflight,5,-25,0,99.000,,,0
drop_inflight,5,-25,1,99.000,,,0
drop_inflight,5,-25,2,99.000,,,0
drop_inflight,5,-25,3,99.000,,,0
drop_inflight,6,-24,0,99.000,,,0
drop_inflight,6,-24,1,99.000,,,0
drop_inflight,6,-24,2,99.000,,,0
drop_inflight,6,-24,3,99.000,,,0
drop_inflight,7,-23,0,99.000,,,0
drop_inflight,7,-23,1,99.000,,,0
drop_inflight,7,-23,2,99.000,,,0
drop_inflight,7,-23,3,99.000,,,0
drop_inflight,8,-22,0,99.000,,,0
drop_inflight,8,-22,1,99.000,,,0
drop_inflight,8,-22,2,99.000,,,0
drop_inflight,8,-22,3,99.000,,,0
drop_inflight,9,-21,0,99.000,,,0
drop_inflight,9,-21,1,99.000,,,0
drop_inflight,9,-21,2,99.000,,,0
drop_inflight,9,-21,3,99.000,,,0
drop_inflight,10,-20,0,99.000,,,0
drop_inflight,10,-20,1,99.000,,,0
drop_inflight,10,-20,2,99.000,,,0
drop_inflight,10,-20,3,99.000,,,0
drop_inflight,11,-19,0,99.000,,,0
drop_inflight,11,-19,1,99.000,,,0
drop_inflight,11,-19,2,99.000,,,0
drop_inflight,11,-19,3,99.000,,,0
drop_inflight,12,-18,0,99.000,,,0
drop_inflight,12,-18,1,99.000,,,0
drop_inflight,12,-18,2,99.000,,,0
drop_inflight,12,-18,3,99.000,,,0
drop_inflight,13,-17,0,99.000,,,0
drop_inflight,13,-17,1,99.000,,,0
drop_inflight,13,-17,2,99.000,,,0
drop_inflight,13,-17,3,99.000,,,0
drop_inflight,14,-16,0,99.000,,,0
drop_inflight,14,-16,1,99.000,,,0
drop_inflight,14,-16,2,99.000,,,0
drop_inflight,14,-16,3,99.000,,,0
drop_inflight,15,-15,0,99.000,,,0
drop_inflight,15,-15,1,99.000,,,0
drop_inflight,15,-15,2,99.000,,,0
drop_inflight,15,-15,3,99.000,,,0
drop_inflight,16,-14,0,99.000,,,0
drop_inflight,16,-14,1,99.000,,,0
drop_inflight,16,-14,2,99.000,,,0
drop_inflight,16,-14,3,99.000,,,0
drop_inflight,17,-13,0,99.000,,,0
drop_inflight,17,-13,1,99.000,,,0
drop_inflight,17,-13,2,99.000,,,0
drop_inflight,17,-13,3,99.000,,,0
drop_inflight,18,-12,0,99.000,,,0
drop_inflight,18,-12,1,99.000,,,0
drop_inflight,18,-12,2,99.000,,,0
drop_inflight,18,-12,3,99.000,,,0
drop_inflight,19,-11,0,99.000,,,0
drop_inflight,19,-11,1,99.000,,,0
drop_inflight,19,-11,2,99.000,,,0
drop_inflight,19,-11,3,99.000,,,0
drop_inflight,20,-10,0,99.000,,,0
drop_inflight,20,-10,1,99.000,,,0
drop_inflight,20,-10,2,99.000,,,0
drop_inflight,20,-10,3,99.000,,,0
drop_inflight,21,-9,0,99.000,,,0
drop_inflight,21,-9,1,99.000,,,0
drop_inflight,21,-9,2,99.000,,,0
drop_inflight,21,-9,3,99.000,,,0
drop_inflight,22,-8,0,99.000,,,0
drop_inflight,22,-8,1,99.000,,,0
drop_inflight,22,-8,2,99.000,,,0
drop_inflight,22,-8,3,99.000,,,0
drop_inflight,23,-7,0,99.000,,,0
drop_inflight,23,-7,1,99.000,,,0
drop_inflight,23,-7,2,99.000,,,0
drop_inflight,23,-7,3,99.000,,,0
drop_inflight,24,-6,0,99.000,,,0
drop_inflight,24,-6,1,99.000,,,0
drop_inflight,24,-6,2,99.000,,,0
drop_inflight,24,-6,3,99.000,,,0
drop_inflight,25,-5,0,99.000,,,0
drop_inflight,25,-5,1,99.000,,,0
drop_inflight,25,-5,2,99.000,,,0
drop_inflight,25,-5,3,99.000,,,0
drop_inflight,26,-4,0,99.000,,,0
drop_inflight,26,-4,1,99.000,,,0
drop_inflight,26,-4,2,99.000,,,0
drop_inflight,26,-4,3,99.000,,,0
drop_inflight,27,-3,0,99.000,,,0
drop_inflight,27,-3,1,99.000,,,0
drop_inflight,27,-3,2,99.000,,,0
drop_inflight,27,-3,3,99.000,,,0
drop_inflight,28,-2,0,99.000,,,0
drop_inflight,28,-2,1,99.000,,,0
drop_inflight,28,-2,2,99.000,,,0
drop_inflight,28,-2,3,99.000,,,0
drop_inflight,29,-1,0,99.000,,,0
drop_inflight,29,-1,1,99.000,,,0
drop_inflight,29,-1,2,99.000,,,0
drop_inflight,29,-1,3,99.000,,,0
drop_inflight,30,0,0,13.133,0.4892,0.3361,0
drop_inflight,30,0,1,11.018,0.4023,0.2988,0
drop_inflight,30,0,2,8.866,0.3488,0.2665,0
drop_inflight,30,0,3,8.475,0.3345,0.2564,0
drop_inflight,31,1,0,16.734,0.5016,0.3278,0
drop_inflight,31,1,1,21.819,0.7275,0.4005,0
drop_inflight,31,1,2,23.842,0.7605,0.3795,0
drop_inflight,31,1,3,23.161,0.7570,0.3779,0
drop_inflight,32,2,0,25.331,0.8210,0.3835,0
drop_inflight,32,2,1,26.456,0.8405,0.3883,0
drop_inflight,32,2,2,26.136,0.8391,0.3761,0
drop_inflight,32,2,3,25.564,0.8323,0.3726,0
drop_inflight,33,3,0,27.408,0.8716,0.3813,0
drop_inflight,33,3,1,28.399,0.8821,0.3932,0
drop_inflight,33,3,2,28.697,0.8866,0.3908,0
drop_inflight,33,3,3,28.481,0.8834,0.3906,0
drop_inflight,34,4,0,29.558,0.9012,0.3937,0
drop_inflight,34,4,1,30.299,0.9047,0.4048,0
drop_inflight,34,4,2,30.622,0.9053,0.3951,0
drop_inflight,34,4,3,30.491,0.9017,0.4012,0
drop_inflight,35,5,0,32.038,0.9316,0.4117,0
drop_inflight,35,5,1,32.500,0.9389,0.4238,0
drop_inflight,35,5,2,32.701,0.9426,0.4138,0
drop_inflight,35,5,3,32.434,0.9412,0.4154,0
drop_inflight,36,6,0,34.085,0.9576,0.4169,0
drop_inflight,36,6,1,34.804,0.9602,0.4238,0
drop_inflight,36,6,2,34.756,0.9599,0.4140,0
drop_inflight,36,6,3,34.470,0.9581,0.4133,0
drop_inflight,37,7,0,35.646,0.9690,0.4173,0
drop_inflight,37,7,1,36.086,0.9704,0.4252,0
drop_inflight,37,7,2,36.039,0.9708,0.4167,0
drop_inflight,37,7,3,35.536,0.9693,0.4146,0
drop_inflight,38,8,0,37.125,0.9763,0.4192,0
drop_inflight,38,8,1,37.362,0.9759,0.4239,0
drop_inflight,38,8,2,37.165,0.9749,0.4172,0
drop_inflight,38,8,3,36.740,0.9729,0.4183,0
drop_inflight,39,9,0,37.265,0.9773,0.4192,0
drop_inflight,39,9,1,37.411,0.9773,0.4264,0
drop_inflight,39,9,2,36.979,0.9767,0.4272,0
drop_inflight,39,9,3,36.702,0.9760,0.4175,0
drop_inflight,40,10,0,37.590,0.9788,0.4199,0
drop_inflight,40,10,1,38.438,0.9811,0.3998,0
drop_inflight,40,10,2,38.349,0.9813,0.3932,0
drop_inflight,40,10,3,37.763,0.9811,0.3971,0
drop_inflight,41,11,0,39.110,0.9802,0.3996,0
drop_inflight,41,11,1,38.878,0.9778,0.4118,0
drop_inflight,41,11,2,38.674,0.9765,0.4109,0
drop_inflight,41,11,3,38.252,0.9752,0.4136,0
drop_inflight,42,12,0,39.302,0.9793,0.4173,0
drop_inflight,42,12,1,39.395,0.9796,0.4225,0
drop_inflight,42,12,2,39.220,0.9802,0.4182,0
drop_inflight,42,12,3,38.539,0.9795,0.4175,0
drop_inflight,43,13,0,40.132,0.9834,0.4215,0
drop_inflight,43,13,1,40.146,0.9834,0.4269,0
drop_inflight,43,13,2,40.021,0.9836,0.4202,0
drop_inflight,43,13,3,39.804,0.9835,0.4203,0
drop_inflight,44,14,0,40.246,0.9837,0.4210,0
drop_inflight,44,14,1,40.033,0.9828,0.4265,0
drop_inflight,44,14,2,39.657,0.9816,0.4213,0
drop_inflight,44,14,3,39.277,0.9805,0.4214,0
drop_inflight,45,15,0,39.654,0.9814,0.4243,0
drop_inflight,45,15,1,39.471,0.9808,0.4266,0
drop_inflight,45,15,2,39.221,0.9807,0.4227,0
drop_inflight,45,15,3,38.967,0.9802,0.4213,0
drop_inflight,46,16,0,39.357,0.9824,0.4192,0
drop_inflight,46,16,1,39.070,0.9821,0.4219,0
drop_inflight,46,16,2,38.437,0.9817,0.4172,0
drop_inflight,46,16,3,38.182,0.9814,0.4139,0
drop_inflight,47,17,0,37.985,0.9818,0.4113,0
drop_inflight,47,17,1,38.415,0.9821,0.4154,0
drop_inflight,47,17,2,38.882,0.9827,0.4115,0
drop_inflight,47,17,3,38.702,0.9821,0.4120,0
drop_inflight,48,18,0,38.518,0.9821,0.4108,0
drop_inflight,48,18,1,37.467,0.9806,0.4148,0
drop_inflight,48,18,2,37.388,0.9795,0.4157,0
drop_inflight,48,18,3,36.860,0.9784,0.4118,0
drop_inflight,49,19,0,36.277,0.9771,0.4150,0
drop_inflight,49,19,1,36.393,0.9768,0.4157,0
drop_inflight,49,19,2,36.429,0.9771,0.4200,0
drop_inflight,49,19,3,35.588,0.9749,0.4140,0
drop_inflight,50,20,0,36.338,0.9762,0.4154,0
drop_inflight,50,20,1,36.355,0.9755,0.4159,0
drop_inflight,50,20,2,35.769,0.9735,0.4196,0
drop_inflight,50,20,3,35.366,0.9715,0.4161,0
drop_inflight,51,21,0,34.139,0.9693,0.4145,0
drop_inflight,51,21,1,34.961,0.9714,0.4140,0
drop_inflight,51,21,2,35.588,0.9731,0.4176,0
drop_inflight,51,21,3,35.132,0.9717,0.4076,0
drop_inflight,52,22,0,33.503,0.9680,0.4090,0
drop_inflight,52,22,1,35.256,0.9700,0.4087,0
drop_inflight,52,22,2,35.379,0.9686,0.4117,0
drop_inflight,52,22,3,34.584,0.9659,0.4037,0
drop_inflight,53,23,0,34.033,0.9669,0.4057,0
drop_inflight,53,23,1,34.945,0.9689,0.4059,0
drop_inflight,53,23,2,34.231,0.9676,0.4112,0
drop_inflight,53,23,3,34.108,0.9660,0.4039,0
drop_inflight,54,24,0,32.681,0.9664,0.4030,0
drop_inflight,54,24,1,35.438,0.9717,0.4056,0
drop_inflight,54,24,2,35.912,0.9724,0.4147,0
drop_inflight,54,24,3,35.205,0.9705,0.4058,0
drop_inflight,55,25,0,32.980,0.9667,0.4139,0
drop_inflight,55,25,1,34.325,0.9702,0.4176,0
drop_inflight,55,25,2,34.443,0.9696,0.4270,0
drop_inflight,55,25,3,33.502,0.9667,0.4151,0
drop_inflight,56,26,0,33.878,0.9693,0.4220,0
drop_inflight,56,26,1,34.923,0.9707,0.4211,0
drop_inflight,56,26,2,35.166,0.9702,0.4262,0
drop_inflight,56,26,3,34.717,0.9686,0.4166,0
drop_inflight,57,27,0,34.156,0.9691,0.4223,0
drop_inflight,57,27,1,34.942,0.9709,0.4203,0
drop_inflight,57,27,2,34.798,0.9703,0.4266,0
drop_inflight,57,27,3,34.313,0.9679,0.4163,0
drop_inflight,58,28,0,34.740,0.9711,0.4217,0
drop_inflight,58,28,1,35.410,0.9721,0.4244,0
drop_inflight,58,28,2,34.961,0.9705,0.4298,0
drop_inflight,58,28,3,34.633,0.9681,0.4204,0
drop_inflight,59,29,0,35.221,0.9708,0.4262,0
drop_inflight,59,29,1,35.590,0.9719,0.4269,0
drop_inflight,59,29,2,35.626,0.9718,0.4335,0
drop_inflight,59,29,3,34.703,0.9690,0.4333,0
drop_inflight,60,30,0,35.297,0.9713,0.4182,0
drop_inflight,60,30,1,34.645,0.9642,0.4238,0
drop_inflight,60,30,2,34.218,0.9660,0.4059,0
drop_inflight,60,30,3,32.806,0.9581,0.4017,0
drop_inflight,61,31,0,36.481,0.9755,0.4096,0
drop_inflight,61,31,1,37.096,0.9779,0.4062,0
drop_inflight,61,31,2,36.867,0.9776,0.4148,0
drop_inflight,61,31,3,36.148,0.9760,0.4116,0
drop_inflight,62,32,0,37.364,0.9799,0.4175,0
drop_inflight,62,32,1,37.662,0.9803,0.4205,0
drop_inflight,62,32,2,37.366,0.9799,0.4224,0
drop_inflight,62,32,3,36.746,0.9785,0.4145,0
drop_inflight,63,33,0,37.518,0.9785,0.4196,0
drop_inflight,63,33,1,37.475,0.9774,0.4241,0
drop_inflight,63,33,2,37.323,0.9766,0.4294,0
drop_inflight,63,33,3,36.977,0.9756,0.4210,0
drop_inflight,64,34,0,38.255,0.9787,0.4230,0
drop_inflight,64,34,1,38.393,0.9789,0.4219,0
drop_inflight,64,34,2,38.101,0.9782,0.4264,0
drop_inflight,64,34,3,38.051,0.9780,0.4194,0
drop_inflight,65,35,0,39.438,0.9829,0.4225,0
drop_inflight,65,35,1,39.454,0.9830,0.4234,0
drop_inflight,65,35,2,38.975,0.9823,0.4259,0
drop_inflight,65,35,3,38.593,0.9817,0.4206,0
drop_inflight,66,36,0,39.631,0.9840,0.4227,0
drop_inflight,66,36,1,39.316,0.9836,0.4209,0
drop_inflight,66,36,2,38.752,0.9830,0.4244,0
drop_inflight,66,36,3,38.182,0.9823,0.4197,0
drop_inflight,67,37,0,39.321,0.9837,0.4187,0
drop_inflight,67,37,1,39.054,0.9829,0.4156,0
drop_inflight,67,37,2,38.980,0.9830,0.4184,0
drop_inflight,67,37,3,38.495,0.9824,0.4136,0
drop_inflight,68,38,0,37.527,0.9805,0.4158,0
drop_inflight,68,38,1,37.941,0.9797,0.4156,0
drop_inflight,68,38,2,37.791,0.9788,0.4191,0
drop_inflight,68,38,3,36.897,0.9771,0.4192,0
drop_inflight,69,39,0,37.342,0.9794,0.4159,0
drop_inflight,69,39,1,37.107,0.9784,0.4188,0
drop_inflight,69,39,2,37.213,0.9778,0.4198,0
drop_inflight,69,39,3,36.069,0.9764,0.4235,0
drop_kv_recent,1,-29,0,99.000,,,0
drop_kv_recent,1,-29,1,99.000,,,0
drop_kv_recent,1,-29,2,99.000,,,0
drop_kv_recent,1,-29,3,99.000,,,0
drop_kv_recent,2,-28,0,99.000,,,0
drop_kv_recent,2,-28,1,99.000,,,0
drop_kv_recent,2,-28,2,99.000,,,0
drop_kv_recent,2,-28,3,99.000,,,0
drop_kv_recent,3,-27,0,99.000,,,0
drop_kv_recent,3,-27,1,99.000,,,0
drop_kv_recent,3,-27,2,99.000,,,0
drop_kv_recent,3,-27,3,99.000,,,0
drop_kv_recent,4,-26,0,99.000,,,0
drop_kv_recent,4,-26,1,99.000,,,0
drop_kv_recent,4,-26,2,99.000,,,0
drop_kv_recent,4,-26,3,99.000,,,0
drop_kv_recent,5,-25,0,99.000,,,0
drop_kv_recent,5,-25,1,99.000,,,0
drop_kv_recent,5,-25,2,99.000,,,0
drop_kv_recent,5,-25,3,99.000,,,0
drop_kv_recent,6,-24,0,99.000,,,0
drop_kv_recent,6,-24,1,99.000,,,0
drop_kv_recent,6,-24,2,99.000,,,0
drop_kv_recent,6,-24,3,99.000,,,0
drop_kv_recent,7,-23,0,99.000,,,0
drop_kv_recent,7,-23,1,99.000,,,0
drop_kv_recent,7,-23,2,99.000,,,0
drop_kv_recent,7,-23,3,99.000,,,0
drop_kv_recent,8,-22,0,99.000,,,0
drop_kv_recent,8,-22,1,99.000,,,0
drop_kv_recent,8,-22,2,99.000,,,0
drop_kv_recent,8,-22,3,99.000,,,0
drop_kv_recent,9,-21,0,99.000,,,0
drop_kv_recent,9,-21,1,99.000,,,0
drop_kv_recent,9,-21,2,99.000,,,0
drop_kv_recent,9,-21,3,99.000,,,0
drop_kv_recent,10,-20,0,99.000,,,0
drop_kv_recent,10,-20,1,99.000,,,0
drop_kv_recent,10,-20,2,99.000,,,0
drop_kv_recent,10,-20,3,99.000,,,0
drop_kv_recent,11,-19,0,99.000,,,0
drop_kv_recent,11,-19,1,99.000,,,0
drop_kv_recent,11,-19,2,99.000,,,0
drop_kv_recent,11,-19,3,99.000,,,0
drop_kv_recent,12,-18,0,99.000,,,0
drop_kv_recent,12,-18,1,99.000,,,0
drop_kv_recent,12,-18,2,99.000,,,0
drop_kv_recent,12,-18,3,99.000,,,0
drop_kv_recent,13,-17,0,99.000,,,0
drop_kv_recent,13,-17,1,99.000,,,0
drop_kv_recent,13,-17,2,99.000,,,0
drop_kv_recent,13,-17,3,99.000,,,0
drop_kv_recent,14,-16,0,99.000,,,0
drop_kv_recent,14,-16,1,99.000,,,0
drop_kv_recent,14,-16,2,99.000,,,0
drop_kv_recent,14,-16,3,99.000,,,0
drop_kv_recent,15,-15,0,99.000,,,0
drop_kv_recent,15,-15,1,99.000,,,0
drop_kv_recent,15,-15,2,99.000,,,0
drop_kv_recent,15,-15,3,99.000,,,0
drop_kv_recent,16,-14,0,99.000,,,0
drop_kv_recent,16,-14,1,99.000,,,0
drop_kv_recent,16,-14,2,99.000,,,0
drop_kv_recent,16,-14,3,99.000,,,0
drop_kv_recent,17,-13,0,99.000,,,0
drop_kv_recent,17,-13,1,99.000,,,0
drop_kv_recent,17,-13,2,99.000,,,0
drop_kv_recent,17,-13,3,99.000,,,0
drop_kv_recent,18,-12,0,99.000,,,0
drop_kv_recent,18,-12,1,99.000,,,0
drop_kv_recent,18,-12,2,99.000,,,0
drop_kv_recent,18,-12,3,99.000,,,0
drop_kv_recent,19,-11,0,99.000,,,0
drop_kv_recent,19,-11,1,99.000,,,0
drop_kv_recent,19,-11,2,99.000,,,0
drop_kv_recent,19,-11,3,99.000,,,0
drop_kv_recent,20,-10,0,99.000,,,0
drop_kv_recent,20,-10,1,99.000,,,0
drop_kv_recent,20,-10,2,99.000,,,0
drop_kv_recent,20,-10,3,99.000,,,0
drop_kv_recent,21,-9,0,99.000,,,0
drop_kv_recent,21,-9,1,99.000,,,0
drop_kv_recent,21,-9,2,99.000,,,0
drop_kv_recent,21,-9,3,99.000,,,0
drop_kv_recent,22,-8,0,99.000,,,0
drop_kv_recent,22,-8,1,99.000,,,0
drop_kv_recent,22,-8,2,99.000,,,0
drop_kv_recent,22,-8,3,99.000,,,0
drop_kv_recent,23,-7,0,99.000,,,0
drop_kv_recent,23,-7,1,99.000,,,0
drop_kv_recent,23,-7,2,99.000,,,0
drop_kv_recent,23,-7,3,99.000,,,0
drop_kv_recent,24,-6,0,99.000,,,0
drop_kv_recent,24,-6,1,99.000,,,0
drop_kv_recent,24,-6,2,99.000,,,0
drop_kv_recent,24,-6,3,99.000,,,0
drop_kv_recent,25,-5,0,99.000,,,0
drop_kv_recent,25,-5,1,99.000,,,0
drop_kv_recent,25,-5,2,99.000,,,0
drop_kv_recent,25,-5,3,99.000,,,0
drop_kv_recent,26,-4,0,99.000,,,0
drop_kv_recent,26,-4,1,99.000,,,0
drop_kv_recent,26,-4,2,99.000,,,0
drop_kv_recent,26,-4,3,99.000,,,0
drop_kv_recent,27,-3,0,99.000,,,0
drop_kv_recent,27,-3,1,99.000,,,0
drop_kv_recent,27,-3,2,99.000,,,0
drop_kv_recent,27,-3,3,99.000,,,0
drop_kv_recent,28,-2,0,99.000,,,0
drop_kv_recent,28,-2,1,99.000,,,0
drop_kv_recent,28,-2,2,99.000,,,0
drop_kv_recent,28,-2,3,99.000,,,0
drop_kv_recent,29,-1,0,99.000,,,0
drop_kv_recent,29,-1,1,99.000,,,0
drop_kv_recent,29,-1,2,99.000,,,0
drop_kv_recent,29,-1,3,99.000,,,0
drop_kv_recent,30,0,0,27.577,0.8353,0.4287,0
drop_kv_recent,30,0,1,25.875,0.7971,0.4317,0
drop_kv_recent,30,0,2,24.935,0.7751,0.4279,0
drop_kv_recent,30,0,3,24.582,0.7659,0.4244,0
drop_kv_recent,31,1,0,24.861,0.8164,0.4119,0
drop_kv_recent,31,1,1,22.680,0.8151,0.4147,0
drop_kv_recent,31,1,2,21.996,0.8172,0.4021,0
drop_kv_recent,31,1,3,21.671,0.8179,0.4032,0
drop_kv_recent,32,2,0,21.191,0.8367,0.3961,0
drop_kv_recent,32,2,1,21.089,0.8396,0.4019,0
drop_kv_recent,32,2,2,22.417,0.8514,0.3938,0
drop_kv_recent,32,2,3,22.404,0.8494,0.3951,0
drop_kv_recent,33,3,0,23.309,0.8706,0.3980,0
drop_kv_recent,33,3,1,24.125,0.8800,0.4078,0
drop_kv_recent,33,3,2,24.181,0.8809,0.4036,0
drop_kv_recent,33,3,3,24.128,0.8802,0.4022,0
drop_kv_recent,34,4,0,24.906,0.8987,0.4017,0
drop_kv_recent,34,4,1,25.863,0.9089,0.4123,0
drop_kv_recent,34,4,2,26.227,0.9134,0.4036,0
drop_kv_recent,34,4,3,26.650,0.9167,0.4079,0
drop_kv_recent,35,5,0,28.322,0.9330,0.4105,0
drop_kv_recent,35,5,1,29.627,0.9412,0.4215,0
drop_kv_recent,35,5,2,29.355,0.9428,0.4100,0
drop_kv_recent,35,5,3,29.212,0.9423,0.4117,0
drop_kv_recent,36,6,0,30.225,0.9585,0.4125,0
drop_kv_recent,36,6,1,32.044,0.9643,0.4203,0
drop_kv_recent,36,6,2,32.887,0.9672,0.4104,0
drop_kv_recent,36,6,3,33.111,0.9673,0.4098,0
drop_kv_recent,37,7,0,34.051,0.9746,0.4129,0
drop_kv_recent,37,7,1,35.412,0.9774,0.4211,0
drop_kv_recent,37,7,2,36.621,0.9794,0.4134,0
drop_kv_recent,37,7,3,37.071,0.9793,0.4124,0
drop_kv_recent,38,8,0,38.020,0.9853,0.4171,0
drop_kv_recent,38,8,1,37.999,0.9857,0.4223,0
drop_kv_recent,38,8,2,37.940,0.9866,0.4159,0
drop_kv_recent,38,8,3,38.194,0.9867,0.4171,0
drop_kv_recent,39,9,0,39.024,0.9891,0.4172,0
drop_kv_recent,39,9,1,39.513,0.9895,0.4246,0
drop_kv_recent,39,9,2,39.818,0.9898,0.4254,0
drop_kv_recent,39,9,3,40.113,0.9899,0.4162,0
drop_kv_recent,40,10,0,40.188,0.9907,0.4185,0
drop_kv_recent,40,10,1,42.648,0.9920,0.3991,0
drop_kv_recent,40,10,2,43.099,0.9925,0.3931,0
drop_kv_recent,40,10,3,43.134,0.9922,0.3969,0
drop_kv_recent,41,11,0,44.717,0.9935,0.4000,0
drop_kv_recent,41,11,1,45.259,0.9934,0.4129,0
drop_kv_recent,41,11,2,45.374,0.9934,0.4125,0
drop_kv_recent,41,11,3,45.708,0.9935,0.4154,0
drop_kv_recent,42,12,0,46.201,0.9943,0.4184,0
drop_kv_recent,42,12,1,46.186,0.9943,0.4235,0
drop_kv_recent,42,12,2,45.989,0.9941,0.4192,0
drop_kv_recent,42,12,3,46.034,0.9943,0.4184,0
drop_kv_recent,43,13,0,47.037,0.9954,0.4218,0
drop_kv_recent,43,13,1,46.885,0.9952,0.4269,0
drop_kv_recent,43,13,2,46.707,0.9952,0.4203,0
drop_kv_recent,43,13,3,46.599,0.9951,0.4206,0
drop_kv_recent,44,14,0,47.397,0.9957,0.4216,0
drop_kv_recent,44,14,1,47.268,0.9956,0.4273,0
drop_kv_recent,44,14,2,47.362,0.9955,0.4225,0
drop_kv_recent,44,14,3,47.283,0.9954,0.4227,0
drop_kv_recent,45,15,0,47.995,0.9960,0.4257,0
drop_kv_recent,45,15,1,47.985,0.9960,0.4283,0
drop_kv_recent,45,15,2,47.632,0.9959,0.4246,0
drop_kv_recent,45,15,3,47.525,0.9958,0.4234,0
drop_kv_recent,46,16,0,48.645,0.9966,0.4210,0
drop_kv_recent,46,16,1,48.289,0.9966,0.4235,0
drop_kv_recent,46,16,2,48.010,0.9965,0.4189,0
drop_kv_recent,46,16,3,47.488,0.9965,0.4157,0
drop_kv_recent,47,17,0,48.283,0.9969,0.4116,0
drop_kv_recent,47,17,1,47.949,0.9968,0.4153,0
drop_kv_recent,47,17,2,47.904,0.9968,0.4116,0
drop_kv_recent,47,17,3,47.874,0.9967,0.4125,0
drop_kv_recent,48,18,0,48.733,0.9971,0.4107,0
drop_kv_recent,48,18,1,48.434,0.9970,0.4147,0
drop_kv_recent,48,18,2,48.057,0.9969,0.4153,0
drop_kv_recent,48,18,3,47.891,0.9968,0.4113,0
drop_kv_recent,49,19,0,47.823,0.9972,0.4148,0
drop_kv_recent,49,19,1,47.692,0.9970,0.4155,0
drop_kv_recent,49,19,2,46.963,0.9969,0.4201,0
drop_kv_recent,49,19,3,47.323,0.9968,0.4138,0
drop_kv_recent,50,20,0,48.166,0.9973,0.4150,0
drop_kv_recent,50,20,1,48.172,0.9971,0.4159,0
drop_kv_recent,50,20,2,47.517,0.9970,0.4198,0
drop_kv_recent,50,20,3,47.522,0.9969,0.4158,0
drop_kv_recent,51,21,0,48.550,0.9973,0.4147,0
drop_kv_recent,51,21,1,48.619,0.9972,0.4142,0
drop_kv_recent,51,21,2,48.346,0.9972,0.4181,0
drop_kv_recent,51,21,3,48.122,0.9971,0.4076,0
drop_kv_recent,52,22,0,48.521,0.9974,0.4094,0
drop_kv_recent,52,22,1,48.651,0.9973,0.4094,0
drop_kv_recent,52,22,2,48.232,0.9971,0.4130,0
drop_kv_recent,52,22,3,47.913,0.9970,0.4053,0
drop_kv_recent,53,23,0,48.258,0.9973,0.4066,0
drop_kv_recent,53,23,1,47.765,0.9972,0.4073,0
drop_kv_recent,53,23,2,47.337,0.9971,0.4134,0
drop_kv_recent,53,23,3,47.878,0.9970,0.4059,0
drop_kv_recent,54,24,0,47.958,0.9972,0.4037,0
drop_kv_recent,54,24,1,47.905,0.9971,0.4062,0
drop_kv_recent,54,24,2,48.030,0.9971,0.4153,0
drop_kv_recent,54,24,3,48.195,0.9971,0.4059,0
drop_kv_recent,55,25,0,48.232,0.9972,0.4116,0
drop_kv_recent,55,25,1,48.108,0.9972,0.4166,0
drop_kv_recent,55,25,2,47.934,0.9971,0.4264,0
drop_kv_recent,55,25,3,47.171,0.9970,0.4144,0
drop_kv_recent,56,26,0,48.032,0.9973,0.4215,0
drop_kv_recent,56,26,1,48.023,0.9972,0.4216,0
drop_kv_recent,56,26,2,47.313,0.9970,0.4269,0
drop_kv_recent,56,26,3,47.444,0.9970,0.4173,0
drop_kv_recent,57,27,0,47.288,0.9970,0.4225,0
drop_kv_recent,57,27,1,46.761,0.9968,0.4209,0
drop_kv_recent,57,27,2,46.068,0.9966,0.4276,0
drop_kv_recent,57,27,3,45.977,0.9964,0.4170,0
drop_kv_recent,58,28,0,47.378,0.9969,0.4223,0
drop_kv_recent,58,28,1,47.678,0.9969,0.4242,0
drop_kv_recent,58,28,2,47.245,0.9968,0.4301,0
drop_kv_recent,58,28,3,46.986,0.9966,0.4207,0
drop_kv_recent,59,29,0,47.616,0.9970,0.4266,0
drop_kv_recent,59,29,1,47.579,0.9969,0.4277,0
drop_kv_recent,59,29,2,47.062,0.9967,0.4340,0
drop_kv_recent,59,29,3,46.139,0.9964,0.4338,0
drop_kv_recent,60,30,0,46.501,0.9967,0.4179,0
drop_kv_recent,60,30,1,45.940,0.9963,0.4225,0
drop_kv_recent,60,30,2,46.577,0.9965,0.4068,0
drop_kv_recent,60,30,3,46.346,0.9964,0.4032,0
drop_kv_recent,61,31,0,47.813,0.9968,0.4108,0
drop_kv_recent,61,31,1,47.780,0.9968,0.4074,0
drop_kv_recent,61,31,2,47.668,0.9967,0.4166,0
drop_kv_recent,61,31,3,47.782,0.9967,0.4137,0
drop_kv_recent,62,32,0,47.634,0.9967,0.4192,0
drop_kv_recent,62,32,1,46.904,0.9964,0.4221,0
drop_kv_recent,62,32,2,46.575,0.9962,0.4241,0
drop_kv_recent,62,32,3,46.117,0.9961,0.4161,0
drop_kv_recent,63,33,0,46.568,0.9963,0.4205,0
drop_kv_recent,63,33,1,46.594,0.9962,0.4253,0
drop_kv_recent,63,33,2,46.462,0.9961,0.4303,0
drop_kv_recent,63,33,3,46.543,0.9959,0.4214,0
drop_kv_recent,64,34,0,47.342,0.9963,0.4234,0
drop_kv_recent,64,34,1,47.348,0.9963,0.4224,0
drop_kv_recent,64,34,2,47.275,0.9962,0.4270,0
drop_kv_recent,64,34,3,47.122,0.9961,0.4201,0
drop_kv_recent,65,35,0,48.511,0.9968,0.4230,0
drop_kv_recent,65,35,1,48.378,0.9967,0.4241,0
drop_kv_recent,65,35,2,48.166,0.9966,0.4267,0
drop_kv_recent,65,35,3,48.082,0.9965,0.4217,0
drop_kv_recent,66,36,0,48.685,0.9969,0.4232,0
drop_kv_recent,66,36,1,48.096,0.9967,0.4214,0
drop_kv_recent,66,36,2,48.130,0.9967,0.4249,0
drop_kv_recent,66,36,3,48.138,0.9967,0.4201,0
drop_kv_recent,67,37,0,48.529,0.9970,0.4190,0
drop_kv_recent,67,37,1,48.186,0.9968,0.4157,0
drop_kv_recent,67,37,2,48.065,0.9968,0.4183,0
drop_kv_recent,67,37,3,47.923,0.9967,0.4133,0
drop_kv_recent,68,38,0,48.476,0.9969,0.4152,0
drop_kv_recent,68,38,1,47.991,0.9967,0.4153,0
drop_kv_recent,68,38,2,47.862,0.9966,0.4191,0
drop_kv_recent,68,38,3,47.594,0.9964,0.4199,0
drop_kv_recent,69,39,0,48.484,0.9970,0.4158,0
drop_kv_recent,69,39,1,48.175,0.9970,0.4190,0
drop_kv_recent,69,39,2,48.094,0.9968,0.4208,0
drop_kv_recent,69,39,3,47.862,0.9967,0.4243,0
drop_vae_all,1,-29,0,99.000,,,0
drop_vae_all,1,-29,1,99.000,,,0
drop_vae_all,1,-29,2,99.000,,,0
drop_vae_all,1,-29,3,99.000,,,0
drop_vae_all,2,-28,0,99.000,,,0
drop_vae_all,2,-28,1,99.000,,,0
drop_vae_all,2,-28,2,99.000,,,0
drop_vae_all,2,-28,3,99.000,,,0
drop_vae_all,3,-27,0,99.000,,,0
drop_vae_all,3,-27,1,99.000,,,0
drop_vae_all,3,-27,2,99.000,,,0
drop_vae_all,3,-27,3,99.000,,,0
drop_vae_all,4,-26,0,99.000,,,0
drop_vae_all,4,-26,1,99.000,,,0
drop_vae_all,4,-26,2,99.000,,,0
drop_vae_all,4,-26,3,99.000,,,0
drop_vae_all,5,-25,0,99.000,,,0
drop_vae_all,5,-25,1,99.000,,,0
drop_vae_all,5,-25,2,99.000,,,0
drop_vae_all,5,-25,3,99.000,,,0
drop_vae_all,6,-24,0,99.000,,,0
drop_vae_all,6,-24,1,99.000,,,0
drop_vae_all,6,-24,2,99.000,,,0
drop_vae_all,6,-24,3,99.000,,,0
drop_vae_all,7,-23,0,99.000,,,0
drop_vae_all,7,-23,1,99.000,,,0
drop_vae_all,7,-23,2,99.000,,,0
drop_vae_all,7,-23,3,99.000,,,0
drop_vae_all,8,-22,0,99.000,,,0
drop_vae_all,8,-22,1,99.000,,,0
drop_vae_all,8,-22,2,99.000,,,0
drop_vae_all,8,-22,3,99.000,,,0
drop_vae_all,9,-21,0,99.000,,,0
drop_vae_all,9,-21,1,99.000,,,0
drop_vae_all,9,-21,2,99.000,,,0
drop_vae_all,9,-21,3,99.000,,,0
drop_vae_all,10,-20,0,99.000,,,0
drop_vae_all,10,-20,1,99.000,,,0
drop_vae_all,10,-20,2,99.000,,,0
drop_vae_all,10,-20,3,99.000,,,0
drop_vae_all,11,-19,0,99.000,,,0
drop_vae_all,11,-19,1,99.000,,,0
drop_vae_all,11,-19,2,99.000,,,0
drop_vae_all,11,-19,3,99.000,,,0
drop_vae_all,12,-18,0,99.000,,,0
drop_vae_all,12,-18,1,99.000,,,0
drop_vae_all,12,-18,2,99.000,,,0
drop_vae_all,12,-18,3,99.000,,,0
drop_vae_all,13,-17,0,99.000,,,0
drop_vae_all,13,-17,1,99.000,,,0
drop_vae_all,13,-17,2,99.000,,,0
drop_vae_all,13,-17,3,99.000,,,0
drop_vae_all,14,-16,0,99.000,,,0
drop_vae_all,14,-16,1,99.000,,,0
drop_vae_all,14,-16,2,99.000,,,0
drop_vae_all,14,-16,3,99.000,,,0
drop_vae_all,15,-15,0,99.000,,,0
drop_vae_all,15,-15,1,99.000,,,0
drop_vae_all,15,-15,2,99.000,,,0
drop_vae_all,15,-15,3,99.000,,,0
drop_vae_all,16,-14,0,99.000,,,0
drop_vae_all,16,-14,1,99.000,,,0
drop_vae_all,16,-14,2,99.000,,,0
drop_vae_all,16,-14,3,99.000,,,0
drop_vae_all,17,-13,0,99.000,,,0
drop_vae_all,17,-13,1,99.000,,,0
drop_vae_all,17,-13,2,99.000,,,0
drop_vae_all,17,-13,3,99.000,,,0
drop_vae_all,18,-12,0,99.000,,,0
drop_vae_all,18,-12,1,99.000,,,0
drop_vae_all,18,-12,2,99.000,,,0
drop_vae_all,18,-12,3,99.000,,,0
drop_vae_all,19,-11,0,99.000,,,0
drop_vae_all,19,-11,1,99.000,,,0
drop_vae_all,19,-11,2,99.000,,,0
drop_vae_all,19,-11,3,99.000,,,0
drop_vae_all,20,-10,0,99.000,,,0
drop_vae_all,20,-10,1,99.000,,,0
drop_vae_all,20,-10,2,99.000,,,0
drop_vae_all,20,-10,3,99.000,,,0
drop_vae_all,21,-9,0,99.000,,,0
drop_vae_all,21,-9,1,99.000,,,0
drop_vae_all,21,-9,2,99.000,,,0
drop_vae_all,21,-9,3,99.000,,,0
drop_vae_all,22,-8,0,99.000,,,0
drop_vae_all,22,-8,1,99.000,,,0
drop_vae_all,22,-8,2,99.000,,,0
drop_vae_all,22,-8,3,99.000,,,0
drop_vae_all,23,-7,0,99.000,,,0
drop_vae_all,23,-7,1,99.000,,,0
drop_vae_all,23,-7,2,99.000,,,0
drop_vae_all,23,-7,3,99.000,,,0
drop_vae_all,24,-6,0,99.000,,,0
drop_vae_all,24,-6,1,99.000,,,0
drop_vae_all,24,-6,2,99.000,,,0
drop_vae_all,24,-6,3,99.000,,,0
drop_vae_all,25,-5,0,99.000,,,0
drop_vae_all,25,-5,1,99.000,,,0
drop_vae_all,25,-5,2,99.000,,,0
drop_vae_all,25,-5,3,99.000,,,0
drop_vae_all,26,-4,0,99.000,,,0
drop_vae_all,26,-4,1,99.000,,,0
drop_vae_all,26,-4,2,99.000,,,0
drop_vae_all,26,-4,3,99.000,,,0
drop_vae_all,27,-3,0,99.000,,,0
drop_vae_all,27,-3,1,99.000,,,0
drop_vae_all,27,-3,2,99.000,,,0
drop_vae_all,27,-3,3,99.000,,,0
drop_vae_all,28,-2,0,99.000,,,0
drop_vae_all,28,-2,1,99.000,,,0
drop_vae_all,28,-2,2,99.000,,,0
drop_vae_all,28,-2,3,99.000,,,0
drop_vae_all,29,-1,0,99.000,,,0
drop_vae_all,29,-1,1,99.000,,,0
drop_vae_all,29,-1,2,99.000,,,0
drop_vae_all,29,-1,3,99.000,,,0
drop_vae_all,30,0,0,18.703,0.6254,0.3793,0
drop_vae_all,30,0,1,17.374,0.5190,0.3517,0
drop_vae_all,30,0,2,20.913,0.7134,0.3737,0
drop_vae_all,30,0,3,21.447,0.7347,0.3573,0
drop_vae_all,31,1,0,24.349,0.8111,0.3660,0
drop_vae_all,31,1,1,25.243,0.8630,0.3871,0
drop_vae_all,31,1,2,25.136,0.8751,0.4068,0
drop_vae_all,31,1,3,23.128,0.8631,0.4039,0
drop_vae_all,32,2,0,23.200,0.8802,0.4120,0
drop_vae_all,32,2,1,23.350,0.8586,0.4236,0
drop_vae_all,32,2,2,21.041,0.6973,0.4384,0
drop_vae_all,32,2,3,20.597,0.6632,0.4112,0
drop_vae_all,33,3,0,24.037,0.8461,0.4207,0
drop_vae_all,33,3,1,26.190,0.8922,0.4236,0
drop_vae_all,33,3,2,27.554,0.9148,0.4154,0
drop_vae_all,33,3,3,28.789,0.9274,0.4124,0
drop_vae_all,34,4,0,31.500,0.9191,0.4142,0
drop_vae_all,34,4,1,32.538,0.9245,0.4229,0
drop_vae_all,34,4,2,32.180,0.9249,0.4117,0
drop_vae_all,34,4,3,30.877,0.9237,0.4146,0
drop_vae_all,35,5,0,31.963,0.9410,0.4113,0
drop_vae_all,35,5,1,32.881,0.9423,0.4210,0
drop_vae_all,35,5,2,32.883,0.9483,0.4083,0
drop_vae_all,35,5,3,32.766,0.9487,0.4098,0
drop_vae_all,36,6,0,34.503,0.9630,0.4108,0
drop_vae_all,36,6,1,35.544,0.9663,0.4177,0
drop_vae_all,36,6,2,35.591,0.9664,0.4083,0
drop_vae_all,36,6,3,35.161,0.9658,0.4079,0
drop_vae_all,37,7,0,36.201,0.9733,0.4099,0
drop_vae_all,37,7,1,36.656,0.9737,0.4186,0
drop_vae_all,37,7,2,36.960,0.9738,0.4105,0
drop_vae_all,37,7,3,36.897,0.9728,0.4096,0
drop_vae_all,38,8,0,38.786,0.9812,0.4169,0
drop_vae_all,38,8,1,38.846,0.9811,0.4223,0
drop_vae_all,38,8,2,38.558,0.9806,0.4172,0
drop_vae_all,38,8,3,38.527,0.9789,0.4188,0
drop_vae_all,39,9,0,39.610,0.9835,0.4174,0
drop_vae_all,39,9,1,39.767,0.9839,0.4238,0
drop_vae_all,39,9,2,39.565,0.9836,0.4245,0
drop_vae_all,39,9,3,39.484,0.9834,0.4154,0
drop_vae_all,40,10,0,39.735,0.9846,0.4180,0
drop_vae_all,40,10,1,39.868,0.9858,0.3990,0
drop_vae_all,40,10,2,40.665,0.9875,0.3934,0
drop_vae_all,40,10,3,40.601,0.9871,0.3979,0
drop_vae_all,41,11,0,42.151,0.9893,0.4004,0
drop_vae_all,41,11,1,41.944,0.9895,0.4132,0
drop_vae_all,41,11,2,41.840,0.9892,0.4132,0
drop_vae_all,41,11,3,42.376,0.9893,0.4158,0
drop_vae_all,42,12,0,43.466,0.9913,0.4188,0
drop_vae_all,42,12,1,43.488,0.9916,0.4240,0
drop_vae_all,42,12,2,43.324,0.9918,0.4199,0
drop_vae_all,42,12,3,43.410,0.9919,0.4192,0
drop_vae_all,43,13,0,44.661,0.9935,0.4223,0
drop_vae_all,43,13,1,45.034,0.9936,0.4273,0
drop_vae_all,43,13,2,44.990,0.9938,0.4206,0
drop_vae_all,43,13,3,45.003,0.9938,0.4208,0
drop_vae_all,44,14,0,45.644,0.9943,0.4216,0
drop_vae_all,44,14,1,45.385,0.9942,0.4274,0
drop_vae_all,44,14,2,45.341,0.9940,0.4224,0
drop_vae_all,44,14,3,45.396,0.9940,0.4227,0
drop_vae_all,45,15,0,45.650,0.9948,0.4258,0
drop_vae_all,45,15,1,45.601,0.9948,0.4283,0
drop_vae_all,45,15,2,45.078,0.9947,0.4247,0
drop_vae_all,45,15,3,45.073,0.9948,0.4236,0
drop_vae_all,46,16,0,46.172,0.9957,0.4209,0
drop_vae_all,46,16,1,46.141,0.9957,0.4234,0
drop_vae_all,46,16,2,46.353,0.9958,0.4187,0
drop_vae_all,46,16,3,46.335,0.9957,0.4155,0
drop_vae_all,47,17,0,46.982,0.9963,0.4116,0
drop_vae_all,47,17,1,46.998,0.9963,0.4154,0
drop_vae_all,47,17,2,46.924,0.9963,0.4118,0
drop_vae_all,47,17,3,46.752,0.9961,0.4127,0
drop_vae_all,48,18,0,47.495,0.9966,0.4109,0
drop_vae_all,48,18,1,47.156,0.9965,0.4147,0
drop_vae_all,48,18,2,46.797,0.9963,0.4154,0
drop_vae_all,48,18,3,46.491,0.9962,0.4114,0
drop_vae_all,49,19,0,47.021,0.9968,0.4148,0
drop_vae_all,49,19,1,47.436,0.9967,0.4156,0
drop_vae_all,49,19,2,47.582,0.9969,0.4201,0
drop_vae_all,49,19,3,47.550,0.9967,0.4138,0
drop_vae_all,50,20,0,48.075,0.9971,0.4151,0
drop_vae_all,50,20,1,48.030,0.9969,0.4160,0
drop_vae_all,50,20,2,47.586,0.9968,0.4199,0
drop_vae_all,50,20,3,47.705,0.9967,0.4159,0
drop_vae_all,51,21,0,48.280,0.9971,0.4147,0
drop_vae_all,51,21,1,48.331,0.9970,0.4141,0
drop_vae_all,51,21,2,47.927,0.9970,0.4180,0
drop_vae_all,51,21,3,47.173,0.9967,0.4075,0
drop_vae_all,52,22,0,47.277,0.9970,0.4092,0
drop_vae_all,52,22,1,47.528,0.9969,0.4092,0
drop_vae_all,52,22,2,47.108,0.9967,0.4127,0
drop_vae_all,52,22,3,47.174,0.9966,0.4051,0
drop_vae_all,53,23,0,47.859,0.9970,0.4063,0
drop_vae_all,53,23,1,47.180,0.9968,0.4072,0
drop_vae_all,53,23,2,47.055,0.9968,0.4133,0
drop_vae_all,53,23,3,46.879,0.9967,0.4058,0
drop_vae_all,54,24,0,47.077,0.9968,0.4036,0
drop_vae_all,54,24,1,47.267,0.9968,0.4063,0
drop_vae_all,54,24,2,47.370,0.9968,0.4153,0
drop_vae_all,54,24,3,47.385,0.9967,0.4060,0
drop_vae_all,55,25,0,47.775,0.9971,0.4116,0
drop_vae_all,55,25,1,47.389,0.9970,0.4165,0
drop_vae_all,55,25,2,47.561,0.9969,0.4265,0
drop_vae_all,55,25,3,46.589,0.9967,0.4144,0
drop_vae_all,56,26,0,47.268,0.9970,0.4215,0
drop_vae_all,56,26,1,47.174,0.9969,0.4216,0
drop_vae_all,56,26,2,46.374,0.9967,0.4269,0
drop_vae_all,56,26,3,46.004,0.9966,0.4173,0
drop_vae_all,57,27,0,45.906,0.9965,0.4224,0
drop_vae_all,57,27,1,44.541,0.9961,0.4208,0
drop_vae_all,57,27,2,44.092,0.9958,0.4276,0
drop_vae_all,57,27,3,43.810,0.9956,0.4169,0
drop_vae_all,58,28,0,45.068,0.9960,0.4221,0
drop_vae_all,58,28,1,45.187,0.9958,0.4242,0
drop_vae_all,58,28,2,45.117,0.9958,0.4300,0
drop_vae_all,58,28,3,44.691,0.9955,0.4207,0
drop_vae_all,59,29,0,45.245,0.9960,0.4266,0
drop_vae_all,59,29,1,44.947,0.9959,0.4277,0
drop_vae_all,59,29,2,43.393,0.9956,0.4340,0
drop_vae_all,59,29,3,42.392,0.9951,0.4339,0
drop_vae_all,60,30,0,42.987,0.9955,0.4179,0
drop_vae_all,60,30,1,43.351,0.9951,0.4226,0
drop_vae_all,60,30,2,42.377,0.9951,0.4068,0
drop_vae_all,60,30,3,42.547,0.9949,0.4034,0
drop_vae_all,61,31,0,43.920,0.9959,0.4109,0
drop_vae_all,61,31,1,44.514,0.9960,0.4075,0
drop_vae_all,61,31,2,44.711,0.9960,0.4168,0
drop_vae_all,61,31,3,44.768,0.9960,0.4137,0
drop_vae_all,62,32,0,45.570,0.9960,0.4192,0
drop_vae_all,62,32,1,45.755,0.9959,0.4223,0
drop_vae_all,62,32,2,45.235,0.9956,0.4242,0
drop_vae_all,62,32,3,44.488,0.9954,0.4160,0
drop_vae_all,63,33,0,45.748,0.9960,0.4205,0
drop_vae_all,63,33,1,46.171,0.9960,0.4253,0
drop_vae_all,63,33,2,45.833,0.9958,0.4304,0
drop_vae_all,63,33,3,46.061,0.9957,0.4216,0
drop_vae_all,64,34,0,46.677,0.9960,0.4236,0
drop_vae_all,64,34,1,46.539,0.9960,0.4226,0
drop_vae_all,64,34,2,46.675,0.9960,0.4272,0
drop_vae_all,64,34,3,46.599,0.9959,0.4203,0
drop_vae_all,65,35,0,48.240,0.9966,0.4231,0
drop_vae_all,65,35,1,48.076,0.9965,0.4241,0
drop_vae_all,65,35,2,47.585,0.9963,0.4268,0
drop_vae_all,65,35,3,47.473,0.9963,0.4216,0
drop_vae_all,66,36,0,47.634,0.9968,0.4233,0
drop_vae_all,66,36,1,46.521,0.9966,0.4215,0
drop_vae_all,66,36,2,46.945,0.9966,0.4249,0
drop_vae_all,66,36,3,46.998,0.9965,0.4202,0
drop_vae_all,67,37,0,46.703,0.9967,0.4191,0
drop_vae_all,67,37,1,47.461,0.9965,0.4157,0
drop_vae_all,67,37,2,47.415,0.9965,0.4183,0
drop_vae_all,67,37,3,47.291,0.9964,0.4133,0
drop_vae_all,68,38,0,47.938,0.9967,0.4150,0
drop_vae_all,68,38,1,47.528,0.9966,0.4152,0
drop_vae_all,68,38,2,47.629,0.9965,0.4189,0
drop_vae_all,68,38,3,47.377,0.9963,0.4197,0
drop_vae_all,69,39,0,48.103,0.9968,0.4157,0
drop_vae_all,69,39,1,47.756,0.9967,0.4189,0
drop_vae_all,69,39,2,47.727,0.9966,0.4206,0
drop_vae_all,69,39,3,47.445,0.9965,0.4242,0
ph_zero_8,1,-29,0,99.000,,,0
ph_zero_8,1,-29,1,99.000,,,0
ph_zero_8,1,-29,2,99.000,,,0
ph_zero_8,1,-29,3,99.000,,,0
ph_zero_8,2,-28,0,99.000,,,0
ph_zero_8,2,-28,1,99.000,,,0
ph_zero_8,2,-28,2,99.000,,,0
ph_zero_8,2,-28,3,99.000,,,0
ph_zero_8,3,-27,0,99.000,,,0
ph_zero_8,3,-27,1,99.000,,,0
ph_zero_8,3,-27,2,99.000,,,0
ph_zero_8,3,-27,3,99.000,,,0
ph_zero_8,4,-26,0,99.000,,,0
ph_zero_8,4,-26,1,99.000,,,0
ph_zero_8,4,-26,2,99.000,,,0
ph_zero_8,4,-26,3,99.000,,,0
ph_zero_8,5,-25,0,99.000,,,0
ph_zero_8,5,-25,1,99.000,,,0
ph_zero_8,5,-25,2,99.000,,,0
ph_zero_8,5,-25,3,99.000,,,0
ph_zero_8,6,-24,0,99.000,,,0
ph_zero_8,6,-24,1,99.000,,,0
ph_zero_8,6,-24,2,99.000,,,0
ph_zero_8,6,-24,3,99.000,,,0
ph_zero_8,7,-23,0,99.000,,,0
ph_zero_8,7,-23,1,99.000,,,0
ph_zero_8,7,-23,2,99.000,,,0
ph_zero_8,7,-23,3,99.000,,,0
ph_zero_8,8,-22,0,99.000,,,0
ph_zero_8,8,-22,1,99.000,,,0
ph_zero_8,8,-22,2,99.000,,,0
ph_zero_8,8,-22,3,99.000,,,0
ph_zero_8,9,-21,0,99.000,,,0
ph_zero_8,9,-21,1,99.000,,,0
ph_zero_8,9,-21,2,99.000,,,0
ph_zero_8,9,-21,3,99.000,,,0
ph_zero_8,10,-20,0,99.000,,,0
ph_zero_8,10,-20,1,99.000,,,0
ph_zero_8,10,-20,2,99.000,,,0
ph_zero_8,10,-20,3,99.000,,,0
ph_zero_8,11,-19,0,99.000,,,0
ph_zero_8,11,-19,1,99.000,,,0
ph_zero_8,11,-19,2,99.000,,,0
ph_zero_8,11,-19,3,99.000,,,0
ph_zero_8,12,-18,0,99.000,,,0
ph_zero_8,12,-18,1,99.000,,,0
ph_zero_8,12,-18,2,99.000,,,0
ph_zero_8,12,-18,3,99.000,,,0
ph_zero_8,13,-17,0,99.000,,,0
ph_zero_8,13,-17,1,99.000,,,0
ph_zero_8,13,-17,2,99.000,,,0
ph_zero_8,13,-17,3,99.000,,,0
ph_zero_8,14,-16,0,99.000,,,0
ph_zero_8,14,-16,1,99.000,,,0
ph_zero_8,14,-16,2,99.000,,,0
ph_zero_8,14,-16,3,99.000,,,0
ph_zero_8,15,-15,0,99.000,,,0
ph_zero_8,15,-15,1,99.000,,,0
ph_zero_8,15,-15,2,99.000,,,0
ph_zero_8,15,-15,3,99.000,,,0
ph_zero_8,16,-14,0,99.000,,,0
ph_zero_8,16,-14,1,99.000,,,0
ph_zero_8,16,-14,2,99.000,,,0
ph_zero_8,16,-14,3,99.000,,,0
ph_zero_8,17,-13,0,99.000,,,0
ph_zero_8,17,-13,1,99.000,,,0
ph_zero_8,17,-13,2,99.000,,,0
ph_zero_8,17,-13,3,99.000,,,0
ph_zero_8,18,-12,0,99.000,,,0
ph_zero_8,18,-12,1,99.000,,,0
ph_zero_8,18,-12,2,99.000,,,0
ph_zero_8,18,-12,3,99.000,,,0
ph_zero_8,19,-11,0,99.000,,,0
ph_zero_8,19,-11,1,99.000,,,0
ph_zero_8,19,-11,2,99.000,,,0
ph_zero_8,19,-11,3,99.000,,,0
ph_zero_8,20,-10,0,99.000,,,0
ph_zero_8,20,-10,1,99.000,,,0
ph_zero_8,20,-10,2,99.000,,,0
ph_zero_8,20,-10,3,99.000,,,0
ph_zero_8,21,-9,0,99.000,,,0
ph_zero_8,21,-9,1,99.000,,,0
ph_zero_8,21,-9,2,99.000,,,0
ph_zero_8,21,-9,3,99.000,,,0
ph_zero_8,22,-8,0,99.000,,,0
ph_zero_8,22,-8,1,99.000,,,0
ph_zero_8,22,-8,2,99.000,,,0
ph_zero_8,22,-8,3,99.000,,,0
ph_zero_8,23,-7,0,99.000,,,0
ph_zero_8,23,-7,1,99.000,,,0
ph_zero_8,23,-7,2,99.000,,,0
ph_zero_8,23,-7,3,99.000,,,0
ph_zero_8,24,-6,0,99.000,,,0
ph_zero_8,24,-6,1,99.000,,,0
ph_zero_8,24,-6,2,99.000,,,0
ph_zero_8,24,-6,3,99.000,,,0
ph_zero_8,25,-5,0,99.000,,,0
ph_zero_8,25,-5,1,99.000,,,0
ph_zero_8,25,-5,2,99.000,,,0
ph_zero_8,25,-5,3,99.000,,,0
ph_zero_8,26,-4,0,99.000,,,0
ph_zero_8,26,-4,1,99.000,,,0
ph_zero_8,26,-4,2,99.000,,,0
ph_zero_8,26,-4,3,99.000,,,0
ph_zero_8,27,-3,0,99.000,,,0
ph_zero_8,27,-3,1,99.000,,,0
ph_zero_8,27,-3,2,99.000,,,0
ph_zero_8,27,-3,3,99.000,,,0
ph_zero_8,28,-2,0,99.000,,,0
ph_zero_8,28,-2,1,99.000,,,0
ph_zero_8,28,-2,2,99.000,,,0
ph_zero_8,28,-2,3,99.000,,,0
ph_zero_8,29,-1,0,99.000,,,0
ph_zero_8,29,-1,1,99.000,,,0
ph_zero_8,29,-1,2,99.000,,,0
ph_zero_8,29,-1,3,99.000,,,0
ph_zero_8,30,0,0,29.972,0.8855,0.4048,0
ph_zero_8,30,0,1,28.294,0.8653,0.4060,0
ph_zero_8,30,0,2,27.249,0.8488,0.3977,0
ph_zero_8,30,0,3,26.318,0.8348,0.3932,0
ph_zero_8,31,1,0,25.753,0.8353,0.3952,0
ph_zero_8,31,1,1,24.253,0.8215,0.4023,0
ph_zero_8,31,1,2,23.482,0.8128,0.3900,0
ph_zero_8,31,1,3,21.859,0.7932,0.3880,0
ph_zero_8,32,2,0,20.508,0.7830,0.3950,0
ph_zero_8,32,2,1,21.523,0.7887,0.4072,0
ph_zero_8,32,2,2,20.965,0.7802,0.3985,0
ph_zero_8,32,2,3,20.058,0.7658,0.3939,0
ph_zero_8,33,3,0,19.297,0.7525,0.3973,0
ph_zero_8,33,3,1,20.006,0.7545,0.4134,0
ph_zero_8,33,3,2,19.683,0.7464,0.4064,0
ph_zero_8,33,3,3,18.625,0.7301,0.4012,0
ph_zero_8,34,4,0,17.628,0.7263,0.4052,0
ph_zero_8,34,4,1,17.843,0.7277,0.4201,0
ph_zero_8,34,4,2,17.839,0.7232,0.4052,0
ph_zero_8,34,4,3,16.705,0.7053,0.3993,0
ph_zero_8,35,5,0,16.477,0.7169,0.4064,0
ph_zero_8,35,5,1,16.325,0.7195,0.4191,0
ph_zero_8,35,5,2,16.556,0.7178,0.4045,0
ph_zero_8,35,5,3,16.482,0.7138,0.3999,0
ph_zero_8,36,6,0,16.713,0.7169,0.4020,0
ph_zero_8,36,6,1,17.326,0.7205,0.4144,0
ph_zero_8,36,6,2,17.431,0.7135,0.4026,0
ph_zero_8,36,6,3,17.334,0.7053,0.3985,0
ph_zero_8,37,7,0,17.411,0.7130,0.4066,0
ph_zero_8,37,7,1,17.699,0.7132,0.4161,0
ph_zero_8,37,7,2,17.359,0.7054,0.4073,0
ph_zero_8,37,7,3,17.196,0.6987,0.4049,0
ph_zero_8,38,8,0,19.570,0.7723,0.4292,0
ph_zero_8,38,8,1,20.131,0.7853,0.4377,0
ph_zero_8,38,8,2,20.391,0.7930,0.4307,0
ph_zero_8,38,8,3,20.563,0.7932,0.4322,0
ph_zero_8,39,9,0,20.731,0.8194,0.4287,0
ph_zero_8,39,9,1,19.172,0.8138,0.4301,0
ph_zero_8,39,9,2,18.586,0.8139,0.4292,0
ph_zero_8,39,9,3,18.885,0.8169,0.4208,0
ph_zero_8,40,10,0,18.781,0.8243,0.4202,0
ph_zero_8,40,10,1,20.850,0.8489,0.4014,0
ph_zero_8,40,10,2,21.391,0.8578,0.3910,0
ph_zero_8,40,10,3,21.264,0.8564,0.3957,0
ph_zero_8,41,11,0,22.958,0.8905,0.4006,0
ph_zero_8,41,11,1,24.145,0.9011,0.4138,0
ph_zero_8,41,11,2,24.394,0.9045,0.4128,0
ph_zero_8,41,11,3,24.787,0.9076,0.4157,0
ph_zero_8,42,12,0,25.614,0.9187,0.4200,0
ph_zero_8,42,12,1,26.931,0.9284,0.4246,0
ph_zero_8,42,12,2,27.858,0.9348,0.4203,0
ph_zero_8,42,12,3,28.163,0.9366,0.4204,0
ph_zero_8,43,13,0,29.431,0.9472,0.4229,0
ph_zero_8,43,13,1,30.353,0.9512,0.4278,0
ph_zero_8,43,13,2,31.106,0.9550,0.4213,0
ph_zero_8,43,13,3,31.645,0.9565,0.4213,0
ph_zero_8,44,14,0,32.880,0.9645,0.4223,0
ph_zero_8,44,14,1,34.065,0.9677,0.4278,0
ph_zero_8,44,14,2,35.065,0.9709,0.4228,0
ph_zero_8,44,14,3,35.372,0.9714,0.4228,0
ph_zero_8,45,15,0,36.472,0.9777,0.4265,0
ph_zero_8,45,15,1,37.015,0.9797,0.4290,0
ph_zero_8,45,15,2,36.958,0.9811,0.4256,0
ph_zero_8,45,15,3,36.664,0.9812,0.4241,0
ph_zero_8,46,16,0,37.821,0.9860,0.4213,0
ph_zero_8,46,16,1,37.873,0.9871,0.4239,0
ph_zero_8,46,16,2,38.028,0.9880,0.4195,0
ph_zero_8,46,16,3,37.810,0.9881,0.4164,0
ph_zero_8,47,17,0,39.570,0.9904,0.4122,0
ph_zero_8,47,17,1,40.142,0.9911,0.4159,0
ph_zero_8,47,17,2,40.838,0.9916,0.4119,0
ph_zero_8,47,17,3,41.143,0.9914,0.4126,0
ph_zero_8,48,18,0,42.125,0.9929,0.4107,0
ph_zero_8,48,18,1,42.597,0.9931,0.4146,0
ph_zero_8,48,18,2,42.824,0.9934,0.4151,0
ph_zero_8,48,18,3,43.170,0.9933,0.4112,0
ph_zero_8,49,19,0,43.432,0.9944,0.4146,0
ph_zero_8,49,19,1,44.262,0.9945,0.4153,0
ph_zero_8,49,19,2,44.582,0.9948,0.4200,0
ph_zero_8,49,19,3,44.548,0.9947,0.4136,0
ph_zero_8,50,20,0,45.007,0.9954,0.4150,0
ph_zero_8,50,20,1,45.224,0.9953,0.4158,0
ph_zero_8,50,20,2,45.169,0.9952,0.4196,0
ph_zero_8,50,20,3,45.009,0.9951,0.4157,0
ph_zero_8,51,21,0,45.670,0.9955,0.4146,0
ph_zero_8,51,21,1,45.658,0.9954,0.4141,0
ph_zero_8,51,21,2,45.354,0.9953,0.4180,0
ph_zero_8,51,21,3,45.438,0.9952,0.4073,0
ph_zero_8,52,22,0,45.584,0.9953,0.4090,0
ph_zero_8,52,22,1,45.194,0.9950,0.4089,0
ph_zero_8,52,22,2,44.553,0.9946,0.4124,0
ph_zero_8,52,22,3,44.058,0.9942,0.4047,0
ph_zero_8,53,23,0,44.455,0.9945,0.4060,0
ph_zero_8,53,23,1,44.396,0.9944,0.4070,0
ph_zero_8,53,23,2,43.902,0.9941,0.4129,0
ph_zero_8,53,23,3,43.316,0.9937,0.4053,0
ph_zero_8,54,24,0,43.528,0.9941,0.4030,0
ph_zero_8,54,24,1,43.594,0.9939,0.4055,0
ph_zero_8,54,24,2,43.936,0.9939,0.4147,0
ph_zero_8,54,24,3,43.861,0.9938,0.4055,0
ph_zero_8,55,25,0,44.217,0.9946,0.4111,0
ph_zero_8,55,25,1,43.908,0.9945,0.4161,0
ph_zero_8,55,25,2,43.942,0.9945,0.4261,0
ph_zero_8,55,25,3,42.491,0.9941,0.4141,0
ph_zero_8,56,26,0,43.600,0.9948,0.4211,0
ph_zero_8,56,26,1,44.269,0.9948,0.4214,0
ph_zero_8,56,26,2,44.052,0.9948,0.4268,0
ph_zero_8,56,26,3,44.038,0.9946,0.4173,0
ph_zero_8,57,27,0,43.950,0.9946,0.4223,0
ph_zero_8,57,27,1,43.103,0.9941,0.4205,0
ph_zero_8,57,27,2,43.142,0.9940,0.4272,0
ph_zero_8,57,27,3,42.589,0.9936,0.4165,0
ph_zero_8,58,28,0,42.420,0.9933,0.4214,0
ph_zero_8,58,28,1,41.942,0.9924,0.4234,0
ph_zero_8,58,28,2,41.958,0.9922,0.4293,0
ph_zero_8,58,28,3,41.599,0.9918,0.4201,0
ph_zero_8,59,29,0,41.665,0.9922,0.4261,0
ph_zero_8,59,29,1,41.073,0.9916,0.4273,0
ph_zero_8,59,29,2,40.038,0.9912,0.4336,0
ph_zero_8,59,29,3,39.150,0.9903,0.4333,0
ph_zero_8,60,30,0,39.503,0.9910,0.4175,0
ph_zero_8,60,30,1,38.677,0.9892,0.4228,0
ph_zero_8,60,30,2,39.992,0.9899,0.4068,0
ph_zero_8,60,30,3,39.472,0.9880,0.4034,0
ph_zero_8,61,31,0,42.900,0.9927,0.4109,0
ph_zero_8,61,31,1,43.442,0.9933,0.4073,0
ph_zero_8,61,31,2,43.396,0.9934,0.4164,0
ph_zero_8,61,31,3,43.321,0.9933,0.4136,0
ph_zero_8,62,32,0,43.808,0.9935,0.4193,0
ph_zero_8,62,32,1,43.438,0.9932,0.4221,0
ph_zero_8,62,32,2,43.092,0.9931,0.4239,0
ph_zero_8,62,32,3,42.666,0.9927,0.4157,0
ph_zero_8,63,33,0,43.082,0.9931,0.4204,0
ph_zero_8,63,33,1,42.507,0.9927,0.4252,0
ph_zero_8,63,33,2,42.051,0.9925,0.4303,0
ph_zero_8,63,33,3,42.152,0.9923,0.4213,0
ph_zero_8,64,34,0,43.108,0.9931,0.4234,0
ph_zero_8,64,34,1,43.224,0.9929,0.4223,0
ph_zero_8,64,34,2,43.117,0.9928,0.4269,0
ph_zero_8,64,34,3,43.026,0.9926,0.4200,0
ph_zero_8,65,35,0,44.276,0.9939,0.4232,0
ph_zero_8,65,35,1,44.208,0.9938,0.4242,0
ph_zero_8,65,35,2,44.040,0.9936,0.4270,0
ph_zero_8,65,35,3,43.874,0.9935,0.4219,0
ph_zero_8,66,36,0,44.109,0.9939,0.4235,0
ph_zero_8,66,36,1,43.867,0.9937,0.4216,0
ph_zero_8,66,36,2,43.835,0.9937,0.4251,0
ph_zero_8,66,36,3,43.666,0.9936,0.4204,0
ph_zero_8,67,37,0,43.638,0.9939,0.4193,0
ph_zero_8,67,37,1,43.936,0.9938,0.4160,0
ph_zero_8,67,37,2,43.765,0.9937,0.4185,0
ph_zero_8,67,37,3,43.832,0.9936,0.4137,0
ph_zero_8,68,38,0,44.385,0.9940,0.4153,0
ph_zero_8,68,38,1,44.323,0.9936,0.4154,0
ph_zero_8,68,38,2,44.164,0.9934,0.4191,0
ph_zero_8,68,38,3,43.887,0.9930,0.4199,0
ph_zero_8,69,39,0,43.706,0.9932,0.4156,0
ph_zero_8,69,39,1,43.425,0.9928,0.4190,0
ph_zero_8,69,39,2,43.260,0.9925,0.4207,0
ph_zero_8,69,39,3,42.963,0.9922,0.4243,0
ph_local_8,1,-29,0,99.000,,,0
ph_local_8,1,-29,1,99.000,,,0
ph_local_8,1,-29,2,99.000,,,0
ph_local_8,1,-29,3,99.000,,,0
ph_local_8,2,-28,0,99.000,,,0
ph_local_8,2,-28,1,99.000,,,0
ph_local_8,2,-28,2,99.000,,,0
ph_local_8,2,-28,3,99.000,,,0
ph_local_8,3,-27,0,99.000,,,0
ph_local_8,3,-27,1,99.000,,,0
ph_local_8,3,-27,2,99.000,,,0
ph_local_8,3,-27,3,99.000,,,0
ph_local_8,4,-26,0,99.000,,,0
ph_local_8,4,-26,1,99.000,,,0
ph_local_8,4,-26,2,99.000,,,0
ph_local_8,4,-26,3,99.000,,,0
ph_local_8,5,-25,0,99.000,,,0
ph_local_8,5,-25,1,99.000,,,0
ph_local_8,5,-25,2,99.000,,,0
ph_local_8,5,-25,3,99.000,,,0
ph_local_8,6,-24,0,99.000,,,0
ph_local_8,6,-24,1,99.000,,,0
ph_local_8,6,-24,2,99.000,,,0
ph_local_8,6,-24,3,99.000,,,0
ph_local_8,7,-23,0,99.000,,,0
ph_local_8,7,-23,1,99.000,,,0
ph_local_8,7,-23,2,99.000,,,0
ph_local_8,7,-23,3,99.000,,,0
ph_local_8,8,-22,0,99.000,,,0
ph_local_8,8,-22,1,99.000,,,0
ph_local_8,8,-22,2,99.000,,,0
ph_local_8,8,-22,3,99.000,,,0
ph_local_8,9,-21,0,99.000,,,0
ph_local_8,9,-21,1,99.000,,,0
ph_local_8,9,-21,2,99.000,,,0
ph_local_8,9,-21,3,99.000,,,0
ph_local_8,10,-20,0,99.000,,,0
ph_local_8,10,-20,1,99.000,,,0
ph_local_8,10,-20,2,99.000,,,0
ph_local_8,10,-20,3,99.000,,,0
ph_local_8,11,-19,0,99.000,,,0
ph_local_8,11,-19,1,99.000,,,0
ph_local_8,11,-19,2,99.000,,,0
ph_local_8,11,-19,3,99.000,,,0
ph_local_8,12,-18,0,99.000,,,0
ph_local_8,12,-18,1,99.000,,,0
ph_local_8,12,-18,2,99.000,,,0
ph_local_8,12,-18,3,99.000,,,0
ph_local_8,13,-17,0,99.000,,,0
ph_local_8,13,-17,1,99.000,,,0
ph_local_8,13,-17,2,99.000,,,0
ph_local_8,13,-17,3,99.000,,,0
ph_local_8,14,-16,0,99.000,,,0
ph_local_8,14,-16,1,99.000,,,0
ph_local_8,14,-16,2,99.000,,,0
ph_local_8,14,-16,3,99.000,,,0
ph_local_8,15,-15,0,99.000,,,0
ph_local_8,15,-15,1,99.000,,,0
ph_local_8,15,-15,2,99.000,,,0
ph_local_8,15,-15,3,99.000,,,0
ph_local_8,16,-14,0,99.000,,,0
ph_local_8,16,-14,1,99.000,,,0
ph_local_8,16,-14,2,99.000,,,0
ph_local_8,16,-14,3,99.000,,,0
ph_local_8,17,-13,0,99.000,,,0
ph_local_8,17,-13,1,99.000,,,0
ph_local_8,17,-13,2,99.000,,,0
ph_local_8,17,-13,3,99.000,,,0
ph_local_8,18,-12,0,99.000,,,0
ph_local_8,18,-12,1,99.000,,,0
ph_local_8,18,-12,2,99.000,,,0
ph_local_8,18,-12,3,99.000,,,0
ph_local_8,19,-11,0,99.000,,,0
ph_local_8,19,-11,1,99.000,,,0
ph_local_8,19,-11,2,99.000,,,0
ph_local_8,19,-11,3,99.000,,,0
ph_local_8,20,-10,0,99.000,,,0
ph_local_8,20,-10,1,99.000,,,0
ph_local_8,20,-10,2,99.000,,,0
ph_local_8,20,-10,3,99.000,,,0
ph_local_8,21,-9,0,99.000,,,0
ph_local_8,21,-9,1,99.000,,,0
ph_local_8,21,-9,2,99.000,,,0
ph_local_8,21,-9,3,99.000,,,0
ph_local_8,22,-8,0,99.000,,,0
ph_local_8,22,-8,1,99.000,,,0
ph_local_8,22,-8,2,99.000,,,0
ph_local_8,22,-8,3,99.000,,,0
ph_local_8,23,-7,0,99.000,,,0
ph_local_8,23,-7,1,99.000,,,0
ph_local_8,23,-7,2,99.000,,,0
ph_local_8,23,-7,3,99.000,,,0
ph_local_8,24,-6,0,99.000,,,0
ph_local_8,24,-6,1,99.000,,,0
ph_local_8,24,-6,2,99.000,,,0
ph_local_8,24,-6,3,99.000,,,0
ph_local_8,25,-5,0,99.000,,,0
ph_local_8,25,-5,1,99.000,,,0
ph_local_8,25,-5,2,99.000,,,0
ph_local_8,25,-5,3,99.000,,,0
ph_local_8,26,-4,0,99.000,,,0
ph_local_8,26,-4,1,99.000,,,0
ph_local_8,26,-4,2,99.000,,,0
ph_local_8,26,-4,3,99.000,,,0
ph_local_8,27,-3,0,99.000,,,0
ph_local_8,27,-3,1,99.000,,,0
ph_local_8,27,-3,2,99.000,,,0
ph_local_8,27,-3,3,99.000,,,0
ph_local_8,28,-2,0,99.000,,,0
ph_local_8,28,-2,1,99.000,,,0
ph_local_8,28,-2,2,99.000,,,0
ph_local_8,28,-2,3,99.000,,,0
ph_local_8,29,-1,0,99.000,,,0
ph_local_8,29,-1,1,99.000,,,0
ph_local_8,29,-1,2,99.000,,,0
ph_local_8,29,-1,3,99.000,,,0
ph_local_8,30,0,0,30.827,0.9058,0.4001,0
ph_local_8,30,0,1,29.273,0.8868,0.3998,0
ph_local_8,30,0,2,28.198,0.8690,0.3906,0
ph_local_8,30,0,3,27.270,0.8561,0.3871,0
ph_local_8,31,1,0,26.320,0.8501,0.3859,0
ph_local_8,31,1,1,24.023,0.8289,0.3929,0
ph_local_8,31,1,2,23.570,0.8213,0.3801,0
ph_local_8,31,1,3,22.197,0.8007,0.3781,0
ph_local_8,32,2,0,21.590,0.7947,0.3769,0
ph_local_8,32,2,1,21.796,0.7959,0.3875,0
ph_local_8,32,2,2,21.894,0.7928,0.3776,0
ph_local_8,32,2,3,22.064,0.7886,0.3760,0
ph_local_8,33,3,0,21.986,0.7929,0.3764,0
ph_local_8,33,3,1,21.826,0.7932,0.3875,0
ph_local_8,33,3,2,21.615,0.7865,0.3810,0
ph_local_8,33,3,3,21.589,0.7810,0.3797,0
ph_local_8,34,4,0,21.362,0.7808,0.3904,0
ph_local_8,34,4,1,21.373,0.7829,0.4015,0
ph_local_8,34,4,2,21.447,0.7812,0.3937,0
ph_local_8,34,4,3,21.536,0.7828,0.3962,0
ph_local_8,35,5,0,21.067,0.7862,0.4030,0
ph_local_8,35,5,1,21.332,0.7908,0.4160,0
ph_local_8,35,5,2,21.513,0.7932,0.4027,0
ph_local_8,35,5,3,21.539,0.7918,0.4025,0
ph_local_8,36,6,0,21.420,0.7856,0.4100,0
ph_local_8,36,6,1,21.727,0.7883,0.4173,0
ph_local_8,36,6,2,21.589,0.7846,0.4071,0
ph_local_8,36,6,3,21.119,0.7712,0.4055,0
ph_local_8,37,7,0,21.660,0.7811,0.4085,0
ph_local_8,37,7,1,21.497,0.7822,0.4182,0
ph_local_8,37,7,2,21.536,0.7788,0.4068,0
ph_local_8,37,7,3,21.194,0.7696,0.4029,0
ph_local_8,38,8,0,22.488,0.8233,0.4199,0
ph_local_8,38,8,1,23.122,0.8449,0.4332,0
ph_local_8,38,8,2,23.966,0.8615,0.4305,0
ph_local_8,38,8,3,24.283,0.8614,0.4324,0
ph_local_8,39,9,0,24.959,0.8865,0.4307,0
ph_local_8,39,9,1,25.608,0.8938,0.4374,0
ph_local_8,39,9,2,25.976,0.8985,0.4377,0
ph_local_8,39,9,3,25.979,0.8972,0.4273,0
ph_local_8,40,10,0,25.592,0.9021,0.4274,0
ph_local_8,40,10,1,27.670,0.9153,0.4025,0
ph_local_8,40,10,2,28.104,0.9223,0.3935,0
ph_local_8,40,10,3,28.250,0.9197,0.3980,0
ph_local_8,41,11,0,30.328,0.9422,0.4013,0
ph_local_8,41,11,1,31.166,0.9460,0.4146,0
ph_local_8,41,11,2,31.291,0.9475,0.4138,0
ph_local_8,41,11,3,31.767,0.9491,0.4165,0
ph_local_8,42,12,0,32.451,0.9565,0.4199,0
ph_local_8,42,12,1,33.361,0.9603,0.4246,0
ph_local_8,42,12,2,33.840,0.9627,0.4200,0
ph_local_8,42,12,3,34.087,0.9634,0.4195,0
ph_local_8,43,13,0,35.668,0.9718,0.4226,0
ph_local_8,43,13,1,36.100,0.9731,0.4276,0
ph_local_8,43,13,2,36.321,0.9748,0.4209,0
ph_local_8,43,13,3,36.640,0.9751,0.4212,0
ph_local_8,44,14,0,37.498,0.9792,0.4213,0
ph_local_8,44,14,1,38.027,0.9795,0.4268,0
ph_local_8,44,14,2,38.771,0.9801,0.4216,0
ph_local_8,44,14,3,38.799,0.9800,0.4215,0
ph_local_8,45,15,0,39.061,0.9835,0.4247,0
ph_local_8,45,15,1,38.917,0.9840,0.4273,0
ph_local_8,45,15,2,39.170,0.9847,0.4238,0
ph_local_8,45,15,3,39.147,0.9848,0.4225,0
ph_local_8,46,16,0,40.180,0.9893,0.4202,0
ph_local_8,46,16,1,40.248,0.9900,0.4228,0
ph_local_8,46,16,2,40.144,0.9906,0.4185,0
ph_local_8,46,16,3,39.757,0.9905,0.4155,0
ph_local_8,47,17,0,41.289,0.9925,0.4116,0
ph_local_8,47,17,1,41.961,0.9928,0.4155,0
ph_local_8,47,17,2,42.709,0.9931,0.4117,0
ph_local_8,47,17,3,43.071,0.9930,0.4126,0
ph_local_8,48,18,0,44.147,0.9944,0.4107,0
ph_local_8,48,18,1,44.357,0.9944,0.4146,0
ph_local_8,48,18,2,44.436,0.9945,0.4152,0
ph_local_8,48,18,3,44.412,0.9944,0.4112,0
ph_local_8,49,19,0,45.293,0.9953,0.4146,0
ph_local_8,49,19,1,45.180,0.9952,0.4154,0
ph_local_8,49,19,2,45.411,0.9952,0.4199,0
ph_local_8,49,19,3,45.182,0.9951,0.4137,0
ph_local_8,50,20,0,45.590,0.9956,0.4150,0
ph_local_8,50,20,1,45.750,0.9955,0.4157,0
ph_local_8,50,20,2,45.207,0.9953,0.4196,0
ph_local_8,50,20,3,45.169,0.9951,0.4156,0
ph_local_8,51,21,0,45.815,0.9956,0.4145,0
ph_local_8,51,21,1,45.896,0.9954,0.4139,0
ph_local_8,51,21,2,45.498,0.9953,0.4179,0
ph_local_8,51,21,3,45.320,0.9952,0.4074,0
ph_local_8,52,22,0,45.761,0.9955,0.4090,0
ph_local_8,52,22,1,45.152,0.9951,0.4090,0
ph_local_8,52,22,2,44.603,0.9947,0.4124,0
ph_local_8,52,22,3,44.349,0.9945,0.4047,0
ph_local_8,53,23,0,44.528,0.9945,0.4060,0
ph_local_8,53,23,1,44.344,0.9943,0.4069,0
ph_local_8,53,23,2,44.023,0.9941,0.4128,0
ph_local_8,53,23,3,43.447,0.9937,0.4052,0
ph_local_8,54,24,0,43.948,0.9941,0.4030,0
ph_local_8,54,24,1,44.075,0.9940,0.4054,0
ph_local_8,54,24,2,44.082,0.9939,0.4147,0
ph_local_8,54,24,3,43.945,0.9938,0.4056,0
ph_local_8,55,25,0,44.252,0.9947,0.4111,0
ph_local_8,55,25,1,43.967,0.9946,0.4162,0
ph_local_8,55,25,2,44.071,0.9946,0.4264,0
ph_local_8,55,25,3,42.648,0.9942,0.4143,0
ph_local_8,56,26,0,43.558,0.9948,0.4212,0
ph_local_8,56,26,1,44.103,0.9948,0.4214,0
ph_local_8,56,26,2,43.258,0.9945,0.4268,0
ph_local_8,56,26,3,43.310,0.9944,0.4173,0
ph_local_8,57,27,0,43.359,0.9943,0.4222,0
ph_local_8,57,27,1,42.843,0.9938,0.4204,0
ph_local_8,57,27,2,42.776,0.9938,0.4270,0
ph_local_8,57,27,3,42.029,0.9933,0.4163,0
ph_local_8,58,28,0,43.092,0.9934,0.4215,0
ph_local_8,58,28,1,42.924,0.9928,0.4235,0
ph_local_8,58,28,2,42.882,0.9925,0.4294,0
ph_local_8,58,28,3,42.519,0.9920,0.4200,0
ph_local_8,59,29,0,42.345,0.9925,0.4260,0
ph_local_8,59,29,1,42.283,0.9923,0.4273,0
ph_local_8,59,29,2,41.911,0.9920,0.4337,0
ph_local_8,59,29,3,41.073,0.9912,0.4334,0
ph_local_8,60,30,0,40.942,0.9917,0.4175,0
ph_local_8,60,30,1,40.043,0.9899,0.4228,0
ph_local_8,60,30,2,40.007,0.9899,0.4069,0
ph_local_8,60,30,3,39.506,0.9879,0.4036,0
ph_local_8,61,31,0,42.776,0.9927,0.4107,0
ph_local_8,61,31,1,43.383,0.9933,0.4071,0
ph_local_8,61,31,2,43.372,0.9933,0.4163,0
ph_local_8,61,31,3,43.423,0.9934,0.4134,0
ph_local_8,62,32,0,43.481,0.9934,0.4192,0
ph_local_8,62,32,1,43.062,0.9932,0.4221,0
ph_local_8,62,32,2,42.551,0.9929,0.4239,0
ph_local_8,62,32,3,42.033,0.9926,0.4159,0
ph_local_8,63,33,0,42.939,0.9930,0.4205,0
ph_local_8,63,33,1,42.557,0.9927,0.4251,0
ph_local_8,63,33,2,42.136,0.9925,0.4302,0
ph_local_8,63,33,3,42.306,0.9923,0.4213,0
ph_local_8,64,34,0,43.235,0.9932,0.4235,0
ph_local_8,64,34,1,43.296,0.9930,0.4224,0
ph_local_8,64,34,2,43.165,0.9928,0.4270,0
ph_local_8,64,34,3,43.012,0.9926,0.4200,0
ph_local_8,65,35,0,44.402,0.9940,0.4231,0
ph_local_8,65,35,1,44.516,0.9940,0.4240,0
ph_local_8,65,35,2,44.261,0.9938,0.4268,0
ph_local_8,65,35,3,44.046,0.9935,0.4218,0
ph_local_8,66,36,0,44.559,0.9941,0.4234,0
ph_local_8,66,36,1,44.223,0.9938,0.4216,0
ph_local_8,66,36,2,44.255,0.9937,0.4251,0
ph_local_8,66,36,3,44.297,0.9937,0.4203,0
ph_local_8,67,37,0,44.444,0.9941,0.4191,0
ph_local_8,67,37,1,44.050,0.9938,0.4158,0
ph_local_8,67,37,2,43.898,0.9936,0.4184,0
ph_local_8,67,37,3,43.700,0.9934,0.4136,0
ph_local_8,68,38,0,43.969,0.9938,0.4152,0
ph_local_8,68,38,1,44.147,0.9936,0.4154,0
ph_local_8,68,38,2,44.097,0.9934,0.4191,0
ph_local_8,68,38,3,43.802,0.9931,0.4198,0
ph_local_8,69,39,0,43.577,0.9932,0.4156,0
ph_local_8,69,39,1,43.275,0.9929,0.4191,0
ph_local_8,69,39,2,43.345,0.9927,0.4207,0
ph_local_8,69,39,3,43.054,0.9924,0.4244,0
ph_localrefresh,1,-29,0,99.000,,,0
ph_localrefresh,1,-29,1,99.000,,,0
ph_localrefresh,1,-29,2,99.000,,,0
ph_localrefresh,1,-29,3,99.000,,,0
ph_localrefresh,2,-28,0,99.000,,,0
ph_localrefresh,2,-28,1,99.000,,,0
ph_localrefresh,2,-28,2,99.000,,,0
ph_localrefresh,2,-28,3,99.000,,,0
ph_localrefresh,3,-27,0,99.000,,,0
ph_localrefresh,3,-27,1,99.000,,,0
ph_localrefresh,3,-27,2,99.000,,,0
ph_localrefresh,3,-27,3,99.000,,,0
ph_localrefresh,4,-26,0,99.000,,,0
ph_localrefresh,4,-26,1,99.000,,,0
ph_localrefresh,4,-26,2,99.000,,,0
ph_localrefresh,4,-26,3,99.000,,,0
ph_localrefresh,5,-25,0,99.000,,,0
ph_localrefresh,5,-25,1,99.000,,,0
ph_localrefresh,5,-25,2,99.000,,,0
ph_localrefresh,5,-25,3,99.000,,,0
ph_localrefresh,6,-24,0,99.000,,,0
ph_localrefresh,6,-24,1,99.000,,,0
ph_localrefresh,6,-24,2,99.000,,,0
ph_localrefresh,6,-24,3,99.000,,,0
ph_localrefresh,7,-23,0,99.000,,,0
ph_localrefresh,7,-23,1,99.000,,,0
ph_localrefresh,7,-23,2,99.000,,,0
ph_localrefresh,7,-23,3,99.000,,,0
ph_localrefresh,8,-22,0,99.000,,,0
ph_localrefresh,8,-22,1,99.000,,,0
ph_localrefresh,8,-22,2,99.000,,,0
ph_localrefresh,8,-22,3,99.000,,,0
ph_localrefresh,9,-21,0,99.000,,,0
ph_localrefresh,9,-21,1,99.000,,,0
ph_localrefresh,9,-21,2,99.000,,,0
ph_localrefresh,9,-21,3,99.000,,,0
ph_localrefresh,10,-20,0,99.000,,,0
ph_localrefresh,10,-20,1,99.000,,,0
ph_localrefresh,10,-20,2,99.000,,,0
ph_localrefresh,10,-20,3,99.000,,,0
ph_localrefresh,11,-19,0,99.000,,,0
ph_localrefresh,11,-19,1,99.000,,,0
ph_localrefresh,11,-19,2,99.000,,,0
ph_localrefresh,11,-19,3,99.000,,,0
ph_localrefresh,12,-18,0,99.000,,,0
ph_localrefresh,12,-18,1,99.000,,,0
ph_localrefresh,12,-18,2,99.000,,,0
ph_localrefresh,12,-18,3,99.000,,,0
ph_localrefresh,13,-17,0,99.000,,,0
ph_localrefresh,13,-17,1,99.000,,,0
ph_localrefresh,13,-17,2,99.000,,,0
ph_localrefresh,13,-17,3,99.000,,,0
ph_localrefresh,14,-16,0,99.000,,,0
ph_localrefresh,14,-16,1,99.000,,,0
ph_localrefresh,14,-16,2,99.000,,,0
ph_localrefresh,14,-16,3,99.000,,,0
ph_localrefresh,15,-15,0,99.000,,,0
ph_localrefresh,15,-15,1,99.000,,,0
ph_localrefresh,15,-15,2,99.000,,,0
ph_localrefresh,15,-15,3,99.000,,,0
ph_localrefresh,16,-14,0,99.000,,,0
ph_localrefresh,16,-14,1,99.000,,,0
ph_localrefresh,16,-14,2,99.000,,,0
ph_localrefresh,16,-14,3,99.000,,,0
ph_localrefresh,17,-13,0,99.000,,,0
ph_localrefresh,17,-13,1,99.000,,,0
ph_localrefresh,17,-13,2,99.000,,,0
ph_localrefresh,17,-13,3,99.000,,,0
ph_localrefresh,18,-12,0,99.000,,,0
ph_localrefresh,18,-12,1,99.000,,,0
ph_localrefresh,18,-12,2,99.000,,,0
ph_localrefresh,18,-12,3,99.000,,,0
ph_localrefresh,19,-11,0,99.000,,,0
ph_localrefresh,19,-11,1,99.000,,,0
ph_localrefresh,19,-11,2,99.000,,,0
ph_localrefresh,19,-11,3,99.000,,,0
ph_localrefresh,20,-10,0,99.000,,,0
ph_localrefresh,20,-10,1,99.000,,,0
ph_localrefresh,20,-10,2,99.000,,,0
ph_localrefresh,20,-10,3,99.000,,,0
ph_localrefresh,21,-9,0,99.000,,,0
ph_localrefresh,21,-9,1,99.000,,,0
ph_localrefresh,21,-9,2,99.000,,,0
ph_localrefresh,21,-9,3,99.000,,,0
ph_localrefresh,22,-8,0,99.000,,,0
ph_localrefresh,22,-8,1,99.000,,,0
ph_localrefresh,22,-8,2,99.000,,,0
ph_localrefresh,22,-8,3,99.000,,,0
ph_localrefresh,23,-7,0,99.000,,,0
ph_localrefresh,23,-7,1,99.000,,,0
ph_localrefresh,23,-7,2,99.000,,,0
ph_localrefresh,23,-7,3,99.000,,,0
ph_localrefresh,24,-6,0,99.000,,,0
ph_localrefresh,24,-6,1,99.000,,,0
ph_localrefresh,24,-6,2,99.000,,,0
ph_localrefresh,24,-6,3,99.000,,,0
ph_localrefresh,25,-5,0,99.000,,,0
ph_localrefresh,25,-5,1,99.000,,,0
ph_localrefresh,25,-5,2,99.000,,,0
ph_localrefresh,25,-5,3,99.000,,,0
ph_localrefresh,26,-4,0,99.000,,,0
ph_localrefresh,26,-4,1,99.000,,,0
ph_localrefresh,26,-4,2,99.000,,,0
ph_localrefresh,26,-4,3,99.000,,,0
ph_localrefresh,27,-3,0,99.000,,,0
ph_localrefresh,27,-3,1,99.000,,,0
ph_localrefresh,27,-3,2,99.000,,,0
ph_localrefresh,27,-3,3,99.000,,,0
ph_localrefresh,28,-2,0,99.000,,,0
ph_localrefresh,28,-2,1,99.000,,,0
ph_localrefresh,28,-2,2,99.000,,,0
ph_localrefresh,28,-2,3,99.000,,,0
ph_localrefresh,29,-1,0,99.000,,,0
ph_localrefresh,29,-1,1,99.000,,,0
ph_localrefresh,29,-1,2,99.000,,,0
ph_localrefresh,29,-1,3,99.000,,,0
ph_localrefresh,30,0,0,30.923,0.9000,0.4026,0
ph_localrefresh,30,0,1,28.888,0.8791,0.4030,0
ph_localrefresh,30,0,2,27.876,0.8613,0.3946,0
ph_localrefresh,30,0,3,26.897,0.8472,0.3908,0
ph_localrefresh,31,1,0,26.125,0.8476,0.3897,0
ph_localrefresh,31,1,1,24.773,0.8344,0.3960,0
ph_localrefresh,31,1,2,23.932,0.8253,0.3841,0
ph_localrefresh,31,1,3,22.602,0.8068,0.3816,0
ph_localrefresh,32,2,0,22.226,0.8080,0.3802,0
ph_localrefresh,32,2,1,22.486,0.8101,0.3897,0
ph_localrefresh,32,2,2,22.513,0.8083,0.3800,0
ph_localrefresh,32,2,3,22.412,0.8022,0.3782,0
ph_localrefresh,33,3,0,22.314,0.8023,0.3798,0
ph_localrefresh,33,3,1,22.185,0.8010,0.3916,0
ph_localrefresh,33,3,2,22.022,0.7943,0.3856,0
ph_localrefresh,33,3,3,21.976,0.7874,0.3843,0
ph_localrefresh,34,4,0,21.629,0.7851,0.3923,0
ph_localrefresh,34,4,1,21.387,0.7833,0.4064,0
ph_localrefresh,34,4,2,21.064,0.7786,0.3980,0
ph_localrefresh,34,4,3,21.049,0.7782,0.3992,0
ph_localrefresh,35,5,0,20.689,0.7891,0.4127,0
ph_localrefresh,35,5,1,19.868,0.7775,0.4280,0
ph_localrefresh,35,5,2,20.781,0.7938,0.4154,0
ph_localrefresh,35,5,3,20.702,0.7895,0.4148,0
ph_localrefresh,36,6,0,20.936,0.7947,0.4263,0
ph_localrefresh,36,6,1,20.731,0.7883,0.4350,0
ph_localrefresh,36,6,2,20.905,0.7922,0.4250,0
ph_localrefresh,36,6,3,20.485,0.7804,0.4220,0
ph_localrefresh,37,7,0,20.520,0.7881,0.4263,0
ph_localrefresh,37,7,1,20.430,0.7882,0.4373,0
ph_localrefresh,37,7,2,20.317,0.7818,0.4250,0
ph_localrefresh,37,7,3,20.342,0.7800,0.4216,0
ph_localrefresh,38,8,0,20.348,0.7902,0.4284,0
ph_localrefresh,38,8,1,20.370,0.7909,0.4345,0
ph_localrefresh,38,8,2,20.505,0.7917,0.4272,0
ph_localrefresh,38,8,3,20.574,0.7858,0.4258,0
ph_localrefresh,39,9,0,20.733,0.7987,0.4239,0
ph_localrefresh,39,9,1,20.980,0.8048,0.4315,0
ph_localrefresh,39,9,2,20.927,0.8012,0.4300,0
ph_localrefresh,39,9,3,20.860,0.7961,0.4164,0
ph_localrefresh,40,10,0,20.568,0.7981,0.4170,0
ph_localrefresh,40,10,1,20.693,0.7744,0.4107,0
ph_localrefresh,40,10,2,20.655,0.7792,0.4073,0
ph_localrefresh,40,10,3,20.220,0.7714,0.4058,0
ph_localrefresh,41,11,0,20.191,0.7772,0.4098,0
ph_localrefresh,41,11,1,19.945,0.7699,0.4200,0
ph_localrefresh,41,11,2,19.930,0.7665,0.4205,0
ph_localrefresh,41,11,3,19.994,0.7587,0.4235,0
ph_localrefresh,42,12,0,20.200,0.7656,0.4264,0
ph_localrefresh,42,12,1,20.376,0.7660,0.4318,0
ph_localrefresh,42,12,2,20.343,0.7648,0.4263,0
ph_localrefresh,42,12,3,20.064,0.7567,0.4253,0
ph_localrefresh,43,13,0,20.633,0.7713,0.4306,0
ph_localrefresh,43,13,1,20.812,0.7724,0.4379,0
ph_localrefresh,43,13,2,20.803,0.7711,0.4311,0
ph_localrefresh,43,13,3,20.659,0.7651,0.4300,0
ph_localrefresh,44,14,0,20.730,0.7681,0.4313,0
ph_localrefresh,44,14,1,20.683,0.7640,0.4368,0
ph_localrefresh,44,14,2,20.570,0.7586,0.4288,0
ph_localrefresh,44,14,3,20.439,0.7520,0.4262,0
ph_localrefresh,45,15,0,20.236,0.7519,0.4307,0
ph_localrefresh,45,15,1,19.928,0.7455,0.4334,0
ph_localrefresh,45,15,2,19.821,0.7392,0.4297,0
ph_localrefresh,45,15,3,19.681,0.7334,0.4281,0
ph_localrefresh,46,16,0,19.504,0.7510,0.4293,0
ph_localrefresh,46,16,1,19.354,0.7487,0.4344,0
ph_localrefresh,46,16,2,19.248,0.7452,0.4316,0
ph_localrefresh,46,16,3,18.990,0.7396,0.4267,0
ph_localrefresh,47,17,0,19.138,0.7538,0.4260,0
ph_localrefresh,47,17,1,19.022,0.7542,0.4295,0
ph_localrefresh,47,17,2,19.004,0.7538,0.4240,0
ph_localrefresh,47,17,3,18.908,0.7510,0.4221,0
ph_localrefresh,48,18,0,18.948,0.7619,0.4205,0
ph_localrefresh,48,18,1,19.616,0.7681,0.4276,0
ph_localrefresh,48,18,2,19.826,0.7694,0.4297,0
ph_localrefresh,48,18,3,19.702,0.7656,0.4254,0
ph_localrefresh,49,19,0,19.972,0.7730,0.4279,0
ph_localrefresh,49,19,1,20.095,0.7706,0.4286,0
ph_localrefresh,49,19,2,19.964,0.7663,0.4341,0
ph_localrefresh,49,19,3,19.787,0.7605,0.4297,0
ph_localrefresh,50,20,0,20.010,0.7654,0.4323,0
ph_localrefresh,50,20,1,20.216,0.7681,0.4338,0
ph_localrefresh,50,20,2,20.295,0.7655,0.4362,0
ph_localrefresh,50,20,3,20.305,0.7629,0.4326,0
ph_localrefresh,51,21,0,20.404,0.7702,0.4327,0
ph_localrefresh,51,21,1,20.641,0.7747,0.4323,0
ph_localrefresh,51,21,2,20.362,0.7705,0.4358,0
ph_localrefresh,51,21,3,20.438,0.7694,0.4216,0
ph_localrefresh,52,22,0,20.575,0.7800,0.4245,0
ph_localrefresh,52,22,1,20.275,0.7736,0.4266,0
ph_localrefresh,52,22,2,20.564,0.7744,0.4271,0
ph_localrefresh,52,22,3,20.585,0.7722,0.4160,0
ph_localrefresh,53,23,0,20.678,0.7818,0.4135,0
ph_localrefresh,53,23,1,20.457,0.7791,0.4174,0
ph_localrefresh,53,23,2,20.325,0.7760,0.4234,0
ph_localrefresh,53,23,3,20.364,0.7754,0.4115,0
ph_localrefresh,54,24,0,20.161,0.7814,0.4051,0
ph_localrefresh,54,24,1,20.343,0.7821,0.4154,0
ph_localrefresh,54,24,2,20.487,0.7871,0.4235,0
ph_localrefresh,54,24,3,20.134,0.7805,0.4103,0
ph_localrefresh,55,25,0,19.941,0.7897,0.4109,0
ph_localrefresh,55,25,1,20.589,0.7972,0.4188,0
ph_localrefresh,55,25,2,19.998,0.7861,0.4286,0
ph_localrefresh,55,25,3,20.100,0.7838,0.4115,0
ph_localrefresh,56,26,0,20.654,0.8003,0.4202,0
ph_localrefresh,56,26,1,21.257,0.8072,0.4222,0
ph_localrefresh,56,26,2,21.429,0.8047,0.4287,0
ph_localrefresh,56,26,3,20.832,0.7948,0.4147,0
ph_localrefresh,57,27,0,21.108,0.8008,0.4187,0
ph_localrefresh,57,27,1,21.590,0.8060,0.4202,0
ph_localrefresh,57,27,2,21.225,0.8007,0.4264,0
ph_localrefresh,57,27,3,20.994,0.7978,0.4134,0
ph_localrefresh,58,28,0,21.085,0.8074,0.4162,0
ph_localrefresh,58,28,1,20.813,0.8026,0.4204,0
ph_localrefresh,58,28,2,21.258,0.8097,0.4239,0
ph_localrefresh,58,28,3,21.509,0.8106,0.4118,0
ph_localrefresh,59,29,0,21.513,0.8163,0.4148,0
ph_localrefresh,59,29,1,21.564,0.8165,0.4156,0
ph_localrefresh,59,29,2,21.468,0.8139,0.4219,0
ph_localrefresh,59,29,3,21.406,0.8099,0.4197,0
ph_localrefresh,60,30,0,21.120,0.8100,0.4037,0
ph_localrefresh,60,30,1,21.408,0.8107,0.4088,0
ph_localrefresh,60,30,2,19.929,0.7801,0.4094,0
ph_localrefresh,60,30,3,19.791,0.7651,0.4007,0
ph_localrefresh,61,31,0,19.604,0.7737,0.4123,0
ph_localrefresh,61,31,1,19.640,0.7802,0.4087,0
ph_localrefresh,61,31,2,19.700,0.7805,0.4151,0
ph_localrefresh,61,31,3,19.589,0.7776,0.4117,0
ph_localrefresh,62,32,0,19.802,0.7804,0.4222,0
ph_localrefresh,62,32,1,20.027,0.7835,0.4268,0
ph_localrefresh,62,32,2,20.052,0.7829,0.4310,0
ph_localrefresh,62,32,3,19.945,0.7812,0.4225,0
ph_localrefresh,63,33,0,20.165,0.7840,0.4266,0
ph_localrefresh,63,33,1,20.410,0.7854,0.4322,0
ph_localrefresh,63,33,2,20.313,0.7831,0.4367,0
ph_localrefresh,63,33,3,19.838,0.7735,0.4285,0
ph_localrefresh,64,34,0,20.182,0.7812,0.4320,0
ph_localrefresh,64,34,1,20.548,0.7849,0.4327,0
ph_localrefresh,64,34,2,20.693,0.7831,0.4381,0
ph_localrefresh,64,34,3,20.697,0.7803,0.4302,0
ph_localrefresh,65,35,0,20.596,0.7789,0.4303,0
ph_localrefresh,65,35,1,20.738,0.7788,0.4307,0
ph_localrefresh,65,35,2,20.756,0.7736,0.4325,0
ph_localrefresh,65,35,3,20.584,0.7678,0.4274,0
ph_localrefresh,66,36,0,20.534,0.7698,0.4302,0
ph_localrefresh,66,36,1,20.867,0.7730,0.4309,0
ph_localrefresh,66,36,2,20.826,0.7686,0.4344,0
ph_localrefresh,66,36,3,20.689,0.7624,0.4289,0
ph_localrefresh,67,37,0,20.864,0.7701,0.4289,0
ph_localrefresh,67,37,1,20.767,0.7672,0.4269,0
ph_localrefresh,67,37,2,20.609,0.7639,0.4293,0
ph_localrefresh,67,37,3,20.226,0.7607,0.4243,0
ph_localrefresh,68,38,0,20.290,0.7636,0.4277,0
ph_localrefresh,68,38,1,20.353,0.7617,0.4271,0
ph_localrefresh,68,38,2,20.377,0.7602,0.4316,0
ph_localrefresh,68,38,3,20.387,0.7548,0.4331,0
ph_localrefresh,69,39,0,20.383,0.7596,0.4301,0
ph_localrefresh,69,39,1,20.265,0.7581,0.4324,0
ph_localrefresh,69,39,2,20.066,0.7538,0.4322,0
ph_localrefresh,69,39,3,20.219,0.7485,0.4340,0
