config,call,rel_call,frame,psnr,ssim,ssim_in,missing
repeat,3,-27,0,99.000,,,0
repeat,3,-27,1,99.000,,,0
repeat,3,-27,2,99.000,,,0
repeat,3,-27,3,99.000,,,0
repeat,4,-26,0,99.000,,,0
repeat,4,-26,1,99.000,,,0
repeat,4,-26,2,99.000,,,0
repeat,4,-26,3,99.000,,,0
repeat,5,-25,0,99.000,,,0
repeat,5,-25,1,99.000,,,0
repeat,5,-25,2,99.000,,,0
repeat,5,-25,3,99.000,,,0
repeat,6,-24,0,99.000,,,0
repeat,6,-24,1,99.000,,,0
repeat,6,-24,2,99.000,,,0
repeat,6,-24,3,99.000,,,0
repeat,7,-23,0,99.000,,,0
repeat,7,-23,1,99.000,,,0
repeat,7,-23,2,99.000,,,0
repeat,7,-23,3,99.000,,,0
repeat,8,-22,0,99.000,,,0
repeat,8,-22,1,99.000,,,0
repeat,8,-22,2,99.000,,,0
repeat,8,-22,3,99.000,,,0
repeat,9,-21,0,99.000,,,0
repeat,9,-21,1,99.000,,,0
repeat,9,-21,2,99.000,,,0
repeat,9,-21,3,99.000,,,0
repeat,10,-20,0,99.000,,,0
repeat,10,-20,1,99.000,,,0
repeat,10,-20,2,99.000,,,0
repeat,10,-20,3,99.000,,,0
repeat,11,-19,0,99.000,,,0
repeat,11,-19,1,99.000,,,0
repeat,11,-19,2,99.000,,,0
repeat,11,-19,3,99.000,,,0
repeat,12,-18,0,99.000,,,0
repeat,12,-18,1,99.000,,,0
repeat,12,-18,2,99.000,,,0
repeat,12,-18,3,99.000,,,0
repeat,13,-17,0,99.000,,,0
repeat,13,-17,1,99.000,,,0
repeat,13,-17,2,99.000,,,0
repeat,13,-17,3,99.000,,,0
repeat,14,-16,0,99.000,,,0
repeat,14,-16,1,99.000,,,0
repeat,14,-16,2,99.000,,,0
repeat,14,-16,3,99.000,,,0
repeat,15,-15,0,99.000,,,0
repeat,15,-15,1,99.000,,,0
repeat,15,-15,2,99.000,,,0
repeat,15,-15,3,99.000,,,0
repeat,16,-14,0,99.000,,,0
repeat,16,-14,1,99.000,,,0
repeat,16,-14,2,99.000,,,0
repeat,16,-14,3,99.000,,,0
repeat,17,-13,0,99.000,,,0
repeat,17,-13,1,99.000,,,0
repeat,17,-13,2,99.000,,,0
repeat,17,-13,3,99.000,,,0
repeat,18,-12,0,99.000,,,0
repeat,18,-12,1,99.000,,,0
repeat,18,-12,2,99.000,,,0
repeat,18,-12,3,99.000,,,0
repeat,19,-11,0,99.000,,,0
repeat,19,-11,1,99.000,,,0
repeat,19,-11,2,99.000,,,0
repeat,19,-11,3,99.000,,,0
repeat,20,-10,0,99.000,,,0
repeat,20,-10,1,99.000,,,0
repeat,20,-10,2,99.000,,,0
repeat,20,-10,3,99.000,,,0
repeat,21,-9,0,99.000,,,0
repeat,21,-9,1,99.000,,,0
repeat,21,-9,2,99.000,,,0
repeat,21,-9,3,99.000,,,0
repeat,22,-8,0,99.000,,,0
repeat,22,-8,1,99.000,,,0
repeat,22,-8,2,99.000,,,0
repeat,22,-8,3,99.000,,,0
repeat,23,-7,0,99.000,,,0
repeat,23,-7,1,99.000,,,0
repeat,23,-7,2,99.000,,,0
repeat,23,-7,3,99.000,,,0
repeat,24,-6,0,99.000,,,0
repeat,24,-6,1,99.000,,,0
repeat,24,-6,2,99.000,,,0
repeat,24,-6,3,99.000,,,0
repeat,25,-5,0,99.000,,,0
repeat,25,-5,1,99.000,,,0
repeat,25,-5,2,99.000,,,0
repeat,25,-5,3,99.000,,,0
repeat,26,-4,0,99.000,,,0
repeat,26,-4,1,99.000,,,0
repeat,26,-4,2,99.000,,,0
repeat,26,-4,3,99.000,,,0
repeat,27,-3,0,99.000,,,0
repeat,27,-3,1,99.000,,,0
repeat,27,-3,2,99.000,,,0
repeat,27,-3,3,99.000,,,0
repeat,28,-2,0,99.000,,,0
repeat,28,-2,1,99.000,,,0
repeat,28,-2,2,99.000,,,0
repeat,28,-2,3,99.000,,,0
repeat,29,-1,0,99.000,,,0
repeat,29,-1,1,99.000,,,0
repeat,29,-1,2,99.000,,,0
repeat,29,-1,3,99.000,,,0
repeat,30,0,0,99.000,1.0000,0.2161,0
repeat,30,0,1,99.000,1.0000,0.2260,0
repeat,30,0,2,99.000,1.0000,0.2319,0
repeat,30,0,3,99.000,1.0000,0.2404,0
repeat,31,1,0,99.000,1.0000,0.2306,0
repeat,31,1,1,99.000,1.0000,0.2356,0
repeat,31,1,2,99.000,1.0000,0.2203,0
repeat,31,1,3,99.000,1.0000,0.2166,0
repeat,32,2,0,99.000,1.0000,0.2063,0
repeat,32,2,1,99.000,1.0000,0.2023,0
repeat,32,2,2,99.000,1.0000,0.2086,0
repeat,32,2,3,99.000,1.0000,0.1957,0
repeat,33,3,0,99.000,1.0000,0.1929,0
repeat,33,3,1,99.000,1.0000,0.1975,0
repeat,33,3,2,99.000,1.0000,0.2095,0
repeat,33,3,3,99.000,1.0000,0.2011,0
repeat,34,4,0,99.000,1.0000,0.2006,0
repeat,34,4,1,99.000,1.0000,0.2323,0
repeat,34,4,2,99.000,1.0000,0.2382,0
repeat,34,4,3,99.000,1.0000,0.2231,0
repeat,35,5,0,99.000,1.0000,0.2107,0
repeat,35,5,1,99.000,1.0000,0.2434,0
repeat,35,5,2,99.000,1.0000,0.2416,0
repeat,35,5,3,99.000,1.0000,0.2296,0
repeat,36,6,0,99.000,1.0000,0.2071,0
repeat,36,6,1,99.000,1.0000,0.2173,0
repeat,36,6,2,99.000,1.0000,0.2205,0
repeat,36,6,3,99.000,1.0000,0.2131,0
repeat,37,7,0,99.000,1.0000,0.2080,0
repeat,37,7,1,99.000,1.0000,0.2261,0
repeat,37,7,2,99.000,1.0000,0.2270,0
repeat,37,7,3,99.000,1.0000,0.2174,0
repeat,38,8,0,99.000,1.0000,0.2142,0
repeat,38,8,1,99.000,1.0000,0.2277,0
repeat,38,8,2,99.000,1.0000,0.2375,0
repeat,38,8,3,99.000,1.0000,0.2294,0
repeat,39,9,0,99.000,1.0000,0.2286,0
repeat,39,9,1,99.000,1.0000,0.2348,0
repeat,39,9,2,99.000,1.0000,0.2430,0
repeat,39,9,3,99.000,1.0000,0.2506,0
repeat,40,10,0,99.000,1.0000,0.2589,0
repeat,40,10,1,99.000,1.0000,0.2640,0
repeat,40,10,2,99.000,1.0000,0.2786,0
repeat,40,10,3,99.000,1.0000,0.2948,0
repeat,41,11,0,99.000,1.0000,0.2719,0
repeat,41,11,1,99.000,1.0000,0.2687,0
repeat,41,11,2,99.000,1.0000,0.2586,0
repeat,41,11,3,99.000,1.0000,0.2477,0
repeat,42,12,0,99.000,1.0000,0.2281,0
repeat,42,12,1,99.000,1.0000,0.2331,0
repeat,42,12,2,99.000,1.0000,0.2306,0
repeat,42,12,3,99.000,1.0000,0.2264,0
repeat,43,13,0,99.000,1.0000,0.2159,0
repeat,43,13,1,99.000,1.0000,0.2412,0
repeat,43,13,2,99.000,1.0000,0.2435,0
repeat,43,13,3,99.000,1.0000,0.2449,0
repeat,44,14,0,99.000,1.0000,0.2385,0
repeat,44,14,1,99.000,1.0000,0.2437,0
repeat,44,14,2,99.000,1.0000,0.2501,0
repeat,44,14,3,99.000,1.0000,0.2385,0
repeat,45,15,0,99.000,1.0000,0.2352,0
repeat,45,15,1,99.000,1.0000,0.2445,0
repeat,45,15,2,99.000,1.0000,0.2507,0
repeat,45,15,3,99.000,1.0000,0.2572,0
repeat,46,16,0,99.000,1.0000,0.2612,0
repeat,46,16,1,99.000,1.0000,0.2757,0
repeat,46,16,2,99.000,1.0000,0.2753,0
repeat,46,16,3,99.000,1.0000,0.2757,0
repeat,47,17,0,99.000,1.0000,0.2707,0
repeat,47,17,1,99.000,1.0000,0.2624,0
repeat,47,17,2,99.000,1.0000,0.2582,0
repeat,47,17,3,99.000,1.0000,0.2611,0
repeat,48,18,0,99.000,1.0000,0.2516,0
repeat,48,18,1,99.000,1.0000,0.2528,0
repeat,48,18,2,99.000,1.0000,0.2450,0
repeat,48,18,3,99.000,1.0000,0.2407,0
repeat,49,19,0,99.000,1.0000,0.2217,0
repeat,49,19,1,99.000,1.0000,0.2320,0
repeat,49,19,2,99.000,1.0000,0.2306,0
repeat,49,19,3,99.000,1.0000,0.2342,0
repeat,50,20,0,99.000,1.0000,0.2157,0
repeat,50,20,1,99.000,1.0000,0.2161,0
repeat,50,20,2,99.000,1.0000,0.2137,0
repeat,50,20,3,99.000,1.0000,0.2136,0
repeat,51,21,0,99.000,1.0000,0.2048,0
repeat,51,21,1,99.000,1.0000,0.2107,0
repeat,51,21,2,99.000,1.0000,0.2087,0
repeat,51,21,3,99.000,1.0000,0.2050,0
repeat,52,22,0,99.000,1.0000,0.2067,0
repeat,52,22,1,99.000,1.0000,0.2189,0
repeat,52,22,2,99.000,1.0000,0.2252,0
repeat,52,22,3,99.000,1.0000,0.2253,0
repeat,53,23,0,99.000,1.0000,0.2287,0
repeat,53,23,1,99.000,1.0000,0.2386,0
repeat,53,23,2,99.000,1.0000,0.2406,0
repeat,53,23,3,99.000,1.0000,0.2362,0
repeat,54,24,0,99.000,1.0000,0.2318,0
repeat,54,24,1,99.000,1.0000,0.2443,0
repeat,54,24,2,99.000,1.0000,0.2474,0
repeat,54,24,3,99.000,1.0000,0.2423,0
repeat,55,25,0,99.000,1.0000,0.2328,0
repeat,55,25,1,99.000,1.0000,0.2365,0
repeat,55,25,2,99.000,1.0000,0.2322,0
repeat,55,25,3,99.000,1.0000,0.2284,0
repeat,56,26,0,99.000,1.0000,0.2137,0
repeat,56,26,1,99.000,1.0000,0.2213,0
repeat,56,26,2,99.000,1.0000,0.2238,0
repeat,56,26,3,99.000,1.0000,0.2152,0
repeat,57,27,0,99.000,1.0000,0.2107,0
repeat,57,27,1,99.000,1.0000,0.2139,0
repeat,57,27,2,99.000,1.0000,0.2243,0
repeat,57,27,3,99.000,1.0000,0.2301,0
repeat,58,28,0,99.000,1.0000,0.2305,0
repeat,58,28,1,99.000,1.0000,0.2370,0
repeat,58,28,2,99.000,1.0000,0.2390,0
repeat,58,28,3,99.000,1.0000,0.2407,0
repeat,59,29,0,99.000,1.0000,0.2364,0
repeat,59,29,1,99.000,1.0000,0.2382,0
repeat,59,29,2,99.000,1.0000,0.2340,0
repeat,59,29,3,99.000,1.0000,0.2263,0
repeat,60,30,0,99.000,1.0000,0.2250,0
repeat,60,30,1,99.000,1.0000,0.2401,0
repeat,60,30,2,99.000,1.0000,0.2523,0
repeat,60,30,3,99.000,1.0000,0.2546,0
repeat,61,31,0,99.000,1.0000,0.2514,0
repeat,61,31,1,99.000,1.0000,0.2523,0
repeat,61,31,2,99.000,1.0000,0.2604,0
repeat,61,31,3,99.000,1.0000,0.2596,0
repeat,62,32,0,99.000,1.0000,0.2518,0
repeat,62,32,1,99.000,1.0000,0.2570,0
repeat,62,32,2,99.000,1.0000,0.2618,0
repeat,62,32,3,99.000,1.0000,0.2546,0
repeat,63,33,0,99.000,1.0000,0.2413,0
repeat,63,33,1,99.000,1.0000,0.2470,0
repeat,63,33,2,99.000,1.0000,0.2490,0
repeat,63,33,3,99.000,1.0000,0.2470,0
repeat,64,34,0,99.000,1.0000,0.2228,0
repeat,64,34,1,99.000,1.0000,0.2202,0
repeat,64,34,2,99.000,1.0000,0.2767,0
repeat,64,34,3,99.000,1.0000,0.2715,0
repeat,65,35,0,99.000,1.0000,0.2526,0
repeat,65,35,1,99.000,1.0000,0.2566,0
repeat,65,35,2,99.000,1.0000,0.2715,0
repeat,65,35,3,99.000,1.0000,0.2671,0
repeat,66,36,0,99.000,1.0000,0.2509,0
repeat,66,36,1,99.000,1.0000,0.2678,0
repeat,66,36,2,99.000,1.0000,0.2642,0
repeat,66,36,3,99.000,1.0000,0.2545,0
repeat,67,37,0,99.000,1.0000,0.2509,0
repeat,67,37,1,99.000,1.0000,0.2609,0
repeat,67,37,2,99.000,1.0000,0.2638,0
repeat,67,37,3,99.000,1.0000,0.2685,0
repeat,68,38,0,99.000,1.0000,0.2609,0
repeat,68,38,1,99.000,1.0000,0.2646,0
repeat,68,38,2,99.000,1.0000,0.2700,0
repeat,68,38,3,99.000,1.0000,0.2702,0
repeat,69,39,0,99.000,1.0000,0.2501,0
repeat,69,39,1,99.000,1.0000,0.2643,0
repeat,69,39,2,99.000,1.0000,0.2646,0
repeat,69,39,3,99.000,1.0000,0.2641,0
xfer_sink+meta+inflight,3,-27,0,99.000,,,0
xfer_sink+meta+inflight,3,-27,1,99.000,,,0
xfer_sink+meta+inflight,3,-27,2,99.000,,,0
xfer_sink+meta+inflight,3,-27,3,99.000,,,0
xfer_sink+meta+inflight,4,-26,0,99.000,,,0
xfer_sink+meta+inflight,4,-26,1,99.000,,,0
xfer_sink+meta+inflight,4,-26,2,99.000,,,0
xfer_sink+meta+inflight,4,-26,3,99.000,,,0
xfer_sink+meta+inflight,5,-25,0,99.000,,,0
xfer_sink+meta+inflight,5,-25,1,99.000,,,0
xfer_sink+meta+inflight,5,-25,2,99.000,,,0
xfer_sink+meta+inflight,5,-25,3,99.000,,,0
xfer_sink+meta+inflight,6,-24,0,99.000,,,0
xfer_sink+meta+inflight,6,-24,1,99.000,,,0
xfer_sink+meta+inflight,6,-24,2,99.000,,,0
xfer_sink+meta+inflight,6,-24,3,99.000,,,0
xfer_sink+meta+inflight,7,-23,0,99.000,,,0
xfer_sink+meta+inflight,7,-23,1,99.000,,,0
xfer_sink+meta+inflight,7,-23,2,99.000,,,0
xfer_sink+meta+inflight,7,-23,3,99.000,,,0
xfer_sink+meta+inflight,8,-22,0,99.000,,,0
xfer_sink+meta+inflight,8,-22,1,99.000,,,0
xfer_sink+meta+inflight,8,-22,2,99.000,,,0
xfer_sink+meta+inflight,8,-22,3,99.000,,,0
xfer_sink+meta+inflight,9,-21,0,99.000,,,0
xfer_sink+meta+inflight,9,-21,1,99.000,,,0
xfer_sink+meta+inflight,9,-21,2,99.000,,,0
xfer_sink+meta+inflight,9,-21,3,99.000,,,0
xfer_sink+meta+inflight,10,-20,0,99.000,,,0
xfer_sink+meta+inflight,10,-20,1,99.000,,,0
xfer_sink+meta+inflight,10,-20,2,99.000,,,0
xfer_sink+meta+inflight,10,-20,3,99.000,,,0
xfer_sink+meta+inflight,11,-19,0,99.000,,,0
xfer_sink+meta+inflight,11,-19,1,99.000,,,0
xfer_sink+meta+inflight,11,-19,2,99.000,,,0
xfer_sink+meta+inflight,11,-19,3,99.000,,,0
xfer_sink+meta+inflight,12,-18,0,99.000,,,0
xfer_sink+meta+inflight,12,-18,1,99.000,,,0
xfer_sink+meta+inflight,12,-18,2,99.000,,,0
xfer_sink+meta+inflight,12,-18,3,99.000,,,0
xfer_sink+meta+inflight,13,-17,0,99.000,,,0
xfer_sink+meta+inflight,13,-17,1,99.000,,,0
xfer_sink+meta+inflight,13,-17,2,99.000,,,0
xfer_sink+meta+inflight,13,-17,3,99.000,,,0
xfer_sink+meta+inflight,14,-16,0,99.000,,,0
xfer_sink+meta+inflight,14,-16,1,99.000,,,0
xfer_sink+meta+inflight,14,-16,2,99.000,,,0
xfer_sink+meta+inflight,14,-16,3,99.000,,,0
xfer_sink+meta+inflight,15,-15,0,99.000,,,0
xfer_sink+meta+inflight,15,-15,1,99.000,,,0
xfer_sink+meta+inflight,15,-15,2,99.000,,,0
xfer_sink+meta+inflight,15,-15,3,99.000,,,0
xfer_sink+meta+inflight,16,-14,0,99.000,,,0
xfer_sink+meta+inflight,16,-14,1,99.000,,,0
xfer_sink+meta+inflight,16,-14,2,99.000,,,0
xfer_sink+meta+inflight,16,-14,3,99.000,,,0
xfer_sink+meta+inflight,17,-13,0,99.000,,,0
xfer_sink+meta+inflight,17,-13,1,99.000,,,0
xfer_sink+meta+inflight,17,-13,2,99.000,,,0
xfer_sink+meta+inflight,17,-13,3,99.000,,,0
xfer_sink+meta+inflight,18,-12,0,99.000,,,0
xfer_sink+meta+inflight,18,-12,1,99.000,,,0
xfer_sink+meta+inflight,18,-12,2,99.000,,,0
xfer_sink+meta+inflight,18,-12,3,99.000,,,0
xfer_sink+meta+inflight,19,-11,0,99.000,,,0
xfer_sink+meta+inflight,19,-11,1,99.000,,,0
xfer_sink+meta+inflight,19,-11,2,99.000,,,0
xfer_sink+meta+inflight,19,-11,3,99.000,,,0
xfer_sink+meta+inflight,20,-10,0,99.000,,,0
xfer_sink+meta+inflight,20,-10,1,99.000,,,0
xfer_sink+meta+inflight,20,-10,2,99.000,,,0
xfer_sink+meta+inflight,20,-10,3,99.000,,,0
xfer_sink+meta+inflight,21,-9,0,99.000,,,0
xfer_sink+meta+inflight,21,-9,1,99.000,,,0
xfer_sink+meta+inflight,21,-9,2,99.000,,,0
xfer_sink+meta+inflight,21,-9,3,99.000,,,0
xfer_sink+meta+inflight,22,-8,0,99.000,,,0
xfer_sink+meta+inflight,22,-8,1,99.000,,,0
xfer_sink+meta+inflight,22,-8,2,99.000,,,0
xfer_sink+meta+inflight,22,-8,3,99.000,,,0
xfer_sink+meta+inflight,23,-7,0,99.000,,,0
xfer_sink+meta+inflight,23,-7,1,99.000,,,0
xfer_sink+meta+inflight,23,-7,2,99.000,,,0
xfer_sink+meta+inflight,23,-7,3,99.000,,,0
xfer_sink+meta+inflight,24,-6,0,99.000,,,0
xfer_sink+meta+inflight,24,-6,1,99.000,,,0
xfer_sink+meta+inflight,24,-6,2,99.000,,,0
xfer_sink+meta+inflight,24,-6,3,99.000,,,0
xfer_sink+meta+inflight,25,-5,0,99.000,,,0
xfer_sink+meta+inflight,25,-5,1,99.000,,,0
xfer_sink+meta+inflight,25,-5,2,99.000,,,0
xfer_sink+meta+inflight,25,-5,3,99.000,,,0
xfer_sink+meta+inflight,26,-4,0,99.000,,,0
xfer_sink+meta+inflight,26,-4,1,99.000,,,0
xfer_sink+meta+inflight,26,-4,2,99.000,,,0
xfer_sink+meta+inflight,26,-4,3,99.000,,,0
xfer_sink+meta+inflight,27,-3,0,99.000,,,0
xfer_sink+meta+inflight,27,-3,1,99.000,,,0
xfer_sink+meta+inflight,27,-3,2,99.000,,,0
xfer_sink+meta+inflight,27,-3,3,99.000,,,0
xfer_sink+meta+inflight,28,-2,0,99.000,,,0
xfer_sink+meta+inflight,28,-2,1,99.000,,,0
xfer_sink+meta+inflight,28,-2,2,99.000,,,0
xfer_sink+meta+inflight,28,-2,3,99.000,,,0
xfer_sink+meta+inflight,29,-1,0,99.000,,,0
xfer_sink+meta+inflight,29,-1,1,99.000,,,0
xfer_sink+meta+inflight,29,-1,2,99.000,,,0
xfer_sink+meta+inflight,29,-1,3,99.000,,,0
xfer_sink+meta+inflight,30,0,0,17.666,0.2370,0.6043,0
xfer_sink+meta+inflight,30,0,1,19.172,0.2862,0.6266,0
xfer_sink+meta+inflight,30,0,2,22.174,0.4252,0.5019,0
xfer_sink+meta+inflight,30,0,3,24.257,0.5435,0.4058,0
xfer_sink+meta+inflight,31,1,0,23.928,0.8360,0.1787,0
xfer_sink+meta+inflight,31,1,1,25.879,0.8966,0.2000,0
xfer_sink+meta+inflight,31,1,2,26.873,0.9110,0.1844,0
xfer_sink+meta+inflight,31,1,3,27.233,0.8969,0.2240,0
xfer_sink+meta+inflight,32,2,0,25.359,0.9004,0.2022,0
xfer_sink+meta+inflight,32,2,1,23.096,0.8936,0.2100,0
xfer_sink+meta+inflight,32,2,2,21.603,0.7777,0.3232,0
xfer_sink+meta+inflight,32,2,3,23.033,0.7918,0.3129,0
xfer_sink+meta+inflight,33,3,0,22.396,0.8640,0.2252,0
xfer_sink+meta+inflight,33,3,1,18.177,0.6002,0.4201,0
xfer_sink+meta+inflight,33,3,2,19.422,0.7192,0.3445,0
xfer_sink+meta+inflight,33,3,3,19.264,0.7336,0.3195,0
xfer_sink+meta+inflight,34,4,0,20.544,0.7102,0.3488,0
xfer_sink+meta+inflight,34,4,1,20.140,0.8267,0.2741,0
xfer_sink+meta+inflight,34,4,2,21.726,0.8274,0.2889,0
xfer_sink+meta+inflight,34,4,3,20.294,0.8110,0.2920,0
xfer_sink+meta+inflight,35,5,0,20.972,0.8162,0.2777,0
xfer_sink+meta+inflight,35,5,1,22.584,0.8630,0.2880,0
xfer_sink+meta+inflight,35,5,2,23.552,0.8663,0.2956,0
xfer_sink+meta+inflight,35,5,3,23.876,0.8641,0.2957,0
xfer_sink+meta+inflight,36,6,0,24.772,0.8941,0.2493,0
xfer_sink+meta+inflight,36,6,1,25.201,0.9158,0.2461,0
xfer_sink+meta+inflight,36,6,2,25.590,0.9196,0.2461,0
xfer_sink+meta+inflight,36,6,3,25.377,0.9178,0.2376,0
xfer_sink+meta+inflight,37,7,0,26.165,0.9330,0.2232,0
xfer_sink+meta+inflight,37,7,1,25.938,0.9367,0.2366,0
xfer_sink+meta+inflight,37,7,2,26.195,0.9402,0.2351,0
xfer_sink+meta+inflight,37,7,3,26.637,0.9427,0.2247,0
xfer_sink+meta+inflight,38,8,0,27.388,0.9502,0.2158,0
xfer_sink+meta+inflight,38,8,1,27.265,0.9515,0.2265,0
xfer_sink+meta+inflight,38,8,2,27.378,0.9542,0.2353,0
xfer_sink+meta+inflight,38,8,3,27.371,0.9533,0.2264,0
xfer_sink+meta+inflight,39,9,0,28.053,0.9578,0.2213,0
xfer_sink+meta+inflight,39,9,1,28.146,0.9601,0.2254,0
xfer_sink+meta+inflight,39,9,2,28.305,0.9614,0.2337,0
xfer_sink+meta+inflight,39,9,3,28.823,0.9628,0.2415,0
xfer_sink+meta+inflight,40,10,0,30.336,0.9690,0.2496,0
xfer_sink+meta+inflight,40,10,1,31.281,0.9736,0.2555,0
xfer_sink+meta+inflight,40,10,2,32.249,0.9760,0.2726,0
xfer_sink+meta+inflight,40,10,3,32.807,0.9762,0.2890,0
xfer_sink+meta+inflight,41,11,0,33.507,0.9805,0.2655,0
xfer_sink+meta+inflight,41,11,1,34.671,0.9834,0.2639,0
xfer_sink+meta+inflight,41,11,2,35.360,0.9849,0.2559,0
xfer_sink+meta+inflight,41,11,3,35.006,0.9847,0.2464,0
xfer_sink+meta+inflight,42,12,0,36.198,0.9882,0.2261,0
xfer_sink+meta+inflight,42,12,1,35.910,0.9886,0.2316,0
xfer_sink+meta+inflight,42,12,2,36.153,0.9892,0.2296,0
xfer_sink+meta+inflight,42,12,3,36.025,0.9892,0.2260,0
xfer_sink+meta+inflight,43,13,0,36.842,0.9900,0.2142,0
xfer_sink+meta+inflight,43,13,1,36.475,0.9900,0.2401,0
xfer_sink+meta+inflight,43,13,2,36.590,0.9900,0.2430,0
xfer_sink+meta+inflight,43,13,3,35.249,0.9888,0.2447,0
xfer_sink+meta+inflight,44,14,0,35.111,0.9886,0.2379,0
xfer_sink+meta+inflight,44,14,1,38.924,0.9924,0.2432,0
xfer_sink+meta+inflight,44,14,2,39.013,0.9925,0.2495,0
xfer_sink+meta+inflight,44,14,3,38.650,0.9922,0.2377,0
xfer_sink+meta+inflight,45,15,0,39.993,0.9933,0.2348,0
xfer_sink+meta+inflight,45,15,1,41.436,0.9942,0.2442,0
xfer_sink+meta+inflight,45,15,2,42.230,0.9949,0.2513,0
xfer_sink+meta+inflight,45,15,3,42.079,0.9946,0.2574,0
xfer_sink+meta+inflight,46,16,0,41.849,0.9948,0.2608,0
xfer_sink+meta+inflight,46,16,1,41.035,0.9942,0.2759,0
xfer_sink+meta+inflight,46,16,2,41.562,0.9944,0.2761,0
xfer_sink+meta+inflight,46,16,3,40.378,0.9932,0.2760,0
xfer_sink+meta+inflight,47,17,0,42.292,0.9950,0.2708,0
xfer_sink+meta+inflight,47,17,1,40.084,0.9940,0.2619,0
xfer_sink+meta+inflight,47,17,2,42.227,0.9950,0.2583,0
xfer_sink+meta+inflight,47,17,3,41.253,0.9945,0.2613,0
xfer_sink+meta+inflight,48,18,0,43.584,0.9958,0.2511,0
xfer_sink+meta+inflight,48,18,1,43.533,0.9954,0.2525,0
xfer_sink+meta+inflight,48,18,2,42.895,0.9954,0.2447,0
xfer_sink+meta+inflight,48,18,3,42.733,0.9949,0.2404,0
xfer_sink+meta+inflight,49,19,0,44.027,0.9957,0.2211,0
xfer_sink+meta+inflight,49,19,1,44.129,0.9957,0.2317,0
xfer_sink+meta+inflight,49,19,2,44.581,0.9962,0.2304,0
xfer_sink+meta+inflight,49,19,3,42.828,0.9953,0.2341,0
xfer_sink+meta+inflight,50,20,0,43.919,0.9963,0.2150,0
xfer_sink+meta+inflight,50,20,1,43.637,0.9965,0.2151,0
xfer_sink+meta+inflight,50,20,2,43.652,0.9965,0.2132,0
xfer_sink+meta+inflight,50,20,3,40.221,0.9952,0.2130,0
xfer_sink+meta+inflight,51,21,0,40.996,0.9957,0.2040,0
xfer_sink+meta+inflight,51,21,1,41.447,0.9958,0.2102,0
xfer_sink+meta+inflight,51,21,2,42.578,0.9963,0.2081,0
xfer_sink+meta+inflight,51,21,3,41.959,0.9960,0.2042,0
xfer_sink+meta+inflight,52,22,0,40.478,0.9956,0.2059,0
xfer_sink+meta+inflight,52,22,1,43.937,0.9964,0.2179,0
xfer_sink+meta+inflight,52,22,2,43.170,0.9963,0.2248,0
xfer_sink+meta+inflight,52,22,3,41.283,0.9959,0.2244,0
xfer_sink+meta+inflight,53,23,0,39.963,0.9955,0.2284,0
xfer_sink+meta+inflight,53,23,1,39.105,0.9939,0.2390,0
xfer_sink+meta+inflight,53,23,2,41.361,0.9956,0.2402,0
xfer_sink+meta+inflight,53,23,3,43.432,0.9959,0.2355,0
xfer_sink+meta+inflight,54,24,0,44.781,0.9966,0.2320,0
xfer_sink+meta+inflight,54,24,1,45.152,0.9966,0.2444,0
xfer_sink+meta+inflight,54,24,2,43.200,0.9960,0.2478,0
xfer_sink+meta+inflight,54,24,3,43.569,0.9955,0.2428,0
xfer_sink+meta+inflight,55,25,0,40.836,0.9950,0.2326,0
xfer_sink+meta+inflight,55,25,1,41.228,0.9951,0.2362,0
xfer_sink+meta+inflight,55,25,2,42.125,0.9954,0.2321,0
xfer_sink+meta+inflight,55,25,3,42.142,0.9954,0.2284,0
xfer_sink+meta+inflight,56,26,0,41.183,0.9953,0.2131,0
xfer_sink+meta+inflight,56,26,1,40.550,0.9949,0.2205,0
xfer_sink+meta+inflight,56,26,2,40.460,0.9950,0.2234,0
xfer_sink+meta+inflight,56,26,3,39.594,0.9944,0.2144,0
xfer_sink+meta+inflight,57,27,0,40.907,0.9944,0.2099,0
xfer_sink+meta+inflight,57,27,1,38.003,0.9942,0.2133,0
xfer_sink+meta+inflight,57,27,2,40.036,0.9951,0.2241,0
xfer_sink+meta+inflight,57,27,3,41.290,0.9951,0.2302,0
xfer_sink+meta+inflight,58,28,0,41.732,0.9955,0.2297,0
xfer_sink+meta+inflight,58,28,1,41.483,0.9957,0.2371,0
xfer_sink+meta+inflight,58,28,2,42.956,0.9961,0.2396,0
xfer_sink+meta+inflight,58,28,3,42.958,0.9962,0.2415,0
xfer_sink+meta+inflight,59,29,0,43.061,0.9961,0.2366,0
xfer_sink+meta+inflight,59,29,1,43.201,0.9963,0.2394,0
xfer_sink+meta+inflight,59,29,2,44.210,0.9965,0.2356,0
xfer_sink+meta+inflight,59,29,3,43.716,0.9964,0.2277,0
xfer_sink+meta+inflight,60,30,0,43.341,0.9963,0.2262,0
xfer_sink+meta+inflight,60,30,1,43.219,0.9960,0.2413,0
xfer_sink+meta+inflight,60,30,2,42.813,0.9959,0.2533,0
xfer_sink+meta+inflight,60,30,3,42.248,0.9956,0.2554,0
xfer_sink+meta+inflight,61,31,0,42.731,0.9956,0.2521,0
xfer_sink+meta+inflight,61,31,1,41.500,0.9955,0.2520,0
xfer_sink+meta+inflight,61,31,2,42.918,0.9960,0.2598,0
xfer_sink+meta+inflight,61,31,3,42.475,0.9960,0.2584,0
xfer_sink+meta+inflight,62,32,0,43.048,0.9962,0.2503,0
xfer_sink+meta+inflight,62,32,1,43.072,0.9961,0.2552,0
xfer_sink+meta+inflight,62,32,2,43.151,0.9961,0.2600,0
xfer_sink+meta+inflight,62,32,3,42.589,0.9958,0.2527,0
xfer_sink+meta+inflight,63,33,0,43.070,0.9963,0.2396,0
xfer_sink+meta+inflight,63,33,1,41.627,0.9960,0.2447,0
xfer_sink+meta+inflight,63,33,2,43.065,0.9964,0.2475,0
xfer_sink+meta+inflight,63,33,3,41.362,0.9959,0.2449,0
xfer_sink+meta+inflight,64,34,0,42.051,0.9953,0.2206,0
xfer_sink+meta+inflight,64,34,1,40.424,0.9940,0.2183,0
xfer_sink+meta+inflight,64,34,2,45.289,0.9963,0.2775,0
xfer_sink+meta+inflight,64,34,3,43.372,0.9958,0.2718,0
xfer_sink+meta+inflight,65,35,0,44.311,0.9965,0.2529,0
xfer_sink+meta+inflight,65,35,1,43.090,0.9965,0.2564,0
xfer_sink+meta+inflight,65,35,2,46.294,0.9972,0.2716,0
xfer_sink+meta+inflight,65,35,3,44.683,0.9969,0.2672,0
xfer_sink+meta+inflight,66,36,0,43.576,0.9963,0.2508,0
xfer_sink+meta+inflight,66,36,1,44.682,0.9966,0.2676,0
xfer_sink+meta+inflight,66,36,2,45.716,0.9968,0.2641,0
xfer_sink+meta+inflight,66,36,3,45.112,0.9968,0.2541,0
xfer_sink+meta+inflight,67,37,0,43.040,0.9960,0.2504,0
xfer_sink+meta+inflight,67,37,1,40.132,0.9952,0.2605,0
xfer_sink+meta+inflight,67,37,2,41.737,0.9956,0.2645,0
xfer_sink+meta+inflight,67,37,3,43.383,0.9962,0.2685,0
xfer_sink+meta+inflight,68,38,0,42.897,0.9960,0.2611,0
xfer_sink+meta+inflight,68,38,1,39.364,0.9942,0.2645,0
xfer_sink+meta+inflight,68,38,2,43.296,0.9956,0.2704,0
xfer_sink+meta+inflight,68,38,3,44.071,0.9965,0.2694,0
xfer_sink+meta+inflight,69,39,0,43.231,0.9956,0.2503,0
xfer_sink+meta+inflight,69,39,1,41.929,0.9953,0.2646,0
xfer_sink+meta+inflight,69,39,2,42.906,0.9961,0.2659,0
xfer_sink+meta+inflight,69,39,3,44.428,0.9965,0.2651,0
xfer_sink+meta,3,-27,0,99.000,,,0
xfer_sink+meta,3,-27,1,99.000,,,0
xfer_sink+meta,3,-27,2,99.000,,,0
xfer_sink+meta,3,-27,3,99.000,,,0
xfer_sink+meta,4,-26,0,99.000,,,0
xfer_sink+meta,4,-26,1,99.000,,,0
xfer_sink+meta,4,-26,2,99.000,,,0
xfer_sink+meta,4,-26,3,99.000,,,0
xfer_sink+meta,5,-25,0,99.000,,,0
xfer_sink+meta,5,-25,1,99.000,,,0
xfer_sink+meta,5,-25,2,99.000,,,0
xfer_sink+meta,5,-25,3,99.000,,,0
xfer_sink+meta,6,-24,0,99.000,,,0
xfer_sink+meta,6,-24,1,99.000,,,0
xfer_sink+meta,6,-24,2,99.000,,,0
xfer_sink+meta,6,-24,3,99.000,,,0
xfer_sink+meta,7,-23,0,99.000,,,0
xfer_sink+meta,7,-23,1,99.000,,,0
xfer_sink+meta,7,-23,2,99.000,,,0
xfer_sink+meta,7,-23,3,99.000,,,0
xfer_sink+meta,8,-22,0,99.000,,,0
xfer_sink+meta,8,-22,1,99.000,,,0
xfer_sink+meta,8,-22,2,99.000,,,0
xfer_sink+meta,8,-22,3,99.000,,,0
xfer_sink+meta,9,-21,0,99.000,,,0
xfer_sink+meta,9,-21,1,99.000,,,0
xfer_sink+meta,9,-21,2,99.000,,,0
xfer_sink+meta,9,-21,3,99.000,,,0
xfer_sink+meta,10,-20,0,99.000,,,0
xfer_sink+meta,10,-20,1,99.000,,,0
xfer_sink+meta,10,-20,2,99.000,,,0
xfer_sink+meta,10,-20,3,99.000,,,0
xfer_sink+meta,11,-19,0,99.000,,,0
xfer_sink+meta,11,-19,1,99.000,,,0
xfer_sink+meta,11,-19,2,99.000,,,0
xfer_sink+meta,11,-19,3,99.000,,,0
xfer_sink+meta,12,-18,0,99.000,,,0
xfer_sink+meta,12,-18,1,99.000,,,0
xfer_sink+meta,12,-18,2,99.000,,,0
xfer_sink+meta,12,-18,3,99.000,,,0
xfer_sink+meta,13,-17,0,99.000,,,0
xfer_sink+meta,13,-17,1,99.000,,,0
xfer_sink+meta,13,-17,2,99.000,,,0
xfer_sink+meta,13,-17,3,99.000,,,0
xfer_sink+meta,14,-16,0,99.000,,,0
xfer_sink+meta,14,-16,1,99.000,,,0
xfer_sink+meta,14,-16,2,99.000,,,0
xfer_sink+meta,14,-16,3,99.000,,,0
xfer_sink+meta,15,-15,0,99.000,,,0
xfer_sink+meta,15,-15,1,99.000,,,0
xfer_sink+meta,15,-15,2,99.000,,,0
xfer_sink+meta,15,-15,3,99.000,,,0
xfer_sink+meta,16,-14,0,99.000,,,0
xfer_sink+meta,16,-14,1,99.000,,,0
xfer_sink+meta,16,-14,2,99.000,,,0
xfer_sink+meta,16,-14,3,99.000,,,0
xfer_sink+meta,17,-13,0,99.000,,,0
xfer_sink+meta,17,-13,1,99.000,,,0
xfer_sink+meta,17,-13,2,99.000,,,0
xfer_sink+meta,17,-13,3,99.000,,,0
xfer_sink+meta,18,-12,0,99.000,,,0
xfer_sink+meta,18,-12,1,99.000,,,0
xfer_sink+meta,18,-12,2,99.000,,,0
xfer_sink+meta,18,-12,3,99.000,,,0
xfer_sink+meta,19,-11,0,99.000,,,0
xfer_sink+meta,19,-11,1,99.000,,,0
xfer_sink+meta,19,-11,2,99.000,,,0
xfer_sink+meta,19,-11,3,99.000,,,0
xfer_sink+meta,20,-10,0,99.000,,,0
xfer_sink+meta,20,-10,1,99.000,,,0
xfer_sink+meta,20,-10,2,99.000,,,0
xfer_sink+meta,20,-10,3,99.000,,,0
xfer_sink+meta,21,-9,0,99.000,,,0
xfer_sink+meta,21,-9,1,99.000,,,0
xfer_sink+meta,21,-9,2,99.000,,,0
xfer_sink+meta,21,-9,3,99.000,,,0
xfer_sink+meta,22,-8,0,99.000,,,0
xfer_sink+meta,22,-8,1,99.000,,,0
xfer_sink+meta,22,-8,2,99.000,,,0
xfer_sink+meta,22,-8,3,99.000,,,0
xfer_sink+meta,23,-7,0,99.000,,,0
xfer_sink+meta,23,-7,1,99.000,,,0
xfer_sink+meta,23,-7,2,99.000,,,0
xfer_sink+meta,23,-7,3,99.000,,,0
xfer_sink+meta,24,-6,0,99.000,,,0
xfer_sink+meta,24,-6,1,99.000,,,0
xfer_sink+meta,24,-6,2,99.000,,,0
xfer_sink+meta,24,-6,3,99.000,,,0
xfer_sink+meta,25,-5,0,99.000,,,0
xfer_sink+meta,25,-5,1,99.000,,,0
xfer_sink+meta,25,-5,2,99.000,,,0
xfer_sink+meta,25,-5,3,99.000,,,0
xfer_sink+meta,26,-4,0,99.000,,,0
xfer_sink+meta,26,-4,1,99.000,,,0
xfer_sink+meta,26,-4,2,99.000,,,0
xfer_sink+meta,26,-4,3,99.000,,,0
xfer_sink+meta,27,-3,0,99.000,,,0
xfer_sink+meta,27,-3,1,99.000,,,0
xfer_sink+meta,27,-3,2,99.000,,,0
xfer_sink+meta,27,-3,3,99.000,,,0
xfer_sink+meta,28,-2,0,99.000,,,0
xfer_sink+meta,28,-2,1,99.000,,,0
xfer_sink+meta,28,-2,2,99.000,,,0
xfer_sink+meta,28,-2,3,99.000,,,0
xfer_sink+meta,29,-1,0,99.000,,,0
xfer_sink+meta,29,-1,1,99.000,,,0
xfer_sink+meta,29,-1,2,99.000,,,0
xfer_sink+meta,29,-1,3,99.000,,,0
xfer_sink+meta,30,0,0,9.143,0.0519,0.1726,0
xfer_sink+meta,30,0,1,8.985,0.0582,0.1857,0
xfer_sink+meta,30,0,2,9.414,0.0680,0.2168,0
xfer_sink+meta,30,0,3,9.585,0.0726,0.2228,0
xfer_sink+meta,31,1,0,9.274,0.0810,0.2250,0
xfer_sink+meta,31,1,1,8.593,0.0820,0.2137,0
xfer_sink+meta,31,1,2,8.490,0.0724,0.2112,0
xfer_sink+meta,31,1,3,8.325,0.0712,0.2065,0
xfer_sink+meta,32,2,0,8.478,0.0658,0.2015,0
xfer_sink+meta,32,2,1,8.801,0.0673,0.2025,0
xfer_sink+meta,32,2,2,8.739,0.0721,0.2070,0
xfer_sink+meta,32,2,3,8.748,0.0721,0.2157,0
xfer_sink+meta,33,3,0,13.932,0.1454,0.4904,0
xfer_sink+meta,33,3,1,14.639,0.1848,0.6068,0
xfer_sink+meta,33,3,2,16.256,0.2117,0.6191,0
xfer_sink+meta,33,3,3,15.966,0.2223,0.6071,0
xfer_sink+meta,34,4,0,17.061,0.3653,0.5384,0
xfer_sink+meta,34,4,1,18.045,0.6169,0.4021,0
xfer_sink+meta,34,4,2,19.617,0.6921,0.3610,0
xfer_sink+meta,34,4,3,19.283,0.7261,0.3232,0
xfer_sink+meta,35,5,0,19.916,0.7948,0.2539,0
xfer_sink+meta,35,5,1,20.750,0.8438,0.2273,0
xfer_sink+meta,35,5,2,21.320,0.8547,0.2137,0
xfer_sink+meta,35,5,3,21.687,0.8523,0.1993,0
xfer_sink+meta,36,6,0,22.605,0.8777,0.1887,0
xfer_sink+meta,36,6,1,23.142,0.8967,0.1995,0
xfer_sink+meta,36,6,2,23.117,0.8974,0.2048,0
xfer_sink+meta,36,6,3,23.085,0.8953,0.1981,0
xfer_sink+meta,37,7,0,23.968,0.9082,0.1922,0
xfer_sink+meta,37,7,1,24.122,0.9127,0.2095,0
xfer_sink+meta,37,7,2,24.846,0.9218,0.2098,0
xfer_sink+meta,37,7,3,25.090,0.9212,0.2011,0
xfer_sink+meta,38,8,0,25.905,0.9323,0.2038,0
xfer_sink+meta,38,8,1,25.973,0.9336,0.2181,0
xfer_sink+meta,38,8,2,26.121,0.9371,0.2256,0
xfer_sink+meta,38,8,3,26.014,0.9341,0.2185,0
xfer_sink+meta,39,9,0,26.526,0.9404,0.2223,0
xfer_sink+meta,39,9,1,26.136,0.9432,0.2301,0
xfer_sink+meta,39,9,2,26.542,0.9447,0.2371,0
xfer_sink+meta,39,9,3,27.110,0.9464,0.2444,0
xfer_sink+meta,40,10,0,28.042,0.9499,0.2553,0
xfer_sink+meta,40,10,1,28.429,0.9532,0.2576,0
xfer_sink+meta,40,10,2,29.814,0.9567,0.2721,0
xfer_sink+meta,40,10,3,29.427,0.9526,0.2840,0
xfer_sink+meta,41,11,0,29.535,0.9539,0.2699,0
xfer_sink+meta,41,11,1,30.905,0.9610,0.2687,0
xfer_sink+meta,41,11,2,31.390,0.9629,0.2612,0
xfer_sink+meta,41,11,3,30.518,0.9614,0.2500,0
xfer_sink+meta,42,12,0,32.137,0.9666,0.2389,0
xfer_sink+meta,42,12,1,32.588,0.9685,0.2446,0
xfer_sink+meta,42,12,2,33.150,0.9699,0.2443,0
xfer_sink+meta,42,12,3,32.702,0.9697,0.2409,0
xfer_sink+meta,43,13,0,31.689,0.9643,0.2353,0
xfer_sink+meta,43,13,1,30.385,0.9592,0.2589,0
xfer_sink+meta,43,13,2,33.068,0.9668,0.2628,0
xfer_sink+meta,43,13,3,31.033,0.9643,0.2614,0
xfer_sink+meta,44,14,0,29.558,0.9580,0.2571,0
xfer_sink+meta,44,14,1,31.324,0.9622,0.2613,0
xfer_sink+meta,44,14,2,32.957,0.9671,0.2649,0
xfer_sink+meta,44,14,3,32.046,0.9642,0.2525,0
xfer_sink+meta,45,15,0,32.385,0.9640,0.2466,0
xfer_sink+meta,45,15,1,30.791,0.9604,0.2517,0
xfer_sink+meta,45,15,2,32.658,0.9661,0.2541,0
xfer_sink+meta,45,15,3,31.435,0.9602,0.2586,0
xfer_sink+meta,46,16,0,31.856,0.9657,0.2623,0
xfer_sink+meta,46,16,1,32.236,0.9667,0.2747,0
xfer_sink+meta,46,16,2,32.716,0.9692,0.2714,0
xfer_sink+meta,46,16,3,31.672,0.9638,0.2677,0
xfer_sink+meta,47,17,0,32.666,0.9669,0.2608,0
xfer_sink+meta,47,17,1,29.782,0.9626,0.2496,0
xfer_sink+meta,47,17,2,31.696,0.9635,0.2451,0
xfer_sink+meta,47,17,3,31.931,0.9635,0.2441,0
xfer_sink+meta,48,18,0,30.522,0.9584,0.2407,0
xfer_sink+meta,48,18,1,32.394,0.9629,0.2414,0
xfer_sink+meta,48,18,2,32.081,0.9624,0.2352,0
xfer_sink+meta,48,18,3,32.436,0.9599,0.2287,0
xfer_sink+meta,49,19,0,32.798,0.9591,0.2224,0
xfer_sink+meta,49,19,1,32.656,0.9527,0.2383,0
xfer_sink+meta,49,19,2,32.505,0.9536,0.2420,0
xfer_sink+meta,49,19,3,30.609,0.9462,0.2437,0
xfer_sink+meta,50,20,0,30.503,0.9435,0.2377,0
xfer_sink+meta,50,20,1,32.186,0.9419,0.2429,0
xfer_sink+meta,50,20,2,32.832,0.9407,0.2443,0
xfer_sink+meta,50,20,3,32.241,0.9385,0.2433,0
xfer_sink+meta,51,21,0,31.198,0.9360,0.2429,0
xfer_sink+meta,51,21,1,32.016,0.9390,0.2500,0
xfer_sink+meta,51,21,2,33.010,0.9400,0.2513,0
xfer_sink+meta,51,21,3,31.609,0.9368,0.2473,0
xfer_sink+meta,52,22,0,32.259,0.9436,0.2452,0
xfer_sink+meta,52,22,1,29.859,0.9365,0.2550,0
xfer_sink+meta,52,22,2,32.514,0.9506,0.2605,0
xfer_sink+meta,52,22,3,31.639,0.9507,0.2589,0
xfer_sink+meta,53,23,0,30.101,0.9477,0.2640,0
xfer_sink+meta,53,23,1,32.324,0.9593,0.2701,0
xfer_sink+meta,53,23,2,34.117,0.9671,0.2678,0
xfer_sink+meta,53,23,3,32.925,0.9654,0.2606,0
xfer_sink+meta,54,24,0,34.776,0.9704,0.2564,0
xfer_sink+meta,54,24,1,35.146,0.9733,0.2669,0
xfer_sink+meta,54,24,2,34.823,0.9748,0.2673,0
xfer_sink+meta,54,24,3,34.766,0.9731,0.2613,0
xfer_sink+meta,55,25,0,34.577,0.9755,0.2501,0
xfer_sink+meta,55,25,1,34.187,0.9771,0.2498,0
xfer_sink+meta,55,25,2,35.374,0.9803,0.2445,0
xfer_sink+meta,55,25,3,34.478,0.9790,0.2397,0
xfer_sink+meta,56,26,0,34.294,0.9806,0.2238,0
xfer_sink+meta,56,26,1,32.760,0.9778,0.2301,0
xfer_sink+meta,56,26,2,34.273,0.9818,0.2313,0
xfer_sink+meta,56,26,3,33.592,0.9802,0.2222,0
xfer_sink+meta,57,27,0,34.282,0.9793,0.2204,0
xfer_sink+meta,57,27,1,32.565,0.9749,0.2233,0
xfer_sink+meta,57,27,2,33.566,0.9783,0.2342,0
xfer_sink+meta,57,27,3,30.109,0.9684,0.2376,0
xfer_sink+meta,58,28,0,32.029,0.9736,0.2439,0
xfer_sink+meta,58,28,1,33.205,0.9756,0.2534,0
xfer_sink+meta,58,28,2,33.793,0.9766,0.2569,0
xfer_sink+meta,58,28,3,32.417,0.9729,0.2596,0
xfer_sink+meta,59,29,0,33.397,0.9734,0.2606,0
xfer_sink+meta,59,29,1,33.578,0.9736,0.2627,0
xfer_sink+meta,59,29,2,34.810,0.9760,0.2589,0
xfer_sink+meta,59,29,3,34.538,0.9751,0.2512,0
xfer_sink+meta,60,30,0,33.206,0.9726,0.2511,0
xfer_sink+meta,60,30,1,33.572,0.9737,0.2651,0
xfer_sink+meta,60,30,2,34.596,0.9761,0.2760,0
xfer_sink+meta,60,30,3,33.728,0.9739,0.2763,0
xfer_sink+meta,61,31,0,34.057,0.9747,0.2743,0
xfer_sink+meta,61,31,1,33.720,0.9760,0.2727,0
xfer_sink+meta,61,31,2,33.957,0.9780,0.2787,0
xfer_sink+meta,61,31,3,33.143,0.9765,0.2758,0
xfer_sink+meta,62,32,0,32.900,0.9767,0.2665,0
xfer_sink+meta,62,32,1,33.600,0.9804,0.2700,0
xfer_sink+meta,62,32,2,33.316,0.9806,0.2720,0
xfer_sink+meta,62,32,3,33.973,0.9800,0.2631,0
xfer_sink+meta,63,33,0,31.945,0.9706,0.2505,0
xfer_sink+meta,63,33,1,28.781,0.9538,0.2556,0
xfer_sink+meta,63,33,2,30.424,0.9608,0.2540,0
xfer_sink+meta,63,33,3,26.883,0.9274,0.2470,0
xfer_sink+meta,64,34,0,28.210,0.9355,0.2241,0
xfer_sink+meta,64,34,1,24.082,0.8968,0.2287,0
xfer_sink+meta,64,34,2,24.913,0.9007,0.2690,0
xfer_sink+meta,64,34,3,23.652,0.8843,0.2655,0
xfer_sink+meta,65,35,0,28.554,0.9418,0.2655,0
xfer_sink+meta,65,35,1,32.238,0.9641,0.2668,0
xfer_sink+meta,65,35,2,33.128,0.9709,0.2840,0
xfer_sink+meta,65,35,3,33.119,0.9698,0.2774,0
xfer_sink+meta,66,36,0,32.458,0.9688,0.2607,0
xfer_sink+meta,66,36,1,34.514,0.9814,0.2777,0
xfer_sink+meta,66,36,2,34.994,0.9832,0.2731,0
xfer_sink+meta,66,36,3,35.465,0.9834,0.2642,0
xfer_sink+meta,67,37,0,36.253,0.9845,0.2599,0
xfer_sink+meta,67,37,1,36.006,0.9834,0.2682,0
xfer_sink+meta,67,37,2,36.237,0.9853,0.2701,0
xfer_sink+meta,67,37,3,36.879,0.9864,0.2728,0
xfer_sink+meta,68,38,0,37.155,0.9869,0.2668,0
xfer_sink+meta,68,38,1,35.228,0.9852,0.2698,0
xfer_sink+meta,68,38,2,37.193,0.9870,0.2749,0
xfer_sink+meta,68,38,3,37.376,0.9875,0.2738,0
xfer_sink+meta,69,39,0,32.620,0.9751,0.2548,0
xfer_sink+meta,69,39,1,32.610,0.9732,0.2668,0
xfer_sink+meta,69,39,2,34.383,0.9793,0.2667,0
xfer_sink+meta,69,39,3,31.361,0.9734,0.2638,0
xfer_meta+inflight,3,-27,0,99.000,,,0
xfer_meta+inflight,3,-27,1,99.000,,,0
xfer_meta+inflight,3,-27,2,99.000,,,0
xfer_meta+inflight,3,-27,3,99.000,,,0
xfer_meta+inflight,4,-26,0,99.000,,,0
xfer_meta+inflight,4,-26,1,99.000,,,0
xfer_meta+inflight,4,-26,2,99.000,,,0
xfer_meta+inflight,4,-26,3,99.000,,,0
xfer_meta+inflight,5,-25,0,99.000,,,0
xfer_meta+inflight,5,-25,1,99.000,,,0
xfer_meta+inflight,5,-25,2,99.000,,,0
xfer_meta+inflight,5,-25,3,99.000,,,0
xfer_meta+inflight,6,-24,0,99.000,,,0
xfer_meta+inflight,6,-24,1,99.000,,,0
xfer_meta+inflight,6,-24,2,99.000,,,0
xfer_meta+inflight,6,-24,3,99.000,,,0
xfer_meta+inflight,7,-23,0,99.000,,,0
xfer_meta+inflight,7,-23,1,99.000,,,0
xfer_meta+inflight,7,-23,2,99.000,,,0
xfer_meta+inflight,7,-23,3,99.000,,,0
xfer_meta+inflight,8,-22,0,99.000,,,0
xfer_meta+inflight,8,-22,1,99.000,,,0
xfer_meta+inflight,8,-22,2,99.000,,,0
xfer_meta+inflight,8,-22,3,99.000,,,0
xfer_meta+inflight,9,-21,0,99.000,,,0
xfer_meta+inflight,9,-21,1,99.000,,,0
xfer_meta+inflight,9,-21,2,99.000,,,0
xfer_meta+inflight,9,-21,3,99.000,,,0
xfer_meta+inflight,10,-20,0,99.000,,,0
xfer_meta+inflight,10,-20,1,99.000,,,0
xfer_meta+inflight,10,-20,2,99.000,,,0
xfer_meta+inflight,10,-20,3,99.000,,,0
xfer_meta+inflight,11,-19,0,99.000,,,0
xfer_meta+inflight,11,-19,1,99.000,,,0
xfer_meta+inflight,11,-19,2,99.000,,,0
xfer_meta+inflight,11,-19,3,99.000,,,0
xfer_meta+inflight,12,-18,0,99.000,,,0
xfer_meta+inflight,12,-18,1,99.000,,,0
xfer_meta+inflight,12,-18,2,99.000,,,0
xfer_meta+inflight,12,-18,3,99.000,,,0
xfer_meta+inflight,13,-17,0,99.000,,,0
xfer_meta+inflight,13,-17,1,99.000,,,0
xfer_meta+inflight,13,-17,2,99.000,,,0
xfer_meta+inflight,13,-17,3,99.000,,,0
xfer_meta+inflight,14,-16,0,99.000,,,0
xfer_meta+inflight,14,-16,1,99.000,,,0
xfer_meta+inflight,14,-16,2,99.000,,,0
xfer_meta+inflight,14,-16,3,99.000,,,0
xfer_meta+inflight,15,-15,0,99.000,,,0
xfer_meta+inflight,15,-15,1,99.000,,,0
xfer_meta+inflight,15,-15,2,99.000,,,0
xfer_meta+inflight,15,-15,3,99.000,,,0
xfer_meta+inflight,16,-14,0,99.000,,,0
xfer_meta+inflight,16,-14,1,99.000,,,0
xfer_meta+inflight,16,-14,2,99.000,,,0
xfer_meta+inflight,16,-14,3,99.000,,,0
xfer_meta+inflight,17,-13,0,99.000,,,0
xfer_meta+inflight,17,-13,1,99.000,,,0
xfer_meta+inflight,17,-13,2,99.000,,,0
xfer_meta+inflight,17,-13,3,99.000,,,0
xfer_meta+inflight,18,-12,0,99.000,,,0
xfer_meta+inflight,18,-12,1,99.000,,,0
xfer_meta+inflight,18,-12,2,99.000,,,0
xfer_meta+inflight,18,-12,3,99.000,,,0
xfer_meta+inflight,19,-11,0,99.000,,,0
xfer_meta+inflight,19,-11,1,99.000,,,0
xfer_meta+inflight,19,-11,2,99.000,,,0
xfer_meta+inflight,19,-11,3,99.000,,,0
xfer_meta+inflight,20,-10,0,99.000,,,0
xfer_meta+inflight,20,-10,1,99.000,,,0
xfer_meta+inflight,20,-10,2,99.000,,,0
xfer_meta+inflight,20,-10,3,99.000,,,0
xfer_meta+inflight,21,-9,0,99.000,,,0
xfer_meta+inflight,21,-9,1,99.000,,,0
xfer_meta+inflight,21,-9,2,99.000,,,0
xfer_meta+inflight,21,-9,3,99.000,,,0
xfer_meta+inflight,22,-8,0,99.000,,,0
xfer_meta+inflight,22,-8,1,99.000,,,0
xfer_meta+inflight,22,-8,2,99.000,,,0
xfer_meta+inflight,22,-8,3,99.000,,,0
xfer_meta+inflight,23,-7,0,99.000,,,0
xfer_meta+inflight,23,-7,1,99.000,,,0
xfer_meta+inflight,23,-7,2,99.000,,,0
xfer_meta+inflight,23,-7,3,99.000,,,0
xfer_meta+inflight,24,-6,0,99.000,,,0
xfer_meta+inflight,24,-6,1,99.000,,,0
xfer_meta+inflight,24,-6,2,99.000,,,0
xfer_meta+inflight,24,-6,3,99.000,,,0
xfer_meta+inflight,25,-5,0,99.000,,,0
xfer_meta+inflight,25,-5,1,99.000,,,0
xfer_meta+inflight,25,-5,2,99.000,,,0
xfer_meta+inflight,25,-5,3,99.000,,,0
xfer_meta+inflight,26,-4,0,99.000,,,0
xfer_meta+inflight,26,-4,1,99.000,,,0
xfer_meta+inflight,26,-4,2,99.000,,,0
xfer_meta+inflight,26,-4,3,99.000,,,0
xfer_meta+inflight,27,-3,0,99.000,,,0
xfer_meta+inflight,27,-3,1,99.000,,,0
xfer_meta+inflight,27,-3,2,99.000,,,0
xfer_meta+inflight,27,-3,3,99.000,,,0
xfer_meta+inflight,28,-2,0,99.000,,,0
xfer_meta+inflight,28,-2,1,99.000,,,0
xfer_meta+inflight,28,-2,2,99.000,,,0
xfer_meta+inflight,28,-2,3,99.000,,,0
xfer_meta+inflight,29,-1,0,99.000,,,0
xfer_meta+inflight,29,-1,1,99.000,,,0
xfer_meta+inflight,29,-1,2,99.000,,,0
xfer_meta+inflight,29,-1,3,99.000,,,0
xfer_meta+inflight,30,0,0,17.483,0.2222,0.6071,0
xfer_meta+inflight,30,0,1,19.330,0.2724,0.6374,0
xfer_meta+inflight,30,0,2,21.931,0.4049,0.5233,0
xfer_meta+inflight,30,0,3,23.367,0.5264,0.4205,0
xfer_meta+inflight,31,1,0,22.172,0.7796,0.1623,0
xfer_meta+inflight,31,1,1,22.036,0.8107,0.1840,0
xfer_meta+inflight,31,1,2,22.382,0.8236,0.1726,0
xfer_meta+inflight,31,1,3,22.342,0.8102,0.2123,0
xfer_meta+inflight,32,2,0,19.942,0.7912,0.1781,0
xfer_meta+inflight,32,2,1,19.551,0.7790,0.1960,0
xfer_meta+inflight,32,2,2,19.468,0.7058,0.3135,0
xfer_meta+inflight,32,2,3,19.569,0.7155,0.2992,0
xfer_meta+inflight,33,3,0,17.425,0.7737,0.2054,0
xfer_meta+inflight,33,3,1,15.475,0.6654,0.2767,0
xfer_meta+inflight,33,3,2,17.066,0.7003,0.2436,0
xfer_meta+inflight,33,3,3,15.029,0.6497,0.2438,0
xfer_meta+inflight,34,4,0,15.773,0.6323,0.2901,0
xfer_meta+inflight,34,4,1,16.755,0.6681,0.2637,0
xfer_meta+inflight,34,4,2,17.164,0.6690,0.2543,0
xfer_meta+inflight,34,4,3,16.876,0.6604,0.2479,0
xfer_meta+inflight,35,5,0,16.972,0.6634,0.2479,0
xfer_meta+inflight,35,5,1,16.980,0.6815,0.2645,0
xfer_meta+inflight,35,5,2,18.063,0.6942,0.2493,0
xfer_meta+inflight,35,5,3,18.048,0.7069,0.2419,0
xfer_meta+inflight,36,6,0,18.856,0.7349,0.2186,0
xfer_meta+inflight,36,6,1,18.876,0.7483,0.2232,0
xfer_meta+inflight,36,6,2,18.865,0.7468,0.2172,0
xfer_meta+inflight,36,6,3,18.868,0.7542,0.1990,0
xfer_meta+inflight,37,7,0,19.448,0.7641,0.1750,0
xfer_meta+inflight,37,7,1,18.847,0.7442,0.2036,0
xfer_meta+inflight,37,7,2,18.498,0.7380,0.1961,0
xfer_meta+inflight,37,7,3,17.663,0.7314,0.1824,0
xfer_meta+inflight,38,8,0,18.215,0.7391,0.1732,0
xfer_meta+inflight,38,8,1,18.040,0.7325,0.1889,0
xfer_meta+inflight,38,8,2,18.755,0.7354,0.1905,0
xfer_meta+inflight,38,8,3,18.822,0.7363,0.1831,0
xfer_meta+inflight,39,9,0,17.912,0.7295,0.1812,0
xfer_meta+inflight,39,9,1,18.087,0.7276,0.1850,0
xfer_meta+inflight,39,9,2,17.949,0.7202,0.1831,0
xfer_meta+inflight,39,9,3,18.136,0.7189,0.1835,0
xfer_meta+inflight,40,10,0,17.543,0.7084,0.1784,0
xfer_meta+inflight,40,10,1,18.917,0.7213,0.1994,0
xfer_meta+inflight,40,10,2,19.003,0.7152,0.2039,0
xfer_meta+inflight,40,10,3,18.439,0.6999,0.2000,0
xfer_meta+inflight,41,11,0,18.985,0.7332,0.1952,0
xfer_meta+inflight,41,11,1,20.066,0.7442,0.1979,0
xfer_meta+inflight,41,11,2,20.352,0.7534,0.1998,0
xfer_meta+inflight,41,11,3,20.335,0.7581,0.1894,0
xfer_meta+inflight,42,12,0,21.099,0.7805,0.1739,0
xfer_meta+inflight,42,12,1,21.034,0.7826,0.1716,0
xfer_meta+inflight,42,12,2,21.317,0.7852,0.1725,0
xfer_meta+inflight,42,12,3,21.032,0.7831,0.1694,0
xfer_meta+inflight,43,13,0,20.966,0.7884,0.1682,0
xfer_meta+inflight,43,13,1,20.718,0.7848,0.1973,0
xfer_meta+inflight,43,13,2,21.191,0.7815,0.1983,0
xfer_meta+inflight,43,13,3,20.437,0.7686,0.1939,0
xfer_meta+inflight,44,14,0,19.907,0.7599,0.1861,0
xfer_meta+inflight,44,14,1,19.682,0.7536,0.1962,0
xfer_meta+inflight,44,14,2,20.019,0.7568,0.1956,0
xfer_meta+inflight,44,14,3,19.456,0.7481,0.1872,0
xfer_meta+inflight,45,15,0,19.204,0.7455,0.1790,0
xfer_meta+inflight,45,15,1,19.572,0.7468,0.1843,0
xfer_meta+inflight,45,15,2,19.448,0.7438,0.1848,0
xfer_meta+inflight,45,15,3,19.150,0.7319,0.1793,0
xfer_meta+inflight,46,16,0,18.856,0.7303,0.1853,0
xfer_meta+inflight,46,16,1,19.072,0.7311,0.2110,0
xfer_meta+inflight,46,16,2,20.157,0.7359,0.2032,0
xfer_meta+inflight,46,16,3,18.796,0.7103,0.1876,0
xfer_meta+inflight,47,17,0,19.511,0.7467,0.1985,0
xfer_meta+inflight,47,17,1,20.933,0.7509,0.1969,0
xfer_meta+inflight,47,17,2,20.663,0.7494,0.1907,0
xfer_meta+inflight,47,17,3,20.803,0.7490,0.1850,0
xfer_meta+inflight,48,18,0,20.723,0.7542,0.1817,0
xfer_meta+inflight,48,18,1,20.489,0.7529,0.1841,0
xfer_meta+inflight,48,18,2,20.886,0.7571,0.1834,0
xfer_meta+inflight,48,18,3,20.925,0.7551,0.1768,0
xfer_meta+inflight,49,19,0,21.150,0.7701,0.1764,0
xfer_meta+inflight,49,19,1,20.714,0.7637,0.1919,0
xfer_meta+inflight,49,19,2,20.692,0.7694,0.1991,0
xfer_meta+inflight,49,19,3,20.028,0.7635,0.1941,0
xfer_meta+inflight,50,20,0,20.085,0.7775,0.1905,0
xfer_meta+inflight,50,20,1,19.868,0.7726,0.1974,0
xfer_meta+inflight,50,20,2,19.778,0.7749,0.1997,0
xfer_meta+inflight,50,20,3,18.936,0.7682,0.1938,0
xfer_meta+inflight,51,21,0,19.236,0.7746,0.1930,0
xfer_meta+inflight,51,21,1,19.213,0.7677,0.1987,0
xfer_meta+inflight,51,21,2,19.622,0.7720,0.1981,0
xfer_meta+inflight,51,21,3,19.584,0.7685,0.1914,0
xfer_meta+inflight,52,22,0,19.394,0.7676,0.1930,0
xfer_meta+inflight,52,22,1,19.480,0.7646,0.2016,0
xfer_meta+inflight,52,22,2,19.528,0.7617,0.2035,0
xfer_meta+inflight,52,22,3,18.943,0.7527,0.1952,0
xfer_meta+inflight,53,23,0,18.901,0.7517,0.1948,0
xfer_meta+inflight,53,23,1,19.274,0.7535,0.2096,0
xfer_meta+inflight,53,23,2,19.265,0.7632,0.2067,0
xfer_meta+inflight,53,23,3,19.991,0.7658,0.1948,0
xfer_meta+inflight,54,24,0,20.283,0.7788,0.1903,0
xfer_meta+inflight,54,24,1,20.139,0.7719,0.2080,0
xfer_meta+inflight,54,24,2,19.831,0.7641,0.2096,0
xfer_meta+inflight,54,24,3,19.663,0.7616,0.2023,0
xfer_meta+inflight,55,25,0,19.826,0.7722,0.2006,0
xfer_meta+inflight,55,25,1,19.226,0.7638,0.2079,0
xfer_meta+inflight,55,25,2,19.592,0.7665,0.2061,0
xfer_meta+inflight,55,25,3,19.235,0.7615,0.1988,0
xfer_meta+inflight,56,26,0,19.434,0.7670,0.2004,0
xfer_meta+inflight,56,26,1,18.878,0.7541,0.2167,0
xfer_meta+inflight,56,26,2,18.647,0.7486,0.2229,0
xfer_meta+inflight,56,26,3,18.274,0.7455,0.2162,0
xfer_meta+inflight,57,27,0,18.294,0.7480,0.2182,0
xfer_meta+inflight,57,27,1,18.938,0.7614,0.2320,0
xfer_meta+inflight,57,27,2,19.542,0.7708,0.2434,0
xfer_meta+inflight,57,27,3,19.716,0.7719,0.2392,0
xfer_meta+inflight,58,28,0,19.809,0.7706,0.2398,0
xfer_meta+inflight,58,28,1,19.774,0.7580,0.2497,0
xfer_meta+inflight,58,28,2,20.110,0.7618,0.2508,0
xfer_meta+inflight,58,28,3,20.321,0.7616,0.2442,0
xfer_meta+inflight,59,29,0,20.779,0.7723,0.2231,0
xfer_meta+inflight,59,29,1,21.009,0.7803,0.2286,0
xfer_meta+inflight,59,29,2,20.803,0.7803,0.2255,0
xfer_meta+inflight,59,29,3,20.551,0.7779,0.2191,0
xfer_meta+inflight,60,30,0,20.693,0.7794,0.2036,0
xfer_meta+inflight,60,30,1,19.937,0.7681,0.2175,0
xfer_meta+inflight,60,30,2,20.212,0.7585,0.2220,0
xfer_meta+inflight,60,30,3,19.737,0.7523,0.2264,0
xfer_meta+inflight,61,31,0,20.263,0.7528,0.2159,0
xfer_meta+inflight,61,31,1,20.192,0.7482,0.2120,0
xfer_meta+inflight,61,31,2,19.929,0.7458,0.2226,0
xfer_meta+inflight,61,31,3,19.762,0.7477,0.2178,0
xfer_meta+inflight,62,32,0,19.456,0.7436,0.2009,0
xfer_meta+inflight,62,32,1,19.378,0.7419,0.2079,0
xfer_meta+inflight,62,32,2,19.601,0.7471,0.2096,0
xfer_meta+inflight,62,32,3,19.641,0.7467,0.2000,0
xfer_meta+inflight,63,33,0,18.913,0.7403,0.2027,0
xfer_meta+inflight,63,33,1,19.542,0.7457,0.2146,0
xfer_meta+inflight,63,33,2,19.894,0.7517,0.2098,0
xfer_meta+inflight,63,33,3,20.193,0.7469,0.2025,0
xfer_meta+inflight,64,34,0,19.410,0.7506,0.1789,0
xfer_meta+inflight,64,34,1,18.149,0.7233,0.1815,0
xfer_meta+inflight,64,34,2,19.299,0.6962,0.2033,0
xfer_meta+inflight,64,34,3,18.255,0.6824,0.1980,0
xfer_meta+inflight,65,35,0,19.108,0.7255,0.2010,0
xfer_meta+inflight,65,35,1,20.648,0.7350,0.2067,0
xfer_meta+inflight,65,35,2,20.758,0.7321,0.2194,0
xfer_meta+inflight,65,35,3,20.144,0.7227,0.2076,0
xfer_meta+inflight,66,36,0,19.769,0.7204,0.1960,0
xfer_meta+inflight,66,36,1,18.502,0.7083,0.2363,0
xfer_meta+inflight,66,36,2,19.484,0.7211,0.2409,0
xfer_meta+inflight,66,36,3,19.823,0.7258,0.2332,0
xfer_meta+inflight,67,37,0,20.335,0.7347,0.2160,0
xfer_meta+inflight,67,37,1,19.048,0.7196,0.2308,0
xfer_meta+inflight,67,37,2,19.019,0.7182,0.2367,0
xfer_meta+inflight,67,37,3,19.377,0.7187,0.2351,0
xfer_meta+inflight,68,38,0,19.208,0.7216,0.2166,0
xfer_meta+inflight,68,38,1,19.344,0.7306,0.2350,0
xfer_meta+inflight,68,38,2,20.362,0.7418,0.2344,0
xfer_meta+inflight,68,38,3,20.466,0.7494,0.2316,0
xfer_meta+inflight,69,39,0,20.174,0.7474,0.2162,0
xfer_meta+inflight,69,39,1,20.090,0.7413,0.2276,0
xfer_meta+inflight,69,39,2,20.207,0.7446,0.2324,0
xfer_meta+inflight,69,39,3,19.299,0.7344,0.2226,0
drop_inflight,3,-27,0,99.000,,,0
drop_inflight,3,-27,1,99.000,,,0
drop_inflight,3,-27,2,99.000,,,0
drop_inflight,3,-27,3,99.000,,,0
drop_inflight,4,-26,0,99.000,,,0
drop_inflight,4,-26,1,99.000,,,0
drop_inflight,4,-26,2,99.000,,,0
drop_inflight,4,-26,3,99.000,,,0
drop_inflight,5,-25,0,99.000,,,0
drop_inflight,5,-25,1,99.000,,,0
drop_inflight,5,-25,2,99.000,,,0
drop_inflight,5,-25,3,99.000,,,0
drop_inflight,6,-24,0,99.000,,,0
drop_inflight,6,-24,1,99.000,,,0
drop_inflight,6,-24,2,99.000,,,0
drop_inflight,6,-24,3,99.000,,,0
drop_inflight,7,-23,0,99.000,,,0
drop_inflight,7,-23,1,99.000,,,0
drop_inflight,7,-23,2,99.000,,,0
drop_inflight,7,-23,3,99.000,,,0
drop_inflight,8,-22,0,99.000,,,0
drop_inflight,8,-22,1,99.000,,,0
drop_inflight,8,-22,2,99.000,,,0
drop_inflight,8,-22,3,99.000,,,0
drop_inflight,9,-21,0,99.000,,,0
drop_inflight,9,-21,1,99.000,,,0
drop_inflight,9,-21,2,99.000,,,0
drop_inflight,9,-21,3,99.000,,,0
drop_inflight,10,-20,0,99.000,,,0
drop_inflight,10,-20,1,99.000,,,0
drop_inflight,10,-20,2,99.000,,,0
drop_inflight,10,-20,3,99.000,,,0
drop_inflight,11,-19,0,99.000,,,0
drop_inflight,11,-19,1,99.000,,,0
drop_inflight,11,-19,2,99.000,,,0
drop_inflight,11,-19,3,99.000,,,0
drop_inflight,12,-18,0,99.000,,,0
drop_inflight,12,-18,1,99.000,,,0
drop_inflight,12,-18,2,99.000,,,0
drop_inflight,12,-18,3,99.000,,,0
drop_inflight,13,-17,0,99.000,,,0
drop_inflight,13,-17,1,99.000,,,0
drop_inflight,13,-17,2,99.000,,,0
drop_inflight,13,-17,3,99.000,,,0
drop_inflight,14,-16,0,99.000,,,0
drop_inflight,14,-16,1,99.000,,,0
drop_inflight,14,-16,2,99.000,,,0
drop_inflight,14,-16,3,99.000,,,0
drop_inflight,15,-15,0,99.000,,,0
drop_inflight,15,-15,1,99.000,,,0
drop_inflight,15,-15,2,99.000,,,0
drop_inflight,15,-15,3,99.000,,,0
drop_inflight,16,-14,0,99.000,,,0
drop_inflight,16,-14,1,99.000,,,0
drop_inflight,16,-14,2,99.000,,,0
drop_inflight,16,-14,3,99.000,,,0
drop_inflight,17,-13,0,99.000,,,0
drop_inflight,17,-13,1,99.000,,,0
drop_inflight,17,-13,2,99.000,,,0
drop_inflight,17,-13,3,99.000,,,0
drop_inflight,18,-12,0,99.000,,,0
drop_inflight,18,-12,1,99.000,,,0
drop_inflight,18,-12,2,99.000,,,0
drop_inflight,18,-12,3,99.000,,,0
drop_inflight,19,-11,0,99.000,,,0
drop_inflight,19,-11,1,99.000,,,0
drop_inflight,19,-11,2,99.000,,,0
drop_inflight,19,-11,3,99.000,,,0
drop_inflight,20,-10,0,99.000,,,0
drop_inflight,20,-10,1,99.000,,,0
drop_inflight,20,-10,2,99.000,,,0
drop_inflight,20,-10,3,99.000,,,0
drop_inflight,21,-9,0,99.000,,,0
drop_inflight,21,-9,1,99.000,,,0
drop_inflight,21,-9,2,99.000,,,0
drop_inflight,21,-9,3,99.000,,,0
drop_inflight,22,-8,0,99.000,,,0
drop_inflight,22,-8,1,99.000,,,0
drop_inflight,22,-8,2,99.000,,,0
drop_inflight,22,-8,3,99.000,,,0
drop_inflight,23,-7,0,99.000,,,0
drop_inflight,23,-7,1,99.000,,,0
drop_inflight,23,-7,2,99.000,,,0
drop_inflight,23,-7,3,99.000,,,0
drop_inflight,24,-6,0,99.000,,,0
drop_inflight,24,-6,1,99.000,,,0
drop_inflight,24,-6,2,99.000,,,0
drop_inflight,24,-6,3,99.000,,,0
drop_inflight,25,-5,0,99.000,,,0
drop_inflight,25,-5,1,99.000,,,0
drop_inflight,25,-5,2,99.000,,,0
drop_inflight,25,-5,3,99.000,,,0
drop_inflight,26,-4,0,99.000,,,0
drop_inflight,26,-4,1,99.000,,,0
drop_inflight,26,-4,2,99.000,,,0
drop_inflight,26,-4,3,99.000,,,0
drop_inflight,27,-3,0,99.000,,,0
drop_inflight,27,-3,1,99.000,,,0
drop_inflight,27,-3,2,99.000,,,0
drop_inflight,27,-3,3,99.000,,,0
drop_inflight,28,-2,0,99.000,,,0
drop_inflight,28,-2,1,99.000,,,0
drop_inflight,28,-2,2,99.000,,,0
drop_inflight,28,-2,3,99.000,,,0
drop_inflight,29,-1,0,99.000,,,0
drop_inflight,29,-1,1,99.000,,,0
drop_inflight,29,-1,2,99.000,,,0
drop_inflight,29,-1,3,99.000,,,0
drop_inflight,30,0,0,15.757,0.1603,0.4765,0
drop_inflight,30,0,1,9.869,0.0902,0.2670,0
drop_inflight,30,0,2,6.967,0.0682,0.1966,0
drop_inflight,30,0,3,6.401,0.0640,0.1865,0
drop_inflight,31,1,0,8.352,0.0914,0.2034,0
drop_inflight,31,1,1,9.604,0.0979,0.2308,0
drop_inflight,31,1,2,9.861,0.0884,0.2470,0
drop_inflight,31,1,3,9.936,0.0896,0.2600,0
drop_inflight,32,2,0,9.992,0.0830,0.2488,0
drop_inflight,32,2,1,10.503,0.0811,0.2515,0
drop_inflight,32,2,2,10.706,0.0899,0.2644,0
drop_inflight,32,2,3,10.861,0.0867,0.2728,0
drop_inflight,33,3,0,17.983,0.1770,0.6231,0
drop_inflight,33,3,1,21.517,0.3849,0.6206,0
drop_inflight,33,3,2,22.489,0.4055,0.6200,0
drop_inflight,33,3,3,22.190,0.4618,0.5576,0
drop_inflight,34,4,0,23.797,0.7332,0.3311,0
drop_inflight,34,4,1,24.014,0.8227,0.2917,0
drop_inflight,34,4,2,24.013,0.8593,0.2301,0
drop_inflight,34,4,3,25.037,0.8628,0.2077,0
drop_inflight,35,5,0,25.555,0.8753,0.1751,0
drop_inflight,35,5,1,24.784,0.8712,0.1904,0
drop_inflight,35,5,2,26.834,0.8759,0.1793,0
drop_inflight,35,5,3,25.921,0.8662,0.1647,0
drop_inflight,36,6,0,27.042,0.9054,0.1671,0
drop_inflight,36,6,1,29.009,0.9358,0.1913,0
drop_inflight,36,6,2,29.220,0.9426,0.2030,0
drop_inflight,36,6,3,28.362,0.9376,0.2008,0
drop_inflight,37,7,0,29.850,0.9548,0.2024,0
drop_inflight,37,7,1,30.563,0.9613,0.2227,0
drop_inflight,37,7,2,30.725,0.9622,0.2288,0
drop_inflight,37,7,3,31.018,0.9624,0.2200,0
drop_inflight,38,8,0,32.001,0.9662,0.2204,0
drop_inflight,38,8,1,32.758,0.9685,0.2353,0
drop_inflight,38,8,2,33.028,0.9716,0.2421,0
drop_inflight,38,8,3,32.636,0.9685,0.2335,0
drop_inflight,39,9,0,33.090,0.9686,0.2369,0
drop_inflight,39,9,1,31.913,0.9711,0.2440,0
drop_inflight,39,9,2,33.248,0.9742,0.2489,0
drop_inflight,39,9,3,33.242,0.9731,0.2557,0
drop_inflight,40,10,0,33.324,0.9710,0.2637,0
drop_inflight,40,10,1,35.165,0.9770,0.2656,0
drop_inflight,40,10,2,36.866,0.9784,0.2762,0
drop_inflight,40,10,3,35.185,0.9751,0.2888,0
drop_inflight,41,11,0,34.747,0.9747,0.2707,0
drop_inflight,41,11,1,35.906,0.9772,0.2682,0
drop_inflight,41,11,2,35.951,0.9783,0.2587,0
drop_inflight,41,11,3,34.898,0.9781,0.2468,0
drop_inflight,42,12,0,37.324,0.9807,0.2307,0
drop_inflight,42,12,1,38.243,0.9819,0.2370,0
drop_inflight,42,12,2,38.362,0.9820,0.2357,0
drop_inflight,42,12,3,37.517,0.9821,0.2317,0
drop_inflight,43,13,0,36.872,0.9802,0.2241,0
drop_inflight,43,13,1,36.106,0.9782,0.2493,0
drop_inflight,43,13,2,36.989,0.9797,0.2514,0
drop_inflight,43,13,3,32.695,0.9762,0.2507,0
drop_inflight,44,14,0,33.499,0.9755,0.2449,0
drop_inflight,44,14,1,36.686,0.9803,0.2506,0
drop_inflight,44,14,2,37.338,0.9816,0.2541,0
drop_inflight,44,14,3,35.889,0.9807,0.2423,0
drop_inflight,45,15,0,35.827,0.9793,0.2359,0
drop_inflight,45,15,1,34.764,0.9791,0.2431,0
drop_inflight,45,15,2,35.982,0.9798,0.2464,0
drop_inflight,45,15,3,35.189,0.9771,0.2518,0
drop_inflight,46,16,0,33.168,0.9733,0.2557,0
drop_inflight,46,16,1,35.408,0.9779,0.2687,0
drop_inflight,46,16,2,35.120,0.9771,0.2654,0
drop_inflight,46,16,3,33.983,0.9734,0.2625,0
drop_inflight,47,17,0,35.169,0.9746,0.2547,0
drop_inflight,47,17,1,33.784,0.9727,0.2426,0
drop_inflight,47,17,2,35.248,0.9733,0.2362,0
drop_inflight,47,17,3,35.879,0.9735,0.2361,0
drop_inflight,48,18,0,33.553,0.9685,0.2319,0
drop_inflight,48,18,1,34.908,0.9699,0.2332,0
drop_inflight,48,18,2,34.446,0.9681,0.2257,0
drop_inflight,48,18,3,34.523,0.9659,0.2188,0
drop_inflight,49,19,0,33.931,0.9652,0.2125,0
drop_inflight,49,19,1,34.658,0.9629,0.2298,0
drop_inflight,49,19,2,34.614,0.9643,0.2326,0
drop_inflight,49,19,3,32.360,0.9575,0.2348,0
drop_inflight,50,20,0,31.258,0.9539,0.2283,0
drop_inflight,50,20,1,33.274,0.9530,0.2343,0
drop_inflight,50,20,2,34.207,0.9529,0.2345,0
drop_inflight,50,20,3,34.002,0.9518,0.2339,0
drop_inflight,51,21,0,32.771,0.9509,0.2345,0
drop_inflight,51,21,1,33.302,0.9531,0.2430,0
drop_inflight,51,21,2,34.058,0.9528,0.2433,0
drop_inflight,51,21,3,32.462,0.9493,0.2401,0
drop_inflight,52,22,0,32.094,0.9554,0.2387,0
drop_inflight,52,22,1,32.950,0.9576,0.2496,0
drop_inflight,52,22,2,32.844,0.9602,0.2542,0
drop_inflight,52,22,3,32.633,0.9611,0.2526,0
drop_inflight,53,23,0,31.126,0.9592,0.2535,0
drop_inflight,53,23,1,33.112,0.9706,0.2581,0
drop_inflight,53,23,2,33.692,0.9749,0.2540,0
drop_inflight,53,23,3,33.508,0.9742,0.2475,0
drop_inflight,54,24,0,35.306,0.9782,0.2439,0
drop_inflight,54,24,1,35.983,0.9808,0.2564,0
drop_inflight,54,24,2,35.135,0.9807,0.2571,0
drop_inflight,54,24,3,35.344,0.9796,0.2519,0
drop_inflight,55,25,0,35.587,0.9819,0.2418,0
drop_inflight,55,25,1,35.137,0.9825,0.2445,0
drop_inflight,55,25,2,35.791,0.9844,0.2390,0
drop_inflight,55,25,3,35.521,0.9828,0.2353,0
drop_inflight,56,26,0,35.592,0.9840,0.2209,0
drop_inflight,56,26,1,35.034,0.9840,0.2279,0
drop_inflight,56,26,2,35.251,0.9844,0.2301,0
drop_inflight,56,26,3,33.594,0.9811,0.2208,0
drop_inflight,57,27,0,34.278,0.9798,0.2184,0
drop_inflight,57,27,1,34.573,0.9802,0.2225,0
drop_inflight,57,27,2,35.514,0.9839,0.2328,0
drop_inflight,57,27,3,33.828,0.9803,0.2376,0
drop_inflight,58,28,0,33.433,0.9782,0.2427,0
drop_inflight,58,28,1,34.949,0.9805,0.2502,0
drop_inflight,58,28,2,35.753,0.9830,0.2508,0
drop_inflight,58,28,3,35.886,0.9824,0.2512,0
drop_inflight,59,29,0,36.346,0.9819,0.2504,0
drop_inflight,59,29,1,35.834,0.9820,0.2530,0
drop_inflight,59,29,2,36.573,0.9843,0.2476,0
drop_inflight,59,29,3,36.395,0.9842,0.2398,0
drop_inflight,60,30,0,34.161,0.9825,0.2367,0
drop_inflight,60,30,1,36.204,0.9852,0.2505,0
drop_inflight,60,30,2,37.057,0.9866,0.2597,0
drop_inflight,60,30,3,35.980,0.9840,0.2603,0
drop_inflight,61,31,0,34.821,0.9826,0.2570,0
drop_inflight,61,31,1,35.255,0.9850,0.2569,0
drop_inflight,61,31,2,35.611,0.9862,0.2623,0
drop_inflight,61,31,3,35.365,0.9851,0.2598,0
drop_inflight,62,32,0,35.056,0.9838,0.2513,0
drop_inflight,62,32,1,35.676,0.9856,0.2548,0
drop_inflight,62,32,2,35.129,0.9863,0.2567,0
drop_inflight,62,32,3,35.168,0.9849,0.2483,0
drop_inflight,63,33,0,35.295,0.9839,0.2394,0
drop_inflight,63,33,1,33.892,0.9809,0.2458,0
drop_inflight,63,33,2,34.910,0.9826,0.2458,0
drop_inflight,63,33,3,33.337,0.9734,0.2399,0
drop_inflight,64,34,0,33.516,0.9734,0.2200,0
drop_inflight,64,34,1,30.260,0.9625,0.2197,0
drop_inflight,64,34,2,32.567,0.9684,0.2761,0
drop_inflight,64,34,3,30.471,0.9570,0.2709,0
drop_inflight,65,35,0,34.379,0.9788,0.2564,0
drop_inflight,65,35,1,38.105,0.9869,0.2623,0
drop_inflight,65,35,2,39.625,0.9905,0.2762,0
drop_inflight,65,35,3,37.757,0.9886,0.2716,0
drop_inflight,66,36,0,38.753,0.9892,0.2558,0
drop_inflight,66,36,1,39.649,0.9909,0.2733,0
drop_inflight,66,36,2,39.097,0.9913,0.2692,0
drop_inflight,66,36,3,39.046,0.9911,0.2602,0
drop_inflight,67,37,0,38.570,0.9889,0.2566,0
drop_inflight,67,37,1,38.453,0.9889,0.2661,0
drop_inflight,67,37,2,37.534,0.9886,0.2697,0
drop_inflight,67,37,3,38.664,0.9900,0.2732,0
drop_inflight,68,38,0,36.638,0.9869,0.2666,0
drop_inflight,68,38,1,36.720,0.9887,0.2704,0
drop_inflight,68,38,2,40.054,0.9918,0.2741,0
drop_inflight,68,38,3,39.960,0.9920,0.2746,0
drop_inflight,69,39,0,38.037,0.9890,0.2554,0
drop_inflight,69,39,1,38.357,0.9892,0.2702,0
drop_inflight,69,39,2,39.688,0.9909,0.2695,0
drop_inflight,69,39,3,38.294,0.9890,0.2670,0
drop_kv_recent,3,-27,0,99.000,,,0
drop_kv_recent,3,-27,1,99.000,,,0
drop_kv_recent,3,-27,2,99.000,,,0
drop_kv_recent,3,-27,3,99.000,,,0
drop_kv_recent,4,-26,0,99.000,,,0
drop_kv_recent,4,-26,1,99.000,,,0
drop_kv_recent,4,-26,2,99.000,,,0
drop_kv_recent,4,-26,3,99.000,,,0
drop_kv_recent,5,-25,0,99.000,,,0
drop_kv_recent,5,-25,1,99.000,,,0
drop_kv_recent,5,-25,2,99.000,,,0
drop_kv_recent,5,-25,3,99.000,,,0
drop_kv_recent,6,-24,0,99.000,,,0
drop_kv_recent,6,-24,1,99.000,,,0
drop_kv_recent,6,-24,2,99.000,,,0
drop_kv_recent,6,-24,3,99.000,,,0
drop_kv_recent,7,-23,0,99.000,,,0
drop_kv_recent,7,-23,1,99.000,,,0
drop_kv_recent,7,-23,2,99.000,,,0
drop_kv_recent,7,-23,3,99.000,,,0
drop_kv_recent,8,-22,0,99.000,,,0
drop_kv_recent,8,-22,1,99.000,,,0
drop_kv_recent,8,-22,2,99.000,,,0
drop_kv_recent,8,-22,3,99.000,,,0
drop_kv_recent,9,-21,0,99.000,,,0
drop_kv_recent,9,-21,1,99.000,,,0
drop_kv_recent,9,-21,2,99.000,,,0
drop_kv_recent,9,-21,3,99.000,,,0
drop_kv_recent,10,-20,0,99.000,,,0
drop_kv_recent,10,-20,1,99.000,,,0
drop_kv_recent,10,-20,2,99.000,,,0
drop_kv_recent,10,-20,3,99.000,,,0
drop_kv_recent,11,-19,0,99.000,,,0
drop_kv_recent,11,-19,1,99.000,,,0
drop_kv_recent,11,-19,2,99.000,,,0
drop_kv_recent,11,-19,3,99.000,,,0
drop_kv_recent,12,-18,0,99.000,,,0
drop_kv_recent,12,-18,1,99.000,,,0
drop_kv_recent,12,-18,2,99.000,,,0
drop_kv_recent,12,-18,3,99.000,,,0
drop_kv_recent,13,-17,0,99.000,,,0
drop_kv_recent,13,-17,1,99.000,,,0
drop_kv_recent,13,-17,2,99.000,,,0
drop_kv_recent,13,-17,3,99.000,,,0
drop_kv_recent,14,-16,0,99.000,,,0
drop_kv_recent,14,-16,1,99.000,,,0
drop_kv_recent,14,-16,2,99.000,,,0
drop_kv_recent,14,-16,3,99.000,,,0
drop_kv_recent,15,-15,0,99.000,,,0
drop_kv_recent,15,-15,1,99.000,,,0
drop_kv_recent,15,-15,2,99.000,,,0
drop_kv_recent,15,-15,3,99.000,,,0
drop_kv_recent,16,-14,0,99.000,,,0
drop_kv_recent,16,-14,1,99.000,,,0
drop_kv_recent,16,-14,2,99.000,,,0
drop_kv_recent,16,-14,3,99.000,,,0
drop_kv_recent,17,-13,0,99.000,,,0
drop_kv_recent,17,-13,1,99.000,,,0
drop_kv_recent,17,-13,2,99.000,,,0
drop_kv_recent,17,-13,3,99.000,,,0
drop_kv_recent,18,-12,0,99.000,,,0
drop_kv_recent,18,-12,1,99.000,,,0
drop_kv_recent,18,-12,2,99.000,,,0
drop_kv_recent,18,-12,3,99.000,,,0
drop_kv_recent,19,-11,0,99.000,,,0
drop_kv_recent,19,-11,1,99.000,,,0
drop_kv_recent,19,-11,2,99.000,,,0
drop_kv_recent,19,-11,3,99.000,,,0
drop_kv_recent,20,-10,0,99.000,,,0
drop_kv_recent,20,-10,1,99.000,,,0
drop_kv_recent,20,-10,2,99.000,,,0
drop_kv_recent,20,-10,3,99.000,,,0
drop_kv_recent,21,-9,0,99.000,,,0
drop_kv_recent,21,-9,1,99.000,,,0
drop_kv_recent,21,-9,2,99.000,,,0
drop_kv_recent,21,-9,3,99.000,,,0
drop_kv_recent,22,-8,0,99.000,,,0
drop_kv_recent,22,-8,1,99.000,,,0
drop_kv_recent,22,-8,2,99.000,,,0
drop_kv_recent,22,-8,3,99.000,,,0
drop_kv_recent,23,-7,0,99.000,,,0
drop_kv_recent,23,-7,1,99.000,,,0
drop_kv_recent,23,-7,2,99.000,,,0
drop_kv_recent,23,-7,3,99.000,,,0
drop_kv_recent,24,-6,0,99.000,,,0
drop_kv_recent,24,-6,1,99.000,,,0
drop_kv_recent,24,-6,2,99.000,,,0
drop_kv_recent,24,-6,3,99.000,,,0
drop_kv_recent,25,-5,0,99.000,,,0
drop_kv_recent,25,-5,1,99.000,,,0
drop_kv_recent,25,-5,2,99.000,,,0
drop_kv_recent,25,-5,3,99.000,,,0
drop_kv_recent,26,-4,0,99.000,,,0
drop_kv_recent,26,-4,1,99.000,,,0
drop_kv_recent,26,-4,2,99.000,,,0
drop_kv_recent,26,-4,3,99.000,,,0
drop_kv_recent,27,-3,0,99.000,,,0
drop_kv_recent,27,-3,1,99.000,,,0
drop_kv_recent,27,-3,2,99.000,,,0
drop_kv_recent,27,-3,3,99.000,,,0
drop_kv_recent,28,-2,0,99.000,,,0
drop_kv_recent,28,-2,1,99.000,,,0
drop_kv_recent,28,-2,2,99.000,,,0
drop_kv_recent,28,-2,3,99.000,,,0
drop_kv_recent,29,-1,0,99.000,,,0
drop_kv_recent,29,-1,1,99.000,,,0
drop_kv_recent,29,-1,2,99.000,,,0
drop_kv_recent,29,-1,3,99.000,,,0
drop_kv_recent,30,0,0,30.579,0.9581,0.2270,0
drop_kv_recent,30,0,1,31.130,0.9573,0.2420,0
drop_kv_recent,30,0,2,32.250,0.9547,0.2563,0
drop_kv_recent,30,0,3,31.039,0.9461,0.2654,0
drop_kv_recent,31,1,0,25.160,0.9082,0.2578,0
drop_kv_recent,31,1,1,25.845,0.9192,0.2416,0
drop_kv_recent,31,1,2,25.939,0.9290,0.2226,0
drop_kv_recent,31,1,3,26.966,0.9216,0.2243,0
drop_kv_recent,32,2,0,25.535,0.9154,0.2069,0
drop_kv_recent,32,2,1,23.794,0.9048,0.2040,0
drop_kv_recent,32,2,2,23.845,0.9049,0.2099,0
drop_kv_recent,32,2,3,24.460,0.9101,0.1946,0
drop_kv_recent,33,3,0,22.703,0.8950,0.1917,0
drop_kv_recent,33,3,1,20.450,0.8724,0.2011,0
drop_kv_recent,33,3,2,21.126,0.8692,0.2174,0
drop_kv_recent,33,3,3,21.087,0.8606,0.2200,0
drop_kv_recent,34,4,0,24.018,0.8880,0.2100,0
drop_kv_recent,34,4,1,22.028,0.8861,0.2271,0
drop_kv_recent,34,4,2,23.369,0.8971,0.2292,0
drop_kv_recent,34,4,3,24.576,0.9052,0.2208,0
drop_kv_recent,35,5,0,23.735,0.9037,0.2066,0
drop_kv_recent,35,5,1,24.880,0.9212,0.2363,0
drop_kv_recent,35,5,2,26.462,0.9318,0.2329,0
drop_kv_recent,35,5,3,26.473,0.9334,0.2241,0
drop_kv_recent,36,6,0,26.769,0.9394,0.2041,0
drop_kv_recent,36,6,1,27.200,0.9492,0.2110,0
drop_kv_recent,36,6,2,27.643,0.9519,0.2127,0
drop_kv_recent,36,6,3,27.195,0.9494,0.2062,0
drop_kv_recent,37,7,0,27.516,0.9528,0.2014,0
drop_kv_recent,37,7,1,27.250,0.9533,0.2197,0
drop_kv_recent,37,7,2,28.110,0.9581,0.2216,0
drop_kv_recent,37,7,3,28.245,0.9555,0.2137,0
drop_kv_recent,38,8,0,28.655,0.9595,0.2119,0
drop_kv_recent,38,8,1,28.124,0.9604,0.2244,0
drop_kv_recent,38,8,2,28.213,0.9638,0.2356,0
drop_kv_recent,38,8,3,27.966,0.9609,0.2276,0
drop_kv_recent,39,9,0,28.299,0.9656,0.2285,0
drop_kv_recent,39,9,1,28.365,0.9684,0.2349,0
drop_kv_recent,39,9,2,28.304,0.9691,0.2442,0
drop_kv_recent,39,9,3,28.825,0.9699,0.2517,0
drop_kv_recent,40,10,0,30.182,0.9746,0.2598,0
drop_kv_recent,40,10,1,30.532,0.9759,0.2646,0
drop_kv_recent,40,10,2,31.497,0.9768,0.2804,0
drop_kv_recent,40,10,3,32.717,0.9784,0.2967,0
drop_kv_recent,41,11,0,33.667,0.9826,0.2736,0
drop_kv_recent,41,11,1,35.062,0.9852,0.2717,0
drop_kv_recent,41,11,2,35.694,0.9857,0.2623,0
drop_kv_recent,41,11,3,35.593,0.9858,0.2518,0
drop_kv_recent,42,12,0,36.510,0.9888,0.2311,0
drop_kv_recent,42,12,1,36.572,0.9896,0.2354,0
drop_kv_recent,42,12,2,36.594,0.9897,0.2328,0
drop_kv_recent,42,12,3,36.302,0.9894,0.2287,0
drop_kv_recent,43,13,0,37.186,0.9902,0.2169,0
drop_kv_recent,43,13,1,35.993,0.9901,0.2415,0
drop_kv_recent,43,13,2,36.356,0.9899,0.2437,0
drop_kv_recent,43,13,3,34.717,0.9885,0.2455,0
drop_kv_recent,44,14,0,35.175,0.9888,0.2381,0
drop_kv_recent,44,14,1,39.066,0.9929,0.2434,0
drop_kv_recent,44,14,2,39.353,0.9934,0.2493,0
drop_kv_recent,44,14,3,38.814,0.9931,0.2381,0
drop_kv_recent,45,15,0,40.278,0.9942,0.2346,0
drop_kv_recent,45,15,1,40.976,0.9948,0.2438,0
drop_kv_recent,45,15,2,41.666,0.9953,0.2502,0
drop_kv_recent,45,15,3,41.996,0.9953,0.2568,0
drop_kv_recent,46,16,0,42.272,0.9956,0.2600,0
drop_kv_recent,46,16,1,40.922,0.9942,0.2750,0
drop_kv_recent,46,16,2,43.124,0.9955,0.2750,0
drop_kv_recent,46,16,3,39.366,0.9936,0.2754,0
drop_kv_recent,47,17,0,41.331,0.9948,0.2712,0
drop_kv_recent,47,17,1,43.457,0.9959,0.2627,0
drop_kv_recent,47,17,2,43.788,0.9961,0.2587,0
drop_kv_recent,47,17,3,42.929,0.9958,0.2623,0
drop_kv_recent,48,18,0,45.036,0.9968,0.2520,0
drop_kv_recent,48,18,1,45.134,0.9965,0.2530,0
drop_kv_recent,48,18,2,44.896,0.9965,0.2449,0
drop_kv_recent,48,18,3,44.264,0.9962,0.2408,0
drop_kv_recent,49,19,0,45.598,0.9967,0.2216,0
drop_kv_recent,49,19,1,44.983,0.9959,0.2319,0
drop_kv_recent,49,19,2,46.766,0.9965,0.2303,0
drop_kv_recent,49,19,3,43.974,0.9956,0.2341,0
drop_kv_recent,50,20,0,44.902,0.9964,0.2152,0
drop_kv_recent,50,20,1,46.641,0.9972,0.2153,0
drop_kv_recent,50,20,2,46.296,0.9973,0.2130,0
drop_kv_recent,50,20,3,44.983,0.9970,0.2129,0
drop_kv_recent,51,21,0,45.134,0.9973,0.2040,0
drop_kv_recent,51,21,1,44.732,0.9971,0.2101,0
drop_kv_recent,51,21,2,47.310,0.9976,0.2082,0
drop_kv_recent,51,21,3,47.100,0.9974,0.2045,0
drop_kv_recent,52,22,0,40.956,0.9962,0.2063,0
drop_kv_recent,52,22,1,43.766,0.9961,0.2187,0
drop_kv_recent,52,22,2,44.504,0.9967,0.2251,0
drop_kv_recent,52,22,3,43.169,0.9967,0.2249,0
drop_kv_recent,53,23,0,42.492,0.9966,0.2287,0
drop_kv_recent,53,23,1,42.539,0.9962,0.2387,0
drop_kv_recent,53,23,2,42.854,0.9966,0.2404,0
drop_kv_recent,53,23,3,44.856,0.9965,0.2364,0
drop_kv_recent,54,24,0,46.448,0.9970,0.2322,0
drop_kv_recent,54,24,1,47.214,0.9976,0.2441,0
drop_kv_recent,54,24,2,47.658,0.9975,0.2478,0
drop_kv_recent,54,24,3,45.486,0.9967,0.2427,0
drop_kv_recent,55,25,0,42.911,0.9965,0.2326,0
drop_kv_recent,55,25,1,47.002,0.9975,0.2365,0
drop_kv_recent,55,25,2,48.246,0.9977,0.2318,0
drop_kv_recent,55,25,3,48.263,0.9977,0.2284,0
drop_kv_recent,56,26,0,47.989,0.9979,0.2133,0
drop_kv_recent,56,26,1,46.336,0.9978,0.2210,0
drop_kv_recent,56,26,2,46.635,0.9979,0.2233,0
drop_kv_recent,56,26,3,45.462,0.9976,0.2147,0
drop_kv_recent,57,27,0,47.354,0.9975,0.2103,0
drop_kv_recent,57,27,1,46.626,0.9976,0.2134,0
drop_kv_recent,57,27,2,47.308,0.9977,0.2240,0
drop_kv_recent,57,27,3,45.794,0.9974,0.2304,0
drop_kv_recent,58,28,0,46.832,0.9976,0.2301,0
drop_kv_recent,58,28,1,46.090,0.9977,0.2368,0
drop_kv_recent,58,28,2,47.745,0.9979,0.2392,0
drop_kv_recent,58,28,3,47.155,0.9978,0.2408,0
drop_kv_recent,59,29,0,47.715,0.9979,0.2365,0
drop_kv_recent,59,29,1,48.298,0.9981,0.2382,0
drop_kv_recent,59,29,2,50.289,0.9981,0.2341,0
drop_kv_recent,59,29,3,48.437,0.9980,0.2263,0
drop_kv_recent,60,30,0,47.162,0.9980,0.2247,0
drop_kv_recent,60,30,1,45.407,0.9973,0.2395,0
drop_kv_recent,60,30,2,49.256,0.9978,0.2522,0
drop_kv_recent,60,30,3,48.484,0.9978,0.2544,0
drop_kv_recent,61,31,0,45.397,0.9973,0.2515,0
drop_kv_recent,61,31,1,44.587,0.9973,0.2522,0
drop_kv_recent,61,31,2,44.723,0.9975,0.2605,0
drop_kv_recent,61,31,3,45.918,0.9977,0.2596,0
drop_kv_recent,62,32,0,46.651,0.9977,0.2516,0
drop_kv_recent,62,32,1,46.779,0.9977,0.2568,0
drop_kv_recent,62,32,2,46.708,0.9977,0.2616,0
drop_kv_recent,62,32,3,47.233,0.9977,0.2545,0
drop_kv_recent,63,33,0,47.365,0.9977,0.2413,0
drop_kv_recent,63,33,1,46.231,0.9977,0.2469,0
drop_kv_recent,63,33,2,46.352,0.9979,0.2489,0
drop_kv_recent,63,33,3,47.324,0.9977,0.2467,0
drop_kv_recent,64,34,0,45.706,0.9970,0.2221,0
drop_kv_recent,64,34,1,43.350,0.9956,0.2191,0
drop_kv_recent,64,34,2,47.198,0.9970,0.2767,0
drop_kv_recent,64,34,3,45.523,0.9966,0.2718,0
drop_kv_recent,65,35,0,47.450,0.9976,0.2525,0
drop_kv_recent,65,35,1,49.579,0.9980,0.2566,0
drop_kv_recent,65,35,2,51.025,0.9982,0.2716,0
drop_kv_recent,65,35,3,47.773,0.9979,0.2670,0
drop_kv_recent,66,36,0,48.749,0.9979,0.2506,0
drop_kv_recent,66,36,1,48.915,0.9981,0.2675,0
drop_kv_recent,66,36,2,49.477,0.9983,0.2640,0
drop_kv_recent,66,36,3,48.897,0.9981,0.2543,0
drop_kv_recent,67,37,0,48.787,0.9980,0.2505,0
drop_kv_recent,67,37,1,46.343,0.9977,0.2606,0
drop_kv_recent,67,37,2,46.850,0.9978,0.2640,0
drop_kv_recent,67,37,3,47.316,0.9978,0.2688,0
drop_kv_recent,68,38,0,45.166,0.9975,0.2612,0
drop_kv_recent,68,38,1,42.281,0.9968,0.2646,0
drop_kv_recent,68,38,2,47.766,0.9976,0.2703,0
drop_kv_recent,68,38,3,48.863,0.9980,0.2703,0
drop_kv_recent,69,39,0,45.720,0.9973,0.2498,0
drop_kv_recent,69,39,1,45.662,0.9971,0.2639,0
drop_kv_recent,69,39,2,46.401,0.9976,0.2642,0
drop_kv_recent,69,39,3,47.249,0.9977,0.2637,0
drop_vae_all,3,-27,0,99.000,,,0
drop_vae_all,3,-27,1,99.000,,,0
drop_vae_all,3,-27,2,99.000,,,0
drop_vae_all,3,-27,3,99.000,,,0
drop_vae_all,4,-26,0,99.000,,,0
drop_vae_all,4,-26,1,99.000,,,0
drop_vae_all,4,-26,2,99.000,,,0
drop_vae_all,4,-26,3,99.000,,,0
drop_vae_all,5,-25,0,99.000,,,0
drop_vae_all,5,-25,1,99.000,,,0
drop_vae_all,5,-25,2,99.000,,,0
drop_vae_all,5,-25,3,99.000,,,0
drop_vae_all,6,-24,0,99.000,,,0
drop_vae_all,6,-24,1,99.000,,,0
drop_vae_all,6,-24,2,99.000,,,0
drop_vae_all,6,-24,3,99.000,,,0
drop_vae_all,7,-23,0,99.000,,,0
drop_vae_all,7,-23,1,99.000,,,0
drop_vae_all,7,-23,2,99.000,,,0
drop_vae_all,7,-23,3,99.000,,,0
drop_vae_all,8,-22,0,99.000,,,0
drop_vae_all,8,-22,1,99.000,,,0
drop_vae_all,8,-22,2,99.000,,,0
drop_vae_all,8,-22,3,99.000,,,0
drop_vae_all,9,-21,0,99.000,,,0
drop_vae_all,9,-21,1,99.000,,,0
drop_vae_all,9,-21,2,99.000,,,0
drop_vae_all,9,-21,3,99.000,,,0
drop_vae_all,10,-20,0,99.000,,,0
drop_vae_all,10,-20,1,99.000,,,0
drop_vae_all,10,-20,2,99.000,,,0
drop_vae_all,10,-20,3,99.000,,,0
drop_vae_all,11,-19,0,99.000,,,0
drop_vae_all,11,-19,1,99.000,,,0
drop_vae_all,11,-19,2,99.000,,,0
drop_vae_all,11,-19,3,99.000,,,0
drop_vae_all,12,-18,0,99.000,,,0
drop_vae_all,12,-18,1,99.000,,,0
drop_vae_all,12,-18,2,99.000,,,0
drop_vae_all,12,-18,3,99.000,,,0
drop_vae_all,13,-17,0,99.000,,,0
drop_vae_all,13,-17,1,99.000,,,0
drop_vae_all,13,-17,2,99.000,,,0
drop_vae_all,13,-17,3,99.000,,,0
drop_vae_all,14,-16,0,99.000,,,0
drop_vae_all,14,-16,1,99.000,,,0
drop_vae_all,14,-16,2,99.000,,,0
drop_vae_all,14,-16,3,99.000,,,0
drop_vae_all,15,-15,0,99.000,,,0
drop_vae_all,15,-15,1,99.000,,,0
drop_vae_all,15,-15,2,99.000,,,0
drop_vae_all,15,-15,3,99.000,,,0
drop_vae_all,16,-14,0,99.000,,,0
drop_vae_all,16,-14,1,99.000,,,0
drop_vae_all,16,-14,2,99.000,,,0
drop_vae_all,16,-14,3,99.000,,,0
drop_vae_all,17,-13,0,99.000,,,0
drop_vae_all,17,-13,1,99.000,,,0
drop_vae_all,17,-13,2,99.000,,,0
drop_vae_all,17,-13,3,99.000,,,0
drop_vae_all,18,-12,0,99.000,,,0
drop_vae_all,18,-12,1,99.000,,,0
drop_vae_all,18,-12,2,99.000,,,0
drop_vae_all,18,-12,3,99.000,,,0
drop_vae_all,19,-11,0,99.000,,,0
drop_vae_all,19,-11,1,99.000,,,0
drop_vae_all,19,-11,2,99.000,,,0
drop_vae_all,19,-11,3,99.000,,,0
drop_vae_all,20,-10,0,99.000,,,0
drop_vae_all,20,-10,1,99.000,,,0
drop_vae_all,20,-10,2,99.000,,,0
drop_vae_all,20,-10,3,99.000,,,0
drop_vae_all,21,-9,0,99.000,,,0
drop_vae_all,21,-9,1,99.000,,,0
drop_vae_all,21,-9,2,99.000,,,0
drop_vae_all,21,-9,3,99.000,,,0
drop_vae_all,22,-8,0,99.000,,,0
drop_vae_all,22,-8,1,99.000,,,0
drop_vae_all,22,-8,2,99.000,,,0
drop_vae_all,22,-8,3,99.000,,,0
drop_vae_all,23,-7,0,99.000,,,0
drop_vae_all,23,-7,1,99.000,,,0
drop_vae_all,23,-7,2,99.000,,,0
drop_vae_all,23,-7,3,99.000,,,0
drop_vae_all,24,-6,0,99.000,,,0
drop_vae_all,24,-6,1,99.000,,,0
drop_vae_all,24,-6,2,99.000,,,0
drop_vae_all,24,-6,3,99.000,,,0
drop_vae_all,25,-5,0,99.000,,,0
drop_vae_all,25,-5,1,99.000,,,0
drop_vae_all,25,-5,2,99.000,,,0
drop_vae_all,25,-5,3,99.000,,,0
drop_vae_all,26,-4,0,99.000,,,0
drop_vae_all,26,-4,1,99.000,,,0
drop_vae_all,26,-4,2,99.000,,,0
drop_vae_all,26,-4,3,99.000,,,0
drop_vae_all,27,-3,0,99.000,,,0
drop_vae_all,27,-3,1,99.000,,,0
drop_vae_all,27,-3,2,99.000,,,0
drop_vae_all,27,-3,3,99.000,,,0
drop_vae_all,28,-2,0,99.000,,,0
drop_vae_all,28,-2,1,99.000,,,0
drop_vae_all,28,-2,2,99.000,,,0
drop_vae_all,28,-2,3,99.000,,,0
drop_vae_all,29,-1,0,99.000,,,0
drop_vae_all,29,-1,1,99.000,,,0
drop_vae_all,29,-1,2,99.000,,,0
drop_vae_all,29,-1,3,99.000,,,0
drop_vae_all,30,0,0,17.680,0.2392,0.6055,0
drop_vae_all,30,0,1,19.329,0.2829,0.6328,0
drop_vae_all,30,0,2,22.238,0.4033,0.5257,0
drop_vae_all,30,0,3,23.621,0.5163,0.4280,0
drop_vae_all,31,1,0,29.505,0.8739,0.1717,0
drop_vae_all,31,1,1,32.820,0.9394,0.2033,0
drop_vae_all,31,1,2,31.846,0.9493,0.1876,0
drop_vae_all,31,1,3,35.025,0.9440,0.2222,0
drop_vae_all,32,2,0,38.467,0.9697,0.2043,0
drop_vae_all,32,2,1,36.785,0.9806,0.2075,0
drop_vae_all,32,2,2,29.461,0.8558,0.3247,0
drop_vae_all,32,2,3,32.104,0.8610,0.3189,0
drop_vae_all,33,3,0,29.072,0.9278,0.2248,0
drop_vae_all,33,3,1,23.665,0.7254,0.3772,0
drop_vae_all,33,3,2,25.489,0.8286,0.3006,0
drop_vae_all,33,3,3,23.148,0.8878,0.1904,0
drop_vae_all,34,4,0,23.397,0.8615,0.2568,0
drop_vae_all,34,4,1,24.688,0.8966,0.2447,0
drop_vae_all,34,4,2,26.198,0.9123,0.2584,0
drop_vae_all,34,4,3,23.562,0.8901,0.2645,0
drop_vae_all,35,5,0,24.688,0.9050,0.2472,0
drop_vae_all,35,5,1,25.682,0.9122,0.2729,0
drop_vae_all,35,5,2,27.176,0.9195,0.2790,0
drop_vae_all,35,5,3,26.763,0.9146,0.2744,0
drop_vae_all,36,6,0,27.793,0.9305,0.2423,0
drop_vae_all,36,6,1,29.641,0.9416,0.2465,0
drop_vae_all,36,6,2,30.069,0.9435,0.2510,0
drop_vae_all,36,6,3,30.008,0.9429,0.2431,0
drop_vae_all,37,7,0,31.816,0.9556,0.2330,0
drop_vae_all,37,7,1,31.309,0.9560,0.2463,0
drop_vae_all,37,7,2,31.835,0.9604,0.2465,0
drop_vae_all,37,7,3,32.491,0.9617,0.2354,0
drop_vae_all,38,8,0,33.549,0.9709,0.2251,0
drop_vae_all,38,8,1,33.482,0.9736,0.2352,0
drop_vae_all,38,8,2,33.620,0.9761,0.2434,0
drop_vae_all,38,8,3,33.212,0.9753,0.2340,0
drop_vae_all,39,9,0,33.480,0.9775,0.2268,0
drop_vae_all,39,9,1,33.635,0.9802,0.2307,0
drop_vae_all,39,9,2,33.958,0.9810,0.2375,0
drop_vae_all,39,9,3,34.610,0.9815,0.2448,0
drop_vae_all,40,10,0,35.903,0.9847,0.2529,0
drop_vae_all,40,10,1,36.943,0.9870,0.2584,0
drop_vae_all,40,10,2,37.355,0.9881,0.2740,0
drop_vae_all,40,10,3,37.135,0.9879,0.2904,0
drop_vae_all,41,11,0,37.120,0.9886,0.2672,0
drop_vae_all,41,11,1,36.874,0.9888,0.2656,0
drop_vae_all,41,11,2,38.794,0.9908,0.2574,0
drop_vae_all,41,11,3,37.507,0.9896,0.2473,0
drop_vae_all,42,12,0,40.113,0.9929,0.2279,0
drop_vae_all,42,12,1,40.393,0.9932,0.2339,0
drop_vae_all,42,12,2,40.623,0.9933,0.2322,0
drop_vae_all,42,12,3,40.429,0.9931,0.2285,0
drop_vae_all,43,13,0,40.683,0.9936,0.2169,0
drop_vae_all,43,13,1,40.333,0.9934,0.2419,0
drop_vae_all,43,13,2,40.551,0.9931,0.2448,0
drop_vae_all,43,13,3,35.781,0.9914,0.2469,0
drop_vae_all,44,14,0,35.642,0.9906,0.2396,0
drop_vae_all,44,14,1,41.495,0.9942,0.2443,0
drop_vae_all,44,14,2,42.606,0.9948,0.2501,0
drop_vae_all,44,14,3,41.959,0.9945,0.2381,0
drop_vae_all,45,15,0,43.023,0.9951,0.2349,0
drop_vae_all,45,15,1,43.100,0.9952,0.2440,0
drop_vae_all,45,15,2,43.786,0.9957,0.2507,0
drop_vae_all,45,15,3,44.465,0.9956,0.2569,0
drop_vae_all,46,16,0,42.359,0.9955,0.2611,0
drop_vae_all,46,16,1,39.427,0.9944,0.2755,0
drop_vae_all,46,16,2,44.010,0.9960,0.2755,0
drop_vae_all,46,16,3,41.450,0.9947,0.2760,0
drop_vae_all,47,17,0,44.829,0.9963,0.2709,0
drop_vae_all,47,17,1,44.592,0.9961,0.2622,0
drop_vae_all,47,17,2,44.944,0.9964,0.2585,0
drop_vae_all,47,17,3,44.123,0.9962,0.2615,0
drop_vae_all,48,18,0,45.933,0.9970,0.2518,0
drop_vae_all,48,18,1,46.485,0.9968,0.2531,0
drop_vae_all,48,18,2,46.185,0.9968,0.2454,0
drop_vae_all,48,18,3,45.895,0.9966,0.2412,0
drop_vae_all,49,19,0,47.141,0.9971,0.2221,0
drop_vae_all,49,19,1,45.668,0.9962,0.2324,0
drop_vae_all,49,19,2,46.037,0.9962,0.2312,0
drop_vae_all,49,19,3,42.186,0.9950,0.2348,0
drop_vae_all,50,20,0,43.051,0.9958,0.2159,0
drop_vae_all,50,20,1,43.070,0.9964,0.2162,0
drop_vae_all,50,20,2,44.466,0.9967,0.2142,0
drop_vae_all,50,20,3,40.429,0.9955,0.2139,0
drop_vae_all,51,21,0,41.628,0.9961,0.2049,0
drop_vae_all,51,21,1,41.231,0.9960,0.2110,0
drop_vae_all,51,21,2,42.146,0.9963,0.2089,0
drop_vae_all,51,21,3,42.360,0.9963,0.2052,0
drop_vae_all,52,22,0,39.704,0.9952,0.2066,0
drop_vae_all,52,22,1,41.211,0.9954,0.2185,0
drop_vae_all,52,22,2,41.778,0.9956,0.2253,0
drop_vae_all,52,22,3,39.139,0.9945,0.2245,0
drop_vae_all,53,23,0,39.818,0.9954,0.2289,0
drop_vae_all,53,23,1,40.238,0.9952,0.2388,0
drop_vae_all,53,23,2,39.336,0.9955,0.2409,0
drop_vae_all,53,23,3,43.873,0.9966,0.2360,0
drop_vae_all,54,24,0,46.009,0.9974,0.2324,0
drop_vae_all,54,24,1,47.517,0.9976,0.2441,0
drop_vae_all,54,24,2,46.361,0.9973,0.2474,0
drop_vae_all,54,24,3,45.833,0.9970,0.2423,0
drop_vae_all,55,25,0,40.907,0.9960,0.2325,0
drop_vae_all,55,25,1,43.218,0.9967,0.2360,0
drop_vae_all,55,25,2,43.518,0.9967,0.2323,0
drop_vae_all,55,25,3,44.702,0.9969,0.2285,0
drop_vae_all,56,26,0,44.846,0.9972,0.2137,0
drop_vae_all,56,26,1,45.772,0.9974,0.2211,0
drop_vae_all,56,26,2,46.426,0.9975,0.2239,0
drop_vae_all,56,26,3,44.695,0.9969,0.2147,0
drop_vae_all,57,27,0,45.451,0.9973,0.2103,0
drop_vae_all,57,27,1,41.502,0.9967,0.2139,0
drop_vae_all,57,27,2,41.857,0.9965,0.2247,0
drop_vae_all,57,27,3,44.577,0.9968,0.2306,0
drop_vae_all,58,28,0,44.802,0.9967,0.2310,0
drop_vae_all,58,28,1,42.978,0.9965,0.2380,0
drop_vae_all,58,28,2,45.568,0.9969,0.2403,0
drop_vae_all,58,28,3,45.328,0.9969,0.2419,0
drop_vae_all,59,29,0,45.870,0.9972,0.2381,0
drop_vae_all,59,29,1,47.080,0.9975,0.2400,0
drop_vae_all,59,29,2,48.097,0.9975,0.2361,0
drop_vae_all,59,29,3,48.169,0.9976,0.2282,0
drop_vae_all,60,30,0,46.203,0.9973,0.2268,0
drop_vae_all,60,30,1,44.188,0.9967,0.2415,0
drop_vae_all,60,30,2,45.753,0.9968,0.2544,0
drop_vae_all,60,30,3,46.656,0.9971,0.2567,0
drop_vae_all,61,31,0,45.848,0.9970,0.2531,0
drop_vae_all,61,31,1,44.191,0.9969,0.2537,0
drop_vae_all,61,31,2,45.024,0.9971,0.2619,0
drop_vae_all,61,31,3,45.853,0.9972,0.2610,0
drop_vae_all,62,32,0,45.994,0.9971,0.2525,0
drop_vae_all,62,32,1,44.926,0.9969,0.2572,0
drop_vae_all,62,32,2,45.283,0.9970,0.2621,0
drop_vae_all,62,32,3,45.718,0.9969,0.2550,0
drop_vae_all,63,33,0,45.356,0.9972,0.2416,0
drop_vae_all,63,33,1,45.232,0.9974,0.2467,0
drop_vae_all,63,33,2,46.317,0.9975,0.2491,0
drop_vae_all,63,33,3,44.884,0.9972,0.2469,0
drop_vae_all,64,34,0,44.114,0.9963,0.2228,0
drop_vae_all,64,34,1,42.858,0.9955,0.2196,0
drop_vae_all,64,34,2,45.949,0.9968,0.2773,0
drop_vae_all,64,34,3,43.924,0.9963,0.2717,0
drop_vae_all,65,35,0,45.294,0.9970,0.2531,0
drop_vae_all,65,35,1,45.732,0.9973,0.2572,0
drop_vae_all,65,35,2,48.995,0.9977,0.2723,0
drop_vae_all,65,35,3,46.243,0.9974,0.2679,0
drop_vae_all,66,36,0,44.636,0.9970,0.2512,0
drop_vae_all,66,36,1,46.030,0.9975,0.2680,0
drop_vae_all,66,36,2,48.794,0.9978,0.2645,0
drop_vae_all,66,36,3,46.388,0.9975,0.2548,0
drop_vae_all,67,37,0,46.845,0.9973,0.2508,0
drop_vae_all,67,37,1,45.449,0.9972,0.2609,0
drop_vae_all,67,37,2,44.065,0.9971,0.2644,0
drop_vae_all,67,37,3,46.765,0.9975,0.2690,0
drop_vae_all,68,38,0,45.890,0.9971,0.2614,0
drop_vae_all,68,38,1,40.968,0.9954,0.2650,0
drop_vae_all,68,38,2,44.426,0.9963,0.2717,0
drop_vae_all,68,38,3,46.680,0.9974,0.2714,0
drop_vae_all,69,39,0,44.125,0.9965,0.2516,0
drop_vae_all,69,39,1,43.416,0.9964,0.2655,0
drop_vae_all,69,39,2,45.399,0.9971,0.2661,0
drop_vae_all,69,39,3,46.765,0.9974,0.2654,0
ph_zero_8,3,-27,0,99.000,,,0
ph_zero_8,3,-27,1,99.000,,,0
ph_zero_8,3,-27,2,99.000,,,0
ph_zero_8,3,-27,3,99.000,,,0
ph_zero_8,4,-26,0,99.000,,,0
ph_zero_8,4,-26,1,99.000,,,0
ph_zero_8,4,-26,2,99.000,,,0
ph_zero_8,4,-26,3,99.000,,,0
ph_zero_8,5,-25,0,99.000,,,0
ph_zero_8,5,-25,1,99.000,,,0
ph_zero_8,5,-25,2,99.000,,,0
ph_zero_8,5,-25,3,99.000,,,0
ph_zero_8,6,-24,0,99.000,,,0
ph_zero_8,6,-24,1,99.000,,,0
ph_zero_8,6,-24,2,99.000,,,0
ph_zero_8,6,-24,3,99.000,,,0
ph_zero_8,7,-23,0,99.000,,,0
ph_zero_8,7,-23,1,99.000,,,0
ph_zero_8,7,-23,2,99.000,,,0
ph_zero_8,7,-23,3,99.000,,,0
ph_zero_8,8,-22,0,99.000,,,0
ph_zero_8,8,-22,1,99.000,,,0
ph_zero_8,8,-22,2,99.000,,,0
ph_zero_8,8,-22,3,99.000,,,0
ph_zero_8,9,-21,0,99.000,,,0
ph_zero_8,9,-21,1,99.000,,,0
ph_zero_8,9,-21,2,99.000,,,0
ph_zero_8,9,-21,3,99.000,,,0
ph_zero_8,10,-20,0,99.000,,,0
ph_zero_8,10,-20,1,99.000,,,0
ph_zero_8,10,-20,2,99.000,,,0
ph_zero_8,10,-20,3,99.000,,,0
ph_zero_8,11,-19,0,99.000,,,0
ph_zero_8,11,-19,1,99.000,,,0
ph_zero_8,11,-19,2,99.000,,,0
ph_zero_8,11,-19,3,99.000,,,0
ph_zero_8,12,-18,0,99.000,,,0
ph_zero_8,12,-18,1,99.000,,,0
ph_zero_8,12,-18,2,99.000,,,0
ph_zero_8,12,-18,3,99.000,,,0
ph_zero_8,13,-17,0,99.000,,,0
ph_zero_8,13,-17,1,99.000,,,0
ph_zero_8,13,-17,2,99.000,,,0
ph_zero_8,13,-17,3,99.000,,,0
ph_zero_8,14,-16,0,99.000,,,0
ph_zero_8,14,-16,1,99.000,,,0
ph_zero_8,14,-16,2,99.000,,,0
ph_zero_8,14,-16,3,99.000,,,0
ph_zero_8,15,-15,0,99.000,,,0
ph_zero_8,15,-15,1,99.000,,,0
ph_zero_8,15,-15,2,99.000,,,0
ph_zero_8,15,-15,3,99.000,,,0
ph_zero_8,16,-14,0,99.000,,,0
ph_zero_8,16,-14,1,99.000,,,0
ph_zero_8,16,-14,2,99.000,,,0
ph_zero_8,16,-14,3,99.000,,,0
ph_zero_8,17,-13,0,99.000,,,0
ph_zero_8,17,-13,1,99.000,,,0
ph_zero_8,17,-13,2,99.000,,,0
ph_zero_8,17,-13,3,99.000,,,0
ph_zero_8,18,-12,0,99.000,,,0
ph_zero_8,18,-12,1,99.000,,,0
ph_zero_8,18,-12,2,99.000,,,0
ph_zero_8,18,-12,3,99.000,,,0
ph_zero_8,19,-11,0,99.000,,,0
ph_zero_8,19,-11,1,99.000,,,0
ph_zero_8,19,-11,2,99.000,,,0
ph_zero_8,19,-11,3,99.000,,,0
ph_zero_8,20,-10,0,99.000,,,0
ph_zero_8,20,-10,1,99.000,,,0
ph_zero_8,20,-10,2,99.000,,,0
ph_zero_8,20,-10,3,99.000,,,0
ph_zero_8,21,-9,0,99.000,,,0
ph_zero_8,21,-9,1,99.000,,,0
ph_zero_8,21,-9,2,99.000,,,0
ph_zero_8,21,-9,3,99.000,,,0
ph_zero_8,22,-8,0,99.000,,,0
ph_zero_8,22,-8,1,99.000,,,0
ph_zero_8,22,-8,2,99.000,,,0
ph_zero_8,22,-8,3,99.000,,,0
ph_zero_8,23,-7,0,99.000,,,0
ph_zero_8,23,-7,1,99.000,,,0
ph_zero_8,23,-7,2,99.000,,,0
ph_zero_8,23,-7,3,99.000,,,0
ph_zero_8,24,-6,0,99.000,,,0
ph_zero_8,24,-6,1,99.000,,,0
ph_zero_8,24,-6,2,99.000,,,0
ph_zero_8,24,-6,3,99.000,,,0
ph_zero_8,25,-5,0,99.000,,,0
ph_zero_8,25,-5,1,99.000,,,0
ph_zero_8,25,-5,2,99.000,,,0
ph_zero_8,25,-5,3,99.000,,,0
ph_zero_8,26,-4,0,99.000,,,0
ph_zero_8,26,-4,1,99.000,,,0
ph_zero_8,26,-4,2,99.000,,,0
ph_zero_8,26,-4,3,99.000,,,0
ph_zero_8,27,-3,0,99.000,,,0
ph_zero_8,27,-3,1,99.000,,,0
ph_zero_8,27,-3,2,99.000,,,0
ph_zero_8,27,-3,3,99.000,,,0
ph_zero_8,28,-2,0,99.000,,,0
ph_zero_8,28,-2,1,99.000,,,0
ph_zero_8,28,-2,2,99.000,,,0
ph_zero_8,28,-2,3,99.000,,,0
ph_zero_8,29,-1,0,99.000,,,0
ph_zero_8,29,-1,1,99.000,,,0
ph_zero_8,29,-1,2,99.000,,,0
ph_zero_8,29,-1,3,99.000,,,0
ph_zero_8,30,0,0,41.123,0.9932,0.2151,0
ph_zero_8,30,0,1,38.300,0.9883,0.2257,0
ph_zero_8,30,0,2,38.391,0.9862,0.2303,0
ph_zero_8,30,0,3,35.953,0.9817,0.2387,0
ph_zero_8,31,1,0,31.162,0.9640,0.2192,0
ph_zero_8,31,1,1,26.884,0.9332,0.2241,0
ph_zero_8,31,1,2,27.045,0.9353,0.2057,0
ph_zero_8,31,1,3,26.000,0.9239,0.1981,0
ph_zero_8,32,2,0,24.798,0.8982,0.1823,0
ph_zero_8,32,2,1,23.883,0.8782,0.1904,0
ph_zero_8,32,2,2,24.496,0.8798,0.1817,0
ph_zero_8,32,2,3,24.042,0.8768,0.1680,0
ph_zero_8,33,3,0,23.419,0.8673,0.1638,0
ph_zero_8,33,3,1,22.497,0.8528,0.1746,0
ph_zero_8,33,3,2,22.046,0.8397,0.1855,0
ph_zero_8,33,3,3,22.150,0.8403,0.1802,0
ph_zero_8,34,4,0,20.881,0.8268,0.1768,0
ph_zero_8,34,4,1,20.466,0.8030,0.2083,0
ph_zero_8,34,4,2,20.108,0.7929,0.2047,0
ph_zero_8,34,4,3,19.805,0.7777,0.1836,0
ph_zero_8,35,5,0,19.409,0.7723,0.1840,0
ph_zero_8,35,5,1,19.865,0.7694,0.1984,0
ph_zero_8,35,5,2,20.721,0.7709,0.1812,0
ph_zero_8,35,5,3,20.284,0.7733,0.1688,0
ph_zero_8,36,6,0,19.374,0.7731,0.1540,0
ph_zero_8,36,6,1,19.898,0.7749,0.1706,0
ph_zero_8,36,6,2,19.747,0.7721,0.1745,0
ph_zero_8,36,6,3,19.864,0.7745,0.1681,0
ph_zero_8,37,7,0,19.757,0.7739,0.1581,0
ph_zero_8,37,7,1,18.987,0.7486,0.1869,0
ph_zero_8,37,7,2,18.700,0.7382,0.1835,0
ph_zero_8,37,7,3,18.851,0.7436,0.1766,0
ph_zero_8,38,8,0,18.938,0.7515,0.1786,0
ph_zero_8,38,8,1,17.900,0.7322,0.2032,0
ph_zero_8,38,8,2,18.853,0.7432,0.2001,0
ph_zero_8,38,8,3,19.027,0.7488,0.1983,0
ph_zero_8,39,9,0,18.345,0.7574,0.1983,0
ph_zero_8,39,9,1,18.653,0.7712,0.2097,0
ph_zero_8,39,9,2,18.467,0.7722,0.2137,0
ph_zero_8,39,9,3,18.622,0.7718,0.2161,0
ph_zero_8,40,10,0,18.744,0.7837,0.2184,0
ph_zero_8,40,10,1,21.384,0.8277,0.2339,0
ph_zero_8,40,10,2,22.386,0.8432,0.2495,0
ph_zero_8,40,10,3,21.875,0.8382,0.2531,0
ph_zero_8,41,11,0,22.257,0.8690,0.2427,0
ph_zero_8,41,11,1,23.434,0.8935,0.2406,0
ph_zero_8,41,11,2,23.559,0.8939,0.2337,0
ph_zero_8,41,11,3,23.646,0.8920,0.2229,0
ph_zero_8,42,12,0,25.399,0.9186,0.2139,0
ph_zero_8,42,12,1,25.637,0.9234,0.2226,0
ph_zero_8,42,12,2,25.918,0.9260,0.2252,0
ph_zero_8,42,12,3,26.035,0.9285,0.2233,0
ph_zero_8,43,13,0,26.842,0.9346,0.2152,0
ph_zero_8,43,13,1,26.365,0.9352,0.2429,0
ph_zero_8,43,13,2,26.774,0.9367,0.2474,0
ph_zero_8,43,13,3,25.722,0.9321,0.2486,0
ph_zero_8,44,14,0,26.706,0.9400,0.2427,0
ph_zero_8,44,14,1,26.532,0.9455,0.2468,0
ph_zero_8,44,14,2,26.843,0.9501,0.2519,0
ph_zero_8,44,14,3,26.979,0.9486,0.2407,0
ph_zero_8,45,15,0,27.410,0.9534,0.2370,0
ph_zero_8,45,15,1,27.889,0.9568,0.2440,0
ph_zero_8,45,15,2,28.074,0.9588,0.2497,0
ph_zero_8,45,15,3,28.175,0.9569,0.2549,0
ph_zero_8,46,16,0,29.645,0.9639,0.2566,0
ph_zero_8,46,16,1,29.582,0.9642,0.2696,0
ph_zero_8,46,16,2,30.486,0.9672,0.2697,0
ph_zero_8,46,16,3,29.777,0.9623,0.2682,0
ph_zero_8,47,17,0,31.381,0.9707,0.2631,0
ph_zero_8,47,17,1,32.187,0.9736,0.2551,0
ph_zero_8,47,17,2,32.354,0.9753,0.2516,0
ph_zero_8,47,17,3,32.409,0.9746,0.2538,0
ph_zero_8,48,18,0,33.513,0.9809,0.2469,0
ph_zero_8,48,18,1,34.504,0.9837,0.2485,0
ph_zero_8,48,18,2,34.981,0.9855,0.2419,0
ph_zero_8,48,18,3,34.562,0.9843,0.2377,0
ph_zero_8,49,19,0,36.058,0.9878,0.2193,0
ph_zero_8,49,19,1,37.987,0.9890,0.2289,0
ph_zero_8,49,19,2,38.522,0.9899,0.2279,0
ph_zero_8,49,19,3,34.609,0.9855,0.2306,0
ph_zero_8,50,20,0,34.184,0.9886,0.2121,0
ph_zero_8,50,20,1,37.747,0.9911,0.2128,0
ph_zero_8,50,20,2,39.314,0.9923,0.2106,0
ph_zero_8,50,20,3,37.759,0.9908,0.2097,0
ph_zero_8,51,21,0,39.631,0.9922,0.1977,0
ph_zero_8,51,21,1,39.755,0.9919,0.2026,0
ph_zero_8,51,21,2,39.409,0.9911,0.1995,0
ph_zero_8,51,21,3,36.450,0.9859,0.1937,0
ph_zero_8,52,22,0,37.063,0.9895,0.1970,0
ph_zero_8,52,22,1,36.906,0.9877,0.2095,0
ph_zero_8,52,22,2,39.476,0.9922,0.2174,0
ph_zero_8,52,22,3,35.071,0.9880,0.2162,0
ph_zero_8,53,23,0,38.151,0.9916,0.2201,0
ph_zero_8,53,23,1,39.747,0.9923,0.2297,0
ph_zero_8,53,23,2,40.236,0.9922,0.2303,0
ph_zero_8,53,23,3,37.263,0.9861,0.2234,0
ph_zero_8,54,24,0,40.960,0.9923,0.2224,0
ph_zero_8,54,24,1,40.715,0.9934,0.2352,0
ph_zero_8,54,24,2,41.028,0.9933,0.2391,0
ph_zero_8,54,24,3,37.504,0.9893,0.2326,0
ph_zero_8,55,25,0,39.437,0.9924,0.2245,0
ph_zero_8,55,25,1,38.855,0.9921,0.2279,0
ph_zero_8,55,25,2,39.838,0.9931,0.2246,0
ph_zero_8,55,25,3,38.231,0.9914,0.2210,0
ph_zero_8,56,26,0,39.872,0.9936,0.2066,0
ph_zero_8,56,26,1,36.895,0.9913,0.2142,0
ph_zero_8,56,26,2,40.138,0.9932,0.2170,0
ph_zero_8,56,26,3,36.469,0.9902,0.2081,0
ph_zero_8,57,27,0,40.887,0.9931,0.2028,0
ph_zero_8,57,27,1,39.758,0.9929,0.2071,0
ph_zero_8,57,27,2,40.714,0.9935,0.2167,0
ph_zero_8,57,27,3,35.580,0.9861,0.2200,0
ph_zero_8,58,28,0,40.661,0.9916,0.2201,0
ph_zero_8,58,28,1,39.825,0.9921,0.2281,0
ph_zero_8,58,28,2,40.561,0.9922,0.2297,0
ph_zero_8,58,28,3,36.595,0.9857,0.2265,0
ph_zero_8,59,29,0,40.201,0.9921,0.2251,0
ph_zero_8,59,29,1,40.326,0.9928,0.2293,0
ph_zero_8,59,29,2,42.174,0.9931,0.2242,0
ph_zero_8,59,29,3,39.127,0.9911,0.2170,0
ph_zero_8,60,30,0,40.888,0.9932,0.2161,0
ph_zero_8,60,30,1,40.087,0.9921,0.2306,0
ph_zero_8,60,30,2,41.623,0.9930,0.2425,0
ph_zero_8,60,30,3,37.047,0.9886,0.2435,0
ph_zero_8,61,31,0,41.071,0.9926,0.2428,0
ph_zero_8,61,31,1,40.321,0.9934,0.2448,0
ph_zero_8,61,31,2,41.027,0.9941,0.2533,0
ph_zero_8,61,31,3,36.680,0.9900,0.2527,0
ph_zero_8,62,32,0,40.889,0.9940,0.2456,0
ph_zero_8,62,32,1,41.282,0.9945,0.2514,0
ph_zero_8,62,32,2,42.332,0.9946,0.2561,0
ph_zero_8,62,32,3,38.789,0.9912,0.2490,0
ph_zero_8,63,33,0,41.021,0.9940,0.2361,0
ph_zero_8,63,33,1,40.348,0.9940,0.2420,0
ph_zero_8,63,33,2,40.948,0.9942,0.2443,0
ph_zero_8,63,33,3,36.182,0.9865,0.2385,0
ph_zero_8,64,34,0,40.615,0.9919,0.2154,0
ph_zero_8,64,34,1,39.628,0.9914,0.2135,0
ph_zero_8,64,34,2,37.883,0.9890,0.2707,0
ph_zero_8,64,34,3,33.817,0.9808,0.2629,0
ph_zero_8,65,35,0,38.993,0.9910,0.2470,0
ph_zero_8,65,35,1,42.596,0.9944,0.2503,0
ph_zero_8,65,35,2,42.681,0.9940,0.2635,0
ph_zero_8,65,35,3,36.690,0.9893,0.2571,0
ph_zero_8,66,36,0,40.025,0.9928,0.2436,0
ph_zero_8,66,36,1,41.260,0.9942,0.2618,0
ph_zero_8,66,36,2,40.451,0.9937,0.2586,0
ph_zero_8,66,36,3,37.116,0.9905,0.2488,0
ph_zero_8,67,37,0,39.586,0.9925,0.2448,0
ph_zero_8,67,37,1,41.392,0.9938,0.2542,0
ph_zero_8,67,37,2,40.218,0.9933,0.2576,0
ph_zero_8,67,37,3,35.457,0.9888,0.2612,0
ph_zero_8,68,38,0,39.854,0.9934,0.2558,0
ph_zero_8,68,38,1,37.946,0.9908,0.2592,0
ph_zero_8,68,38,2,42.240,0.9942,0.2638,0
ph_zero_8,68,38,3,38.946,0.9909,0.2624,0
ph_zero_8,69,39,0,41.577,0.9938,0.2457,0
ph_zero_8,69,39,1,40.808,0.9941,0.2608,0
ph_zero_8,69,39,2,42.534,0.9951,0.2621,0
ph_zero_8,69,39,3,39.620,0.9931,0.2631,0
ph_local_8,3,-27,0,99.000,,,0
ph_local_8,3,-27,1,99.000,,,0
ph_local_8,3,-27,2,99.000,,,0
ph_local_8,3,-27,3,99.000,,,0
ph_local_8,4,-26,0,99.000,,,0
ph_local_8,4,-26,1,99.000,,,0
ph_local_8,4,-26,2,99.000,,,0
ph_local_8,4,-26,3,99.000,,,0
ph_local_8,5,-25,0,99.000,,,0
ph_local_8,5,-25,1,99.000,,,0
ph_local_8,5,-25,2,99.000,,,0
ph_local_8,5,-25,3,99.000,,,0
ph_local_8,6,-24,0,99.000,,,0
ph_local_8,6,-24,1,99.000,,,0
ph_local_8,6,-24,2,99.000,,,0
ph_local_8,6,-24,3,99.000,,,0
ph_local_8,7,-23,0,99.000,,,0
ph_local_8,7,-23,1,99.000,,,0
ph_local_8,7,-23,2,99.000,,,0
ph_local_8,7,-23,3,99.000,,,0
ph_local_8,8,-22,0,99.000,,,0
ph_local_8,8,-22,1,99.000,,,0
ph_local_8,8,-22,2,99.000,,,0
ph_local_8,8,-22,3,99.000,,,0
ph_local_8,9,-21,0,99.000,,,0
ph_local_8,9,-21,1,99.000,,,0
ph_local_8,9,-21,2,99.000,,,0
ph_local_8,9,-21,3,99.000,,,0
ph_local_8,10,-20,0,99.000,,,0
ph_local_8,10,-20,1,99.000,,,0
ph_local_8,10,-20,2,99.000,,,0
ph_local_8,10,-20,3,99.000,,,0
ph_local_8,11,-19,0,99.000,,,0
ph_local_8,11,-19,1,99.000,,,0
ph_local_8,11,-19,2,99.000,,,0
ph_local_8,11,-19,3,99.000,,,0
ph_local_8,12,-18,0,99.000,,,0
ph_local_8,12,-18,1,99.000,,,0
ph_local_8,12,-18,2,99.000,,,0
ph_local_8,12,-18,3,99.000,,,0
ph_local_8,13,-17,0,99.000,,,0
ph_local_8,13,-17,1,99.000,,,0
ph_local_8,13,-17,2,99.000,,,0
ph_local_8,13,-17,3,99.000,,,0
ph_local_8,14,-16,0,99.000,,,0
ph_local_8,14,-16,1,99.000,,,0
ph_local_8,14,-16,2,99.000,,,0
ph_local_8,14,-16,3,99.000,,,0
ph_local_8,15,-15,0,99.000,,,0
ph_local_8,15,-15,1,99.000,,,0
ph_local_8,15,-15,2,99.000,,,0
ph_local_8,15,-15,3,99.000,,,0
ph_local_8,16,-14,0,99.000,,,0
ph_local_8,16,-14,1,99.000,,,0
ph_local_8,16,-14,2,99.000,,,0
ph_local_8,16,-14,3,99.000,,,0
ph_local_8,17,-13,0,99.000,,,0
ph_local_8,17,-13,1,99.000,,,0
ph_local_8,17,-13,2,99.000,,,0
ph_local_8,17,-13,3,99.000,,,0
ph_local_8,18,-12,0,99.000,,,0
ph_local_8,18,-12,1,99.000,,,0
ph_local_8,18,-12,2,99.000,,,0
ph_local_8,18,-12,3,99.000,,,0
ph_local_8,19,-11,0,99.000,,,0
ph_local_8,19,-11,1,99.000,,,0
ph_local_8,19,-11,2,99.000,,,0
ph_local_8,19,-11,3,99.000,,,0
ph_local_8,20,-10,0,99.000,,,0
ph_local_8,20,-10,1,99.000,,,0
ph_local_8,20,-10,2,99.000,,,0
ph_local_8,20,-10,3,99.000,,,0
ph_local_8,21,-9,0,99.000,,,0
ph_local_8,21,-9,1,99.000,,,0
ph_local_8,21,-9,2,99.000,,,0
ph_local_8,21,-9,3,99.000,,,0
ph_local_8,22,-8,0,99.000,,,0
ph_local_8,22,-8,1,99.000,,,0
ph_local_8,22,-8,2,99.000,,,0
ph_local_8,22,-8,3,99.000,,,0
ph_local_8,23,-7,0,99.000,,,0
ph_local_8,23,-7,1,99.000,,,0
ph_local_8,23,-7,2,99.000,,,0
ph_local_8,23,-7,3,99.000,,,0
ph_local_8,24,-6,0,99.000,,,0
ph_local_8,24,-6,1,99.000,,,0
ph_local_8,24,-6,2,99.000,,,0
ph_local_8,24,-6,3,99.000,,,0
ph_local_8,25,-5,0,99.000,,,0
ph_local_8,25,-5,1,99.000,,,0
ph_local_8,25,-5,2,99.000,,,0
ph_local_8,25,-5,3,99.000,,,0
ph_local_8,26,-4,0,99.000,,,0
ph_local_8,26,-4,1,99.000,,,0
ph_local_8,26,-4,2,99.000,,,0
ph_local_8,26,-4,3,99.000,,,0
ph_local_8,27,-3,0,99.000,,,0
ph_local_8,27,-3,1,99.000,,,0
ph_local_8,27,-3,2,99.000,,,0
ph_local_8,27,-3,3,99.000,,,0
ph_local_8,28,-2,0,99.000,,,0
ph_local_8,28,-2,1,99.000,,,0
ph_local_8,28,-2,2,99.000,,,0
ph_local_8,28,-2,3,99.000,,,0
ph_local_8,29,-1,0,99.000,,,0
ph_local_8,29,-1,1,99.000,,,0
ph_local_8,29,-1,2,99.000,,,0
ph_local_8,29,-1,3,99.000,,,0
ph_local_8,30,0,0,40.779,0.9922,0.2128,0
ph_local_8,30,0,1,38.031,0.9880,0.2207,0
ph_local_8,30,0,2,37.818,0.9865,0.2237,0
ph_local_8,30,0,3,35.388,0.9817,0.2309,0
ph_local_8,31,1,0,32.576,0.9656,0.2158,0
ph_local_8,31,1,1,27.572,0.9395,0.2195,0
ph_local_8,31,1,2,26.747,0.9364,0.1972,0
ph_local_8,31,1,3,26.113,0.9283,0.1923,0
ph_local_8,32,2,0,26.709,0.9213,0.1805,0
ph_local_8,32,2,1,25.945,0.9040,0.1823,0
ph_local_8,32,2,2,25.219,0.8971,0.1753,0
ph_local_8,32,2,3,25.036,0.8983,0.1630,0
ph_local_8,33,3,0,24.767,0.8901,0.1612,0
ph_local_8,33,3,1,24.187,0.8861,0.1685,0
ph_local_8,33,3,2,23.947,0.8782,0.1779,0
ph_local_8,33,3,3,23.197,0.8696,0.1728,0
ph_local_8,34,4,0,22.404,0.8543,0.1698,0
ph_local_8,34,4,1,22.608,0.8465,0.2027,0
ph_local_8,34,4,2,22.931,0.8494,0.2042,0
ph_local_8,34,4,3,23.071,0.8458,0.1900,0
ph_local_8,35,5,0,21.546,0.8270,0.1807,0
ph_local_8,35,5,1,21.051,0.8138,0.2141,0
ph_local_8,35,5,2,22.835,0.8250,0.1980,0
ph_local_8,35,5,3,22.982,0.8309,0.1848,0
ph_local_8,36,6,0,22.498,0.8380,0.1692,0
ph_local_8,36,6,1,22.653,0.8358,0.1805,0
ph_local_8,36,6,2,23.115,0.8414,0.1815,0
ph_local_8,36,6,3,22.482,0.8380,0.1754,0
ph_local_8,37,7,0,23.276,0.8409,0.1692,0
ph_local_8,37,7,1,21.507,0.8157,0.1974,0
ph_local_8,37,7,2,21.908,0.8170,0.1932,0
ph_local_8,37,7,3,21.800,0.8155,0.1847,0
ph_local_8,38,8,0,22.397,0.8239,0.1808,0
ph_local_8,38,8,1,21.664,0.8120,0.2019,0
ph_local_8,38,8,2,21.631,0.8154,0.2043,0
ph_local_8,38,8,3,21.765,0.8144,0.1943,0
ph_local_8,39,9,0,20.821,0.8185,0.1935,0
ph_local_8,39,9,1,21.480,0.8259,0.2017,0
ph_local_8,39,9,2,21.083,0.8283,0.2102,0
ph_local_8,39,9,3,21.420,0.8319,0.2160,0
ph_local_8,40,10,0,20.908,0.8398,0.2208,0
ph_local_8,40,10,1,22.777,0.8616,0.2334,0
ph_local_8,40,10,2,24.587,0.8840,0.2502,0
ph_local_8,40,10,3,23.097,0.8739,0.2596,0
ph_local_8,41,11,0,23.824,0.8962,0.2491,0
ph_local_8,41,11,1,25.373,0.9209,0.2506,0
ph_local_8,41,11,2,25.760,0.9291,0.2465,0
ph_local_8,41,11,3,25.974,0.9310,0.2379,0
ph_local_8,42,12,0,28.102,0.9511,0.2253,0
ph_local_8,42,12,1,28.920,0.9588,0.2354,0
ph_local_8,42,12,2,29.320,0.9609,0.2361,0
ph_local_8,42,12,3,29.205,0.9606,0.2335,0
ph_local_8,43,13,0,29.758,0.9647,0.2255,0
ph_local_8,43,13,1,30.618,0.9667,0.2504,0
ph_local_8,43,13,2,31.143,0.9670,0.2551,0
ph_local_8,43,13,3,29.514,0.9640,0.2565,0
ph_local_8,44,14,0,30.313,0.9668,0.2479,0
ph_local_8,44,14,1,32.434,0.9724,0.2526,0
ph_local_8,44,14,2,32.739,0.9745,0.2572,0
ph_local_8,44,14,3,32.330,0.9730,0.2434,0
ph_local_8,45,15,0,33.331,0.9776,0.2372,0
ph_local_8,45,15,1,33.608,0.9795,0.2457,0
ph_local_8,45,15,2,33.935,0.9816,0.2510,0
ph_local_8,45,15,3,33.105,0.9789,0.2561,0
ph_local_8,46,16,0,34.732,0.9834,0.2584,0
ph_local_8,46,16,1,35.254,0.9840,0.2722,0
ph_local_8,46,16,2,35.790,0.9857,0.2714,0
ph_local_8,46,16,3,34.192,0.9807,0.2683,0
ph_local_8,47,17,0,36.404,0.9869,0.2641,0
ph_local_8,47,17,1,37.455,0.9885,0.2548,0
ph_local_8,47,17,2,37.491,0.9890,0.2509,0
ph_local_8,47,17,3,37.005,0.9875,0.2525,0
ph_local_8,48,18,0,38.502,0.9910,0.2456,0
ph_local_8,48,18,1,38.734,0.9916,0.2481,0
ph_local_8,48,18,2,39.098,0.9922,0.2415,0
ph_local_8,48,18,3,37.971,0.9904,0.2376,0
ph_local_8,49,19,0,39.241,0.9924,0.2192,0
ph_local_8,49,19,1,39.564,0.9921,0.2281,0
ph_local_8,49,19,2,39.917,0.9921,0.2269,0
ph_local_8,49,19,3,36.908,0.9890,0.2302,0
ph_local_8,50,20,0,39.076,0.9921,0.2116,0
ph_local_8,50,20,1,37.675,0.9912,0.2118,0
ph_local_8,50,20,2,39.515,0.9930,0.2098,0
ph_local_8,50,20,3,37.394,0.9911,0.2085,0
ph_local_8,51,21,0,39.161,0.9924,0.1968,0
ph_local_8,51,21,1,39.084,0.9920,0.2020,0
ph_local_8,51,21,2,39.325,0.9917,0.1992,0
ph_local_8,51,21,3,36.441,0.9862,0.1933,0
ph_local_8,52,22,0,38.861,0.9904,0.1966,0
ph_local_8,52,22,1,37.697,0.9892,0.2097,0
ph_local_8,52,22,2,39.322,0.9921,0.2175,0
ph_local_8,52,22,3,35.877,0.9886,0.2167,0
ph_local_8,53,23,0,38.019,0.9915,0.2209,0
ph_local_8,53,23,1,38.853,0.9919,0.2301,0
ph_local_8,53,23,2,40.488,0.9921,0.2304,0
ph_local_8,53,23,3,37.424,0.9861,0.2236,0
ph_local_8,54,24,0,41.055,0.9923,0.2225,0
ph_local_8,54,24,1,41.079,0.9935,0.2356,0
ph_local_8,54,24,2,40.776,0.9932,0.2395,0
ph_local_8,54,24,3,37.510,0.9890,0.2330,0
ph_local_8,55,25,0,39.453,0.9921,0.2252,0
ph_local_8,55,25,1,39.076,0.9921,0.2284,0
ph_local_8,55,25,2,39.864,0.9929,0.2249,0
ph_local_8,55,25,3,38.275,0.9913,0.2214,0
ph_local_8,56,26,0,40.007,0.9936,0.2069,0
ph_local_8,56,26,1,36.711,0.9908,0.2142,0
ph_local_8,56,26,2,39.247,0.9929,0.2169,0
ph_local_8,56,26,3,36.609,0.9903,0.2082,0
ph_local_8,57,27,0,41.563,0.9934,0.2029,0
ph_local_8,57,27,1,40.120,0.9931,0.2069,0
ph_local_8,57,27,2,41.107,0.9936,0.2166,0
ph_local_8,57,27,3,35.501,0.9857,0.2201,0
ph_local_8,58,28,0,40.424,0.9913,0.2199,0
ph_local_8,58,28,1,40.691,0.9924,0.2282,0
ph_local_8,58,28,2,41.192,0.9925,0.2298,0
ph_local_8,58,28,3,36.918,0.9861,0.2270,0
ph_local_8,59,29,0,41.430,0.9924,0.2255,0
ph_local_8,59,29,1,40.751,0.9928,0.2295,0
ph_local_8,59,29,2,42.363,0.9930,0.2245,0
ph_local_8,59,29,3,39.134,0.9909,0.2174,0
ph_local_8,60,30,0,41.203,0.9932,0.2165,0
ph_local_8,60,30,1,39.992,0.9922,0.2310,0
ph_local_8,60,30,2,42.151,0.9933,0.2428,0
ph_local_8,60,30,3,37.148,0.9888,0.2435,0
ph_local_8,61,31,0,40.144,0.9920,0.2431,0
ph_local_8,61,31,1,38.948,0.9927,0.2446,0
ph_local_8,61,31,2,40.339,0.9938,0.2533,0
ph_local_8,61,31,3,36.501,0.9898,0.2525,0
ph_local_8,62,32,0,41.048,0.9940,0.2455,0
ph_local_8,62,32,1,41.246,0.9945,0.2514,0
ph_local_8,62,32,2,42.430,0.9946,0.2560,0
ph_local_8,62,32,3,38.939,0.9915,0.2490,0
ph_local_8,63,33,0,41.122,0.9941,0.2358,0
ph_local_8,63,33,1,40.122,0.9937,0.2414,0
ph_local_8,63,33,2,40.451,0.9940,0.2438,0
ph_local_8,63,33,3,36.084,0.9862,0.2381,0
ph_local_8,64,34,0,40.477,0.9920,0.2147,0
ph_local_8,64,34,1,39.456,0.9917,0.2136,0
ph_local_8,64,34,2,37.751,0.9889,0.2701,0
ph_local_8,64,34,3,33.802,0.9807,0.2622,0
ph_local_8,65,35,0,39.782,0.9915,0.2468,0
ph_local_8,65,35,1,42.682,0.9946,0.2508,0
ph_local_8,65,35,2,42.766,0.9944,0.2638,0
ph_local_8,65,35,3,36.808,0.9897,0.2579,0
ph_local_8,66,36,0,40.159,0.9931,0.2444,0
ph_local_8,66,36,1,40.940,0.9944,0.2625,0
ph_local_8,66,36,2,40.440,0.9939,0.2592,0
ph_local_8,66,36,3,37.079,0.9904,0.2492,0
ph_local_8,67,37,0,39.894,0.9928,0.2455,0
ph_local_8,67,37,1,40.521,0.9934,0.2550,0
ph_local_8,67,37,2,40.012,0.9932,0.2582,0
ph_local_8,67,37,3,35.319,0.9885,0.2619,0
ph_local_8,68,38,0,39.917,0.9933,0.2563,0
ph_local_8,68,38,1,38.497,0.9915,0.2597,0
ph_local_8,68,38,2,41.892,0.9941,0.2643,0
ph_local_8,68,38,3,38.755,0.9907,0.2626,0
ph_local_8,69,39,0,41.490,0.9941,0.2460,0
ph_local_8,69,39,1,41.160,0.9941,0.2611,0
ph_local_8,69,39,2,42.695,0.9953,0.2624,0
ph_local_8,69,39,3,39.603,0.9933,0.2630,0
ph_localrefresh,3,-27,0,99.000,,,0
ph_localrefresh,3,-27,1,99.000,,,0
ph_localrefresh,3,-27,2,99.000,,,0
ph_localrefresh,3,-27,3,99.000,,,0
ph_localrefresh,4,-26,0,99.000,,,0
ph_localrefresh,4,-26,1,99.000,,,0
ph_localrefresh,4,-26,2,99.000,,,0
ph_localrefresh,4,-26,3,99.000,,,0
ph_localrefresh,5,-25,0,99.000,,,0
ph_localrefresh,5,-25,1,99.000,,,0
ph_localrefresh,5,-25,2,99.000,,,0
ph_localrefresh,5,-25,3,99.000,,,0
ph_localrefresh,6,-24,0,99.000,,,0
ph_localrefresh,6,-24,1,99.000,,,0
ph_localrefresh,6,-24,2,99.000,,,0
ph_localrefresh,6,-24,3,99.000,,,0
ph_localrefresh,7,-23,0,99.000,,,0
ph_localrefresh,7,-23,1,99.000,,,0
ph_localrefresh,7,-23,2,99.000,,,0
ph_localrefresh,7,-23,3,99.000,,,0
ph_localrefresh,8,-22,0,99.000,,,0
ph_localrefresh,8,-22,1,99.000,,,0
ph_localrefresh,8,-22,2,99.000,,,0
ph_localrefresh,8,-22,3,99.000,,,0
ph_localrefresh,9,-21,0,99.000,,,0
ph_localrefresh,9,-21,1,99.000,,,0
ph_localrefresh,9,-21,2,99.000,,,0
ph_localrefresh,9,-21,3,99.000,,,0
ph_localrefresh,10,-20,0,99.000,,,0
ph_localrefresh,10,-20,1,99.000,,,0
ph_localrefresh,10,-20,2,99.000,,,0
ph_localrefresh,10,-20,3,99.000,,,0
ph_localrefresh,11,-19,0,99.000,,,0
ph_localrefresh,11,-19,1,99.000,,,0
ph_localrefresh,11,-19,2,99.000,,,0
ph_localrefresh,11,-19,3,99.000,,,0
ph_localrefresh,12,-18,0,99.000,,,0
ph_localrefresh,12,-18,1,99.000,,,0
ph_localrefresh,12,-18,2,99.000,,,0
ph_localrefresh,12,-18,3,99.000,,,0
ph_localrefresh,13,-17,0,99.000,,,0
ph_localrefresh,13,-17,1,99.000,,,0
ph_localrefresh,13,-17,2,99.000,,,0
ph_localrefresh,13,-17,3,99.000,,,0
ph_localrefresh,14,-16,0,99.000,,,0
ph_localrefresh,14,-16,1,99.000,,,0
ph_localrefresh,14,-16,2,99.000,,,0
ph_localrefresh,14,-16,3,99.000,,,0
ph_localrefresh,15,-15,0,99.000,,,0
ph_localrefresh,15,-15,1,99.000,,,0
ph_localrefresh,15,-15,2,99.000,,,0
ph_localrefresh,15,-15,3,99.000,,,0
ph_localrefresh,16,-14,0,99.000,,,0
ph_localrefresh,16,-14,1,99.000,,,0
ph_localrefresh,16,-14,2,99.000,,,0
ph_localrefresh,16,-14,3,99.000,,,0
ph_localrefresh,17,-13,0,99.000,,,0
ph_localrefresh,17,-13,1,99.000,,,0
ph_localrefresh,17,-13,2,99.000,,,0
ph_localrefresh,17,-13,3,99.000,,,0
ph_localrefresh,18,-12,0,99.000,,,0
ph_localrefresh,18,-12,1,99.000,,,0
ph_localrefresh,18,-12,2,99.000,,,0
ph_localrefresh,18,-12,3,99.000,,,0
ph_localrefresh,19,-11,0,99.000,,,0
ph_localrefresh,19,-11,1,99.000,,,0
ph_localrefresh,19,-11,2,99.000,,,0
ph_localrefresh,19,-11,3,99.000,,,0
ph_localrefresh,20,-10,0,99.000,,,0
ph_localrefresh,20,-10,1,99.000,,,0
ph_localrefresh,20,-10,2,99.000,,,0
ph_localrefresh,20,-10,3,99.000,,,0
ph_localrefresh,21,-9,0,99.000,,,0
ph_localrefresh,21,-9,1,99.000,,,0
ph_localrefresh,21,-9,2,99.000,,,0
ph_localrefresh,21,-9,3,99.000,,,0
ph_localrefresh,22,-8,0,99.000,,,0
ph_localrefresh,22,-8,1,99.000,,,0
ph_localrefresh,22,-8,2,99.000,,,0
ph_localrefresh,22,-8,3,99.000,,,0
ph_localrefresh,23,-7,0,99.000,,,0
ph_localrefresh,23,-7,1,99.000,,,0
ph_localrefresh,23,-7,2,99.000,,,0
ph_localrefresh,23,-7,3,99.000,,,0
ph_localrefresh,24,-6,0,99.000,,,0
ph_localrefresh,24,-6,1,99.000,,,0
ph_localrefresh,24,-6,2,99.000,,,0
ph_localrefresh,24,-6,3,99.000,,,0
ph_localrefresh,25,-5,0,99.000,,,0
ph_localrefresh,25,-5,1,99.000,,,0
ph_localrefresh,25,-5,2,99.000,,,0
ph_localrefresh,25,-5,3,99.000,,,0
ph_localrefresh,26,-4,0,99.000,,,0
ph_localrefresh,26,-4,1,99.000,,,0
ph_localrefresh,26,-4,2,99.000,,,0
ph_localrefresh,26,-4,3,99.000,,,0
ph_localrefresh,27,-3,0,99.000,,,0
ph_localrefresh,27,-3,1,99.000,,,0
ph_localrefresh,27,-3,2,99.000,,,0
ph_localrefresh,27,-3,3,99.000,,,0
ph_localrefresh,28,-2,0,99.000,,,0
ph_localrefresh,28,-2,1,99.000,,,0
ph_localrefresh,28,-2,2,99.000,,,0
ph_localrefresh,28,-2,3,99.000,,,0
ph_localrefresh,29,-1,0,99.000,,,0
ph_localrefresh,29,-1,1,99.000,,,0
ph_localrefresh,29,-1,2,99.000,,,0
ph_localrefresh,29,-1,3,99.000,,,0
ph_localrefresh,30,0,0,41.255,0.9936,0.2124,0
ph_localrefresh,30,0,1,38.451,0.9894,0.2207,0
ph_localrefresh,30,0,2,38.173,0.9870,0.2242,0
ph_localrefresh,30,0,3,35.441,0.9819,0.2322,0
ph_localrefresh,31,1,0,31.772,0.9644,0.2183,0
ph_localrefresh,31,1,1,27.280,0.9379,0.2218,0
ph_localrefresh,31,1,2,26.922,0.9405,0.2024,0
ph_localrefresh,31,1,3,25.922,0.9294,0.1976,0
ph_localrefresh,32,2,0,25.780,0.9182,0.1850,0
ph_localrefresh,32,2,1,25.557,0.9072,0.1875,0
ph_localrefresh,32,2,2,25.076,0.9018,0.1815,0
ph_localrefresh,32,2,3,24.948,0.9024,0.1681,0
ph_localrefresh,33,3,0,24.815,0.8943,0.1647,0
ph_localrefresh,33,3,1,24.268,0.8877,0.1715,0
ph_localrefresh,33,3,2,23.840,0.8771,0.1816,0
ph_localrefresh,33,3,3,22.929,0.8641,0.1755,0
ph_localrefresh,34,4,0,22.512,0.8516,0.1696,0
ph_localrefresh,34,4,1,22.882,0.8443,0.2007,0
ph_localrefresh,34,4,2,23.206,0.8445,0.2036,0
ph_localrefresh,34,4,3,23.075,0.8387,0.1889,0
ph_localrefresh,35,5,0,21.729,0.8213,0.1803,0
ph_localrefresh,35,5,1,21.126,0.8070,0.2141,0
ph_localrefresh,35,5,2,22.243,0.8106,0.2000,0
ph_localrefresh,35,5,3,22.531,0.8179,0.1861,0
ph_localrefresh,36,6,0,21.036,0.8162,0.1718,0
ph_localrefresh,36,6,1,21.588,0.8213,0.1839,0
ph_localrefresh,36,6,2,21.816,0.8265,0.1862,0
ph_localrefresh,36,6,3,21.356,0.8234,0.1822,0
ph_localrefresh,37,7,0,21.417,0.8227,0.1798,0
ph_localrefresh,37,7,1,20.707,0.7987,0.2064,0
ph_localrefresh,37,7,2,20.708,0.7982,0.2065,0
ph_localrefresh,37,7,3,20.845,0.7967,0.1961,0
ph_localrefresh,38,8,0,20.959,0.7991,0.1918,0
ph_localrefresh,38,8,1,20.035,0.7861,0.2072,0
ph_localrefresh,38,8,2,20.042,0.7843,0.2096,0
ph_localrefresh,38,8,3,19.727,0.7762,0.2015,0
ph_localrefresh,39,9,0,19.020,0.7666,0.1987,0
ph_localrefresh,39,9,1,19.619,0.7607,0.2011,0
ph_localrefresh,39,9,2,19.281,0.7543,0.1987,0
ph_localrefresh,39,9,3,19.206,0.7567,0.2016,0
ph_localrefresh,40,10,0,18.563,0.7435,0.1949,0
ph_localrefresh,40,10,1,19.424,0.7450,0.2215,0
ph_localrefresh,40,10,2,19.760,0.7387,0.2280,0
ph_localrefresh,40,10,3,19.263,0.7258,0.2248,0
ph_localrefresh,41,11,0,19.795,0.7479,0.2194,0
ph_localrefresh,41,11,1,20.129,0.7542,0.2188,0
ph_localrefresh,41,11,2,20.839,0.7636,0.2166,0
ph_localrefresh,41,11,3,20.970,0.7692,0.2086,0
ph_localrefresh,42,12,0,21.438,0.7884,0.1910,0
ph_localrefresh,42,12,1,21.548,0.7927,0.1918,0
ph_localrefresh,42,12,2,21.990,0.7985,0.1908,0
ph_localrefresh,42,12,3,21.780,0.7995,0.1854,0
ph_localrefresh,43,13,0,21.088,0.7975,0.1881,0
ph_localrefresh,43,13,1,21.609,0.7984,0.2135,0
ph_localrefresh,43,13,2,21.761,0.7929,0.2158,0
ph_localrefresh,43,13,3,20.734,0.7797,0.2143,0
ph_localrefresh,44,14,0,19.855,0.7736,0.2110,0
ph_localrefresh,44,14,1,20.231,0.7763,0.2169,0
ph_localrefresh,44,14,2,20.546,0.7823,0.2139,0
ph_localrefresh,44,14,3,19.880,0.7738,0.2069,0
ph_localrefresh,45,15,0,19.746,0.7717,0.1993,0
ph_localrefresh,45,15,1,19.889,0.7680,0.2024,0
ph_localrefresh,45,15,2,19.563,0.7584,0.2018,0
ph_localrefresh,45,15,3,19.317,0.7554,0.1977,0
ph_localrefresh,46,16,0,19.131,0.7486,0.2021,0
ph_localrefresh,46,16,1,19.346,0.7503,0.2266,0
ph_localrefresh,46,16,2,20.105,0.7491,0.2173,0
ph_localrefresh,46,16,3,19.401,0.7260,0.2042,0
ph_localrefresh,47,17,0,21.248,0.7633,0.2045,0
ph_localrefresh,47,17,1,21.560,0.7555,0.2090,0
ph_localrefresh,47,17,2,21.885,0.7606,0.1957,0
ph_localrefresh,47,17,3,22.095,0.7661,0.1922,0
ph_localrefresh,48,18,0,21.874,0.7743,0.1852,0
ph_localrefresh,48,18,1,21.842,0.7721,0.1903,0
ph_localrefresh,48,18,2,22.282,0.7768,0.1901,0
ph_localrefresh,48,18,3,21.944,0.7719,0.1830,0
ph_localrefresh,49,19,0,22.269,0.7848,0.1849,0
ph_localrefresh,49,19,1,21.621,0.7797,0.2047,0
ph_localrefresh,49,19,2,21.668,0.7850,0.2075,0
ph_localrefresh,49,19,3,20.822,0.7787,0.2073,0
ph_localrefresh,50,20,0,20.438,0.7884,0.2099,0
ph_localrefresh,50,20,1,19.650,0.7840,0.2177,0
ph_localrefresh,50,20,2,19.552,0.7857,0.2170,0
ph_localrefresh,50,20,3,19.309,0.7851,0.2040,0
ph_localrefresh,51,21,0,19.252,0.7793,0.2031,0
ph_localrefresh,51,21,1,19.564,0.7788,0.2137,0
ph_localrefresh,51,21,2,19.919,0.7804,0.2131,0
ph_localrefresh,51,21,3,19.935,0.7781,0.2104,0
ph_localrefresh,52,22,0,18.982,0.7685,0.2101,0
ph_localrefresh,52,22,1,19.360,0.7707,0.2179,0
ph_localrefresh,52,22,2,19.885,0.7733,0.2238,0
ph_localrefresh,52,22,3,19.757,0.7677,0.2138,0
ph_localrefresh,53,23,0,19.911,0.7654,0.2116,0
ph_localrefresh,53,23,1,20.172,0.7681,0.2216,0
ph_localrefresh,53,23,2,20.244,0.7735,0.2182,0
ph_localrefresh,53,23,3,21.108,0.7807,0.2048,0
ph_localrefresh,54,24,0,21.282,0.7934,0.2044,0
ph_localrefresh,54,24,1,21.023,0.7843,0.2234,0
ph_localrefresh,54,24,2,20.773,0.7782,0.2232,0
ph_localrefresh,54,24,3,20.548,0.7698,0.2173,0
ph_localrefresh,55,25,0,20.240,0.7742,0.2216,0
ph_localrefresh,55,25,1,19.545,0.7671,0.2280,0
ph_localrefresh,55,25,2,20.034,0.7709,0.2225,0
ph_localrefresh,55,25,3,19.743,0.7699,0.2166,0
ph_localrefresh,56,26,0,19.955,0.7757,0.2093,0
ph_localrefresh,56,26,1,19.258,0.7585,0.2307,0
ph_localrefresh,56,26,2,19.571,0.7625,0.2341,0
ph_localrefresh,56,26,3,19.322,0.7615,0.2265,0
ph_localrefresh,57,27,0,18.971,0.7567,0.2266,0
ph_localrefresh,57,27,1,19.124,0.7618,0.2492,0
ph_localrefresh,57,27,2,19.700,0.7692,0.2613,0
ph_localrefresh,57,27,3,20.143,0.7709,0.2594,0
ph_localrefresh,58,28,0,20.315,0.7687,0.2576,0
ph_localrefresh,58,28,1,19.600,0.7585,0.2746,0
ph_localrefresh,58,28,2,20.258,0.7663,0.2744,0
ph_localrefresh,58,28,3,20.464,0.7625,0.2674,0
ph_localrefresh,59,29,0,21.278,0.7764,0.2447,0
ph_localrefresh,59,29,1,21.221,0.7823,0.2498,0
ph_localrefresh,59,29,2,21.493,0.7884,0.2469,0
ph_localrefresh,59,29,3,21.118,0.7847,0.2438,0
ph_localrefresh,60,30,0,21.091,0.7917,0.2227,0
ph_localrefresh,60,30,1,21.046,0.7855,0.2420,0
ph_localrefresh,60,30,2,21.144,0.7763,0.2452,0
ph_localrefresh,60,30,3,20.965,0.7743,0.2532,0
ph_localrefresh,61,31,0,21.150,0.7682,0.2328,0
ph_localrefresh,61,31,1,20.476,0.7564,0.2367,0
ph_localrefresh,61,31,2,20.331,0.7586,0.2421,0
ph_localrefresh,61,31,3,20.438,0.7632,0.2389,0
ph_localrefresh,62,32,0,20.076,0.7615,0.2199,0
ph_localrefresh,62,32,1,19.648,0.7583,0.2320,0
ph_localrefresh,62,32,2,19.901,0.7615,0.2323,0
ph_localrefresh,62,32,3,20.110,0.7683,0.2205,0
ph_localrefresh,63,33,0,19.420,0.7548,0.2201,0
ph_localrefresh,63,33,1,19.959,0.7577,0.2405,0
ph_localrefresh,63,33,2,20.374,0.7628,0.2339,0
ph_localrefresh,63,33,3,20.476,0.7554,0.2231,0
ph_localrefresh,64,34,0,19.367,0.7539,0.1943,0
ph_localrefresh,64,34,1,18.280,0.7298,0.1983,0
ph_localrefresh,64,34,2,19.861,0.7101,0.2167,0
ph_localrefresh,64,34,3,19.089,0.6921,0.2102,0
ph_localrefresh,65,35,0,19.229,0.7307,0.2100,0
ph_localrefresh,65,35,1,21.179,0.7481,0.2184,0
ph_localrefresh,65,35,2,21.479,0.7470,0.2296,0
ph_localrefresh,65,35,3,20.423,0.7344,0.2199,0
ph_localrefresh,66,36,0,20.279,0.7343,0.2068,0
ph_localrefresh,66,36,1,19.528,0.7309,0.2556,0
ph_localrefresh,66,36,2,20.178,0.7383,0.2509,0
ph_localrefresh,66,36,3,20.326,0.7401,0.2418,0
ph_localrefresh,67,37,0,20.361,0.7458,0.2287,0
ph_localrefresh,67,37,1,19.847,0.7396,0.2446,0
ph_localrefresh,67,37,2,20.272,0.7410,0.2522,0
ph_localrefresh,67,37,3,20.433,0.7383,0.2485,0
ph_localrefresh,68,38,0,20.395,0.7386,0.2286,0
ph_localrefresh,68,38,1,20.008,0.7399,0.2478,0
ph_localrefresh,68,38,2,20.940,0.7518,0.2467,0
ph_localrefresh,68,38,3,21.085,0.7576,0.2439,0
ph_localrefresh,69,39,0,20.806,0.7549,0.2252,0
ph_localrefresh,69,39,1,20.691,0.7487,0.2415,0
ph_localrefresh,69,39,2,20.963,0.7557,0.2448,0
ph_localrefresh,69,39,3,20.498,0.7449,0.2306,0
