config,call,rel_call,frame,psnr,ssim,ssim_in,missing
repeat,1,-29,0,99.000,,,0
repeat,1,-29,1,99.000,,,0
repeat,1,-29,2,99.000,,,0
repeat,1,-29,3,99.000,,,0
repeat,2,-28,0,99.000,,,0
repeat,2,-28,1,99.000,,,0
repeat,2,-28,2,99.000,,,0
repeat,2,-28,3,99.000,,,0
repeat,3,-27,0,99.000,,,0
repeat,3,-27,1,99.000,,,0
repeat,3,-27,2,99.000,,,0
repeat,3,-27,3,99.000,,,0
repeat,4,-26,0,99.000,,,0
repeat,4,-26,1,99.000,,,0
repeat,4,-26,2,99.000,,,0
repeat,4,-26,3,99.000,,,0
repeat,5,-25,0,99.000,,,0
repeat,5,-25,1,99.000,,,0
repeat,5,-25,2,99.000,,,0
repeat,5,-25,3,99.000,,,0
repeat,6,-24,0,99.000,,,0
repeat,6,-24,1,99.000,,,0
repeat,6,-24,2,99.000,,,0
repeat,6,-24,3,99.000,,,0
repeat,7,-23,0,99.000,,,0
repeat,7,-23,1,99.000,,,0
repeat,7,-23,2,99.000,,,0
repeat,7,-23,3,99.000,,,0
repeat,8,-22,0,99.000,,,0
repeat,8,-22,1,99.000,,,0
repeat,8,-22,2,99.000,,,0
repeat,8,-22,3,99.000,,,0
repeat,9,-21,0,99.000,,,0
repeat,9,-21,1,99.000,,,0
repeat,9,-21,2,99.000,,,0
repeat,9,-21,3,99.000,,,0
repeat,10,-20,0,99.000,,,0
repeat,10,-20,1,99.000,,,0
repeat,10,-20,2,99.000,,,0
repeat,10,-20,3,99.000,,,0
repeat,11,-19,0,99.000,,,0
repeat,11,-19,1,99.000,,,0
repeat,11,-19,2,99.000,,,0
repeat,11,-19,3,99.000,,,0
repeat,12,-18,0,99.000,,,0
repeat,12,-18,1,99.000,,,0
repeat,12,-18,2,99.000,,,0
repeat,12,-18,3,99.000,,,0
repeat,13,-17,0,99.000,,,0
repeat,13,-17,1,99.000,,,0
repeat,13,-17,2,99.000,,,0
repeat,13,-17,3,99.000,,,0
repeat,14,-16,0,99.000,,,0
repeat,14,-16,1,99.000,,,0
repeat,14,-16,2,99.000,,,0
repeat,14,-16,3,99.000,,,0
repeat,15,-15,0,99.000,,,0
repeat,15,-15,1,99.000,,,0
repeat,15,-15,2,99.000,,,0
repeat,15,-15,3,99.000,,,0
repeat,16,-14,0,99.000,,,0
repeat,16,-14,1,99.000,,,0
repeat,16,-14,2,99.000,,,0
repeat,16,-14,3,99.000,,,0
repeat,17,-13,0,99.000,,,0
repeat,17,-13,1,99.000,,,0
repeat,17,-13,2,99.000,,,0
repeat,17,-13,3,99.000,,,0
repeat,18,-12,0,99.000,,,0
repeat,18,-12,1,99.000,,,0
repeat,18,-12,2,99.000,,,0
repeat,18,-12,3,99.000,,,0
repeat,19,-11,0,99.000,,,0
repeat,19,-11,1,99.000,,,0
repeat,19,-11,2,99.000,,,0
repeat,19,-11,3,99.000,,,0
repeat,20,-10,0,99.000,,,0
repeat,20,-10,1,99.000,,,0
repeat,20,-10,2,99.000,,,0
repeat,20,-10,3,99.000,,,0
repeat,21,-9,0,99.000,,,0
repeat,21,-9,1,99.000,,,0
repeat,21,-9,2,99.000,,,0
repeat,21,-9,3,99.000,,,0
repeat,22,-8,0,99.000,,,0
repeat,22,-8,1,99.000,,,0
repeat,22,-8,2,99.000,,,0
repeat,22,-8,3,99.000,,,0
repeat,23,-7,0,99.000,,,0
repeat,23,-7,1,99.000,,,0
repeat,23,-7,2,99.000,,,0
repeat,23,-7,3,99.000,,,0
repeat,24,-6,0,99.000,,,0
repeat,24,-6,1,99.000,,,0
repeat,24,-6,2,99.000,,,0
repeat,24,-6,3,99.000,,,0
repeat,25,-5,0,99.000,,,0
repeat,25,-5,1,99.000,,,0
repeat,25,-5,2,99.000,,,0
repeat,25,-5,3,99.000,,,0
repeat,26,-4,0,99.000,,,0
repeat,26,-4,1,99.000,,,0
repeat,26,-4,2,99.000,,,0
repeat,26,-4,3,99.000,,,0
repeat,27,-3,0,99.000,,,0
repeat,27,-3,1,99.000,,,0
repeat,27,-3,2,99.000,,,0
repeat,27,-3,3,99.000,,,0
repeat,28,-2,0,99.000,,,0
repeat,28,-2,1,99.000,,,0
repeat,28,-2,2,99.000,,,0
repeat,28,-2,3,99.000,,,0
repeat,29,-1,0,99.000,,,0
repeat,29,-1,1,99.000,,,0
repeat,29,-1,2,99.000,,,0
repeat,29,-1,3,99.000,,,0
repeat,30,0,0,99.000,1.0000,0.4170,0
repeat,30,0,1,99.000,1.0000,0.4188,0
repeat,30,0,2,99.000,1.0000,0.4133,0
repeat,30,0,3,99.000,1.0000,0.4103,0
repeat,31,1,0,99.000,1.0000,0.4037,0
repeat,31,1,1,99.000,1.0000,0.4091,0
repeat,31,1,2,99.000,1.0000,0.3997,0
repeat,31,1,3,99.000,1.0000,0.4004,0
repeat,32,2,0,99.000,1.0000,0.4007,0
repeat,32,2,1,99.000,1.0000,0.4069,0
repeat,32,2,2,99.000,1.0000,0.3991,0
repeat,32,2,3,99.000,1.0000,0.3987,0
repeat,33,3,0,99.000,1.0000,0.3994,0
repeat,33,3,1,99.000,1.0000,0.4133,0
repeat,33,3,2,99.000,1.0000,0.4083,0
repeat,33,3,3,99.000,1.0000,0.4051,0
repeat,34,4,0,99.000,1.0000,0.4029,0
repeat,34,4,1,99.000,1.0000,0.4147,0
repeat,34,4,2,99.000,1.0000,0.4040,0
repeat,34,4,3,99.000,1.0000,0.4104,0
repeat,35,5,0,99.000,1.0000,0.4089,0
repeat,35,5,1,99.000,1.0000,0.4215,0
repeat,35,5,2,99.000,1.0000,0.4108,0
repeat,35,5,3,99.000,1.0000,0.4122,0
repeat,36,6,0,99.000,1.0000,0.4128,0
repeat,36,6,1,99.000,1.0000,0.4211,0
repeat,36,6,2,99.000,1.0000,0.4101,0
repeat,36,6,3,99.000,1.0000,0.4088,0
repeat,37,7,0,99.000,1.0000,0.4155,0
repeat,37,7,1,99.000,1.0000,0.4250,0
repeat,37,7,2,99.000,1.0000,0.4186,0
repeat,37,7,3,99.000,1.0000,0.4168,0
repeat,38,8,0,99.000,1.0000,0.4209,0
repeat,38,8,1,99.000,1.0000,0.4252,0
repeat,38,8,2,99.000,1.0000,0.4178,0
repeat,38,8,3,99.000,1.0000,0.4197,0
repeat,39,9,0,99.000,1.0000,0.4198,0
repeat,39,9,1,99.000,1.0000,0.4261,0
repeat,39,9,2,99.000,1.0000,0.4274,0
repeat,39,9,3,99.000,1.0000,0.4185,0
repeat,40,10,0,99.000,1.0000,0.4208,0
repeat,40,10,1,99.000,1.0000,0.3969,0
repeat,40,10,2,99.000,1.0000,0.3907,0
repeat,40,10,3,99.000,1.0000,0.3929,0
repeat,41,11,0,99.000,1.0000,0.3971,0
repeat,41,11,1,99.000,1.0000,0.4106,0
repeat,41,11,2,99.000,1.0000,0.4092,0
repeat,41,11,3,99.000,1.0000,0.4138,0
repeat,42,12,0,99.000,1.0000,0.4178,0
repeat,42,12,1,99.000,1.0000,0.4228,0
repeat,42,12,2,99.000,1.0000,0.4194,0
repeat,42,12,3,99.000,1.0000,0.4203,0
repeat,43,13,0,99.000,1.0000,0.4238,0
repeat,43,13,1,99.000,1.0000,0.4292,0
repeat,43,13,2,99.000,1.0000,0.4220,0
repeat,43,13,3,99.000,1.0000,0.4221,0
repeat,44,14,0,99.000,1.0000,0.4228,0
repeat,44,14,1,99.000,1.0000,0.4280,0
repeat,44,14,2,99.000,1.0000,0.4236,0
repeat,44,14,3,99.000,1.0000,0.4240,0
repeat,45,15,0,99.000,1.0000,0.4256,0
repeat,45,15,1,99.000,1.0000,0.4278,0
repeat,45,15,2,99.000,1.0000,0.4239,0
repeat,45,15,3,99.000,1.0000,0.4225,0
repeat,46,16,0,99.000,1.0000,0.4207,0
repeat,46,16,1,99.000,1.0000,0.4247,0
repeat,46,16,2,99.000,1.0000,0.4210,0
repeat,46,16,3,99.000,1.0000,0.4197,0
repeat,47,17,0,99.000,1.0000,0.4149,0
repeat,47,17,1,99.000,1.0000,0.4189,0
repeat,47,17,2,99.000,1.0000,0.4153,0
repeat,47,17,3,99.000,1.0000,0.4156,0
repeat,48,18,0,99.000,1.0000,0.4139,0
repeat,48,18,1,99.000,1.0000,0.4172,0
repeat,48,18,2,99.000,1.0000,0.4165,0
repeat,48,18,3,99.000,1.0000,0.4124,0
repeat,49,19,0,99.000,1.0000,0.4147,0
repeat,49,19,1,99.000,1.0000,0.4153,0
repeat,49,19,2,99.000,1.0000,0.4191,0
repeat,49,19,3,99.000,1.0000,0.4133,0
repeat,50,20,0,99.000,1.0000,0.4131,0
repeat,50,20,1,99.000,1.0000,0.4142,0
repeat,50,20,2,99.000,1.0000,0.4180,0
repeat,50,20,3,99.000,1.0000,0.4132,0
repeat,51,21,0,99.000,1.0000,0.4100,0
repeat,51,21,1,99.000,1.0000,0.4101,0
repeat,51,21,2,99.000,1.0000,0.4140,0
repeat,51,21,3,99.000,1.0000,0.4031,0
repeat,52,22,0,99.000,1.0000,0.4055,0
repeat,52,22,1,99.000,1.0000,0.4055,0
repeat,52,22,2,99.000,1.0000,0.4095,0
repeat,52,22,3,99.000,1.0000,0.4017,0
repeat,53,23,0,99.000,1.0000,0.4061,0
repeat,53,23,1,99.000,1.0000,0.4111,0
repeat,53,23,2,99.000,1.0000,0.4156,0
repeat,53,23,3,99.000,1.0000,0.4088,0
repeat,54,24,0,99.000,1.0000,0.4081,0
repeat,54,24,1,99.000,1.0000,0.4079,0
repeat,54,24,2,99.000,1.0000,0.4145,0
repeat,54,24,3,99.000,1.0000,0.4056,0
repeat,55,25,0,99.000,1.0000,0.4112,0
repeat,55,25,1,99.000,1.0000,0.4165,0
repeat,55,25,2,99.000,1.0000,0.4239,0
repeat,55,25,3,99.000,1.0000,0.4110,0
repeat,56,26,0,99.000,1.0000,0.4174,0
repeat,56,26,1,99.000,1.0000,0.4174,0
repeat,56,26,2,99.000,1.0000,0.4235,0
repeat,56,26,3,99.000,1.0000,0.4152,0
repeat,57,27,0,99.000,1.0000,0.4222,0
repeat,57,27,1,99.000,1.0000,0.4223,0
repeat,57,27,2,99.000,1.0000,0.4292,0
repeat,57,27,3,99.000,1.0000,0.4200,0
repeat,58,28,0,99.000,1.0000,0.4229,0
repeat,58,28,1,99.000,1.0000,0.4234,0
repeat,58,28,2,99.000,1.0000,0.4289,0
repeat,58,28,3,99.000,1.0000,0.4202,0
repeat,59,29,0,99.000,1.0000,0.4221,0
repeat,59,29,1,99.000,1.0000,0.4230,0
repeat,59,29,2,99.000,1.0000,0.4295,0
repeat,59,29,3,99.000,1.0000,0.4297,0
repeat,60,30,0,99.000,1.0000,0.4167,0
repeat,60,30,1,99.000,1.0000,0.4201,0
repeat,60,30,2,99.000,1.0000,0.4057,0
repeat,60,30,3,99.000,1.0000,0.4021,0
repeat,61,31,0,99.000,1.0000,0.4084,0
repeat,61,31,1,99.000,1.0000,0.4050,0
repeat,61,31,2,99.000,1.0000,0.4134,0
repeat,61,31,3,99.000,1.0000,0.4119,0
repeat,62,32,0,99.000,1.0000,0.4176,0
repeat,62,32,1,99.000,1.0000,0.4204,0
repeat,62,32,2,99.000,1.0000,0.4225,0
repeat,62,32,3,99.000,1.0000,0.4139,0
repeat,63,33,0,99.000,1.0000,0.4195,0
repeat,63,33,1,99.000,1.0000,0.4242,0
repeat,63,33,2,99.000,1.0000,0.4296,0
repeat,63,33,3,99.000,1.0000,0.4212,0
repeat,64,34,0,99.000,1.0000,0.4237,0
repeat,64,34,1,99.000,1.0000,0.4226,0
repeat,64,34,2,99.000,1.0000,0.4264,0
repeat,64,34,3,99.000,1.0000,0.4194,0
repeat,65,35,0,99.000,1.0000,0.4229,0
repeat,65,35,1,99.000,1.0000,0.4236,0
repeat,65,35,2,99.000,1.0000,0.4268,0
repeat,65,35,3,99.000,1.0000,0.4223,0
repeat,66,36,0,99.000,1.0000,0.4233,0
repeat,66,36,1,99.000,1.0000,0.4231,0
repeat,66,36,2,99.000,1.0000,0.4274,0
repeat,66,36,3,99.000,1.0000,0.4226,0
repeat,67,37,0,99.000,1.0000,0.4195,0
repeat,67,37,1,99.000,1.0000,0.4156,0
repeat,67,37,2,99.000,1.0000,0.4182,0
repeat,67,37,3,99.000,1.0000,0.4136,0
repeat,68,38,0,99.000,1.0000,0.4136,0
repeat,68,38,1,99.000,1.0000,0.4134,0
repeat,68,38,2,99.000,1.0000,0.4171,0
repeat,68,38,3,99.000,1.0000,0.4173,0
repeat,69,39,0,99.000,1.0000,0.4153,0
repeat,69,39,1,99.000,1.0000,0.4198,0
repeat,69,39,2,99.000,1.0000,0.4205,0
repeat,69,39,3,99.000,1.0000,0.4239,0
xfer_sink+meta+inflight,1,-29,0,99.000,,,0
xfer_sink+meta+inflight,1,-29,1,99.000,,,0
xfer_sink+meta+inflight,1,-29,2,99.000,,,0
xfer_sink+meta+inflight,1,-29,3,99.000,,,0
xfer_sink+meta+inflight,2,-28,0,99.000,,,0
xfer_sink+meta+inflight,2,-28,1,99.000,,,0
xfer_sink+meta+inflight,2,-28,2,99.000,,,0
xfer_sink+meta+inflight,2,-28,3,99.000,,,0
xfer_sink+meta+inflight,3,-27,0,99.000,,,0
xfer_sink+meta+inflight,3,-27,1,99.000,,,0
xfer_sink+meta+inflight,3,-27,2,99.000,,,0
xfer_sink+meta+inflight,3,-27,3,99.000,,,0
xfer_sink+meta+inflight,4,-26,0,99.000,,,0
xfer_sink+meta+inflight,4,-26,1,99.000,,,0
xfer_sink+meta+inflight,4,-26,2,99.000,,,0
xfer_sink+meta+inflight,4,-26,3,99.000,,,0
xfer_sink+meta+inflight,5,-25,0,99.000,,,0
xfer_sink+meta+inflight,5,-25,1,99.000,,,0
xfer_sink+meta+inflight,5,-25,2,99.000,,,0
xfer_sink+meta+inflight,5,-25,3,99.000,,,0
xfer_sink+meta+inflight,6,-24,0,99.000,,,0
xfer_sink+meta+inflight,6,-24,1,99.000,,,0
xfer_sink+meta+inflight,6,-24,2,99.000,,,0
xfer_sink+meta+inflight,6,-24,3,99.000,,,0
xfer_sink+meta+inflight,7,-23,0,99.000,,,0
xfer_sink+meta+inflight,7,-23,1,99.000,,,0
xfer_sink+meta+inflight,7,-23,2,99.000,,,0
xfer_sink+meta+inflight,7,-23,3,99.000,,,0
xfer_sink+meta+inflight,8,-22,0,99.000,,,0
xfer_sink+meta+inflight,8,-22,1,99.000,,,0
xfer_sink+meta+inflight,8,-22,2,99.000,,,0
xfer_sink+meta+inflight,8,-22,3,99.000,,,0
xfer_sink+meta+inflight,9,-21,0,99.000,,,0
xfer_sink+meta+inflight,9,-21,1,99.000,,,0
xfer_sink+meta+inflight,9,-21,2,99.000,,,0
xfer_sink+meta+inflight,9,-21,3,99.000,,,0
xfer_sink+meta+inflight,10,-20,0,99.000,,,0
xfer_sink+meta+inflight,10,-20,1,99.000,,,0
xfer_sink+meta+inflight,10,-20,2,99.000,,,0
xfer_sink+meta+inflight,10,-20,3,99.000,,,0
xfer_sink+meta+inflight,11,-19,0,99.000,,,0
xfer_sink+meta+inflight,11,-19,1,99.000,,,0
xfer_sink+meta+inflight,11,-19,2,99.000,,,0
xfer_sink+meta+inflight,11,-19,3,99.000,,,0
xfer_sink+meta+inflight,12,-18,0,99.000,,,0
xfer_sink+meta+inflight,12,-18,1,99.000,,,0
xfer_sink+meta+inflight,12,-18,2,99.000,,,0
xfer_sink+meta+inflight,12,-18,3,99.000,,,0
xfer_sink+meta+inflight,13,-17,0,99.000,,,0
xfer_sink+meta+inflight,13,-17,1,99.000,,,0
xfer_sink+meta+inflight,13,-17,2,99.000,,,0
xfer_sink+meta+inflight,13,-17,3,99.000,,,0
xfer_sink+meta+inflight,14,-16,0,99.000,,,0
xfer_sink+meta+inflight,14,-16,1,99.000,,,0
xfer_sink+meta+inflight,14,-16,2,99.000,,,0
xfer_sink+meta+inflight,14,-16,3,99.000,,,0
xfer_sink+meta+inflight,15,-15,0,99.000,,,0
xfer_sink+meta+inflight,15,-15,1,99.000,,,0
xfer_sink+meta+inflight,15,-15,2,99.000,,,0
xfer_sink+meta+inflight,15,-15,3,99.000,,,0
xfer_sink+meta+inflight,16,-14,0,99.000,,,0
xfer_sink+meta+inflight,16,-14,1,99.000,,,0
xfer_sink+meta+inflight,16,-14,2,99.000,,,0
xfer_sink+meta+inflight,16,-14,3,99.000,,,0
xfer_sink+meta+inflight,17,-13,0,99.000,,,0
xfer_sink+meta+inflight,17,-13,1,99.000,,,0
xfer_sink+meta+inflight,17,-13,2,99.000,,,0
xfer_sink+meta+inflight,17,-13,3,99.000,,,0
xfer_sink+meta+inflight,18,-12,0,99.000,,,0
xfer_sink+meta+inflight,18,-12,1,99.000,,,0
xfer_sink+meta+inflight,18,-12,2,99.000,,,0
xfer_sink+meta+inflight,18,-12,3,99.000,,,0
xfer_sink+meta+inflight,19,-11,0,99.000,,,0
xfer_sink+meta+inflight,19,-11,1,99.000,,,0
xfer_sink+meta+inflight,19,-11,2,99.000,,,0
xfer_sink+meta+inflight,19,-11,3,99.000,,,0
xfer_sink+meta+inflight,20,-10,0,99.000,,,0
xfer_sink+meta+inflight,20,-10,1,99.000,,,0
xfer_sink+meta+inflight,20,-10,2,99.000,,,0
xfer_sink+meta+inflight,20,-10,3,99.000,,,0
xfer_sink+meta+inflight,21,-9,0,99.000,,,0
xfer_sink+meta+inflight,21,-9,1,99.000,,,0
xfer_sink+meta+inflight,21,-9,2,99.000,,,0
xfer_sink+meta+inflight,21,-9,3,99.000,,,0
xfer_sink+meta+inflight,22,-8,0,99.000,,,0
xfer_sink+meta+inflight,22,-8,1,99.000,,,0
xfer_sink+meta+inflight,22,-8,2,99.000,,,0
xfer_sink+meta+inflight,22,-8,3,99.000,,,0
xfer_sink+meta+inflight,23,-7,0,99.000,,,0
xfer_sink+meta+inflight,23,-7,1,99.000,,,0
xfer_sink+meta+inflight,23,-7,2,99.000,,,0
xfer_sink+meta+inflight,23,-7,3,99.000,,,0
xfer_sink+meta+inflight,24,-6,0,99.000,,,0
xfer_sink+meta+inflight,24,-6,1,99.000,,,0
xfer_sink+meta+inflight,24,-6,2,99.000,,,0
xfer_sink+meta+inflight,24,-6,3,99.000,,,0
xfer_sink+meta+inflight,25,-5,0,99.000,,,0
xfer_sink+meta+inflight,25,-5,1,99.000,,,0
xfer_sink+meta+inflight,25,-5,2,99.000,,,0
xfer_sink+meta+inflight,25,-5,3,99.000,,,0
xfer_sink+meta+inflight,26,-4,0,99.000,,,0
xfer_sink+meta+inflight,26,-4,1,99.000,,,0
xfer_sink+meta+inflight,26,-4,2,99.000,,,0
xfer_sink+meta+inflight,26,-4,3,99.000,,,0
xfer_sink+meta+inflight,27,-3,0,99.000,,,0
xfer_sink+meta+inflight,27,-3,1,99.000,,,0
xfer_sink+meta+inflight,27,-3,2,99.000,,,0
xfer_sink+meta+inflight,27,-3,3,99.000,,,0
xfer_sink+meta+inflight,28,-2,0,99.000,,,0
xfer_sink+meta+inflight,28,-2,1,99.000,,,0
xfer_sink+meta+inflight,28,-2,2,99.000,,,0
xfer_sink+meta+inflight,28,-2,3,99.000,,,0
xfer_sink+meta+inflight,29,-1,0,99.000,,,0
xfer_sink+meta+inflight,29,-1,1,99.000,,,0
xfer_sink+meta+inflight,29,-1,2,99.000,,,0
xfer_sink+meta+inflight,29,-1,3,99.000,,,0
xfer_sink+meta+inflight,30,0,0,18.314,0.5989,0.3708,0
xfer_sink+meta+inflight,30,0,1,17.256,0.5146,0.3598,0
xfer_sink+meta+inflight,30,0,2,20.499,0.6830,0.3709,0
xfer_sink+meta+inflight,30,0,3,20.873,0.7042,0.3561,0
xfer_sink+meta+inflight,31,1,0,22.438,0.7839,0.3731,0
xfer_sink+meta+inflight,31,1,1,20.302,0.7875,0.3933,0
xfer_sink+meta+inflight,31,1,2,20.133,0.7648,0.4088,0
xfer_sink+meta+inflight,31,1,3,20.228,0.7695,0.4057,0
xfer_sink+meta+inflight,32,2,0,20.308,0.7711,0.4142,0
xfer_sink+meta+inflight,32,2,1,20.853,0.7574,0.4248,0
xfer_sink+meta+inflight,32,2,2,19.241,0.5812,0.4105,0
xfer_sink+meta+inflight,32,2,3,18.680,0.5701,0.3908,0
xfer_sink+meta+inflight,33,3,0,20.832,0.7686,0.4204,0
xfer_sink+meta+inflight,33,3,1,21.924,0.8059,0.4228,0
xfer_sink+meta+inflight,33,3,2,22.267,0.8221,0.4141,0
xfer_sink+meta+inflight,33,3,3,22.410,0.8313,0.4091,0
xfer_sink+meta+inflight,34,4,0,23.491,0.8371,0.4071,0
xfer_sink+meta+inflight,34,4,1,25.465,0.8595,0.4167,0
xfer_sink+meta+inflight,34,4,2,26.041,0.8684,0.4071,0
xfer_sink+meta+inflight,34,4,3,26.420,0.8736,0.4109,0
xfer_sink+meta+inflight,35,5,0,27.227,0.8978,0.4086,0
xfer_sink+meta+inflight,35,5,1,29.038,0.9081,0.4205,0
xfer_sink+meta+inflight,35,5,2,29.432,0.9145,0.4103,0
xfer_sink+meta+inflight,35,5,3,29.598,0.9160,0.4121,0
xfer_sink+meta+inflight,36,6,0,30.648,0.9390,0.4127,0
xfer_sink+meta+inflight,36,6,1,31.243,0.9451,0.4202,0
xfer_sink+meta+inflight,36,6,2,31.952,0.9490,0.4105,0
xfer_sink+meta+inflight,36,6,3,31.408,0.9471,0.4090,0
xfer_sink+meta+inflight,37,7,0,32.659,0.9594,0.4135,0
xfer_sink+meta+inflight,37,7,1,33.333,0.9605,0.4229,0
xfer_sink+meta+inflight,37,7,2,33.829,0.9612,0.4149,0
xfer_sink+meta+inflight,37,7,3,33.851,0.9598,0.4131,0
xfer_sink+meta+inflight,38,8,0,35.392,0.9686,0.4199,0
xfer_sink+meta+inflight,38,8,1,35.670,0.9696,0.4240,0
xfer_sink+meta+inflight,38,8,2,35.795,0.9702,0.4177,0
xfer_sink+meta+inflight,38,8,3,35.682,0.9681,0.4200,0
xfer_sink+meta+inflight,39,9,0,36.723,0.9757,0.4185,0
xfer_sink+meta+inflight,39,9,1,37.678,0.9775,0.4244,0
xfer_sink+meta+inflight,39,9,2,37.584,0.9779,0.4257,0
xfer_sink+meta+inflight,39,9,3,37.377,0.9774,0.4171,0
xfer_sink+meta+inflight,40,10,0,37.396,0.9787,0.4201,0
xfer_sink+meta+inflight,40,10,1,39.481,0.9832,0.3975,0
xfer_sink+meta+inflight,40,10,2,40.192,0.9848,0.3919,0
xfer_sink+meta+inflight,40,10,3,40.337,0.9845,0.3943,0
xfer_sink+meta+inflight,41,11,0,41.859,0.9877,0.3980,0
xfer_sink+meta+inflight,41,11,1,41.690,0.9880,0.4115,0
xfer_sink+meta+inflight,41,11,2,41.832,0.9878,0.4106,0
xfer_sink+meta+inflight,41,11,3,42.021,0.9875,0.4155,0
xfer_sink+meta+inflight,42,12,0,43.708,0.9909,0.4188,0
xfer_sink+meta+inflight,42,12,1,44.004,0.9914,0.4237,0
xfer_sink+meta+inflight,42,12,2,44.049,0.9916,0.4207,0
xfer_sink+meta+inflight,42,12,3,44.232,0.9917,0.4217,0
xfer_sink+meta+inflight,43,13,0,45.270,0.9932,0.4243,0
xfer_sink+meta+inflight,43,13,1,45.430,0.9933,0.4294,0
xfer_sink+meta+inflight,43,13,2,45.599,0.9935,0.4222,0
xfer_sink+meta+inflight,43,13,3,45.607,0.9935,0.4223,0
xfer_sink+meta+inflight,44,14,0,46.347,0.9942,0.4229,0
xfer_sink+meta+inflight,44,14,1,45.832,0.9939,0.4281,0
xfer_sink+meta+inflight,44,14,2,45.250,0.9936,0.4236,0
xfer_sink+meta+inflight,44,14,3,45.004,0.9935,0.4240,0
xfer_sink+meta+inflight,45,15,0,45.242,0.9942,0.4257,0
xfer_sink+meta+inflight,45,15,1,45.142,0.9940,0.4280,0
xfer_sink+meta+inflight,45,15,2,44.370,0.9940,0.4242,0
xfer_sink+meta+inflight,45,15,3,44.296,0.9938,0.4229,0
xfer_sink+meta+inflight,46,16,0,46.347,0.9948,0.4207,0
xfer_sink+meta+inflight,46,16,1,46.112,0.9946,0.4246,0
xfer_sink+meta+inflight,46,16,2,45.636,0.9944,0.4209,0
xfer_sink+meta+inflight,46,16,3,45.620,0.9944,0.4196,0
xfer_sink+meta+inflight,47,17,0,46.710,0.9955,0.4151,0
xfer_sink+meta+inflight,47,17,1,46.576,0.9954,0.4191,0
xfer_sink+meta+inflight,47,17,2,46.089,0.9954,0.4154,0
xfer_sink+meta+inflight,47,17,3,46.035,0.9952,0.4158,0
xfer_sink+meta+inflight,48,18,0,46.172,0.9955,0.4141,0
xfer_sink+meta+inflight,48,18,1,45.766,0.9954,0.4174,0
xfer_sink+meta+inflight,48,18,2,45.559,0.9952,0.4167,0
xfer_sink+meta+inflight,48,18,3,45.934,0.9951,0.4127,0
xfer_sink+meta+inflight,49,19,0,46.591,0.9960,0.4150,0
xfer_sink+meta+inflight,49,19,1,46.299,0.9958,0.4155,0
xfer_sink+meta+inflight,49,19,2,45.573,0.9957,0.4193,0
xfer_sink+meta+inflight,49,19,3,45.728,0.9956,0.4135,0
xfer_sink+meta+inflight,50,20,0,46.171,0.9959,0.4132,0
xfer_sink+meta+inflight,50,20,1,46.263,0.9959,0.4143,0
xfer_sink+meta+inflight,50,20,2,45.835,0.9957,0.4181,0
xfer_sink+meta+inflight,50,20,3,45.695,0.9954,0.4133,0
xfer_sink+meta+inflight,51,21,0,46.390,0.9961,0.4102,0
xfer_sink+meta+inflight,51,21,1,46.243,0.9959,0.4103,0
xfer_sink+meta+inflight,51,21,2,45.708,0.9956,0.4142,0
xfer_sink+meta+inflight,51,21,3,45.577,0.9955,0.4032,0
xfer_sink+meta+inflight,52,22,0,46.603,0.9961,0.4058,0
xfer_sink+meta+inflight,52,22,1,46.236,0.9960,0.4059,0
xfer_sink+meta+inflight,52,22,2,45.791,0.9958,0.4098,0
xfer_sink+meta+inflight,52,22,3,45.732,0.9957,0.4019,0
xfer_sink+meta+inflight,53,23,0,45.963,0.9962,0.4064,0
xfer_sink+meta+inflight,53,23,1,45.948,0.9960,0.4114,0
xfer_sink+meta+inflight,53,23,2,46.038,0.9959,0.4158,0
xfer_sink+meta+inflight,53,23,3,45.861,0.9958,0.4089,0
xfer_sink+meta+inflight,54,24,0,46.416,0.9962,0.4081,0
xfer_sink+meta+inflight,54,24,1,46.683,0.9962,0.4079,0
xfer_sink+meta+inflight,54,24,2,46.686,0.9962,0.4144,0
xfer_sink+meta+inflight,54,24,3,46.686,0.9961,0.4056,0
xfer_sink+meta+inflight,55,25,0,46.797,0.9964,0.4110,0
xfer_sink+meta+inflight,55,25,1,45.847,0.9961,0.4163,0
xfer_sink+meta+inflight,55,25,2,45.711,0.9961,0.4239,0
xfer_sink+meta+inflight,55,25,3,45.310,0.9959,0.4111,0
xfer_sink+meta+inflight,56,26,0,45.641,0.9961,0.4176,0
xfer_sink+meta+inflight,56,26,1,45.670,0.9960,0.4175,0
xfer_sink+meta+inflight,56,26,2,45.359,0.9957,0.4236,0
xfer_sink+meta+inflight,56,26,3,45.117,0.9955,0.4154,0
xfer_sink+meta+inflight,57,27,0,44.976,0.9954,0.4224,0
xfer_sink+meta+inflight,57,27,1,44.733,0.9951,0.4224,0
xfer_sink+meta+inflight,57,27,2,43.921,0.9946,0.4293,0
xfer_sink+meta+inflight,57,27,3,44.031,0.9945,0.4200,0
xfer_sink+meta+inflight,58,28,0,43.959,0.9944,0.4230,0
xfer_sink+meta+inflight,58,28,1,44.045,0.9939,0.4236,0
xfer_sink+meta+inflight,58,28,2,43.496,0.9935,0.4290,0
xfer_sink+meta+inflight,58,28,3,43.170,0.9932,0.4204,0
xfer_sink+meta+inflight,59,29,0,44.042,0.9941,0.4223,0
xfer_sink+meta+inflight,59,29,1,44.141,0.9939,0.4233,0
xfer_sink+meta+inflight,59,29,2,43.881,0.9938,0.4298,0
xfer_sink+meta+inflight,59,29,3,43.865,0.9936,0.4301,0
xfer_sink+meta+inflight,60,30,0,43.909,0.9940,0.4169,0
xfer_sink+meta+inflight,60,30,1,42.894,0.9925,0.4202,0
xfer_sink+meta+inflight,60,30,2,41.360,0.9926,0.4055,0
xfer_sink+meta+inflight,60,30,3,40.701,0.9916,0.4021,0
xfer_sink+meta+inflight,61,31,0,43.767,0.9950,0.4086,0
xfer_sink+meta+inflight,61,31,1,44.438,0.9952,0.4052,0
xfer_sink+meta+inflight,61,31,2,44.766,0.9953,0.4135,0
xfer_sink+meta+inflight,61,31,3,45.005,0.9953,0.4120,0
xfer_sink+meta+inflight,62,32,0,45.364,0.9956,0.4176,0
xfer_sink+meta+inflight,62,32,1,44.597,0.9953,0.4204,0
xfer_sink+meta+inflight,62,32,2,43.956,0.9950,0.4227,0
xfer_sink+meta+inflight,62,32,3,43.879,0.9950,0.4140,0
xfer_sink+meta+inflight,63,33,0,45.134,0.9953,0.4195,0
xfer_sink+meta+inflight,63,33,1,44.574,0.9947,0.4241,0
xfer_sink+meta+inflight,63,33,2,43.799,0.9944,0.4296,0
xfer_sink+meta+inflight,63,33,3,44.468,0.9944,0.4214,0
xfer_sink+meta+inflight,64,34,0,43.216,0.9949,0.4238,0
xfer_sink+meta+inflight,64,34,1,41.830,0.9948,0.4227,0
xfer_sink+meta+inflight,64,34,2,44.256,0.9949,0.4264,0
xfer_sink+meta+inflight,64,34,3,44.501,0.9947,0.4195,0
xfer_sink+meta+inflight,65,35,0,43.501,0.9951,0.4232,0
xfer_sink+meta+inflight,65,35,1,43.893,0.9950,0.4240,0
xfer_sink+meta+inflight,65,35,2,44.832,0.9951,0.4271,0
xfer_sink+meta+inflight,65,35,3,43.632,0.9949,0.4227,0
xfer_sink+meta+inflight,66,36,0,45.144,0.9958,0.4235,0
xfer_sink+meta+inflight,66,36,1,46.173,0.9958,0.4233,0
xfer_sink+meta+inflight,66,36,2,46.599,0.9958,0.4274,0
xfer_sink+meta+inflight,66,36,3,45.771,0.9956,0.4227,0
xfer_sink+meta+inflight,67,37,0,46.893,0.9961,0.4196,0
xfer_sink+meta+inflight,67,37,1,46.198,0.9958,0.4157,0
xfer_sink+meta+inflight,67,37,2,46.179,0.9958,0.4183,0
xfer_sink+meta+inflight,67,37,3,45.820,0.9955,0.4137,0
xfer_sink+meta+inflight,68,38,0,46.416,0.9959,0.4137,0
xfer_sink+meta+inflight,68,38,1,46.078,0.9956,0.4135,0
xfer_sink+meta+inflight,68,38,2,45.963,0.9955,0.4173,0
xfer_sink+meta+inflight,68,38,3,45.664,0.9952,0.4175,0
xfer_sink+meta+inflight,69,39,0,46.483,0.9958,0.4154,0
xfer_sink+meta+inflight,69,39,1,46.435,0.9956,0.4200,0
xfer_sink+meta+inflight,69,39,2,46.795,0.9957,0.4206,0
xfer_sink+meta+inflight,69,39,3,46.302,0.9954,0.4240,0
xfer_sink+meta,1,-29,0,99.000,,,0
xfer_sink+meta,1,-29,1,99.000,,,0
xfer_sink+meta,1,-29,2,99.000,,,0
xfer_sink+meta,1,-29,3,99.000,,,0
xfer_sink+meta,2,-28,0,99.000,,,0
xfer_sink+meta,2,-28,1,99.000,,,0
xfer_sink+meta,2,-28,2,99.000,,,0
xfer_sink+meta,2,-28,3,99.000,,,0
xfer_sink+meta,3,-27,0,99.000,,,0
xfer_sink+meta,3,-27,1,99.000,,,0
xfer_sink+meta,3,-27,2,99.000,,,0
xfer_sink+meta,3,-27,3,99.000,,,0
xfer_sink+meta,4,-26,0,99.000,,,0
xfer_sink+meta,4,-26,1,99.000,,,0
xfer_sink+meta,4,-26,2,99.000,,,0
xfer_sink+meta,4,-26,3,99.000,,,0
xfer_sink+meta,5,-25,0,99.000,,,0
xfer_sink+meta,5,-25,1,99.000,,,0
xfer_sink+meta,5,-25,2,99.000,,,0
xfer_sink+meta,5,-25,3,99.000,,,0
xfer_sink+meta,6,-24,0,99.000,,,0
xfer_sink+meta,6,-24,1,99.000,,,0
xfer_sink+meta,6,-24,2,99.000,,,0
xfer_sink+meta,6,-24,3,99.000,,,0
xfer_sink+meta,7,-23,0,99.000,,,0
xfer_sink+meta,7,-23,1,99.000,,,0
xfer_sink+meta,7,-23,2,99.000,,,0
xfer_sink+meta,7,-23,3,99.000,,,0
xfer_sink+meta,8,-22,0,99.000,,,0
xfer_sink+meta,8,-22,1,99.000,,,0
xfer_sink+meta,8,-22,2,99.000,,,0
xfer_sink+meta,8,-22,3,99.000,,,0
xfer_sink+meta,9,-21,0,99.000,,,0
xfer_sink+meta,9,-21,1,99.000,,,0
xfer_sink+meta,9,-21,2,99.000,,,0
xfer_sink+meta,9,-21,3,99.000,,,0
xfer_sink+meta,10,-20,0,99.000,,,0
xfer_sink+meta,10,-20,1,99.000,,,0
xfer_sink+meta,10,-20,2,99.000,,,0
xfer_sink+meta,10,-20,3,99.000,,,0
xfer_sink+meta,11,-19,0,99.000,,,0
xfer_sink+meta,11,-19,1,99.000,,,0
xfer_sink+meta,11,-19,2,99.000,,,0
xfer_sink+meta,11,-19,3,99.000,,,0
xfer_sink+meta,12,-18,0,99.000,,,0
xfer_sink+meta,12,-18,1,99.000,,,0
xfer_sink+meta,12,-18,2,99.000,,,0
xfer_sink+meta,12,-18,3,99.000,,,0
xfer_sink+meta,13,-17,0,99.000,,,0
xfer_sink+meta,13,-17,1,99.000,,,0
xfer_sink+meta,13,-17,2,99.000,,,0
xfer_sink+meta,13,-17,3,99.000,,,0
xfer_sink+meta,14,-16,0,99.000,,,0
xfer_sink+meta,14,-16,1,99.000,,,0
xfer_sink+meta,14,-16,2,99.000,,,0
xfer_sink+meta,14,-16,3,99.000,,,0
xfer_sink+meta,15,-15,0,99.000,,,0
xfer_sink+meta,15,-15,1,99.000,,,0
xfer_sink+meta,15,-15,2,99.000,,,0
xfer_sink+meta,15,-15,3,99.000,,,0
xfer_sink+meta,16,-14,0,99.000,,,0
xfer_sink+meta,16,-14,1,99.000,,,0
xfer_sink+meta,16,-14,2,99.000,,,0
xfer_sink+meta,16,-14,3,99.000,,,0
xfer_sink+meta,17,-13,0,99.000,,,0
xfer_sink+meta,17,-13,1,99.000,,,0
xfer_sink+meta,17,-13,2,99.000,,,0
xfer_sink+meta,17,-13,3,99.000,,,0
xfer_sink+meta,18,-12,0,99.000,,,0
xfer_sink+meta,18,-12,1,99.000,,,0
xfer_sink+meta,18,-12,2,99.000,,,0
xfer_sink+meta,18,-12,3,99.000,,,0
xfer_sink+meta,19,-11,0,99.000,,,0
xfer_sink+meta,19,-11,1,99.000,,,0
xfer_sink+meta,19,-11,2,99.000,,,0
xfer_sink+meta,19,-11,3,99.000,,,0
xfer_sink+meta,20,-10,0,99.000,,,0
xfer_sink+meta,20,-10,1,99.000,,,0
xfer_sink+meta,20,-10,2,99.000,,,0
xfer_sink+meta,20,-10,3,99.000,,,0
xfer_sink+meta,21,-9,0,99.000,,,0
xfer_sink+meta,21,-9,1,99.000,,,0
xfer_sink+meta,21,-9,2,99.000,,,0
xfer_sink+meta,21,-9,3,99.000,,,0
xfer_sink+meta,22,-8,0,99.000,,,0
xfer_sink+meta,22,-8,1,99.000,,,0
xfer_sink+meta,22,-8,2,99.000,,,0
xfer_sink+meta,22,-8,3,99.000,,,0
xfer_sink+meta,23,-7,0,99.000,,,0
xfer_sink+meta,23,-7,1,99.000,,,0
xfer_sink+meta,23,-7,2,99.000,,,0
xfer_sink+meta,23,-7,3,99.000,,,0
xfer_sink+meta,24,-6,0,99.000,,,0
xfer_sink+meta,24,-6,1,99.000,,,0
xfer_sink+meta,24,-6,2,99.000,,,0
xfer_sink+meta,24,-6,3,99.000,,,0
xfer_sink+meta,25,-5,0,99.000,,,0
xfer_sink+meta,25,-5,1,99.000,,,0
xfer_sink+meta,25,-5,2,99.000,,,0
xfer_sink+meta,25,-5,3,99.000,,,0
xfer_sink+meta,26,-4,0,99.000,,,0
xfer_sink+meta,26,-4,1,99.000,,,0
xfer_sink+meta,26,-4,2,99.000,,,0
xfer_sink+meta,26,-4,3,99.000,,,0
xfer_sink+meta,27,-3,0,99.000,,,0
xfer_sink+meta,27,-3,1,99.000,,,0
xfer_sink+meta,27,-3,2,99.000,,,0
xfer_sink+meta,27,-3,3,99.000,,,0
xfer_sink+meta,28,-2,0,99.000,,,0
xfer_sink+meta,28,-2,1,99.000,,,0
xfer_sink+meta,28,-2,2,99.000,,,0
xfer_sink+meta,28,-2,3,99.000,,,0
xfer_sink+meta,29,-1,0,99.000,,,0
xfer_sink+meta,29,-1,1,99.000,,,0
xfer_sink+meta,29,-1,2,99.000,,,0
xfer_sink+meta,29,-1,3,99.000,,,0
xfer_sink+meta,30,0,0,10.088,0.1996,0.1816,0
xfer_sink+meta,30,0,1,10.114,0.2378,0.2088,0
xfer_sink+meta,30,0,2,10.122,0.2616,0.2322,0
xfer_sink+meta,30,0,3,10.147,0.2729,0.2380,0
xfer_sink+meta,31,1,0,15.200,0.3893,0.3401,0
xfer_sink+meta,31,1,1,16.695,0.4758,0.3860,0
xfer_sink+meta,31,1,2,17.590,0.5108,0.3916,0
xfer_sink+meta,31,1,3,18.106,0.5307,0.3932,0
xfer_sink+meta,32,2,0,19.037,0.5835,0.4126,0
xfer_sink+meta,32,2,1,19.987,0.6141,0.4121,0
xfer_sink+meta,32,2,2,20.073,0.6117,0.4120,0
xfer_sink+meta,32,2,3,19.792,0.6123,0.4087,0
xfer_sink+meta,33,3,0,20.719,0.7976,0.3950,0
xfer_sink+meta,33,3,1,21.857,0.8126,0.4029,0
xfer_sink+meta,33,3,2,21.931,0.8075,0.3919,0
xfer_sink+meta,33,3,3,21.878,0.8019,0.3870,0
xfer_sink+meta,34,4,0,22.901,0.8383,0.3874,0
xfer_sink+meta,34,4,1,24.590,0.8604,0.3998,0
xfer_sink+meta,34,4,2,25.168,0.8662,0.3888,0
xfer_sink+meta,34,4,3,25.152,0.8627,0.3928,0
xfer_sink+meta,35,5,0,26.029,0.9011,0.4004,0
xfer_sink+meta,35,5,1,27.637,0.9174,0.4147,0
xfer_sink+meta,35,5,2,28.406,0.9217,0.4068,0
xfer_sink+meta,35,5,3,28.424,0.9213,0.4090,0
xfer_sink+meta,36,6,0,29.549,0.9352,0.4122,0
xfer_sink+meta,36,6,1,30.378,0.9410,0.4209,0
xfer_sink+meta,36,6,2,30.545,0.9436,0.4117,0
xfer_sink+meta,36,6,3,30.054,0.9407,0.4109,0
xfer_sink+meta,37,7,0,31.735,0.9501,0.4163,0
xfer_sink+meta,37,7,1,32.012,0.9485,0.4249,0
xfer_sink+meta,37,7,2,33.000,0.9487,0.4166,0
xfer_sink+meta,37,7,3,33.107,0.9469,0.4148,0
xfer_sink+meta,38,8,0,33.885,0.9540,0.4209,0
xfer_sink+meta,38,8,1,34.018,0.9543,0.4250,0
xfer_sink+meta,38,8,2,34.341,0.9558,0.4181,0
xfer_sink+meta,38,8,3,34.260,0.9546,0.4198,0
xfer_sink+meta,39,9,0,35.065,0.9620,0.4191,0
xfer_sink+meta,39,9,1,35.687,0.9630,0.4256,0
xfer_sink+meta,39,9,2,35.423,0.9631,0.4269,0
xfer_sink+meta,39,9,3,35.171,0.9623,0.4180,0
xfer_sink+meta,40,10,0,34.557,0.9637,0.4218,0
xfer_sink+meta,40,10,1,35.425,0.9645,0.3984,0
xfer_sink+meta,40,10,2,36.184,0.9690,0.3922,0
xfer_sink+meta,40,10,3,35.958,0.9694,0.3941,0
xfer_sink+meta,41,11,0,36.929,0.9709,0.3977,0
xfer_sink+meta,41,11,1,36.764,0.9689,0.4104,0
xfer_sink+meta,41,11,2,36.874,0.9696,0.4091,0
xfer_sink+meta,41,11,3,37.155,0.9698,0.4135,0
xfer_sink+meta,42,12,0,37.983,0.9744,0.4176,0
xfer_sink+meta,42,12,1,38.083,0.9745,0.4224,0
xfer_sink+meta,42,12,2,38.009,0.9756,0.4194,0
xfer_sink+meta,42,12,3,38.070,0.9757,0.4201,0
xfer_sink+meta,43,13,0,38.372,0.9770,0.4241,0
xfer_sink+meta,43,13,1,38.497,0.9770,0.4293,0
xfer_sink+meta,43,13,2,38.280,0.9769,0.4223,0
xfer_sink+meta,43,13,3,38.002,0.9767,0.4221,0
xfer_sink+meta,44,14,0,38.387,0.9748,0.4223,0
xfer_sink+meta,44,14,1,38.330,0.9727,0.4271,0
xfer_sink+meta,44,14,2,38.153,0.9710,0.4219,0
xfer_sink+meta,44,14,3,37.964,0.9697,0.4220,0
xfer_sink+meta,45,15,0,37.405,0.9708,0.4241,0
xfer_sink+meta,45,15,1,37.646,0.9710,0.4263,0
xfer_sink+meta,45,15,2,37.451,0.9716,0.4222,0
xfer_sink+meta,45,15,3,37.145,0.9710,0.4208,0
xfer_sink+meta,46,16,0,37.664,0.9764,0.4199,0
xfer_sink+meta,46,16,1,37.515,0.9764,0.4240,0
xfer_sink+meta,46,16,2,37.863,0.9773,0.4202,0
xfer_sink+meta,46,16,3,37.817,0.9771,0.4188,0
xfer_sink+meta,47,17,0,36.977,0.9787,0.4153,0
xfer_sink+meta,47,17,1,37.640,0.9794,0.4192,0
xfer_sink+meta,47,17,2,37.436,0.9795,0.4152,0
xfer_sink+meta,47,17,3,37.498,0.9791,0.4156,0
xfer_sink+meta,48,18,0,36.413,0.9772,0.4140,0
xfer_sink+meta,48,18,1,36.872,0.9766,0.4173,0
xfer_sink+meta,48,18,2,36.739,0.9756,0.4171,0
xfer_sink+meta,48,18,3,36.154,0.9739,0.4132,0
xfer_sink+meta,49,19,0,34.846,0.9667,0.4166,0
xfer_sink+meta,49,19,1,34.205,0.9641,0.4170,0
xfer_sink+meta,49,19,2,33.930,0.9634,0.4208,0
xfer_sink+meta,49,19,3,33.068,0.9590,0.4152,0
xfer_sink+meta,50,20,0,33.410,0.9633,0.4147,0
xfer_sink+meta,50,20,1,34.460,0.9655,0.4153,0
xfer_sink+meta,50,20,2,33.925,0.9636,0.4192,0
xfer_sink+meta,50,20,3,33.920,0.9628,0.4140,0
xfer_sink+meta,51,21,0,30.970,0.9561,0.4110,0
xfer_sink+meta,51,21,1,32.138,0.9591,0.4104,0
xfer_sink+meta,51,21,2,34.556,0.9665,0.4138,0
xfer_sink+meta,51,21,3,34.673,0.9661,0.4033,0
xfer_sink+meta,52,22,0,31.500,0.9620,0.4054,0
xfer_sink+meta,52,22,1,34.880,0.9671,0.4056,0
xfer_sink+meta,52,22,2,34.568,0.9652,0.4099,0
xfer_sink+meta,52,22,3,34.058,0.9631,0.4027,0
xfer_sink+meta,53,23,0,32.030,0.9590,0.4069,0
xfer_sink+meta,53,23,1,33.700,0.9621,0.4103,0
xfer_sink+meta,53,23,2,34.324,0.9626,0.4149,0
xfer_sink+meta,53,23,3,33.856,0.9590,0.4082,0
xfer_sink+meta,54,24,0,32.954,0.9596,0.4092,0
xfer_sink+meta,54,24,1,34.648,0.9644,0.4085,0
xfer_sink+meta,54,24,2,34.579,0.9639,0.4157,0
xfer_sink+meta,54,24,3,34.372,0.9632,0.4071,0
xfer_sink+meta,55,25,0,31.721,0.9568,0.4149,0
xfer_sink+meta,55,25,1,33.815,0.9612,0.4196,0
xfer_sink+meta,55,25,2,33.820,0.9607,0.4263,0
xfer_sink+meta,55,25,3,33.120,0.9558,0.4145,0
xfer_sink+meta,56,26,0,32.916,0.9572,0.4208,0
xfer_sink+meta,56,26,1,33.114,0.9581,0.4198,0
xfer_sink+meta,56,26,2,32.751,0.9572,0.4255,0
xfer_sink+meta,56,26,3,32.342,0.9553,0.4179,0
xfer_sink+meta,57,27,0,32.142,0.9535,0.4240,0
xfer_sink+meta,57,27,1,32.420,0.9536,0.4238,0
xfer_sink+meta,57,27,2,32.814,0.9523,0.4306,0
xfer_sink+meta,57,27,3,32.547,0.9497,0.4209,0
xfer_sink+meta,58,28,0,31.965,0.9449,0.4238,0
xfer_sink+meta,58,28,1,33.392,0.9496,0.4245,0
xfer_sink+meta,58,28,2,32.388,0.9467,0.4300,0
xfer_sink+meta,58,28,3,32.544,0.9438,0.4214,0
xfer_sink+meta,59,29,0,31.571,0.9451,0.4241,0
xfer_sink+meta,59,29,1,32.783,0.9500,0.4239,0
xfer_sink+meta,59,29,2,33.626,0.9528,0.4301,0
xfer_sink+meta,59,29,3,33.324,0.9513,0.4305,0
xfer_sink+meta,60,30,0,32.392,0.9494,0.4185,0
xfer_sink+meta,60,30,1,31.758,0.9475,0.4207,0
xfer_sink+meta,60,30,2,32.972,0.9565,0.4066,0
xfer_sink+meta,60,30,3,32.375,0.9520,0.4027,0
xfer_sink+meta,61,31,0,33.030,0.9575,0.4081,0
xfer_sink+meta,61,31,1,32.411,0.9545,0.4047,0
xfer_sink+meta,61,31,2,32.044,0.9529,0.4132,0
xfer_sink+meta,61,31,3,31.704,0.9511,0.4118,0
xfer_sink+meta,62,32,0,32.589,0.9549,0.4165,0
xfer_sink+meta,62,32,1,32.550,0.9545,0.4195,0
xfer_sink+meta,62,32,2,32.227,0.9526,0.4217,0
xfer_sink+meta,62,32,3,31.902,0.9509,0.4134,0
xfer_sink+meta,63,33,0,33.430,0.9585,0.4184,0
xfer_sink+meta,63,33,1,34.179,0.9598,0.4227,0
xfer_sink+meta,63,33,2,34.390,0.9593,0.4288,0
xfer_sink+meta,63,33,3,34.425,0.9582,0.4202,0
xfer_sink+meta,64,34,0,35.950,0.9673,0.4223,0
xfer_sink+meta,64,34,1,35.814,0.9680,0.4213,0
xfer_sink+meta,64,34,2,36.175,0.9676,0.4249,0
xfer_sink+meta,64,34,3,36.168,0.9663,0.4177,0
xfer_sink+meta,65,35,0,36.459,0.9717,0.4219,0
xfer_sink+meta,65,35,1,36.704,0.9718,0.4228,0
xfer_sink+meta,65,35,2,36.763,0.9714,0.4258,0
xfer_sink+meta,65,35,3,36.258,0.9709,0.4213,0
xfer_sink+meta,66,36,0,36.833,0.9739,0.4229,0
xfer_sink+meta,66,36,1,36.829,0.9733,0.4227,0
xfer_sink+meta,66,36,2,36.883,0.9734,0.4270,0
xfer_sink+meta,66,36,3,36.646,0.9723,0.4220,0
xfer_sink+meta,67,37,0,35.017,0.9686,0.4199,0
xfer_sink+meta,67,37,1,34.472,0.9662,0.4163,0
xfer_sink+meta,67,37,2,34.323,0.9647,0.4191,0
xfer_sink+meta,67,37,3,33.611,0.9621,0.4146,0
xfer_sink+meta,68,38,0,33.149,0.9597,0.4154,0
xfer_sink+meta,68,38,1,33.114,0.9583,0.4148,0
xfer_sink+meta,68,38,2,32.362,0.9552,0.4182,0
xfer_sink+meta,68,38,3,31.279,0.9516,0.4181,0
xfer_sink+meta,69,39,0,32.232,0.9565,0.4151,0
xfer_sink+meta,69,39,1,33.233,0.9585,0.4195,0
xfer_sink+meta,69,39,2,33.403,0.9586,0.4194,0
xfer_sink+meta,69,39,3,33.193,0.9574,0.4226,0
xfer_meta+inflight,1,-29,0,99.000,,,0
xfer_meta+inflight,1,-29,1,99.000,,,0
xfer_meta+inflight,1,-29,2,99.000,,,0
xfer_meta+inflight,1,-29,3,99.000,,,0
xfer_meta+inflight,2,-28,0,99.000,,,0
xfer_meta+inflight,2,-28,1,99.000,,,0
xfer_meta+inflight,2,-28,2,99.000,,,0
xfer_meta+inflight,2,-28,3,99.000,,,0
xfer_meta+inflight,3,-27,0,99.000,,,0
xfer_meta+inflight,3,-27,1,99.000,,,0
xfer_meta+inflight,3,-27,2,99.000,,,0
xfer_meta+inflight,3,-27,3,99.000,,,0
xfer_meta+inflight,4,-26,0,99.000,,,0
xfer_meta+inflight,4,-26,1,99.000,,,0
xfer_meta+inflight,4,-26,2,99.000,,,0
xfer_meta+inflight,4,-26,3,99.000,,,0
xfer_meta+inflight,5,-25,0,99.000,,,0
xfer_meta+inflight,5,-25,1,99.000,,,0
xfer_meta+inflight,5,-25,2,99.000,,,0
xfer_meta+inflight,5,-25,3,99.000,,,0
xfer_meta+inflight,6,-24,0,99.000,,,0
xfer_meta+inflight,6,-24,1,99.000,,,0
xfer_meta+inflight,6,-24,2,99.000,,,0
xfer_meta+inflight,6,-24,3,99.000,,,0
xfer_meta+inflight,7,-23,0,99.000,,,0
xfer_meta+inflight,7,-23,1,99.000,,,0
xfer_meta+inflight,7,-23,2,99.000,,,0
xfer_meta+inflight,7,-23,3,99.000,,,0
xfer_meta+inflight,8,-22,0,99.000,,,0
xfer_meta+inflight,8,-22,1,99.000,,,0
xfer_meta+inflight,8,-22,2,99.000,,,0
xfer_meta+inflight,8,-22,3,99.000,,,0
xfer_meta+inflight,9,-21,0,99.000,,,0
xfer_meta+inflight,9,-21,1,99.000,,,0
xfer_meta+inflight,9,-21,2,99.000,,,0
xfer_meta+inflight,9,-21,3,99.000,,,0
xfer_meta+inflight,10,-20,0,99.000,,,0
xfer_meta+inflight,10,-20,1,99.000,,,0
xfer_meta+inflight,10,-20,2,99.000,,,0
xfer_meta+inflight,10,-20,3,99.000,,,0
xfer_meta+inflight,11,-19,0,99.000,,,0
xfer_meta+inflight,11,-19,1,99.000,,,0
xfer_meta+inflight,11,-19,2,99.000,,,0
xfer_meta+inflight,11,-19,3,99.000,,,0
xfer_meta+inflight,12,-18,0,99.000,,,0
xfer_meta+inflight,12,-18,1,99.000,,,0
xfer_meta+inflight,12,-18,2,99.000,,,0
xfer_meta+inflight,12,-18,3,99.000,,,0
xfer_meta+inflight,13,-17,0,99.000,,,0
xfer_meta+inflight,13,-17,1,99.000,,,0
xfer_meta+inflight,13,-17,2,99.000,,,0
xfer_meta+inflight,13,-17,3,99.000,,,0
xfer_meta+inflight,14,-16,0,99.000,,,0
xfer_meta+inflight,14,-16,1,99.000,,,0
xfer_meta+inflight,14,-16,2,99.000,,,0
xfer_meta+inflight,14,-16,3,99.000,,,0
xfer_meta+inflight,15,-15,0,99.000,,,0
xfer_meta+inflight,15,-15,1,99.000,,,0
xfer_meta+inflight,15,-15,2,99.000,,,0
xfer_meta+inflight,15,-15,3,99.000,,,0
xfer_meta+inflight,16,-14,0,99.000,,,0
xfer_meta+inflight,16,-14,1,99.000,,,0
xfer_meta+inflight,16,-14,2,99.000,,,0
xfer_meta+inflight,16,-14,3,99.000,,,0
xfer_meta+inflight,17,-13,0,99.000,,,0
xfer_meta+inflight,17,-13,1,99.000,,,0
xfer_meta+inflight,17,-13,2,99.000,,,0
xfer_meta+inflight,17,-13,3,99.000,,,0
xfer_meta+inflight,18,-12,0,99.000,,,0
xfer_meta+inflight,18,-12,1,99.000,,,0
xfer_meta+inflight,18,-12,2,99.000,,,0
xfer_meta+inflight,18,-12,3,99.000,,,0
xfer_meta+inflight,19,-11,0,99.000,,,0
xfer_meta+inflight,19,-11,1,99.000,,,0
xfer_meta+inflight,19,-11,2,99.000,,,0
xfer_meta+inflight,19,-11,3,99.000,,,0
xfer_meta+inflight,20,-10,0,99.000,,,0
xfer_meta+inflight,20,-10,1,99.000,,,0
xfer_meta+inflight,20,-10,2,99.000,,,0
xfer_meta+inflight,20,-10,3,99.000,,,0
xfer_meta+inflight,21,-9,0,99.000,,,0
xfer_meta+inflight,21,-9,1,99.000,,,0
xfer_meta+inflight,21,-9,2,99.000,,,0
xfer_meta+inflight,21,-9,3,99.000,,,0
xfer_meta+inflight,22,-8,0,99.000,,,0
xfer_meta+inflight,22,-8,1,99.000,,,0
xfer_meta+inflight,22,-8,2,99.000,,,0
xfer_meta+inflight,22,-8,3,99.000,,,0
xfer_meta+inflight,23,-7,0,99.000,,,0
xfer_meta+inflight,23,-7,1,99.000,,,0
xfer_meta+inflight,23,-7,2,99.000,,,0
xfer_meta+inflight,23,-7,3,99.000,,,0
xfer_meta+inflight,24,-6,0,99.000,,,0
xfer_meta+inflight,24,-6,1,99.000,,,0
xfer_meta+inflight,24,-6,2,99.000,,,0
xfer_meta+inflight,24,-6,3,99.000,,,0
xfer_meta+inflight,25,-5,0,99.000,,,0
xfer_meta+inflight,25,-5,1,99.000,,,0
xfer_meta+inflight,25,-5,2,99.000,,,0
xfer_meta+inflight,25,-5,3,99.000,,,0
xfer_meta+inflight,26,-4,0,99.000,,,0
xfer_meta+inflight,26,-4,1,99.000,,,0
xfer_meta+inflight,26,-4,2,99.000,,,0
xfer_meta+inflight,26,-4,3,99.000,,,0
xfer_meta+inflight,27,-3,0,99.000,,,0
xfer_meta+inflight,27,-3,1,99.000,,,0
xfer_meta+inflight,27,-3,2,99.000,,,0
xfer_meta+inflight,27,-3,3,99.000,,,0
xfer_meta+inflight,28,-2,0,99.000,,,0
xfer_meta+inflight,28,-2,1,99.000,,,0
xfer_meta+inflight,28,-2,2,99.000,,,0
xfer_meta+inflight,28,-2,3,99.000,,,0
xfer_meta+inflight,29,-1,0,99.000,,,0
xfer_meta+inflight,29,-1,1,99.000,,,0
xfer_meta+inflight,29,-1,2,99.000,,,0
xfer_meta+inflight,29,-1,3,99.000,,,0
xfer_meta+inflight,30,0,0,15.400,0.4194,0.3385,0
xfer_meta+inflight,30,0,1,15.704,0.4097,0.3204,0
xfer_meta+inflight,30,0,2,17.271,0.5625,0.3630,0
xfer_meta+inflight,30,0,3,17.721,0.5879,0.3461,0
xfer_meta+inflight,31,1,0,18.087,0.6548,0.3763,0
xfer_meta+inflight,31,1,1,16.302,0.6279,0.3957,0
xfer_meta+inflight,31,1,2,15.746,0.5611,0.4092,0
xfer_meta+inflight,31,1,3,15.462,0.5628,0.4081,0
xfer_meta+inflight,32,2,0,16.162,0.5843,0.4269,0
xfer_meta+inflight,32,2,1,16.278,0.5819,0.4342,0
xfer_meta+inflight,32,2,2,15.506,0.4501,0.4123,0
xfer_meta+inflight,32,2,3,15.337,0.4570,0.3976,0
xfer_meta+inflight,33,3,0,16.616,0.6333,0.4132,0
xfer_meta+inflight,33,3,1,17.136,0.6569,0.4201,0
xfer_meta+inflight,33,3,2,17.178,0.6587,0.4077,0
xfer_meta+inflight,33,3,3,17.061,0.6541,0.3963,0
xfer_meta+inflight,34,4,0,16.795,0.6694,0.3959,0
xfer_meta+inflight,34,4,1,17.008,0.6793,0.4089,0
xfer_meta+inflight,34,4,2,17.089,0.6788,0.3998,0
xfer_meta+inflight,34,4,3,16.961,0.6765,0.3975,0
xfer_meta+inflight,35,5,0,16.898,0.6960,0.3953,0
xfer_meta+inflight,35,5,1,16.642,0.7003,0.4084,0
xfer_meta+inflight,35,5,2,16.740,0.7003,0.3967,0
xfer_meta+inflight,35,5,3,16.738,0.6980,0.3943,0
xfer_meta+inflight,36,6,0,16.526,0.7075,0.3965,0
xfer_meta+inflight,36,6,1,16.651,0.7124,0.4104,0
xfer_meta+inflight,36,6,2,16.627,0.7072,0.4004,0
xfer_meta+inflight,36,6,3,16.622,0.7032,0.3971,0
xfer_meta+inflight,37,7,0,16.521,0.7093,0.4059,0
xfer_meta+inflight,37,7,1,16.629,0.7103,0.4201,0
xfer_meta+inflight,37,7,2,16.795,0.7033,0.4106,0
xfer_meta+inflight,37,7,3,16.706,0.6989,0.4086,0
xfer_meta+inflight,38,8,0,16.671,0.7089,0.4271,0
xfer_meta+inflight,38,8,1,16.704,0.7094,0.4324,0
xfer_meta+inflight,38,8,2,16.836,0.7073,0.4229,0
xfer_meta+inflight,38,8,3,16.867,0.7038,0.4211,0
xfer_meta+inflight,39,9,0,16.884,0.7152,0.4259,0
xfer_meta+inflight,39,9,1,16.915,0.7164,0.4314,0
xfer_meta+inflight,39,9,2,16.925,0.7172,0.4316,0
xfer_meta+inflight,39,9,3,16.952,0.7164,0.4188,0
xfer_meta+inflight,40,10,0,16.799,0.7237,0.4202,0
xfer_meta+inflight,40,10,1,16.178,0.7011,0.3896,0
xfer_meta+inflight,40,10,2,16.134,0.7061,0.3830,0
xfer_meta+inflight,40,10,3,16.096,0.6970,0.3814,0
xfer_meta+inflight,41,11,0,16.412,0.7074,0.3976,0
xfer_meta+inflight,41,11,1,16.475,0.7074,0.4060,0
xfer_meta+inflight,41,11,2,16.509,0.7059,0.4056,0
xfer_meta+inflight,41,11,3,16.465,0.6978,0.4088,0
xfer_meta+inflight,42,12,0,17.210,0.7163,0.4184,0
xfer_meta+inflight,42,12,1,17.380,0.7192,0.4214,0
xfer_meta+inflight,42,12,2,17.529,0.7204,0.4169,0
xfer_meta+inflight,42,12,3,17.459,0.7173,0.4144,0
xfer_meta+inflight,43,13,0,17.918,0.7313,0.4225,0
xfer_meta+inflight,43,13,1,18.151,0.7340,0.4283,0
xfer_meta+inflight,43,13,2,18.219,0.7347,0.4215,0
xfer_meta+inflight,43,13,3,18.155,0.7322,0.4203,0
xfer_meta+inflight,44,14,0,18.389,0.7324,0.4218,0
xfer_meta+inflight,44,14,1,18.519,0.7290,0.4278,0
xfer_meta+inflight,44,14,2,18.620,0.7243,0.4227,0
xfer_meta+inflight,44,14,3,18.567,0.7189,0.4202,0
xfer_meta+inflight,45,15,0,18.691,0.7231,0.4245,0
xfer_meta+inflight,45,15,1,18.764,0.7216,0.4262,0
xfer_meta+inflight,45,15,2,18.840,0.7170,0.4236,0
xfer_meta+inflight,45,15,3,18.796,0.7115,0.4206,0
xfer_meta+inflight,46,16,0,18.840,0.7211,0.4280,0
xfer_meta+inflight,46,16,1,18.662,0.7163,0.4312,0
xfer_meta+inflight,46,16,2,18.509,0.7122,0.4273,0
xfer_meta+inflight,46,16,3,18.286,0.7062,0.4216,0
xfer_meta+inflight,47,17,0,18.443,0.7146,0.4202,0
xfer_meta+inflight,47,17,1,18.309,0.7116,0.4240,0
xfer_meta+inflight,47,17,2,18.072,0.7080,0.4189,0
xfer_meta+inflight,47,17,3,17.769,0.7035,0.4163,0
xfer_meta+inflight,48,18,0,17.570,0.7116,0.4141,0
xfer_meta+inflight,48,18,1,17.419,0.7110,0.4185,0
xfer_meta+inflight,48,18,2,17.407,0.7097,0.4197,0
xfer_meta+inflight,48,18,3,17.477,0.7081,0.4165,0
xfer_meta+inflight,49,19,0,17.463,0.7190,0.4164,0
xfer_meta+inflight,49,19,1,17.865,0.7222,0.4187,0
xfer_meta+inflight,49,19,2,18.119,0.7208,0.4285,0
xfer_meta+inflight,49,19,3,18.246,0.7180,0.4223,0
xfer_meta+inflight,50,20,0,18.607,0.7257,0.4249,0
xfer_meta+inflight,50,20,1,18.629,0.7246,0.4264,0
xfer_meta+inflight,50,20,2,18.556,0.7198,0.4286,0
xfer_meta+inflight,50,20,3,18.563,0.7180,0.4217,0
xfer_meta+inflight,51,21,0,18.701,0.7245,0.4179,0
xfer_meta+inflight,51,21,1,18.859,0.7231,0.4185,0
xfer_meta+inflight,51,21,2,18.254,0.7156,0.4241,0
xfer_meta+inflight,51,21,3,18.424,0.7157,0.4105,0
xfer_meta+inflight,52,22,0,18.812,0.7269,0.4166,0
xfer_meta+inflight,52,22,1,18.512,0.7256,0.4177,0
xfer_meta+inflight,52,22,2,18.221,0.7223,0.4213,0
xfer_meta+inflight,52,22,3,18.004,0.7177,0.4116,0
xfer_meta+inflight,53,23,0,17.645,0.7261,0.4114,0
xfer_meta+inflight,53,23,1,18.704,0.7371,0.4198,0
xfer_meta+inflight,53,23,2,18.565,0.7353,0.4245,0
xfer_meta+inflight,53,23,3,18.312,0.7316,0.4133,0
xfer_meta+inflight,54,24,0,18.299,0.7399,0.4107,0
xfer_meta+inflight,54,24,1,18.658,0.7430,0.4143,0
xfer_meta+inflight,54,24,2,18.575,0.7418,0.4192,0
xfer_meta+inflight,54,24,3,19.022,0.7438,0.4105,0
xfer_meta+inflight,55,25,0,18.873,0.7594,0.4135,0
xfer_meta+inflight,55,25,1,18.645,0.7587,0.4192,0
xfer_meta+inflight,55,25,2,18.916,0.7585,0.4256,0
xfer_meta+inflight,55,25,3,18.383,0.7503,0.4057,0
xfer_meta+inflight,56,26,0,19.100,0.7659,0.4181,0
xfer_meta+inflight,56,26,1,19.469,0.7688,0.4192,0
xfer_meta+inflight,56,26,2,19.650,0.7671,0.4247,0
xfer_meta+inflight,56,26,3,19.377,0.7591,0.4130,0
xfer_meta+inflight,57,27,0,19.952,0.7727,0.4172,0
xfer_meta+inflight,57,27,1,20.050,0.7712,0.4163,0
xfer_meta+inflight,57,27,2,19.655,0.7647,0.4225,0
xfer_meta+inflight,57,27,3,19.495,0.7623,0.4107,0
xfer_meta+inflight,58,28,0,19.780,0.7767,0.4111,0
xfer_meta+inflight,58,28,1,19.219,0.7711,0.4151,0
xfer_meta+inflight,58,28,2,19.299,0.7699,0.4181,0
xfer_meta+inflight,58,28,3,19.177,0.7664,0.4066,0
xfer_meta+inflight,59,29,0,19.076,0.7754,0.4115,0
xfer_meta+inflight,59,29,1,19.264,0.7790,0.4115,0
xfer_meta+inflight,59,29,2,19.172,0.7793,0.4177,0
xfer_meta+inflight,59,29,3,19.218,0.7778,0.4160,0
xfer_meta+inflight,60,30,0,19.092,0.7817,0.4039,0
xfer_meta+inflight,60,30,1,18.374,0.7732,0.4063,0
xfer_meta+inflight,60,30,2,16.402,0.7314,0.3899,0
xfer_meta+inflight,60,30,3,16.587,0.7242,0.3809,0
xfer_meta+inflight,61,31,0,18.356,0.7561,0.4043,0
xfer_meta+inflight,61,31,1,18.649,0.7655,0.4025,0
xfer_meta+inflight,61,31,2,18.665,0.7654,0.4124,0
xfer_meta+inflight,61,31,3,18.534,0.7601,0.4104,0
xfer_meta+inflight,62,32,0,19.082,0.7632,0.4198,0
xfer_meta+inflight,62,32,1,19.508,0.7681,0.4228,0
xfer_meta+inflight,62,32,2,19.582,0.7669,0.4269,0
xfer_meta+inflight,62,32,3,19.482,0.7640,0.4155,0
xfer_meta+inflight,63,33,0,19.774,0.7717,0.4180,0
xfer_meta+inflight,63,33,1,19.785,0.7721,0.4214,0
xfer_meta+inflight,63,33,2,19.879,0.7722,0.4268,0
xfer_meta+inflight,63,33,3,19.888,0.7694,0.4184,0
xfer_meta+inflight,64,34,0,20.081,0.7767,0.4223,0
xfer_meta+inflight,64,34,1,20.095,0.7759,0.4201,0
xfer_meta+inflight,64,34,2,20.088,0.7746,0.4247,0
xfer_meta+inflight,64,34,3,20.058,0.7716,0.4157,0
xfer_meta+inflight,65,35,0,19.865,0.7661,0.4192,0
xfer_meta+inflight,65,35,1,19.664,0.7612,0.4193,0
xfer_meta+inflight,65,35,2,19.400,0.7545,0.4213,0
xfer_meta+inflight,65,35,3,19.135,0.7487,0.4164,0
xfer_meta+inflight,66,36,0,19.043,0.7433,0.4179,0
xfer_meta+inflight,66,36,1,19.243,0.7435,0.4212,0
xfer_meta+inflight,66,36,2,19.141,0.7398,0.4266,0
xfer_meta+inflight,66,36,3,18.941,0.7329,0.4203,0
xfer_meta+inflight,67,37,0,19.112,0.7342,0.4206,0
xfer_meta+inflight,67,37,1,18.911,0.7295,0.4166,0
xfer_meta+inflight,67,37,2,18.684,0.7265,0.4182,0
xfer_meta+inflight,67,37,3,18.268,0.7219,0.4118,0
xfer_meta+inflight,68,38,0,18.631,0.7292,0.4144,0
xfer_meta+inflight,68,38,1,18.326,0.7258,0.4112,0
xfer_meta+inflight,68,38,2,18.490,0.7246,0.4147,0
xfer_meta+inflight,68,38,3,18.576,0.7210,0.4153,0
xfer_meta+inflight,69,39,0,18.631,0.7257,0.4123,0
xfer_meta+inflight,69,39,1,18.771,0.7272,0.4188,0
xfer_meta+inflight,69,39,2,18.749,0.7237,0.4209,0
xfer_meta+inflight,69,39,3,18.725,0.7196,0.4239,0
drop_inflight,1,-29,0,99.000,,,0
drop_inflight,1,-29,1,99.000,,,0
drop_inflight,1,-29,2,99.000,,,0
drop_inflight,1,-29,3,99.000,,,0
drop_inflight,2,-28,0,99.000,,,0
drop_inflight,2,-28,1,99.000,,,0
drop_inflight,2,-28,2,99.000,,,0
drop_inflight,2,-28,3,99.000,,,0
drop_inflight,3,-27,0,99.000,,,0
drop_inflight,3,-27,1,99.000,,,0
drop_inflight,3,-27,2,99.000,,,0
drop_inflight,3,-27,3,99.000,,,0
drop_inflight,4,-26,0,99.000,,,0
drop_inflight,4,-26,1,99.000,,,0
drop_inflight,4,-26,2,99.000,,,0
drop_inflight,4,-26,3,99.000,,,0
drop_inflight,5,-25,0,99.000,,,0
drop_inflight,5,-25,1,99.000,,,0
drop_inflight,5,-25,2,99.000,,,0
drop_inflight,5,-25,3,99.000,,,0
drop_inflight,6,-24,0,99.000,,,0
drop_inflight,6,-24,1,99.000,,,0
drop_inflight,6,-24,2,99.000,,,0
drop_inflight,6,-24,3,99.000,,,0
drop_inflight,7,-23,0,99.000,,,0
drop_inflight,7,-23,1,99.000,,,0
drop_inflight,7,-23,2,99.000,,,0
drop_inflight,7,-23,3,99.000,,,0
drop_inflight,8,-22,0,99.000,,,0
drop_inflight,8,-22,1,99.000,,,0
drop_inflight,8,-22,2,99.000,,,0
drop_inflight,8,-22,3,99.000,,,0
drop_inflight,9,-21,0,99.000,,,0
drop_inflight,9,-21,1,99.000,,,0
drop_inflight,9,-21,2,99.000,,,0
drop_inflight,9,-21,3,99.000,,,0
drop_inflight,10,-20,0,99.000,,,0
drop_inflight,10,-20,1,99.000,,,0
drop_inflight,10,-20,2,99.000,,,0
drop_inflight,10,-20,3,99.000,,,0
drop_inflight,11,-19,0,99.000,,,0
drop_inflight,11,-19,1,99.000,,,0
drop_inflight,11,-19,2,99.000,,,0
drop_inflight,11,-19,3,99.000,,,0
drop_inflight,12,-18,0,99.000,,,0
drop_inflight,12,-18,1,99.000,,,0
drop_inflight,12,-18,2,99.000,,,0
drop_inflight,12,-18,3,99.000,,,0
drop_inflight,13,-17,0,99.000,,,0
drop_inflight,13,-17,1,99.000,,,0
drop_inflight,13,-17,2,99.000,,,0
drop_inflight,13,-17,3,99.000,,,0
drop_inflight,14,-16,0,99.000,,,0
drop_inflight,14,-16,1,99.000,,,0
drop_inflight,14,-16,2,99.000,,,0
drop_inflight,14,-16,3,99.000,,,0
drop_inflight,15,-15,0,99.000,,,0
drop_inflight,15,-15,1,99.000,,,0
drop_inflight,15,-15,2,99.000,,,0
drop_inflight,15,-15,3,99.000,,,0
drop_inflight,16,-14,0,99.000,,,0
drop_inflight,16,-14,1,99.000,,,0
drop_inflight,16,-14,2,99.000,,,0
drop_inflight,16,-14,3,99.000,,,0
drop_inflight,17,-13,0,99.000,,,0
drop_inflight,17,-13,1,99.000,,,0
drop_inflight,17,-13,2,99.000,,,0
drop_inflight,17,-13,3,99.000,,,0
drop_inflight,18,-12,0,99.000,,,0
drop_inflight,18,-12,1,99.000,,,0
drop_inflight,18,-12,2,99.000,,,0
drop_inflight,18,-12,3,99.000,,,0
drop_inflight,19,-11,0,99.000,,,0
drop_inflight,19,-11,1,99.000,,,0
drop_inflight,19,-11,2,99.000,,,0
drop_inflight,19,-11,3,99.000,,,0
drop_inflight,20,-10,0,99.000,,,0
drop_inflight,20,-10,1,99.000,,,0
drop_inflight,20,-10,2,99.000,,,0
drop_inflight,20,-10,3,99.000,,,0
drop_inflight,21,-9,0,99.000,,,0
drop_inflight,21,-9,1,99.000,,,0
drop_inflight,21,-9,2,99.000,,,0
drop_inflight,21,-9,3,99.000,,,0
drop_inflight,22,-8,0,99.000,,,0
drop_inflight,22,-8,1,99.000,,,0
drop_inflight,22,-8,2,99.000,,,0
drop_inflight,22,-8,3,99.000,,,0
drop_inflight,23,-7,0,99.000,,,0
drop_inflight,23,-7,1,99.000,,,0
drop_inflight,23,-7,2,99.000,,,0
drop_inflight,23,-7,3,99.000,,,0
drop_inflight,24,-6,0,99.000,,,0
drop_inflight,24,-6,1,99.000,,,0
drop_inflight,24,-6,2,99.000,,,0
drop_inflight,24,-6,3,99.000,,,0
drop_inflight,25,-5,0,99.000,,,0
drop_inflight,25,-5,1,99.000,,,0
drop_inflight,25,-5,2,99.000,,,0
drop_inflight,25,-5,3,99.000,,,0
drop_inflight,26,-4,0,99.000,,,0
drop_inflight,26,-4,1,99.000,,,0
drop_inflight,26,-4,2,99.000,,,0
drop_inflight,26,-4,3,99.000,,,0
drop_inflight,27,-3,0,99.000,,,0
drop_inflight,27,-3,1,99.000,,,0
drop_inflight,27,-3,2,99.000,,,0
drop_inflight,27,-3,3,99.000,,,0
drop_inflight,28,-2,0,99.000,,,0
drop_inflight,28,-2,1,99.000,,,0
drop_inflight,28,-2,2,99.000,,,0
drop_inflight,28,-2,3,99.000,,,0
drop_inflight,29,-1,0,99.000,,,0
drop_inflight,29,-1,1,99.000,,,0
drop_inflight,29,-1,2,99.000,,,0
drop_inflight,29,-1,3,99.000,,,0
drop_inflight,30,0,0,13.146,0.4944,0.3363,0
drop_inflight,30,0,1,10.979,0.4069,0.2998,0
drop_inflight,30,0,2,8.858,0.3524,0.2676,0
drop_inflight,30,0,3,8.450,0.3370,0.2579,0
drop_inflight,31,1,0,17.270,0.5198,0.3321,0
drop_inflight,31,1,1,23.296,0.7520,0.4045,0
drop_inflight,31,1,2,24.035,0.7759,0.3841,0
drop_inflight,31,1,3,23.250,0.7757,0.3812,0
drop_inflight,32,2,0,26.067,0.8322,0.3879,0
drop_inflight,32,2,1,26.966,0.8426,0.3920,0
drop_inflight,32,2,2,26.447,0.8366,0.3797,0
drop_inflight,32,2,3,25.909,0.8270,0.3755,0
drop_inflight,33,3,0,27.615,0.8672,0.3828,0
drop_inflight,33,3,1,28.340,0.8764,0.3979,0
drop_inflight,33,3,2,28.543,0.8828,0.3946,0
drop_inflight,33,3,3,28.142,0.8782,0.3921,0
drop_inflight,34,4,0,28.858,0.8916,0.3916,0
drop_inflight,34,4,1,29.588,0.8955,0.4045,0
drop_inflight,34,4,2,30.157,0.8975,0.3936,0
drop_inflight,34,4,3,29.694,0.8911,0.4002,0
drop_inflight,35,5,0,31.222,0.9263,0.4072,0
drop_inflight,35,5,1,31.565,0.9338,0.4210,0
drop_inflight,35,5,2,32.184,0.9396,0.4116,0
drop_inflight,35,5,3,32.030,0.9396,0.4134,0
drop_inflight,36,6,0,33.736,0.9562,0.4143,0
drop_inflight,36,6,1,34.190,0.9595,0.4223,0
drop_inflight,36,6,2,34.428,0.9599,0.4119,0
drop_inflight,36,6,3,34.193,0.9583,0.4110,0
drop_inflight,37,7,0,35.359,0.9681,0.4181,0
drop_inflight,37,7,1,35.732,0.9685,0.4270,0
drop_inflight,37,7,2,36.184,0.9689,0.4202,0
drop_inflight,37,7,3,35.870,0.9682,0.4183,0
drop_inflight,38,8,0,37.257,0.9743,0.4228,0
drop_inflight,38,8,1,37.408,0.9746,0.4264,0
drop_inflight,38,8,2,37.714,0.9740,0.4185,0
drop_inflight,38,8,3,37.248,0.9725,0.4200,0
drop_inflight,39,9,0,38.002,0.9785,0.4208,0
drop_inflight,39,9,1,37.914,0.9787,0.4275,0
drop_inflight,39,9,2,37.627,0.9787,0.4287,0
drop_inflight,39,9,3,37.191,0.9776,0.4195,0
drop_inflight,40,10,0,37.719,0.9806,0.4226,0
drop_inflight,40,10,1,38.838,0.9813,0.3971,0
drop_inflight,40,10,2,38.680,0.9815,0.3907,0
drop_inflight,40,10,3,37.763,0.9803,0.3923,0
drop_inflight,41,11,0,39.453,0.9814,0.3963,0
drop_inflight,41,11,1,39.399,0.9800,0.4091,0
drop_inflight,41,11,2,39.338,0.9794,0.4073,0
drop_inflight,41,11,3,38.822,0.9780,0.4117,0
drop_inflight,42,12,0,40.114,0.9830,0.4162,0
drop_inflight,42,12,1,40.183,0.9831,0.4213,0
drop_inflight,42,12,2,40.030,0.9833,0.4178,0
drop_inflight,42,12,3,39.173,0.9823,0.4187,0
drop_inflight,43,13,0,40.526,0.9848,0.4227,0
drop_inflight,43,13,1,40.656,0.9848,0.4283,0
drop_inflight,43,13,2,40.690,0.9850,0.4212,0
drop_inflight,43,13,3,40.452,0.9848,0.4213,0
drop_inflight,44,14,0,40.294,0.9822,0.4218,0
drop_inflight,44,14,1,39.964,0.9802,0.4267,0
drop_inflight,44,14,2,39.591,0.9783,0.4217,0
drop_inflight,44,14,3,39.365,0.9771,0.4219,0
drop_inflight,45,15,0,39.104,0.9782,0.4238,0
drop_inflight,45,15,1,39.205,0.9783,0.4258,0
drop_inflight,45,15,2,38.693,0.9780,0.4215,0
drop_inflight,45,15,3,38.407,0.9775,0.4201,0
drop_inflight,46,16,0,39.312,0.9820,0.4192,0
drop_inflight,46,16,1,39.272,0.9822,0.4234,0
drop_inflight,46,16,2,39.183,0.9825,0.4194,0
drop_inflight,46,16,3,38.843,0.9822,0.4183,0
drop_inflight,47,17,0,38.878,0.9830,0.4140,0
drop_inflight,47,17,1,38.867,0.9829,0.4179,0
drop_inflight,47,17,2,38.770,0.9825,0.4138,0
drop_inflight,47,17,3,38.463,0.9816,0.4139,0
drop_inflight,48,18,0,38.612,0.9807,0.4131,0
drop_inflight,48,18,1,37.925,0.9794,0.4164,0
drop_inflight,48,18,2,37.737,0.9785,0.4160,0
drop_inflight,48,18,3,37.120,0.9769,0.4120,0
drop_inflight,49,19,0,36.201,0.9705,0.4156,0
drop_inflight,49,19,1,36.011,0.9690,0.4157,0
drop_inflight,49,19,2,35.347,0.9675,0.4192,0
drop_inflight,49,19,3,34.562,0.9643,0.4139,0
drop_inflight,50,20,0,35.259,0.9690,0.4140,0
drop_inflight,50,20,1,35.656,0.9693,0.4151,0
drop_inflight,50,20,2,35.178,0.9679,0.4187,0
drop_inflight,50,20,3,34.746,0.9664,0.4139,0
drop_inflight,51,21,0,32.292,0.9623,0.4107,0
drop_inflight,51,21,1,33.256,0.9653,0.4105,0
drop_inflight,51,21,2,35.220,0.9704,0.4135,0
drop_inflight,51,21,3,34.862,0.9694,0.4028,0
drop_inflight,52,22,0,33.103,0.9686,0.4048,0
drop_inflight,52,22,1,35.991,0.9722,0.4045,0
drop_inflight,52,22,2,35.490,0.9704,0.4082,0
drop_inflight,52,22,3,34.940,0.9683,0.4006,0
drop_inflight,53,23,0,33.747,0.9681,0.4053,0
drop_inflight,53,23,1,34.249,0.9689,0.4089,0
drop_inflight,53,23,2,35.066,0.9697,0.4131,0
drop_inflight,53,23,3,34.548,0.9678,0.4065,0
drop_inflight,54,24,0,34.797,0.9699,0.4077,0
drop_inflight,54,24,1,35.850,0.9724,0.4071,0
drop_inflight,54,24,2,35.818,0.9717,0.4144,0
drop_inflight,54,24,3,35.188,0.9699,0.4057,0
drop_inflight,55,25,0,32.430,0.9632,0.4132,0
drop_inflight,55,25,1,34.600,0.9667,0.4173,0
drop_inflight,55,25,2,34.498,0.9655,0.4239,0
drop_inflight,55,25,3,33.622,0.9605,0.4117,0
drop_inflight,56,26,0,33.991,0.9646,0.4187,0
drop_inflight,56,26,1,34.519,0.9656,0.4182,0
drop_inflight,56,26,2,34.634,0.9654,0.4237,0
drop_inflight,56,26,3,34.147,0.9630,0.4159,0
drop_inflight,57,27,0,34.081,0.9649,0.4230,0
drop_inflight,57,27,1,34.139,0.9649,0.4230,0
drop_inflight,57,27,2,34.305,0.9640,0.4297,0
drop_inflight,57,27,3,34.145,0.9616,0.4205,0
drop_inflight,58,28,0,33.906,0.9610,0.4234,0
drop_inflight,58,28,1,34.840,0.9632,0.4238,0
drop_inflight,58,28,2,33.588,0.9604,0.4289,0
drop_inflight,58,28,3,33.639,0.9577,0.4203,0
drop_inflight,59,29,0,33.469,0.9607,0.4233,0
drop_inflight,59,29,1,34.785,0.9642,0.4234,0
drop_inflight,59,29,2,35.122,0.9652,0.4297,0
drop_inflight,59,29,3,34.459,0.9629,0.4296,0
drop_inflight,60,30,0,34.804,0.9652,0.4168,0
drop_inflight,60,30,1,32.673,0.9551,0.4204,0
drop_inflight,60,30,2,34.461,0.9632,0.4037,0
drop_inflight,60,30,3,32.686,0.9551,0.3997,0
drop_inflight,61,31,0,35.932,0.9727,0.4065,0
drop_inflight,61,31,1,36.265,0.9748,0.4036,0
drop_inflight,61,31,2,36.125,0.9748,0.4117,0
drop_inflight,61,31,3,35.669,0.9737,0.4107,0
drop_inflight,62,32,0,37.195,0.9787,0.4163,0
drop_inflight,62,32,1,37.443,0.9794,0.4193,0
drop_inflight,62,32,2,37.235,0.9790,0.4212,0
drop_inflight,62,32,3,36.737,0.9781,0.4127,0
drop_inflight,63,33,0,37.705,0.9791,0.4183,0
drop_inflight,63,33,1,37.569,0.9778,0.4229,0
drop_inflight,63,33,2,37.293,0.9766,0.4283,0
drop_inflight,63,33,3,36.974,0.9752,0.4199,0
drop_inflight,64,34,0,38.782,0.9800,0.4221,0
drop_inflight,64,34,1,38.644,0.9798,0.4211,0
drop_inflight,64,34,2,38.725,0.9797,0.4248,0
drop_inflight,64,34,3,38.572,0.9788,0.4177,0
drop_inflight,65,35,0,39.403,0.9822,0.4217,0
drop_inflight,65,35,1,39.363,0.9820,0.4223,0
drop_inflight,65,35,2,39.014,0.9816,0.4251,0
drop_inflight,65,35,3,38.655,0.9810,0.4202,0
drop_inflight,66,36,0,39.604,0.9834,0.4217,0
drop_inflight,66,36,1,39.140,0.9827,0.4217,0
drop_inflight,66,36,2,38.618,0.9821,0.4258,0
drop_inflight,66,36,3,37.597,0.9808,0.4209,0
drop_inflight,67,37,0,38.352,0.9822,0.4182,0
drop_inflight,67,37,1,38.271,0.9816,0.4146,0
drop_inflight,67,37,2,38.255,0.9814,0.4175,0
drop_inflight,67,37,3,37.894,0.9803,0.4128,0
drop_inflight,68,38,0,37.006,0.9791,0.4140,0
drop_inflight,68,38,1,37.452,0.9786,0.4136,0
drop_inflight,68,38,2,37.162,0.9777,0.4169,0
drop_inflight,68,38,3,36.207,0.9757,0.4165,0
drop_inflight,69,39,0,37.030,0.9788,0.4148,0
drop_inflight,69,39,1,37.187,0.9783,0.4194,0
drop_inflight,69,39,2,37.323,0.9779,0.4195,0
drop_inflight,69,39,3,36.604,0.9766,0.4230,0
drop_kv_recent,1,-29,0,99.000,,,0
drop_kv_recent,1,-29,1,99.000,,,0
drop_kv_recent,1,-29,2,99.000,,,0
drop_kv_recent,1,-29,3,99.000,,,0
drop_kv_recent,2,-28,0,99.000,,,0
drop_kv_recent,2,-28,1,99.000,,,0
drop_kv_recent,2,-28,2,99.000,,,0
drop_kv_recent,2,-28,3,99.000,,,0
drop_kv_recent,3,-27,0,99.000,,,0
drop_kv_recent,3,-27,1,99.000,,,0
drop_kv_recent,3,-27,2,99.000,,,0
drop_kv_recent,3,-27,3,99.000,,,0
drop_kv_recent,4,-26,0,99.000,,,0
drop_kv_recent,4,-26,1,99.000,,,0
drop_kv_recent,4,-26,2,99.000,,,0
drop_kv_recent,4,-26,3,99.000,,,0
drop_kv_recent,5,-25,0,99.000,,,0
drop_kv_recent,5,-25,1,99.000,,,0
drop_kv_recent,5,-25,2,99.000,,,0
drop_kv_recent,5,-25,3,99.000,,,0
drop_kv_recent,6,-24,0,99.000,,,0
drop_kv_recent,6,-24,1,99.000,,,0
drop_kv_recent,6,-24,2,99.000,,,0
drop_kv_recent,6,-24,3,99.000,,,0
drop_kv_recent,7,-23,0,99.000,,,0
drop_kv_recent,7,-23,1,99.000,,,0
drop_kv_recent,7,-23,2,99.000,,,0
drop_kv_recent,7,-23,3,99.000,,,0
drop_kv_recent,8,-22,0,99.000,,,0
drop_kv_recent,8,-22,1,99.000,,,0
drop_kv_recent,8,-22,2,99.000,,,0
drop_kv_recent,8,-22,3,99.000,,,0
drop_kv_recent,9,-21,0,99.000,,,0
drop_kv_recent,9,-21,1,99.000,,,0
drop_kv_recent,9,-21,2,99.000,,,0
drop_kv_recent,9,-21,3,99.000,,,0
drop_kv_recent,10,-20,0,99.000,,,0
drop_kv_recent,10,-20,1,99.000,,,0
drop_kv_recent,10,-20,2,99.000,,,0
drop_kv_recent,10,-20,3,99.000,,,0
drop_kv_recent,11,-19,0,99.000,,,0
drop_kv_recent,11,-19,1,99.000,,,0
drop_kv_recent,11,-19,2,99.000,,,0
drop_kv_recent,11,-19,3,99.000,,,0
drop_kv_recent,12,-18,0,99.000,,,0
drop_kv_recent,12,-18,1,99.000,,,0
drop_kv_recent,12,-18,2,99.000,,,0
drop_kv_recent,12,-18,3,99.000,,,0
drop_kv_recent,13,-17,0,99.000,,,0
drop_kv_recent,13,-17,1,99.000,,,0
drop_kv_recent,13,-17,2,99.000,,,0
drop_kv_recent,13,-17,3,99.000,,,0
drop_kv_recent,14,-16,0,99.000,,,0
drop_kv_recent,14,-16,1,99.000,,,0
drop_kv_recent,14,-16,2,99.000,,,0
drop_kv_recent,14,-16,3,99.000,,,0
drop_kv_recent,15,-15,0,99.000,,,0
drop_kv_recent,15,-15,1,99.000,,,0
drop_kv_recent,15,-15,2,99.000,,,0
drop_kv_recent,15,-15,3,99.000,,,0
drop_kv_recent,16,-14,0,99.000,,,0
drop_kv_recent,16,-14,1,99.000,,,0
drop_kv_recent,16,-14,2,99.000,,,0
drop_kv_recent,16,-14,3,99.000,,,0
drop_kv_recent,17,-13,0,99.000,,,0
drop_kv_recent,17,-13,1,99.000,,,0
drop_kv_recent,17,-13,2,99.000,,,0
drop_kv_recent,17,-13,3,99.000,,,0
drop_kv_recent,18,-12,0,99.000,,,0
drop_kv_recent,18,-12,1,99.000,,,0
drop_kv_recent,18,-12,2,99.000,,,0
drop_kv_recent,18,-12,3,99.000,,,0
drop_kv_recent,19,-11,0,99.000,,,0
drop_kv_recent,19,-11,1,99.000,,,0
drop_kv_recent,19,-11,2,99.000,,,0
drop_kv_recent,19,-11,3,99.000,,,0
drop_kv_recent,20,-10,0,99.000,,,0
drop_kv_recent,20,-10,1,99.000,,,0
drop_kv_recent,20,-10,2,99.000,,,0
drop_kv_recent,20,-10,3,99.000,,,0
drop_kv_recent,21,-9,0,99.000,,,0
drop_kv_recent,21,-9,1,99.000,,,0
drop_kv_recent,21,-9,2,99.000,,,0
drop_kv_recent,21,-9,3,99.000,,,0
drop_kv_recent,22,-8,0,99.000,,,0
drop_kv_recent,22,-8,1,99.000,,,0
drop_kv_recent,22,-8,2,99.000,,,0
drop_kv_recent,22,-8,3,99.000,,,0
drop_kv_recent,23,-7,0,99.000,,,0
drop_kv_recent,23,-7,1,99.000,,,0
drop_kv_recent,23,-7,2,99.000,,,0
drop_kv_recent,23,-7,3,99.000,,,0
drop_kv_recent,24,-6,0,99.000,,,0
drop_kv_recent,24,-6,1,99.000,,,0
drop_kv_recent,24,-6,2,99.000,,,0
drop_kv_recent,24,-6,3,99.000,,,0
drop_kv_recent,25,-5,0,99.000,,,0
drop_kv_recent,25,-5,1,99.000,,,0
drop_kv_recent,25,-5,2,99.000,,,0
drop_kv_recent,25,-5,3,99.000,,,0
drop_kv_recent,26,-4,0,99.000,,,0
drop_kv_recent,26,-4,1,99.000,,,0
drop_kv_recent,26,-4,2,99.000,,,0
drop_kv_recent,26,-4,3,99.000,,,0
drop_kv_recent,27,-3,0,99.000,,,0
drop_kv_recent,27,-3,1,99.000,,,0
drop_kv_recent,27,-3,2,99.000,,,0
drop_kv_recent,27,-3,3,99.000,,,0
drop_kv_recent,28,-2,0,99.000,,,0
drop_kv_recent,28,-2,1,99.000,,,0
drop_kv_recent,28,-2,2,99.000,,,0
drop_kv_recent,28,-2,3,99.000,,,0
drop_kv_recent,29,-1,0,99.000,,,0
drop_kv_recent,29,-1,1,99.000,,,0
drop_kv_recent,29,-1,2,99.000,,,0
drop_kv_recent,29,-1,3,99.000,,,0
drop_kv_recent,30,0,0,28.018,0.8399,0.4269,0
drop_kv_recent,30,0,1,25.483,0.7993,0.4284,0
drop_kv_recent,30,0,2,24.499,0.7773,0.4247,0
drop_kv_recent,30,0,3,24.213,0.7691,0.4217,0
drop_kv_recent,31,1,0,24.628,0.8149,0.4125,0
drop_kv_recent,31,1,1,22.080,0.8096,0.4150,0
drop_kv_recent,31,1,2,21.875,0.8117,0.4036,0
drop_kv_recent,31,1,3,20.507,0.8025,0.4028,0
drop_kv_recent,32,2,0,20.023,0.8254,0.3972,0
drop_kv_recent,32,2,1,21.696,0.8392,0.4044,0
drop_kv_recent,32,2,2,21.781,0.8411,0.3969,0
drop_kv_recent,32,2,3,21.347,0.8369,0.3963,0
drop_kv_recent,33,3,0,21.299,0.8496,0.3987,0
drop_kv_recent,33,3,1,22.592,0.8624,0.4120,0
drop_kv_recent,33,3,2,22.619,0.8637,0.4075,0
drop_kv_recent,33,3,3,22.482,0.8612,0.4041,0
drop_kv_recent,34,4,0,22.992,0.8783,0.4004,0
drop_kv_recent,34,4,1,24.608,0.8982,0.4120,0
drop_kv_recent,34,4,2,25.048,0.9050,0.4022,0
drop_kv_recent,34,4,3,25.406,0.9077,0.4067,0
drop_kv_recent,35,5,0,26.249,0.9221,0.4068,0
drop_kv_recent,35,5,1,28.216,0.9356,0.4207,0
drop_kv_recent,35,5,2,29.011,0.9373,0.4107,0
drop_kv_recent,35,5,3,28.988,0.9356,0.4120,0
drop_kv_recent,36,6,0,30.568,0.9528,0.4125,0
drop_kv_recent,36,6,1,32.127,0.9587,0.4211,0
drop_kv_recent,36,6,2,32.992,0.9630,0.4104,0
drop_kv_recent,36,6,3,32.578,0.9615,0.4094,0
drop_kv_recent,37,7,0,33.547,0.9696,0.4156,0
drop_kv_recent,37,7,1,34.244,0.9711,0.4252,0
drop_kv_recent,37,7,2,35.214,0.9732,0.4178,0
drop_kv_recent,37,7,3,35.411,0.9730,0.4165,0
drop_kv_recent,38,8,0,37.380,0.9810,0.4207,0
drop_kv_recent,38,8,1,37.756,0.9826,0.4246,0
drop_kv_recent,38,8,2,38.126,0.9834,0.4169,0
drop_kv_recent,38,8,3,38.165,0.9834,0.4186,0
drop_kv_recent,39,9,0,39.516,0.9881,0.4184,0
drop_kv_recent,39,9,1,40.437,0.9895,0.4249,0
drop_kv_recent,39,9,2,40.553,0.9897,0.4264,0
drop_kv_recent,39,9,3,40.539,0.9895,0.4176,0
drop_kv_recent,40,10,0,40.557,0.9905,0.4204,0
drop_kv_recent,40,10,1,42.625,0.9928,0.3969,0
drop_kv_recent,40,10,2,42.978,0.9932,0.3908,0
drop_kv_recent,40,10,3,43.168,0.9934,0.3930,0
drop_kv_recent,41,11,0,45.295,0.9946,0.3972,0
drop_kv_recent,41,11,1,45.537,0.9946,0.4108,0
drop_kv_recent,41,11,2,45.750,0.9946,0.4093,0
drop_kv_recent,41,11,3,45.861,0.9946,0.4141,0
drop_kv_recent,42,12,0,46.988,0.9954,0.4181,0
drop_kv_recent,42,12,1,47.018,0.9953,0.4232,0
drop_kv_recent,42,12,2,47.032,0.9953,0.4199,0
drop_kv_recent,42,12,3,47.231,0.9954,0.4208,0
drop_kv_recent,43,13,0,47.915,0.9959,0.4240,0
drop_kv_recent,43,13,1,47.770,0.9958,0.4294,0
drop_kv_recent,43,13,2,47.883,0.9958,0.4221,0
drop_kv_recent,43,13,3,47.768,0.9958,0.4222,0
drop_kv_recent,44,14,0,48.454,0.9961,0.4228,0
drop_kv_recent,44,14,1,48.287,0.9960,0.4280,0
drop_kv_recent,44,14,2,48.013,0.9958,0.4235,0
drop_kv_recent,44,14,3,47.812,0.9957,0.4239,0
drop_kv_recent,45,15,0,48.467,0.9963,0.4255,0
drop_kv_recent,45,15,1,48.197,0.9961,0.4278,0
drop_kv_recent,45,15,2,47.824,0.9960,0.4239,0
drop_kv_recent,45,15,3,47.707,0.9959,0.4226,0
drop_kv_recent,46,16,0,48.555,0.9966,0.4207,0
drop_kv_recent,46,16,1,48.329,0.9965,0.4247,0
drop_kv_recent,46,16,2,47.966,0.9964,0.4211,0
drop_kv_recent,46,16,3,47.909,0.9964,0.4197,0
drop_kv_recent,47,17,0,48.631,0.9969,0.4150,0
drop_kv_recent,47,17,1,48.601,0.9969,0.4191,0
drop_kv_recent,47,17,2,48.153,0.9969,0.4153,0
drop_kv_recent,47,17,3,48.201,0.9968,0.4156,0
drop_kv_recent,48,18,0,48.872,0.9971,0.4141,0
drop_kv_recent,48,18,1,48.389,0.9970,0.4173,0
drop_kv_recent,48,18,2,48.096,0.9968,0.4166,0
drop_kv_recent,48,18,3,47.785,0.9968,0.4125,0
drop_kv_recent,49,19,0,48.419,0.9972,0.4148,0
drop_kv_recent,49,19,1,48.276,0.9971,0.4155,0
drop_kv_recent,49,19,2,47.895,0.9970,0.4192,0
drop_kv_recent,49,19,3,47.902,0.9969,0.4134,0
drop_kv_recent,50,20,0,48.506,0.9972,0.4132,0
drop_kv_recent,50,20,1,48.417,0.9971,0.4142,0
drop_kv_recent,50,20,2,47.950,0.9969,0.4180,0
drop_kv_recent,50,20,3,47.771,0.9968,0.4133,0
drop_kv_recent,51,21,0,48.288,0.9971,0.4101,0
drop_kv_recent,51,21,1,47.760,0.9968,0.4102,0
drop_kv_recent,51,21,2,47.404,0.9968,0.4140,0
drop_kv_recent,51,21,3,47.260,0.9966,0.4031,0
drop_kv_recent,52,22,0,47.551,0.9971,0.4056,0
drop_kv_recent,52,22,1,48.059,0.9971,0.4056,0
drop_kv_recent,52,22,2,47.806,0.9970,0.4095,0
drop_kv_recent,52,22,3,47.638,0.9969,0.4017,0
drop_kv_recent,53,23,0,48.520,0.9973,0.4061,0
drop_kv_recent,53,23,1,48.081,0.9972,0.4111,0
drop_kv_recent,53,23,2,47.999,0.9972,0.4156,0
drop_kv_recent,53,23,3,47.780,0.9971,0.4087,0
drop_kv_recent,54,24,0,47.839,0.9972,0.4082,0
drop_kv_recent,54,24,1,47.871,0.9972,0.4079,0
drop_kv_recent,54,24,2,48.201,0.9971,0.4143,0
drop_kv_recent,54,24,3,48.534,0.9972,0.4056,0
drop_kv_recent,55,25,0,48.451,0.9973,0.4112,0
drop_kv_recent,55,25,1,47.803,0.9971,0.4164,0
drop_kv_recent,55,25,2,47.365,0.9971,0.4239,0
drop_kv_recent,55,25,3,46.559,0.9968,0.4111,0
drop_kv_recent,56,26,0,47.108,0.9971,0.4175,0
drop_kv_recent,56,26,1,47.753,0.9971,0.4175,0
drop_kv_recent,56,26,2,47.585,0.9969,0.4235,0
drop_kv_recent,56,26,3,47.359,0.9968,0.4153,0
drop_kv_recent,57,27,0,47.839,0.9971,0.4223,0
drop_kv_recent,57,27,1,47.847,0.9970,0.4224,0
drop_kv_recent,57,27,2,46.953,0.9968,0.4292,0
drop_kv_recent,57,27,3,46.681,0.9966,0.4200,0
drop_kv_recent,58,28,0,47.433,0.9970,0.4230,0
drop_kv_recent,58,28,1,47.542,0.9969,0.4235,0
drop_kv_recent,58,28,2,47.345,0.9968,0.4289,0
drop_kv_recent,58,28,3,47.129,0.9967,0.4204,0
drop_kv_recent,59,29,0,47.551,0.9970,0.4222,0
drop_kv_recent,59,29,1,47.140,0.9968,0.4232,0
drop_kv_recent,59,29,2,47.208,0.9967,0.4297,0
drop_kv_recent,59,29,3,46.927,0.9965,0.4299,0
drop_kv_recent,60,30,0,47.402,0.9969,0.4167,0
drop_kv_recent,60,30,1,46.669,0.9962,0.4200,0
drop_kv_recent,60,30,2,46.007,0.9963,0.4057,0
drop_kv_recent,60,30,3,45.577,0.9960,0.4024,0
drop_kv_recent,61,31,0,47.893,0.9969,0.4086,0
drop_kv_recent,61,31,1,48.393,0.9970,0.4052,0
drop_kv_recent,61,31,2,48.323,0.9969,0.4135,0
drop_kv_recent,61,31,3,48.379,0.9969,0.4121,0
drop_kv_recent,62,32,0,47.898,0.9967,0.4177,0
drop_kv_recent,62,32,1,47.197,0.9964,0.4205,0
drop_kv_recent,62,32,2,46.817,0.9963,0.4226,0
drop_kv_recent,62,32,3,46.477,0.9961,0.4140,0
drop_kv_recent,63,33,0,47.356,0.9964,0.4195,0
drop_kv_recent,63,33,1,46.939,0.9962,0.4242,0
drop_kv_recent,63,33,2,46.688,0.9960,0.4296,0
drop_kv_recent,63,33,3,46.748,0.9959,0.4214,0
drop_kv_recent,64,34,0,48.331,0.9966,0.4237,0
drop_kv_recent,64,34,1,48.357,0.9966,0.4225,0
drop_kv_recent,64,34,2,48.506,0.9967,0.4263,0
drop_kv_recent,64,34,3,48.231,0.9965,0.4193,0
drop_kv_recent,65,35,0,48.502,0.9969,0.4230,0
drop_kv_recent,65,35,1,48.358,0.9967,0.4237,0
drop_kv_recent,65,35,2,48.388,0.9967,0.4269,0
drop_kv_recent,65,35,3,48.034,0.9965,0.4224,0
drop_kv_recent,66,36,0,48.522,0.9970,0.4234,0
drop_kv_recent,66,36,1,48.561,0.9969,0.4232,0
drop_kv_recent,66,36,2,48.464,0.9968,0.4275,0
drop_kv_recent,66,36,3,48.336,0.9967,0.4227,0
drop_kv_recent,67,37,0,48.857,0.9970,0.4197,0
drop_kv_recent,67,37,1,48.322,0.9968,0.4158,0
drop_kv_recent,67,37,2,48.262,0.9968,0.4185,0
drop_kv_recent,67,37,3,47.961,0.9966,0.4138,0
drop_kv_recent,68,38,0,48.081,0.9968,0.4137,0
drop_kv_recent,68,38,1,47.373,0.9965,0.4136,0
drop_kv_recent,68,38,2,47.204,0.9965,0.4173,0
drop_kv_recent,68,38,3,46.899,0.9964,0.4174,0
drop_kv_recent,69,39,0,47.718,0.9968,0.4155,0
drop_kv_recent,69,39,1,47.938,0.9967,0.4200,0
drop_kv_recent,69,39,2,47.998,0.9967,0.4206,0
drop_kv_recent,69,39,3,47.776,0.9965,0.4240,0
drop_vae_all,1,-29,0,99.000,,,0
drop_vae_all,1,-29,1,99.000,,,0
drop_vae_all,1,-29,2,99.000,,,0
drop_vae_all,1,-29,3,99.000,,,0
drop_vae_all,2,-28,0,99.000,,,0
drop_vae_all,2,-28,1,99.000,,,0
drop_vae_all,2,-28,2,99.000,,,0
drop_vae_all,2,-28,3,99.000,,,0
drop_vae_all,3,-27,0,99.000,,,0
drop_vae_all,3,-27,1,99.000,,,0
drop_vae_all,3,-27,2,99.000,,,0
drop_vae_all,3,-27,3,99.000,,,0
drop_vae_all,4,-26,0,99.000,,,0
drop_vae_all,4,-26,1,99.000,,,0
drop_vae_all,4,-26,2,99.000,,,0
drop_vae_all,4,-26,3,99.000,,,0
drop_vae_all,5,-25,0,99.000,,,0
drop_vae_all,5,-25,1,99.000,,,0
drop_vae_all,5,-25,2,99.000,,,0
drop_vae_all,5,-25,3,99.000,,,0
drop_vae_all,6,-24,0,99.000,,,0
drop_vae_all,6,-24,1,99.000,,,0
drop_vae_all,6,-24,2,99.000,,,0
drop_vae_all,6,-24,3,99.000,,,0
drop_vae_all,7,-23,0,99.000,,,0
drop_vae_all,7,-23,1,99.000,,,0
drop_vae_all,7,-23,2,99.000,,,0
drop_vae_all,7,-23,3,99.000,,,0
drop_vae_all,8,-22,0,99.000,,,0
drop_vae_all,8,-22,1,99.000,,,0
drop_vae_all,8,-22,2,99.000,,,0
drop_vae_all,8,-22,3,99.000,,,0
drop_vae_all,9,-21,0,99.000,,,0
drop_vae_all,9,-21,1,99.000,,,0
drop_vae_all,9,-21,2,99.000,,,0
drop_vae_all,9,-21,3,99.000,,,0
drop_vae_all,10,-20,0,99.000,,,0
drop_vae_all,10,-20,1,99.000,,,0
drop_vae_all,10,-20,2,99.000,,,0
drop_vae_all,10,-20,3,99.000,,,0
drop_vae_all,11,-19,0,99.000,,,0
drop_vae_all,11,-19,1,99.000,,,0
drop_vae_all,11,-19,2,99.000,,,0
drop_vae_all,11,-19,3,99.000,,,0
drop_vae_all,12,-18,0,99.000,,,0
drop_vae_all,12,-18,1,99.000,,,0
drop_vae_all,12,-18,2,99.000,,,0
drop_vae_all,12,-18,3,99.000,,,0
drop_vae_all,13,-17,0,99.000,,,0
drop_vae_all,13,-17,1,99.000,,,0
drop_vae_all,13,-17,2,99.000,,,0
drop_vae_all,13,-17,3,99.000,,,0
drop_vae_all,14,-16,0,99.000,,,0
drop_vae_all,14,-16,1,99.000,,,0
drop_vae_all,14,-16,2,99.000,,,0
drop_vae_all,14,-16,3,99.000,,,0
drop_vae_all,15,-15,0,99.000,,,0
drop_vae_all,15,-15,1,99.000,,,0
drop_vae_all,15,-15,2,99.000,,,0
drop_vae_all,15,-15,3,99.000,,,0
drop_vae_all,16,-14,0,99.000,,,0
drop_vae_all,16,-14,1,99.000,,,0
drop_vae_all,16,-14,2,99.000,,,0
drop_vae_all,16,-14,3,99.000,,,0
drop_vae_all,17,-13,0,99.000,,,0
drop_vae_all,17,-13,1,99.000,,,0
drop_vae_all,17,-13,2,99.000,,,0
drop_vae_all,17,-13,3,99.000,,,0
drop_vae_all,18,-12,0,99.000,,,0
drop_vae_all,18,-12,1,99.000,,,0
drop_vae_all,18,-12,2,99.000,,,0
drop_vae_all,18,-12,3,99.000,,,0
drop_vae_all,19,-11,0,99.000,,,0
drop_vae_all,19,-11,1,99.000,,,0
drop_vae_all,19,-11,2,99.000,,,0
drop_vae_all,19,-11,3,99.000,,,0
drop_vae_all,20,-10,0,99.000,,,0
drop_vae_all,20,-10,1,99.000,,,0
drop_vae_all,20,-10,2,99.000,,,0
drop_vae_all,20,-10,3,99.000,,,0
drop_vae_all,21,-9,0,99.000,,,0
drop_vae_all,21,-9,1,99.000,,,0
drop_vae_all,21,-9,2,99.000,,,0
drop_vae_all,21,-9,3,99.000,,,0
drop_vae_all,22,-8,0,99.000,,,0
drop_vae_all,22,-8,1,99.000,,,0
drop_vae_all,22,-8,2,99.000,,,0
drop_vae_all,22,-8,3,99.000,,,0
drop_vae_all,23,-7,0,99.000,,,0
drop_vae_all,23,-7,1,99.000,,,0
drop_vae_all,23,-7,2,99.000,,,0
drop_vae_all,23,-7,3,99.000,,,0
drop_vae_all,24,-6,0,99.000,,,0
drop_vae_all,24,-6,1,99.000,,,0
drop_vae_all,24,-6,2,99.000,,,0
drop_vae_all,24,-6,3,99.000,,,0
drop_vae_all,25,-5,0,99.000,,,0
drop_vae_all,25,-5,1,99.000,,,0
drop_vae_all,25,-5,2,99.000,,,0
drop_vae_all,25,-5,3,99.000,,,0
drop_vae_all,26,-4,0,99.000,,,0
drop_vae_all,26,-4,1,99.000,,,0
drop_vae_all,26,-4,2,99.000,,,0
drop_vae_all,26,-4,3,99.000,,,0
drop_vae_all,27,-3,0,99.000,,,0
drop_vae_all,27,-3,1,99.000,,,0
drop_vae_all,27,-3,2,99.000,,,0
drop_vae_all,27,-3,3,99.000,,,0
drop_vae_all,28,-2,0,99.000,,,0
drop_vae_all,28,-2,1,99.000,,,0
drop_vae_all,28,-2,2,99.000,,,0
drop_vae_all,28,-2,3,99.000,,,0
drop_vae_all,29,-1,0,99.000,,,0
drop_vae_all,29,-1,1,99.000,,,0
drop_vae_all,29,-1,2,99.000,,,0
drop_vae_all,29,-1,3,99.000,,,0
drop_vae_all,30,0,0,18.874,0.6265,0.3802,0
drop_vae_all,30,0,1,17.359,0.5225,0.3537,0
drop_vae_all,30,0,2,20.932,0.7130,0.3741,0
drop_vae_all,30,0,3,21.569,0.7449,0.3572,0
drop_vae_all,31,1,0,24.463,0.8218,0.3659,0
drop_vae_all,31,1,1,25.805,0.8766,0.3872,0
drop_vae_all,31,1,2,25.325,0.8791,0.4066,0
drop_vae_all,31,1,3,24.367,0.8756,0.4021,0
drop_vae_all,32,2,0,25.086,0.8898,0.4109,0
drop_vae_all,32,2,1,24.460,0.8668,0.4222,0
drop_vae_all,32,2,2,21.544,0.6978,0.4362,0
drop_vae_all,32,2,3,20.831,0.6633,0.4076,0
drop_vae_all,33,3,0,24.416,0.8519,0.4214,0
drop_vae_all,33,3,1,26.411,0.8931,0.4272,0
drop_vae_all,33,3,2,27.761,0.9150,0.4191,0
drop_vae_all,33,3,3,28.004,0.9221,0.4130,0
drop_vae_all,34,4,0,29.738,0.9131,0.4127,0
drop_vae_all,34,4,1,31.936,0.9240,0.4220,0
drop_vae_all,34,4,2,32.569,0.9268,0.4109,0
drop_vae_all,34,4,3,32.300,0.9281,0.4155,0
drop_vae_all,35,5,0,33.398,0.9464,0.4098,0
drop_vae_all,35,5,1,33.428,0.9440,0.4211,0
drop_vae_all,35,5,2,33.400,0.9486,0.4090,0
drop_vae_all,35,5,3,33.368,0.9489,0.4105,0
drop_vae_all,36,6,0,34.853,0.9646,0.4114,0
drop_vae_all,36,6,1,35.367,0.9680,0.4191,0
drop_vae_all,36,6,2,35.055,0.9679,0.4088,0
drop_vae_all,36,6,3,35.230,0.9677,0.4071,0
drop_vae_all,37,7,0,36.719,0.9737,0.4133,0
drop_vae_all,37,7,1,37.012,0.9737,0.4233,0
drop_vae_all,37,7,2,36.995,0.9728,0.4160,0
drop_vae_all,37,7,3,36.900,0.9716,0.4142,0
drop_vae_all,38,8,0,38.100,0.9797,0.4213,0
drop_vae_all,38,8,1,38.271,0.9799,0.4257,0
drop_vae_all,38,8,2,38.396,0.9798,0.4195,0
drop_vae_all,38,8,3,38.245,0.9783,0.4220,0
drop_vae_all,39,9,0,39.094,0.9828,0.4203,0
drop_vae_all,39,9,1,39.928,0.9834,0.4263,0
drop_vae_all,39,9,2,39.754,0.9833,0.4272,0
drop_vae_all,39,9,3,39.517,0.9829,0.4184,0
drop_vae_all,40,10,0,39.519,0.9839,0.4208,0
drop_vae_all,40,10,1,41.018,0.9869,0.3973,0
drop_vae_all,40,10,2,41.452,0.9882,0.3915,0
drop_vae_all,40,10,3,41.392,0.9877,0.3937,0
drop_vae_all,41,11,0,42.675,0.9897,0.3977,0
drop_vae_all,41,11,1,42.389,0.9895,0.4111,0
drop_vae_all,41,11,2,42.641,0.9896,0.4100,0
drop_vae_all,41,11,3,42.817,0.9895,0.4149,0
drop_vae_all,42,12,0,44.257,0.9919,0.4185,0
drop_vae_all,42,12,1,44.475,0.9922,0.4235,0
drop_vae_all,42,12,2,44.379,0.9923,0.4203,0
drop_vae_all,42,12,3,44.640,0.9924,0.4213,0
drop_vae_all,43,13,0,45.535,0.9935,0.4243,0
drop_vae_all,43,13,1,45.622,0.9936,0.4294,0
drop_vae_all,43,13,2,45.948,0.9938,0.4224,0
drop_vae_all,43,13,3,46.025,0.9938,0.4225,0
drop_vae_all,44,14,0,46.819,0.9945,0.4230,0
drop_vae_all,44,14,1,46.523,0.9942,0.4281,0
drop_vae_all,44,14,2,46.408,0.9941,0.4236,0
drop_vae_all,44,14,3,46.323,0.9940,0.4240,0
drop_vae_all,45,15,0,47.168,0.9949,0.4256,0
drop_vae_all,45,15,1,46.937,0.9947,0.4278,0
drop_vae_all,45,15,2,46.513,0.9948,0.4239,0
drop_vae_all,45,15,3,45.999,0.9946,0.4227,0
drop_vae_all,46,16,0,47.032,0.9954,0.4206,0
drop_vae_all,46,16,1,46.768,0.9953,0.4245,0
drop_vae_all,46,16,2,46.537,0.9952,0.4208,0
drop_vae_all,46,16,3,46.663,0.9953,0.4195,0
drop_vae_all,47,17,0,47.706,0.9962,0.4150,0
drop_vae_all,47,17,1,47.466,0.9961,0.4190,0
drop_vae_all,47,17,2,47.352,0.9962,0.4152,0
drop_vae_all,47,17,3,47.094,0.9960,0.4155,0
drop_vae_all,48,18,0,47.390,0.9964,0.4139,0
drop_vae_all,48,18,1,47.116,0.9963,0.4173,0
drop_vae_all,48,18,2,47.258,0.9963,0.4165,0
drop_vae_all,48,18,3,47.263,0.9962,0.4125,0
drop_vae_all,49,19,0,47.747,0.9968,0.4147,0
drop_vae_all,49,19,1,47.303,0.9966,0.4154,0
drop_vae_all,49,19,2,46.794,0.9965,0.4192,0
drop_vae_all,49,19,3,46.904,0.9964,0.4133,0
drop_vae_all,50,20,0,47.499,0.9968,0.4131,0
drop_vae_all,50,20,1,47.599,0.9967,0.4141,0
drop_vae_all,50,20,2,47.157,0.9964,0.4180,0
drop_vae_all,50,20,3,46.928,0.9963,0.4132,0
drop_vae_all,51,21,0,47.493,0.9968,0.4100,0
drop_vae_all,51,21,1,47.361,0.9966,0.4100,0
drop_vae_all,51,21,2,46.708,0.9964,0.4139,0
drop_vae_all,51,21,3,47.014,0.9964,0.4029,0
drop_vae_all,52,22,0,47.652,0.9968,0.4054,0
drop_vae_all,52,22,1,47.420,0.9967,0.4055,0
drop_vae_all,52,22,2,46.536,0.9965,0.4095,0
drop_vae_all,52,22,3,46.259,0.9964,0.4016,0
drop_vae_all,53,23,0,46.836,0.9968,0.4062,0
drop_vae_all,53,23,1,46.907,0.9967,0.4112,0
drop_vae_all,53,23,2,47.165,0.9966,0.4156,0
drop_vae_all,53,23,3,46.825,0.9965,0.4087,0
drop_vae_all,54,24,0,47.406,0.9969,0.4082,0
drop_vae_all,54,24,1,47.959,0.9969,0.4080,0
drop_vae_all,54,24,2,47.893,0.9969,0.4144,0
drop_vae_all,54,24,3,47.909,0.9968,0.4057,0
drop_vae_all,55,25,0,47.239,0.9970,0.4110,0
drop_vae_all,55,25,1,47.143,0.9969,0.4164,0
drop_vae_all,55,25,2,46.728,0.9968,0.4238,0
drop_vae_all,55,25,3,46.746,0.9967,0.4111,0
drop_vae_all,56,26,0,46.903,0.9968,0.4175,0
drop_vae_all,56,26,1,47.086,0.9967,0.4176,0
drop_vae_all,56,26,2,46.676,0.9965,0.4235,0
drop_vae_all,56,26,3,46.513,0.9964,0.4153,0
drop_vae_all,57,27,0,46.401,0.9964,0.4223,0
drop_vae_all,57,27,1,46.057,0.9962,0.4225,0
drop_vae_all,57,27,2,45.598,0.9959,0.4293,0
drop_vae_all,57,27,3,45.179,0.9957,0.4201,0
drop_vae_all,58,28,0,45.285,0.9959,0.4229,0
drop_vae_all,58,28,1,45.697,0.9957,0.4235,0
drop_vae_all,58,28,2,45.527,0.9956,0.4289,0
drop_vae_all,58,28,3,45.376,0.9954,0.4203,0
drop_vae_all,59,29,0,46.189,0.9960,0.4222,0
drop_vae_all,59,29,1,46.073,0.9959,0.4232,0
drop_vae_all,59,29,2,45.703,0.9957,0.4297,0
drop_vae_all,59,29,3,45.753,0.9956,0.4299,0
drop_vae_all,60,30,0,45.944,0.9959,0.4167,0
drop_vae_all,60,30,1,44.667,0.9947,0.4204,0
drop_vae_all,60,30,2,42.887,0.9947,0.4054,0
drop_vae_all,60,30,3,42.539,0.9942,0.4020,0
drop_vae_all,61,31,0,44.123,0.9958,0.4085,0
drop_vae_all,61,31,1,44.437,0.9959,0.4051,0
drop_vae_all,61,31,2,44.699,0.9960,0.4134,0
drop_vae_all,61,31,3,45.179,0.9961,0.4120,0
drop_vae_all,62,32,0,45.821,0.9962,0.4177,0
drop_vae_all,62,32,1,45.561,0.9959,0.4205,0
drop_vae_all,62,32,2,45.645,0.9959,0.4227,0
drop_vae_all,62,32,3,45.374,0.9958,0.4139,0
drop_vae_all,63,33,0,46.228,0.9959,0.4193,0
drop_vae_all,63,33,1,45.635,0.9955,0.4240,0
drop_vae_all,63,33,2,44.658,0.9951,0.4295,0
drop_vae_all,63,33,3,45.159,0.9951,0.4211,0
drop_vae_all,64,34,0,45.463,0.9959,0.4236,0
drop_vae_all,64,34,1,45.148,0.9959,0.4225,0
drop_vae_all,64,34,2,46.735,0.9960,0.4264,0
drop_vae_all,64,34,3,46.693,0.9959,0.4193,0
drop_vae_all,65,35,0,45.858,0.9962,0.4231,0
drop_vae_all,65,35,1,45.941,0.9960,0.4238,0
drop_vae_all,65,35,2,46.797,0.9961,0.4269,0
drop_vae_all,65,35,3,46.142,0.9959,0.4225,0
drop_vae_all,66,36,0,46.570,0.9966,0.4232,0
drop_vae_all,66,36,1,46.740,0.9965,0.4231,0
drop_vae_all,66,36,2,45.189,0.9963,0.4273,0
drop_vae_all,66,36,3,45.364,0.9962,0.4225,0
drop_vae_all,67,37,0,47.542,0.9967,0.4194,0
drop_vae_all,67,37,1,47.154,0.9963,0.4156,0
drop_vae_all,67,37,2,47.184,0.9964,0.4183,0
drop_vae_all,67,37,3,46.849,0.9961,0.4136,0
drop_vae_all,68,38,0,47.664,0.9965,0.4137,0
drop_vae_all,68,38,1,46.869,0.9962,0.4135,0
drop_vae_all,68,38,2,46.710,0.9961,0.4173,0
drop_vae_all,68,38,3,46.414,0.9959,0.4175,0
drop_vae_all,69,39,0,47.136,0.9964,0.4154,0
drop_vae_all,69,39,1,47.351,0.9963,0.4200,0
drop_vae_all,69,39,2,47.285,0.9962,0.4207,0
drop_vae_all,69,39,3,47.029,0.9960,0.4240,0
ph_zero_8,1,-29,0,99.000,,,0
ph_zero_8,1,-29,1,99.000,,,0
ph_zero_8,1,-29,2,99.000,,,0
ph_zero_8,1,-29,3,99.000,,,0
ph_zero_8,2,-28,0,99.000,,,0
ph_zero_8,2,-28,1,99.000,,,0
ph_zero_8,2,-28,2,99.000,,,0
ph_zero_8,2,-28,3,99.000,,,0
ph_zero_8,3,-27,0,99.000,,,0
ph_zero_8,3,-27,1,99.000,,,0
ph_zero_8,3,-27,2,99.000,,,0
ph_zero_8,3,-27,3,99.000,,,0
ph_zero_8,4,-26,0,99.000,,,0
ph_zero_8,4,-26,1,99.000,,,0
ph_zero_8,4,-26,2,99.000,,,0
ph_zero_8,4,-26,3,99.000,,,0
ph_zero_8,5,-25,0,99.000,,,0
ph_zero_8,5,-25,1,99.000,,,0
ph_zero_8,5,-25,2,99.000,,,0
ph_zero_8,5,-25,3,99.000,,,0
ph_zero_8,6,-24,0,99.000,,,0
ph_zero_8,6,-24,1,99.000,,,0
ph_zero_8,6,-24,2,99.000,,,0
ph_zero_8,6,-24,3,99.000,,,0
ph_zero_8,7,-23,0,99.000,,,0
ph_zero_8,7,-23,1,99.000,,,0
ph_zero_8,7,-23,2,99.000,,,0
ph_zero_8,7,-23,3,99.000,,,0
ph_zero_8,8,-22,0,99.000,,,0
ph_zero_8,8,-22,1,99.000,,,0
ph_zero_8,8,-22,2,99.000,,,0
ph_zero_8,8,-22,3,99.000,,,0
ph_zero_8,9,-21,0,99.000,,,0
ph_zero_8,9,-21,1,99.000,,,0
ph_zero_8,9,-21,2,99.000,,,0
ph_zero_8,9,-21,3,99.000,,,0
ph_zero_8,10,-20,0,99.000,,,0
ph_zero_8,10,-20,1,99.000,,,0
ph_zero_8,10,-20,2,99.000,,,0
ph_zero_8,10,-20,3,99.000,,,0
ph_zero_8,11,-19,0,99.000,,,0
ph_zero_8,11,-19,1,99.000,,,0
ph_zero_8,11,-19,2,99.000,,,0
ph_zero_8,11,-19,3,99.000,,,0
ph_zero_8,12,-18,0,99.000,,,0
ph_zero_8,12,-18,1,99.000,,,0
ph_zero_8,12,-18,2,99.000,,,0
ph_zero_8,12,-18,3,99.000,,,0
ph_zero_8,13,-17,0,99.000,,,0
ph_zero_8,13,-17,1,99.000,,,0
ph_zero_8,13,-17,2,99.000,,,0
ph_zero_8,13,-17,3,99.000,,,0
ph_zero_8,14,-16,0,99.000,,,0
ph_zero_8,14,-16,1,99.000,,,0
ph_zero_8,14,-16,2,99.000,,,0
ph_zero_8,14,-16,3,99.000,,,0
ph_zero_8,15,-15,0,99.000,,,0
ph_zero_8,15,-15,1,99.000,,,0
ph_zero_8,15,-15,2,99.000,,,0
ph_zero_8,15,-15,3,99.000,,,0
ph_zero_8,16,-14,0,99.000,,,0
ph_zero_8,16,-14,1,99.000,,,0
ph_zero_8,16,-14,2,99.000,,,0
ph_zero_8,16,-14,3,99.000,,,0
ph_zero_8,17,-13,0,99.000,,,0
ph_zero_8,17,-13,1,99.000,,,0
ph_zero_8,17,-13,2,99.000,,,0
ph_zero_8,17,-13,3,99.000,,,0
ph_zero_8,18,-12,0,99.000,,,0
ph_zero_8,18,-12,1,99.000,,,0
ph_zero_8,18,-12,2,99.000,,,0
ph_zero_8,18,-12,3,99.000,,,0
ph_zero_8,19,-11,0,99.000,,,0
ph_zero_8,19,-11,1,99.000,,,0
ph_zero_8,19,-11,2,99.000,,,0
ph_zero_8,19,-11,3,99.000,,,0
ph_zero_8,20,-10,0,99.000,,,0
ph_zero_8,20,-10,1,99.000,,,0
ph_zero_8,20,-10,2,99.000,,,0
ph_zero_8,20,-10,3,99.000,,,0
ph_zero_8,21,-9,0,99.000,,,0
ph_zero_8,21,-9,1,99.000,,,0
ph_zero_8,21,-9,2,99.000,,,0
ph_zero_8,21,-9,3,99.000,,,0
ph_zero_8,22,-8,0,99.000,,,0
ph_zero_8,22,-8,1,99.000,,,0
ph_zero_8,22,-8,2,99.000,,,0
ph_zero_8,22,-8,3,99.000,,,0
ph_zero_8,23,-7,0,99.000,,,0
ph_zero_8,23,-7,1,99.000,,,0
ph_zero_8,23,-7,2,99.000,,,0
ph_zero_8,23,-7,3,99.000,,,0
ph_zero_8,24,-6,0,99.000,,,0
ph_zero_8,24,-6,1,99.000,,,0
ph_zero_8,24,-6,2,99.000,,,0
ph_zero_8,24,-6,3,99.000,,,0
ph_zero_8,25,-5,0,99.000,,,0
ph_zero_8,25,-5,1,99.000,,,0
ph_zero_8,25,-5,2,99.000,,,0
ph_zero_8,25,-5,3,99.000,,,0
ph_zero_8,26,-4,0,99.000,,,0
ph_zero_8,26,-4,1,99.000,,,0
ph_zero_8,26,-4,2,99.000,,,0
ph_zero_8,26,-4,3,99.000,,,0
ph_zero_8,27,-3,0,99.000,,,0
ph_zero_8,27,-3,1,99.000,,,0
ph_zero_8,27,-3,2,99.000,,,0
ph_zero_8,27,-3,3,99.000,,,0
ph_zero_8,28,-2,0,99.000,,,0
ph_zero_8,28,-2,1,99.000,,,0
ph_zero_8,28,-2,2,99.000,,,0
ph_zero_8,28,-2,3,99.000,,,0
ph_zero_8,29,-1,0,99.000,,,0
ph_zero_8,29,-1,1,99.000,,,0
ph_zero_8,29,-1,2,99.000,,,0
ph_zero_8,29,-1,3,99.000,,,0
ph_zero_8,30,0,0,30.875,0.8854,0.4025,0
ph_zero_8,30,0,1,28.517,0.8639,0.4032,0
ph_zero_8,30,0,2,27.279,0.8514,0.3943,0
ph_zero_8,30,0,3,26.475,0.8403,0.3897,0
ph_zero_8,31,1,0,25.752,0.8392,0.3920,0
ph_zero_8,31,1,1,23.997,0.8233,0.4003,0
ph_zero_8,31,1,2,23.272,0.8151,0.3898,0
ph_zero_8,31,1,3,21.696,0.7971,0.3894,0
ph_zero_8,32,2,0,20.951,0.7868,0.4006,0
ph_zero_8,32,2,1,21.547,0.7838,0.4095,0
ph_zero_8,32,2,2,21.213,0.7725,0.4027,0
ph_zero_8,32,2,3,20.799,0.7632,0.3996,0
ph_zero_8,33,3,0,19.556,0.7414,0.3977,0
ph_zero_8,33,3,1,20.672,0.7489,0.4170,0
ph_zero_8,33,3,2,20.465,0.7411,0.4085,0
ph_zero_8,33,3,3,19.697,0.7263,0.4001,0
ph_zero_8,34,4,0,18.778,0.7214,0.4013,0
ph_zero_8,34,4,1,18.699,0.7193,0.4157,0
ph_zero_8,34,4,2,17.873,0.7098,0.3996,0
ph_zero_8,34,4,3,17.168,0.6956,0.3926,0
ph_zero_8,35,5,0,16.797,0.7115,0.4036,0
ph_zero_8,35,5,1,16.647,0.7140,0.4181,0
ph_zero_8,35,5,2,16.742,0.7082,0.4043,0
ph_zero_8,35,5,3,16.684,0.7041,0.4001,0
ph_zero_8,36,6,0,16.795,0.7152,0.4013,0
ph_zero_8,36,6,1,17.434,0.7201,0.4133,0
ph_zero_8,36,6,2,17.520,0.7164,0.4034,0
ph_zero_8,36,6,3,17.440,0.7113,0.3995,0
ph_zero_8,37,7,0,17.423,0.7112,0.4083,0
ph_zero_8,37,7,1,17.852,0.7099,0.4227,0
ph_zero_8,37,7,2,17.521,0.7013,0.4142,0
ph_zero_8,37,7,3,17.188,0.6943,0.4099,0
ph_zero_8,38,8,0,18.221,0.7605,0.4341,0
ph_zero_8,38,8,1,18.424,0.7722,0.4425,0
ph_zero_8,38,8,2,18.793,0.7817,0.4371,0
ph_zero_8,38,8,3,18.849,0.7827,0.4358,0
ph_zero_8,39,9,0,18.933,0.8067,0.4322,0
ph_zero_8,39,9,1,18.951,0.8113,0.4324,0
ph_zero_8,39,9,2,18.776,0.8098,0.4315,0
ph_zero_8,39,9,3,18.528,0.8089,0.4219,0
ph_zero_8,40,10,0,18.658,0.8168,0.4229,0
ph_zero_8,40,10,1,21.083,0.8385,0.3991,0
ph_zero_8,40,10,2,21.916,0.8525,0.3893,0
ph_zero_8,40,10,3,21.723,0.8514,0.3919,0
ph_zero_8,41,11,0,23.452,0.8834,0.3993,0
ph_zero_8,41,11,1,24.476,0.8966,0.4121,0
ph_zero_8,41,11,2,24.674,0.8991,0.4104,0
ph_zero_8,41,11,3,24.778,0.9000,0.4133,0
ph_zero_8,42,12,0,25.518,0.9115,0.4186,0
ph_zero_8,42,12,1,26.462,0.9193,0.4249,0
ph_zero_8,42,12,2,27.343,0.9258,0.4221,0
ph_zero_8,42,12,3,27.676,0.9272,0.4234,0
ph_zero_8,43,13,0,28.643,0.9380,0.4265,0
ph_zero_8,43,13,1,29.423,0.9424,0.4315,0
ph_zero_8,43,13,2,29.888,0.9458,0.4245,0
ph_zero_8,43,13,3,30.419,0.9468,0.4239,0
ph_zero_8,44,14,0,31.780,0.9561,0.4242,0
ph_zero_8,44,14,1,32.590,0.9596,0.4287,0
ph_zero_8,44,14,2,33.051,0.9627,0.4233,0
ph_zero_8,44,14,3,33.177,0.9628,0.4235,0
ph_zero_8,45,15,0,34.242,0.9720,0.4251,0
ph_zero_8,45,15,1,34.948,0.9750,0.4273,0
ph_zero_8,45,15,2,35.325,0.9770,0.4235,0
ph_zero_8,45,15,3,35.853,0.9777,0.4220,0
ph_zero_8,46,16,0,37.281,0.9836,0.4204,0
ph_zero_8,46,16,1,38.401,0.9851,0.4244,0
ph_zero_8,46,16,2,38.914,0.9863,0.4208,0
ph_zero_8,46,16,3,38.999,0.9866,0.4191,0
ph_zero_8,47,17,0,40.534,0.9900,0.4146,0
ph_zero_8,47,17,1,41.341,0.9909,0.4187,0
ph_zero_8,47,17,2,41.586,0.9913,0.4150,0
ph_zero_8,47,17,3,41.598,0.9912,0.4153,0
ph_zero_8,48,18,0,42.723,0.9928,0.4136,0
ph_zero_8,48,18,1,43.047,0.9931,0.4172,0
ph_zero_8,48,18,2,43.338,0.9932,0.4164,0
ph_zero_8,48,18,3,43.689,0.9931,0.4124,0
ph_zero_8,49,19,0,44.422,0.9943,0.4148,0
ph_zero_8,49,19,1,44.552,0.9943,0.4154,0
ph_zero_8,49,19,2,44.376,0.9944,0.4192,0
ph_zero_8,49,19,3,44.514,0.9942,0.4133,0
ph_zero_8,50,20,0,45.285,0.9949,0.4133,0
ph_zero_8,50,20,1,45.108,0.9948,0.4142,0
ph_zero_8,50,20,2,44.708,0.9945,0.4179,0
ph_zero_8,50,20,3,44.620,0.9943,0.4132,0
ph_zero_8,51,21,0,45.138,0.9950,0.4100,0
ph_zero_8,51,21,1,45.321,0.9949,0.4101,0
ph_zero_8,51,21,2,44.961,0.9947,0.4139,0
ph_zero_8,51,21,3,44.919,0.9946,0.4030,0
ph_zero_8,52,22,0,44.534,0.9947,0.4053,0
ph_zero_8,52,22,1,43.653,0.9943,0.4053,0
ph_zero_8,52,22,2,42.703,0.9938,0.4094,0
ph_zero_8,52,22,3,42.322,0.9934,0.4013,0
ph_zero_8,53,23,0,42.468,0.9938,0.4058,0
ph_zero_8,53,23,1,43.830,0.9939,0.4108,0
ph_zero_8,53,23,2,43.622,0.9936,0.4153,0
ph_zero_8,53,23,3,42.987,0.9931,0.4081,0
ph_zero_8,54,24,0,43.854,0.9939,0.4077,0
ph_zero_8,54,24,1,44.027,0.9939,0.4074,0
ph_zero_8,54,24,2,44.161,0.9940,0.4139,0
ph_zero_8,54,24,3,44.341,0.9940,0.4051,0
ph_zero_8,55,25,0,44.482,0.9948,0.4107,0
ph_zero_8,55,25,1,43.956,0.9946,0.4160,0
ph_zero_8,55,25,2,43.695,0.9945,0.4237,0
ph_zero_8,55,25,3,43.073,0.9943,0.4109,0
ph_zero_8,56,26,0,43.518,0.9945,0.4173,0
ph_zero_8,56,26,1,43.966,0.9944,0.4172,0
ph_zero_8,56,26,2,43.695,0.9941,0.4233,0
ph_zero_8,56,26,3,43.403,0.9940,0.4151,0
ph_zero_8,57,27,0,43.486,0.9943,0.4219,0
ph_zero_8,57,27,1,43.441,0.9942,0.4220,0
ph_zero_8,57,27,2,43.189,0.9938,0.4287,0
ph_zero_8,57,27,3,43.099,0.9936,0.4194,0
ph_zero_8,58,28,0,43.608,0.9941,0.4227,0
ph_zero_8,58,28,1,43.403,0.9938,0.4231,0
ph_zero_8,58,28,2,42.609,0.9932,0.4285,0
ph_zero_8,58,28,3,42.397,0.9930,0.4200,0
ph_zero_8,59,29,0,43.034,0.9937,0.4219,0
ph_zero_8,59,29,1,43.334,0.9935,0.4229,0
ph_zero_8,59,29,2,43.078,0.9933,0.4294,0
ph_zero_8,59,29,3,42.850,0.9929,0.4296,0
ph_zero_8,60,30,0,42.903,0.9933,0.4163,0
ph_zero_8,60,30,1,41.904,0.9919,0.4201,0
ph_zero_8,60,30,2,41.684,0.9920,0.4059,0
ph_zero_8,60,30,3,41.677,0.9914,0.4023,0
ph_zero_8,61,31,0,43.718,0.9937,0.4084,0
ph_zero_8,61,31,1,44.542,0.9942,0.4050,0
ph_zero_8,61,31,2,44.662,0.9943,0.4133,0
ph_zero_8,61,31,3,44.505,0.9942,0.4119,0
ph_zero_8,62,32,0,44.549,0.9941,0.4176,0
ph_zero_8,62,32,1,44.290,0.9936,0.4204,0
ph_zero_8,62,32,2,44.032,0.9934,0.4226,0
ph_zero_8,62,32,3,43.663,0.9930,0.4140,0
ph_zero_8,63,33,0,43.867,0.9929,0.4196,0
ph_zero_8,63,33,1,43.507,0.9925,0.4243,0
ph_zero_8,63,33,2,43.017,0.9922,0.4297,0
ph_zero_8,63,33,3,43.309,0.9921,0.4214,0
ph_zero_8,64,34,0,43.970,0.9932,0.4237,0
ph_zero_8,64,34,1,43.625,0.9932,0.4226,0
ph_zero_8,64,34,2,44.028,0.9932,0.4263,0
ph_zero_8,64,34,3,43.644,0.9928,0.4192,0
ph_zero_8,65,35,0,43.365,0.9930,0.4231,0
ph_zero_8,65,35,1,43.561,0.9928,0.4239,0
ph_zero_8,65,35,2,43.586,0.9927,0.4271,0
ph_zero_8,65,35,3,43.411,0.9926,0.4227,0
ph_zero_8,66,36,0,44.707,0.9938,0.4234,0
ph_zero_8,66,36,1,44.536,0.9937,0.4233,0
ph_zero_8,66,36,2,44.312,0.9934,0.4276,0
ph_zero_8,66,36,3,43.657,0.9932,0.4227,0
ph_zero_8,67,37,0,44.309,0.9937,0.4197,0
ph_zero_8,67,37,1,43.764,0.9931,0.4159,0
ph_zero_8,67,37,2,43.464,0.9931,0.4184,0
ph_zero_8,67,37,3,43.213,0.9928,0.4137,0
ph_zero_8,68,38,0,43.121,0.9926,0.4136,0
ph_zero_8,68,38,1,43.106,0.9924,0.4135,0
ph_zero_8,68,38,2,43.165,0.9923,0.4172,0
ph_zero_8,68,38,3,42.895,0.9920,0.4175,0
ph_zero_8,69,39,0,43.424,0.9927,0.4154,0
ph_zero_8,69,39,1,43.381,0.9923,0.4198,0
ph_zero_8,69,39,2,43.617,0.9923,0.4204,0
ph_zero_8,69,39,3,43.420,0.9919,0.4236,0
ph_local_8,1,-29,0,99.000,,,0
ph_local_8,1,-29,1,99.000,,,0
ph_local_8,1,-29,2,99.000,,,0
ph_local_8,1,-29,3,99.000,,,0
ph_local_8,2,-28,0,99.000,,,0
ph_local_8,2,-28,1,99.000,,,0
ph_local_8,2,-28,2,99.000,,,0
ph_local_8,2,-28,3,99.000,,,0
ph_local_8,3,-27,0,99.000,,,0
ph_local_8,3,-27,1,99.000,,,0
ph_local_8,3,-27,2,99.000,,,0
ph_local_8,3,-27,3,99.000,,,0
ph_local_8,4,-26,0,99.000,,,0
ph_local_8,4,-26,1,99.000,,,0
ph_local_8,4,-26,2,99.000,,,0
ph_local_8,4,-26,3,99.000,,,0
ph_local_8,5,-25,0,99.000,,,0
ph_local_8,5,-25,1,99.000,,,0
ph_local_8,5,-25,2,99.000,,,0
ph_local_8,5,-25,3,99.000,,,0
ph_local_8,6,-24,0,99.000,,,0
ph_local_8,6,-24,1,99.000,,,0
ph_local_8,6,-24,2,99.000,,,0
ph_local_8,6,-24,3,99.000,,,0
ph_local_8,7,-23,0,99.000,,,0
ph_local_8,7,-23,1,99.000,,,0
ph_local_8,7,-23,2,99.000,,,0
ph_local_8,7,-23,3,99.000,,,0
ph_local_8,8,-22,0,99.000,,,0
ph_local_8,8,-22,1,99.000,,,0
ph_local_8,8,-22,2,99.000,,,0
ph_local_8,8,-22,3,99.000,,,0
ph_local_8,9,-21,0,99.000,,,0
ph_local_8,9,-21,1,99.000,,,0
ph_local_8,9,-21,2,99.000,,,0
ph_local_8,9,-21,3,99.000,,,0
ph_local_8,10,-20,0,99.000,,,0
ph_local_8,10,-20,1,99.000,,,0
ph_local_8,10,-20,2,99.000,,,0
ph_local_8,10,-20,3,99.000,,,0
ph_local_8,11,-19,0,99.000,,,0
ph_local_8,11,-19,1,99.000,,,0
ph_local_8,11,-19,2,99.000,,,0
ph_local_8,11,-19,3,99.000,,,0
ph_local_8,12,-18,0,99.000,,,0
ph_local_8,12,-18,1,99.000,,,0
ph_local_8,12,-18,2,99.000,,,0
ph_local_8,12,-18,3,99.000,,,0
ph_local_8,13,-17,0,99.000,,,0
ph_local_8,13,-17,1,99.000,,,0
ph_local_8,13,-17,2,99.000,,,0
ph_local_8,13,-17,3,99.000,,,0
ph_local_8,14,-16,0,99.000,,,0
ph_local_8,14,-16,1,99.000,,,0
ph_local_8,14,-16,2,99.000,,,0
ph_local_8,14,-16,3,99.000,,,0
ph_local_8,15,-15,0,99.000,,,0
ph_local_8,15,-15,1,99.000,,,0
ph_local_8,15,-15,2,99.000,,,0
ph_local_8,15,-15,3,99.000,,,0
ph_local_8,16,-14,0,99.000,,,0
ph_local_8,16,-14,1,99.000,,,0
ph_local_8,16,-14,2,99.000,,,0
ph_local_8,16,-14,3,99.000,,,0
ph_local_8,17,-13,0,99.000,,,0
ph_local_8,17,-13,1,99.000,,,0
ph_local_8,17,-13,2,99.000,,,0
ph_local_8,17,-13,3,99.000,,,0
ph_local_8,18,-12,0,99.000,,,0
ph_local_8,18,-12,1,99.000,,,0
ph_local_8,18,-12,2,99.000,,,0
ph_local_8,18,-12,3,99.000,,,0
ph_local_8,19,-11,0,99.000,,,0
ph_local_8,19,-11,1,99.000,,,0
ph_local_8,19,-11,2,99.000,,,0
ph_local_8,19,-11,3,99.000,,,0
ph_local_8,20,-10,0,99.000,,,0
ph_local_8,20,-10,1,99.000,,,0
ph_local_8,20,-10,2,99.000,,,0
ph_local_8,20,-10,3,99.000,,,0
ph_local_8,21,-9,0,99.000,,,0
ph_local_8,21,-9,1,99.000,,,0
ph_local_8,21,-9,2,99.000,,,0
ph_local_8,21,-9,3,99.000,,,0
ph_local_8,22,-8,0,99.000,,,0
ph_local_8,22,-8,1,99.000,,,0
ph_local_8,22,-8,2,99.000,,,0
ph_local_8,22,-8,3,99.000,,,0
ph_local_8,23,-7,0,99.000,,,0
ph_local_8,23,-7,1,99.000,,,0
ph_local_8,23,-7,2,99.000,,,0
ph_local_8,23,-7,3,99.000,,,0
ph_local_8,24,-6,0,99.000,,,0
ph_local_8,24,-6,1,99.000,,,0
ph_local_8,24,-6,2,99.000,,,0
ph_local_8,24,-6,3,99.000,,,0
ph_local_8,25,-5,0,99.000,,,0
ph_local_8,25,-5,1,99.000,,,0
ph_local_8,25,-5,2,99.000,,,0
ph_local_8,25,-5,3,99.000,,,0
ph_local_8,26,-4,0,99.000,,,0
ph_local_8,26,-4,1,99.000,,,0
ph_local_8,26,-4,2,99.000,,,0
ph_local_8,26,-4,3,99.000,,,0
ph_local_8,27,-3,0,99.000,,,0
ph_local_8,27,-3,1,99.000,,,0
ph_local_8,27,-3,2,99.000,,,0
ph_local_8,27,-3,3,99.000,,,0
ph_local_8,28,-2,0,99.000,,,0
ph_local_8,28,-2,1,99.000,,,0
ph_local_8,28,-2,2,99.000,,,0
ph_local_8,28,-2,3,99.000,,,0
ph_local_8,29,-1,0,99.000,,,0
ph_local_8,29,-1,1,99.000,,,0
ph_local_8,29,-1,2,99.000,,,0
ph_local_8,29,-1,3,99.000,,,0
ph_local_8,30,0,0,32.807,0.9143,0.4003,0
ph_local_8,30,0,1,29.747,0.8914,0.4003,0
ph_local_8,30,0,2,28.140,0.8754,0.3914,0
ph_local_8,30,0,3,27.323,0.8649,0.3875,0
ph_local_8,31,1,0,26.533,0.8641,0.3844,0
ph_local_8,31,1,1,23.698,0.8423,0.3915,0
ph_local_8,31,1,2,23.537,0.8371,0.3796,0
ph_local_8,31,1,3,21.853,0.8147,0.3790,0
ph_local_8,32,2,0,22.290,0.8162,0.3807,0
ph_local_8,32,2,1,22.749,0.8158,0.3870,0
ph_local_8,32,2,2,22.896,0.8101,0.3781,0
ph_local_8,32,2,3,22.510,0.8008,0.3770,0
ph_local_8,33,3,0,22.501,0.8035,0.3783,0
ph_local_8,33,3,1,22.023,0.7962,0.3920,0
ph_local_8,33,3,2,21.976,0.7901,0.3848,0
ph_local_8,33,3,3,22.120,0.7870,0.3807,0
ph_local_8,34,4,0,21.662,0.7834,0.3863,0
ph_local_8,34,4,1,21.795,0.7860,0.3984,0
ph_local_8,34,4,2,21.370,0.7778,0.3899,0
ph_local_8,34,4,3,21.524,0.7774,0.3919,0
ph_local_8,35,5,0,21.136,0.7866,0.3981,0
ph_local_8,35,5,1,20.580,0.7774,0.4148,0
ph_local_8,35,5,2,20.537,0.7748,0.4034,0
ph_local_8,35,5,3,20.797,0.7771,0.4025,0
ph_local_8,36,6,0,21.360,0.7924,0.4083,0
ph_local_8,36,6,1,21.781,0.7917,0.4200,0
ph_local_8,36,6,2,21.581,0.7860,0.4093,0
ph_local_8,36,6,3,21.596,0.7815,0.4058,0
ph_local_8,37,7,0,21.973,0.7858,0.4100,0
ph_local_8,37,7,1,21.869,0.7818,0.4219,0
ph_local_8,37,7,2,21.559,0.7739,0.4116,0
ph_local_8,37,7,3,20.840,0.7620,0.4070,0
ph_local_8,38,8,0,22.202,0.8162,0.4268,0
ph_local_8,38,8,1,23.052,0.8332,0.4392,0
ph_local_8,38,8,2,23.819,0.8448,0.4356,0
ph_local_8,38,8,3,23.960,0.8448,0.4374,0
ph_local_8,39,9,0,24.398,0.8690,0.4355,0
ph_local_8,39,9,1,24.755,0.8779,0.4417,0
ph_local_8,39,9,2,25.122,0.8824,0.4429,0
ph_local_8,39,9,3,24.908,0.8821,0.4324,0
ph_local_8,40,10,0,24.465,0.8889,0.4308,0
ph_local_8,40,10,1,27.204,0.9028,0.3992,0
ph_local_8,40,10,2,27.560,0.9099,0.3901,0
ph_local_8,40,10,3,27.885,0.9046,0.3925,0
ph_local_8,41,11,0,29.404,0.9245,0.3964,0
ph_local_8,41,11,1,30.132,0.9319,0.4096,0
ph_local_8,41,11,2,30.370,0.9345,0.4080,0
ph_local_8,41,11,3,30.651,0.9348,0.4115,0
ph_local_8,42,12,0,31.875,0.9450,0.4160,0
ph_local_8,42,12,1,32.797,0.9501,0.4222,0
ph_local_8,42,12,2,33.317,0.9533,0.4191,0
ph_local_8,42,12,3,33.638,0.9541,0.4202,0
ph_local_8,43,13,0,34.363,0.9597,0.4244,0
ph_local_8,43,13,1,34.623,0.9607,0.4300,0
ph_local_8,43,13,2,35.088,0.9625,0.4234,0
ph_local_8,43,13,3,35.607,0.9637,0.4234,0
ph_local_8,44,14,0,36.668,0.9699,0.4233,0
ph_local_8,44,14,1,37.205,0.9714,0.4278,0
ph_local_8,44,14,2,37.421,0.9724,0.4228,0
ph_local_8,44,14,3,37.504,0.9725,0.4232,0
ph_local_8,45,15,0,38.594,0.9793,0.4248,0
ph_local_8,45,15,1,38.999,0.9806,0.4270,0
ph_local_8,45,15,2,38.708,0.9813,0.4231,0
ph_local_8,45,15,3,38.863,0.9817,0.4217,0
ph_local_8,46,16,0,40.713,0.9866,0.4202,0
ph_local_8,46,16,1,41.090,0.9873,0.4242,0
ph_local_8,46,16,2,41.469,0.9880,0.4206,0
ph_local_8,46,16,3,41.567,0.9882,0.4191,0
ph_local_8,47,17,0,43.115,0.9917,0.4146,0
ph_local_8,47,17,1,43.429,0.9920,0.4186,0
ph_local_8,47,17,2,43.504,0.9923,0.4148,0
ph_local_8,47,17,3,43.603,0.9924,0.4151,0
ph_local_8,48,18,0,44.533,0.9938,0.4135,0
ph_local_8,48,18,1,44.601,0.9939,0.4171,0
ph_local_8,48,18,2,44.748,0.9939,0.4163,0
ph_local_8,48,18,3,44.908,0.9939,0.4124,0
ph_local_8,49,19,0,45.266,0.9947,0.4148,0
ph_local_8,49,19,1,44.780,0.9943,0.4153,0
ph_local_8,49,19,2,44.658,0.9944,0.4191,0
ph_local_8,49,19,3,44.764,0.9942,0.4132,0
ph_local_8,50,20,0,45.495,0.9950,0.4131,0
ph_local_8,50,20,1,45.179,0.9948,0.4141,0
ph_local_8,50,20,2,44.665,0.9945,0.4179,0
ph_local_8,50,20,3,44.626,0.9943,0.4132,0
ph_local_8,51,21,0,45.272,0.9950,0.4100,0
ph_local_8,51,21,1,45.136,0.9948,0.4102,0
ph_local_8,51,21,2,44.717,0.9945,0.4140,0
ph_local_8,51,21,3,44.708,0.9944,0.4029,0
ph_local_8,52,22,0,44.024,0.9946,0.4053,0
ph_local_8,52,22,1,43.453,0.9943,0.4054,0
ph_local_8,52,22,2,42.698,0.9939,0.4095,0
ph_local_8,52,22,3,42.203,0.9935,0.4014,0
ph_local_8,53,23,0,42.668,0.9940,0.4058,0
ph_local_8,53,23,1,43.709,0.9941,0.4109,0
ph_local_8,53,23,2,43.348,0.9937,0.4153,0
ph_local_8,53,23,3,43.341,0.9935,0.4083,0
ph_local_8,54,24,0,43.919,0.9940,0.4078,0
ph_local_8,54,24,1,43.900,0.9939,0.4075,0
ph_local_8,54,24,2,43.986,0.9940,0.4140,0
ph_local_8,54,24,3,44.333,0.9940,0.4053,0
ph_local_8,55,25,0,44.580,0.9947,0.4106,0
ph_local_8,55,25,1,44.213,0.9946,0.4160,0
ph_local_8,55,25,2,43.887,0.9946,0.4236,0
ph_local_8,55,25,3,43.334,0.9943,0.4110,0
ph_local_8,56,26,0,43.774,0.9945,0.4174,0
ph_local_8,56,26,1,44.061,0.9944,0.4173,0
ph_local_8,56,26,2,43.668,0.9941,0.4234,0
ph_local_8,56,26,3,43.381,0.9939,0.4152,0
ph_local_8,57,27,0,43.155,0.9944,0.4219,0
ph_local_8,57,27,1,42.856,0.9941,0.4220,0
ph_local_8,57,27,2,43.027,0.9939,0.4289,0
ph_local_8,57,27,3,43.280,0.9937,0.4197,0
ph_local_8,58,28,0,43.489,0.9940,0.4228,0
ph_local_8,58,28,1,43.573,0.9938,0.4233,0
ph_local_8,58,28,2,42.825,0.9933,0.4287,0
ph_local_8,58,28,3,42.287,0.9929,0.4200,0
ph_local_8,59,29,0,43.047,0.9936,0.4218,0
ph_local_8,59,29,1,43.142,0.9934,0.4228,0
ph_local_8,59,29,2,42.809,0.9931,0.4294,0
ph_local_8,59,29,3,42.437,0.9926,0.4296,0
ph_local_8,60,30,0,42.648,0.9932,0.4162,0
ph_local_8,60,30,1,41.835,0.9919,0.4200,0
ph_local_8,60,30,2,41.682,0.9920,0.4059,0
ph_local_8,60,30,3,41.509,0.9913,0.4023,0
ph_local_8,61,31,0,43.403,0.9936,0.4083,0
ph_local_8,61,31,1,44.479,0.9942,0.4048,0
ph_local_8,61,31,2,44.528,0.9942,0.4131,0
ph_local_8,61,31,3,44.304,0.9941,0.4117,0
ph_local_8,62,32,0,44.281,0.9939,0.4175,0
ph_local_8,62,32,1,44.022,0.9934,0.4203,0
ph_local_8,62,32,2,43.864,0.9933,0.4226,0
ph_local_8,62,32,3,43.560,0.9929,0.4139,0
ph_local_8,63,33,0,43.704,0.9929,0.4195,0
ph_local_8,63,33,1,43.106,0.9923,0.4243,0
ph_local_8,63,33,2,42.613,0.9918,0.4297,0
ph_local_8,63,33,3,43.000,0.9919,0.4214,0
ph_local_8,64,34,0,43.306,0.9932,0.4237,0
ph_local_8,64,34,1,42.343,0.9931,0.4225,0
ph_local_8,64,34,2,43.512,0.9931,0.4263,0
ph_local_8,64,34,3,43.434,0.9927,0.4191,0
ph_local_8,65,35,0,42.844,0.9929,0.4231,0
ph_local_8,65,35,1,43.107,0.9928,0.4238,0
ph_local_8,65,35,2,43.397,0.9927,0.4271,0
ph_local_8,65,35,3,43.074,0.9926,0.4226,0
ph_local_8,66,36,0,44.426,0.9938,0.4235,0
ph_local_8,66,36,1,44.269,0.9935,0.4233,0
ph_local_8,66,36,2,43.996,0.9931,0.4276,0
ph_local_8,66,36,3,43.217,0.9930,0.4227,0
ph_local_8,67,37,0,44.182,0.9936,0.4198,0
ph_local_8,67,37,1,43.647,0.9931,0.4159,0
ph_local_8,67,37,2,43.373,0.9930,0.4185,0
ph_local_8,67,37,3,43.099,0.9927,0.4138,0
ph_local_8,68,38,0,43.024,0.9926,0.4137,0
ph_local_8,68,38,1,42.974,0.9922,0.4135,0
ph_local_8,68,38,2,42.971,0.9923,0.4172,0
ph_local_8,68,38,3,42.691,0.9919,0.4174,0
ph_local_8,69,39,0,43.146,0.9926,0.4153,0
ph_local_8,69,39,1,43.007,0.9921,0.4198,0
ph_local_8,69,39,2,43.324,0.9921,0.4204,0
ph_local_8,69,39,3,43.124,0.9917,0.4236,0
ph_localrefresh,1,-29,0,99.000,,,0
ph_localrefresh,1,-29,1,99.000,,,0
ph_localrefresh,1,-29,2,99.000,,,0
ph_localrefresh,1,-29,3,99.000,,,0
ph_localrefresh,2,-28,0,99.000,,,0
ph_localrefresh,2,-28,1,99.000,,,0
ph_localrefresh,2,-28,2,99.000,,,0
ph_localrefresh,2,-28,3,99.000,,,0
ph_localrefresh,3,-27,0,99.000,,,0
ph_localrefresh,3,-27,1,99.000,,,0
ph_localrefresh,3,-27,2,99.000,,,0
ph_localrefresh,3,-27,3,99.000,,,0
ph_localrefresh,4,-26,0,99.000,,,0
ph_localrefresh,4,-26,1,99.000,,,0
ph_localrefresh,4,-26,2,99.000,,,0
ph_localrefresh,4,-26,3,99.000,,,0
ph_localrefresh,5,-25,0,99.000,,,0
ph_localrefresh,5,-25,1,99.000,,,0
ph_localrefresh,5,-25,2,99.000,,,0
ph_localrefresh,5,-25,3,99.000,,,0
ph_localrefresh,6,-24,0,99.000,,,0
ph_localrefresh,6,-24,1,99.000,,,0
ph_localrefresh,6,-24,2,99.000,,,0
ph_localrefresh,6,-24,3,99.000,,,0
ph_localrefresh,7,-23,0,99.000,,,0
ph_localrefresh,7,-23,1,99.000,,,0
ph_localrefresh,7,-23,2,99.000,,,0
ph_localrefresh,7,-23,3,99.000,,,0
ph_localrefresh,8,-22,0,99.000,,,0
ph_localrefresh,8,-22,1,99.000,,,0
ph_localrefresh,8,-22,2,99.000,,,0
ph_localrefresh,8,-22,3,99.000,,,0
ph_localrefresh,9,-21,0,99.000,,,0
ph_localrefresh,9,-21,1,99.000,,,0
ph_localrefresh,9,-21,2,99.000,,,0
ph_localrefresh,9,-21,3,99.000,,,0
ph_localrefresh,10,-20,0,99.000,,,0
ph_localrefresh,10,-20,1,99.000,,,0
ph_localrefresh,10,-20,2,99.000,,,0
ph_localrefresh,10,-20,3,99.000,,,0
ph_localrefresh,11,-19,0,99.000,,,0
ph_localrefresh,11,-19,1,99.000,,,0
ph_localrefresh,11,-19,2,99.000,,,0
ph_localrefresh,11,-19,3,99.000,,,0
ph_localrefresh,12,-18,0,99.000,,,0
ph_localrefresh,12,-18,1,99.000,,,0
ph_localrefresh,12,-18,2,99.000,,,0
ph_localrefresh,12,-18,3,99.000,,,0
ph_localrefresh,13,-17,0,99.000,,,0
ph_localrefresh,13,-17,1,99.000,,,0
ph_localrefresh,13,-17,2,99.000,,,0
ph_localrefresh,13,-17,3,99.000,,,0
ph_localrefresh,14,-16,0,99.000,,,0
ph_localrefresh,14,-16,1,99.000,,,0
ph_localrefresh,14,-16,2,99.000,,,0
ph_localrefresh,14,-16,3,99.000,,,0
ph_localrefresh,15,-15,0,99.000,,,0
ph_localrefresh,15,-15,1,99.000,,,0
ph_localrefresh,15,-15,2,99.000,,,0
ph_localrefresh,15,-15,3,99.000,,,0
ph_localrefresh,16,-14,0,99.000,,,0
ph_localrefresh,16,-14,1,99.000,,,0
ph_localrefresh,16,-14,2,99.000,,,0
ph_localrefresh,16,-14,3,99.000,,,0
ph_localrefresh,17,-13,0,99.000,,,0
ph_localrefresh,17,-13,1,99.000,,,0
ph_localrefresh,17,-13,2,99.000,,,0
ph_localrefresh,17,-13,3,99.000,,,0
ph_localrefresh,18,-12,0,99.000,,,0
ph_localrefresh,18,-12,1,99.000,,,0
ph_localrefresh,18,-12,2,99.000,,,0
ph_localrefresh,18,-12,3,99.000,,,0
ph_localrefresh,19,-11,0,99.000,,,0
ph_localrefresh,19,-11,1,99.000,,,0
ph_localrefresh,19,-11,2,99.000,,,0
ph_localrefresh,19,-11,3,99.000,,,0
ph_localrefresh,20,-10,0,99.000,,,0
ph_localrefresh,20,-10,1,99.000,,,0
ph_localrefresh,20,-10,2,99.000,,,0
ph_localrefresh,20,-10,3,99.000,,,0
ph_localrefresh,21,-9,0,99.000,,,0
ph_localrefresh,21,-9,1,99.000,,,0
ph_localrefresh,21,-9,2,99.000,,,0
ph_localrefresh,21,-9,3,99.000,,,0
ph_localrefresh,22,-8,0,99.000,,,0
ph_localrefresh,22,-8,1,99.000,,,0
ph_localrefresh,22,-8,2,99.000,,,0
ph_localrefresh,22,-8,3,99.000,,,0
ph_localrefresh,23,-7,0,99.000,,,0
ph_localrefresh,23,-7,1,99.000,,,0
ph_localrefresh,23,-7,2,99.000,,,0
ph_localrefresh,23,-7,3,99.000,,,0
ph_localrefresh,24,-6,0,99.000,,,0
ph_localrefresh,24,-6,1,99.000,,,0
ph_localrefresh,24,-6,2,99.000,,,0
ph_localrefresh,24,-6,3,99.000,,,0
ph_localrefresh,25,-5,0,99.000,,,0
ph_localrefresh,25,-5,1,99.000,,,0
ph_localrefresh,25,-5,2,99.000,,,0
ph_localrefresh,25,-5,3,99.000,,,0
ph_localrefresh,26,-4,0,99.000,,,0
ph_localrefresh,26,-4,1,99.000,,,0
ph_localrefresh,26,-4,2,99.000,,,0
ph_localrefresh,26,-4,3,99.000,,,0
ph_localrefresh,27,-3,0,99.000,,,0
ph_localrefresh,27,-3,1,99.000,,,0
ph_localrefresh,27,-3,2,99.000,,,0
ph_localrefresh,27,-3,3,99.000,,,0
ph_localrefresh,28,-2,0,99.000,,,0
ph_localrefresh,28,-2,1,99.000,,,0
ph_localrefresh,28,-2,2,99.000,,,0
ph_localrefresh,28,-2,3,99.000,,,0
ph_localrefresh,29,-1,0,99.000,,,0
ph_localrefresh,29,-1,1,99.000,,,0
ph_localrefresh,29,-1,2,99.000,,,0
ph_localrefresh,29,-1,3,99.000,,,0
ph_localrefresh,30,0,0,31.841,0.9007,0.4016,0
ph_localrefresh,30,0,1,29.218,0.8793,0.4022,0
ph_localrefresh,30,0,2,27.799,0.8645,0.3934,0
ph_localrefresh,30,0,3,26.911,0.8521,0.3896,0
ph_localrefresh,31,1,0,26.228,0.8577,0.3877,0
ph_localrefresh,31,1,1,24.420,0.8439,0.3945,0
ph_localrefresh,31,1,2,23.825,0.8381,0.3836,0
ph_localrefresh,31,1,3,22.330,0.8203,0.3835,0
ph_localrefresh,32,2,0,22.525,0.8241,0.3838,0
ph_localrefresh,32,2,1,22.896,0.8221,0.3888,0
ph_localrefresh,32,2,2,22.940,0.8157,0.3800,0
ph_localrefresh,32,2,3,22.672,0.8086,0.3787,0
ph_localrefresh,33,3,0,22.766,0.8082,0.3803,0
ph_localrefresh,33,3,1,22.344,0.8011,0.3940,0
ph_localrefresh,33,3,2,22.289,0.7953,0.3869,0
ph_localrefresh,33,3,3,22.279,0.7901,0.3825,0
ph_localrefresh,34,4,0,21.443,0.7774,0.3899,0
ph_localrefresh,34,4,1,21.664,0.7820,0.4029,0
ph_localrefresh,34,4,2,21.230,0.7739,0.3943,0
ph_localrefresh,34,4,3,21.261,0.7724,0.3965,0
ph_localrefresh,35,5,0,20.866,0.7824,0.4078,0
ph_localrefresh,35,5,1,20.008,0.7686,0.4268,0
ph_localrefresh,35,5,2,20.640,0.7771,0.4128,0
ph_localrefresh,35,5,3,20.654,0.7745,0.4118,0
ph_localrefresh,36,6,0,20.991,0.7890,0.4221,0
ph_localrefresh,36,6,1,21.440,0.7904,0.4335,0
ph_localrefresh,36,6,2,21.327,0.7858,0.4225,0
ph_localrefresh,36,6,3,21.226,0.7798,0.4185,0
ph_localrefresh,37,7,0,21.386,0.7879,0.4253,0
ph_localrefresh,37,7,1,21.360,0.7841,0.4372,0
ph_localrefresh,37,7,2,20.885,0.7713,0.4274,0
ph_localrefresh,37,7,3,20.424,0.7673,0.4243,0
ph_localrefresh,38,8,0,20.437,0.7763,0.4353,0
ph_localrefresh,38,8,1,20.655,0.7781,0.4411,0
ph_localrefresh,38,8,2,21.100,0.7805,0.4311,0
ph_localrefresh,38,8,3,21.067,0.7748,0.4294,0
ph_localrefresh,39,9,0,20.989,0.7838,0.4294,0
ph_localrefresh,39,9,1,20.854,0.7862,0.4391,0
ph_localrefresh,39,9,2,20.875,0.7837,0.4381,0
ph_localrefresh,39,9,3,20.988,0.7792,0.4266,0
ph_localrefresh,40,10,0,20.733,0.7849,0.4268,0
ph_localrefresh,40,10,1,18.345,0.7425,0.4029,0
ph_localrefresh,40,10,2,18.121,0.7460,0.4002,0
ph_localrefresh,40,10,3,17.752,0.7395,0.3990,0
ph_localrefresh,41,11,0,19.076,0.7552,0.4126,0
ph_localrefresh,41,11,1,19.099,0.7515,0.4216,0
ph_localrefresh,41,11,2,19.081,0.7489,0.4204,0
ph_localrefresh,41,11,3,18.950,0.7390,0.4224,0
ph_localrefresh,42,12,0,19.255,0.7467,0.4280,0
ph_localrefresh,42,12,1,19.429,0.7467,0.4320,0
ph_localrefresh,42,12,2,19.524,0.7468,0.4277,0
ph_localrefresh,42,12,3,19.330,0.7390,0.4263,0
ph_localrefresh,43,13,0,19.734,0.7525,0.4325,0
ph_localrefresh,43,13,1,20.086,0.7555,0.4396,0
ph_localrefresh,43,13,2,20.177,0.7574,0.4325,0
ph_localrefresh,43,13,3,20.047,0.7521,0.4311,0
ph_localrefresh,44,14,0,20.159,0.7553,0.4338,0
ph_localrefresh,44,14,1,20.226,0.7524,0.4399,0
ph_localrefresh,44,14,2,20.286,0.7474,0.4336,0
ph_localrefresh,44,14,3,20.186,0.7404,0.4307,0
ph_localrefresh,45,15,0,20.200,0.7441,0.4338,0
ph_localrefresh,45,15,1,20.197,0.7410,0.4363,0
ph_localrefresh,45,15,2,20.300,0.7364,0.4336,0
ph_localrefresh,45,15,3,20.227,0.7312,0.4319,0
ph_localrefresh,46,16,0,20.259,0.7461,0.4348,0
ph_localrefresh,46,16,1,20.076,0.7436,0.4384,0
ph_localrefresh,46,16,2,19.942,0.7418,0.4357,0
ph_localrefresh,46,16,3,19.583,0.7352,0.4318,0
ph_localrefresh,47,17,0,19.701,0.7471,0.4277,0
ph_localrefresh,47,17,1,19.924,0.7471,0.4321,0
ph_localrefresh,47,17,2,20.080,0.7479,0.4271,0
ph_localrefresh,47,17,3,19.844,0.7430,0.4252,0
ph_localrefresh,48,18,0,20.299,0.7598,0.4258,0
ph_localrefresh,48,18,1,20.535,0.7625,0.4297,0
ph_localrefresh,48,18,2,20.455,0.7609,0.4287,0
ph_localrefresh,48,18,3,20.349,0.7580,0.4252,0
ph_localrefresh,49,19,0,20.539,0.7676,0.4277,0
ph_localrefresh,49,19,1,20.698,0.7667,0.4291,0
ph_localrefresh,49,19,2,20.690,0.7654,0.4358,0
ph_localrefresh,49,19,3,20.551,0.7603,0.4317,0
ph_localrefresh,50,20,0,20.800,0.7645,0.4345,0
ph_localrefresh,50,20,1,20.866,0.7648,0.4353,0
ph_localrefresh,50,20,2,20.867,0.7621,0.4380,0
ph_localrefresh,50,20,3,20.760,0.7589,0.4342,0
ph_localrefresh,51,21,0,20.827,0.7664,0.4301,0
ph_localrefresh,51,21,1,20.786,0.7667,0.4306,0
ph_localrefresh,51,21,2,19.897,0.7578,0.4335,0
ph_localrefresh,51,21,3,20.348,0.7602,0.4190,0
ph_localrefresh,52,22,0,20.911,0.7721,0.4206,0
ph_localrefresh,52,22,1,20.609,0.7702,0.4218,0
ph_localrefresh,52,22,2,20.624,0.7684,0.4247,0
ph_localrefresh,52,22,3,20.693,0.7645,0.4138,0
ph_localrefresh,53,23,0,20.164,0.7682,0.4142,0
ph_localrefresh,53,23,1,20.222,0.7717,0.4222,0
ph_localrefresh,53,23,2,20.551,0.7724,0.4268,0
ph_localrefresh,53,23,3,20.303,0.7666,0.4158,0
ph_localrefresh,54,24,0,20.324,0.7753,0.4146,0
ph_localrefresh,54,24,1,20.186,0.7701,0.4180,0
ph_localrefresh,54,24,2,20.170,0.7719,0.4214,0
ph_localrefresh,54,24,3,20.248,0.7694,0.4112,0
ph_localrefresh,55,25,0,20.207,0.7869,0.4171,0
ph_localrefresh,55,25,1,20.183,0.7893,0.4218,0
ph_localrefresh,55,25,2,20.249,0.7874,0.4273,0
ph_localrefresh,55,25,3,20.357,0.7881,0.4100,0
ph_localrefresh,56,26,0,20.632,0.8011,0.4180,0
ph_localrefresh,56,26,1,20.864,0.7999,0.4210,0
ph_localrefresh,56,26,2,20.876,0.7949,0.4295,0
ph_localrefresh,56,26,3,20.924,0.7922,0.4178,0
ph_localrefresh,57,27,0,21.490,0.8028,0.4239,0
ph_localrefresh,57,27,1,21.348,0.7992,0.4233,0
ph_localrefresh,57,27,2,20.884,0.7948,0.4296,0
ph_localrefresh,57,27,3,20.614,0.7915,0.4177,0
ph_localrefresh,58,28,0,20.829,0.8028,0.4174,0
ph_localrefresh,58,28,1,20.410,0.7977,0.4205,0
ph_localrefresh,58,28,2,20.550,0.7968,0.4236,0
ph_localrefresh,58,28,3,20.827,0.7980,0.4125,0
ph_localrefresh,59,29,0,21.008,0.8098,0.4143,0
ph_localrefresh,59,29,1,21.070,0.8112,0.4167,0
ph_localrefresh,59,29,2,20.967,0.8091,0.4234,0
ph_localrefresh,59,29,3,20.918,0.8049,0.4235,0
ph_localrefresh,60,30,0,20.915,0.8093,0.4105,0
ph_localrefresh,60,30,1,20.319,0.8044,0.4134,0
ph_localrefresh,60,30,2,19.114,0.7715,0.4064,0
ph_localrefresh,60,30,3,18.927,0.7609,0.3966,0
ph_localrefresh,61,31,0,19.135,0.7796,0.4115,0
ph_localrefresh,61,31,1,19.325,0.7830,0.4074,0
ph_localrefresh,61,31,2,19.333,0.7834,0.4155,0
ph_localrefresh,61,31,3,19.216,0.7793,0.4126,0
ph_localrefresh,62,32,0,19.386,0.7789,0.4205,0
ph_localrefresh,62,32,1,19.767,0.7808,0.4238,0
ph_localrefresh,62,32,2,19.949,0.7820,0.4286,0
ph_localrefresh,62,32,3,19.809,0.7785,0.4176,0
ph_localrefresh,63,33,0,20.102,0.7788,0.4197,0
ph_localrefresh,63,33,1,20.637,0.7819,0.4239,0
ph_localrefresh,63,33,2,20.815,0.7797,0.4290,0
ph_localrefresh,63,33,3,20.653,0.7743,0.4209,0
ph_localrefresh,64,34,0,21.167,0.7801,0.4264,0
ph_localrefresh,64,34,1,21.635,0.7839,0.4266,0
ph_localrefresh,64,34,2,21.753,0.7821,0.4318,0
ph_localrefresh,64,34,3,21.621,0.7789,0.4245,0
ph_localrefresh,65,35,0,21.588,0.7817,0.4271,0
ph_localrefresh,65,35,1,21.491,0.7778,0.4283,0
ph_localrefresh,65,35,2,21.534,0.7743,0.4309,0
ph_localrefresh,65,35,3,21.425,0.7699,0.4273,0
ph_localrefresh,66,36,0,21.353,0.7698,0.4285,0
ph_localrefresh,66,36,1,21.540,0.7688,0.4318,0
ph_localrefresh,66,36,2,21.258,0.7614,0.4366,0
ph_localrefresh,66,36,3,20.989,0.7544,0.4308,0
ph_localrefresh,67,37,0,21.121,0.7609,0.4287,0
ph_localrefresh,67,37,1,20.996,0.7570,0.4254,0
ph_localrefresh,67,37,2,20.865,0.7547,0.4282,0
ph_localrefresh,67,37,3,20.542,0.7500,0.4226,0
ph_localrefresh,68,38,0,20.661,0.7548,0.4236,0
ph_localrefresh,68,38,1,20.630,0.7532,0.4234,0
ph_localrefresh,68,38,2,20.537,0.7501,0.4268,0
ph_localrefresh,68,38,3,20.349,0.7445,0.4268,0
ph_localrefresh,69,39,0,20.358,0.7490,0.4243,0
ph_localrefresh,69,39,1,20.219,0.7448,0.4298,0
ph_localrefresh,69,39,2,20.124,0.7379,0.4304,0
ph_localrefresh,69,39,3,20.128,0.7328,0.4326,0
