config,call,rel_call,frame,psnr,ssim,ssim_in,missing
repeat,3,-27,0,99.000,,,0
repeat,3,-27,1,99.000,,,0
repeat,3,-27,2,99.000,,,0
repeat,3,-27,3,99.000,,,0
repeat,4,-26,0,99.000,,,0
repeat,4,-26,1,99.000,,,0
repeat,4,-26,2,99.000,,,0
repeat,4,-26,3,99.000,,,0
repeat,5,-25,0,99.000,,,0
repeat,5,-25,1,99.000,,,0
repeat,5,-25,2,99.000,,,0
repeat,5,-25,3,99.000,,,0
repeat,6,-24,0,99.000,,,0
repeat,6,-24,1,99.000,,,0
repeat,6,-24,2,99.000,,,0
repeat,6,-24,3,99.000,,,0
repeat,7,-23,0,99.000,,,0
repeat,7,-23,1,99.000,,,0
repeat,7,-23,2,99.000,,,0
repeat,7,-23,3,99.000,,,0
repeat,8,-22,0,99.000,,,0
repeat,8,-22,1,99.000,,,0
repeat,8,-22,2,99.000,,,0
repeat,8,-22,3,99.000,,,0
repeat,9,-21,0,99.000,,,0
repeat,9,-21,1,99.000,,,0
repeat,9,-21,2,99.000,,,0
repeat,9,-21,3,99.000,,,0
repeat,10,-20,0,99.000,,,0
repeat,10,-20,1,99.000,,,0
repeat,10,-20,2,99.000,,,0
repeat,10,-20,3,99.000,,,0
repeat,11,-19,0,99.000,,,0
repeat,11,-19,1,99.000,,,0
repeat,11,-19,2,99.000,,,0
repeat,11,-19,3,99.000,,,0
repeat,12,-18,0,99.000,,,0
repeat,12,-18,1,99.000,,,0
repeat,12,-18,2,99.000,,,0
repeat,12,-18,3,99.000,,,0
repeat,13,-17,0,99.000,,,0
repeat,13,-17,1,99.000,,,0
repeat,13,-17,2,99.000,,,0
repeat,13,-17,3,99.000,,,0
repeat,14,-16,0,99.000,,,0
repeat,14,-16,1,99.000,,,0
repeat,14,-16,2,99.000,,,0
repeat,14,-16,3,99.000,,,0
repeat,15,-15,0,99.000,,,0
repeat,15,-15,1,99.000,,,0
repeat,15,-15,2,99.000,,,0
repeat,15,-15,3,99.000,,,0
repeat,16,-14,0,99.000,,,0
repeat,16,-14,1,99.000,,,0
repeat,16,-14,2,99.000,,,0
repeat,16,-14,3,99.000,,,0
repeat,17,-13,0,99.000,,,0
repeat,17,-13,1,99.000,,,0
repeat,17,-13,2,99.000,,,0
repeat,17,-13,3,99.000,,,0
repeat,18,-12,0,99.000,,,0
repeat,18,-12,1,99.000,,,0
repeat,18,-12,2,99.000,,,0
repeat,18,-12,3,99.000,,,0
repeat,19,-11,0,99.000,,,0
repeat,19,-11,1,99.000,,,0
repeat,19,-11,2,99.000,,,0
repeat,19,-11,3,99.000,,,0
repeat,20,-10,0,99.000,,,0
repeat,20,-10,1,99.000,,,0
repeat,20,-10,2,99.000,,,0
repeat,20,-10,3,99.000,,,0
repeat,21,-9,0,99.000,,,0
repeat,21,-9,1,99.000,,,0
repeat,21,-9,2,99.000,,,0
repeat,21,-9,3,99.000,,,0
repeat,22,-8,0,99.000,,,0
repeat,22,-8,1,99.000,,,0
repeat,22,-8,2,99.000,,,0
repeat,22,-8,3,99.000,,,0
repeat,23,-7,0,99.000,,,0
repeat,23,-7,1,99.000,,,0
repeat,23,-7,2,99.000,,,0
repeat,23,-7,3,99.000,,,0
repeat,24,-6,0,99.000,,,0
repeat,24,-6,1,99.000,,,0
repeat,24,-6,2,99.000,,,0
repeat,24,-6,3,99.000,,,0
repeat,25,-5,0,99.000,,,0
repeat,25,-5,1,99.000,,,0
repeat,25,-5,2,99.000,,,0
repeat,25,-5,3,99.000,,,0
repeat,26,-4,0,99.000,,,0
repeat,26,-4,1,99.000,,,0
repeat,26,-4,2,99.000,,,0
repeat,26,-4,3,99.000,,,0
repeat,27,-3,0,99.000,,,0
repeat,27,-3,1,99.000,,,0
repeat,27,-3,2,99.000,,,0
repeat,27,-3,3,99.000,,,0
repeat,28,-2,0,99.000,,,0
repeat,28,-2,1,99.000,,,0
repeat,28,-2,2,99.000,,,0
repeat,28,-2,3,99.000,,,0
repeat,29,-1,0,99.000,,,0
repeat,29,-1,1,99.000,,,0
repeat,29,-1,2,99.000,,,0
repeat,29,-1,3,99.000,,,0
repeat,30,0,0,99.000,1.0000,0.6716,0
repeat,30,0,1,99.000,1.0000,0.6679,0
repeat,30,0,2,99.000,1.0000,0.6635,0
repeat,30,0,3,99.000,1.0000,0.6640,0
repeat,31,1,0,99.000,1.0000,0.6625,0
repeat,31,1,1,99.000,1.0000,0.6651,0
repeat,31,1,2,99.000,1.0000,0.6663,0
repeat,31,1,3,99.000,1.0000,0.6703,0
repeat,32,2,0,99.000,1.0000,0.6687,0
repeat,32,2,1,99.000,1.0000,0.6743,0
repeat,32,2,2,99.000,1.0000,0.6799,0
repeat,32,2,3,99.000,1.0000,0.6819,0
repeat,33,3,0,99.000,1.0000,0.6833,0
repeat,33,3,1,99.000,1.0000,0.6895,0
repeat,33,3,2,99.000,1.0000,0.6765,0
repeat,33,3,3,99.000,1.0000,0.6837,0
repeat,34,4,0,99.000,1.0000,0.6793,0
repeat,34,4,1,99.000,1.0000,0.6865,0
repeat,34,4,2,99.000,1.0000,0.6822,0
repeat,34,4,3,99.000,1.0000,0.6817,0
repeat,35,5,0,99.000,1.0000,0.6819,0
repeat,35,5,1,99.000,1.0000,0.6818,0
repeat,35,5,2,99.000,1.0000,0.6809,0
repeat,35,5,3,99.000,1.0000,0.6807,0
repeat,36,6,0,99.000,1.0000,0.6815,0
repeat,36,6,1,99.000,1.0000,0.6838,0
repeat,36,6,2,99.000,1.0000,0.6842,0
repeat,36,6,3,99.000,1.0000,0.6857,0
repeat,37,7,0,99.000,1.0000,0.6865,0
repeat,37,7,1,99.000,1.0000,0.6886,0
repeat,37,7,2,99.000,1.0000,0.6885,0
repeat,37,7,3,99.000,1.0000,0.6885,0
repeat,38,8,0,99.000,1.0000,0.6898,0
repeat,38,8,1,99.000,1.0000,0.6908,0
repeat,38,8,2,99.000,1.0000,0.6922,0
repeat,38,8,3,99.000,1.0000,0.6916,0
repeat,39,9,0,99.000,1.0000,0.6923,0
repeat,39,9,1,99.000,1.0000,0.6916,0
repeat,39,9,2,99.000,1.0000,0.6923,0
repeat,39,9,3,99.000,1.0000,0.6912,0
repeat,40,10,0,99.000,1.0000,0.6895,0
repeat,40,10,1,99.000,1.0000,0.6879,0
repeat,40,10,2,99.000,1.0000,0.6865,0
repeat,40,10,3,99.000,1.0000,0.6836,0
repeat,41,11,0,99.000,1.0000,0.6834,0
repeat,41,11,1,99.000,1.0000,0.6789,0
repeat,41,11,2,99.000,1.0000,0.6761,0
repeat,41,11,3,99.000,1.0000,0.6721,0
repeat,42,12,0,99.000,1.0000,0.6713,0
repeat,42,12,1,99.000,1.0000,0.6701,0
repeat,42,12,2,99.000,1.0000,0.6697,0
repeat,42,12,3,99.000,1.0000,0.6686,0
repeat,43,13,0,99.000,1.0000,0.6709,0
repeat,43,13,1,99.000,1.0000,0.6726,0
repeat,43,13,2,99.000,1.0000,0.6721,0
repeat,43,13,3,99.000,1.0000,0.6699,0
repeat,44,14,0,99.000,1.0000,0.6726,0
repeat,44,14,1,99.000,1.0000,0.6727,0
repeat,44,14,2,99.000,1.0000,0.6727,0
repeat,44,14,3,99.000,1.0000,0.6705,0
repeat,45,15,0,99.000,1.0000,0.6728,0
repeat,45,15,1,99.000,1.0000,0.6716,0
repeat,45,15,2,99.000,1.0000,0.6707,0
repeat,45,15,3,99.000,1.0000,0.6680,0
repeat,46,16,0,99.000,1.0000,0.6684,0
repeat,46,16,1,99.000,1.0000,0.6646,0
repeat,46,16,2,99.000,1.0000,0.6610,0
repeat,46,16,3,99.000,1.0000,0.6561,0
repeat,47,17,0,99.000,1.0000,0.6565,0
repeat,47,17,1,99.000,1.0000,0.6523,0
repeat,47,17,2,99.000,1.0000,0.6511,0
repeat,47,17,3,99.000,1.0000,0.6481,0
repeat,48,18,0,99.000,1.0000,0.6505,0
repeat,48,18,1,99.000,1.0000,0.6495,0
repeat,48,18,2,99.000,1.0000,0.6480,0
repeat,48,18,3,99.000,1.0000,0.6461,0
repeat,49,19,0,99.000,1.0000,0.6486,0
repeat,49,19,1,99.000,1.0000,0.6501,0
repeat,49,19,2,99.000,1.0000,0.6511,0
repeat,49,19,3,99.000,1.0000,0.6511,0
repeat,50,20,0,99.000,1.0000,0.6538,0
repeat,50,20,1,99.000,1.0000,0.6558,0
repeat,50,20,2,99.000,1.0000,0.6548,0
repeat,50,20,3,99.000,1.0000,0.6558,0
repeat,51,21,0,99.000,1.0000,0.6559,0
repeat,51,21,1,99.000,1.0000,0.6549,0
repeat,51,21,2,99.000,1.0000,0.6539,0
repeat,51,21,3,99.000,1.0000,0.6534,0
repeat,52,22,0,99.000,1.0000,0.6499,0
repeat,52,22,1,99.000,1.0000,0.6451,0
repeat,52,22,2,99.000,1.0000,0.6431,0
repeat,52,22,3,99.000,1.0000,0.6423,0
repeat,53,23,0,99.000,1.0000,0.6453,0
repeat,53,23,1,99.000,1.0000,0.6449,0
repeat,53,23,2,99.000,1.0000,0.6428,0
repeat,53,23,3,99.000,1.0000,0.6421,0
repeat,54,24,0,99.000,1.0000,0.6435,0
repeat,54,24,1,99.000,1.0000,0.6457,0
repeat,54,24,2,99.000,1.0000,0.6436,0
repeat,54,24,3,99.000,1.0000,0.6444,0
repeat,55,25,0,99.000,1.0000,0.6457,0
repeat,55,25,1,99.000,1.0000,0.6466,0
repeat,55,25,2,99.000,1.0000,0.6459,0
repeat,55,25,3,99.000,1.0000,0.6472,0
repeat,56,26,0,99.000,1.0000,0.6490,0
repeat,56,26,1,99.000,1.0000,0.6492,0
repeat,56,26,2,99.000,1.0000,0.6486,0
repeat,56,26,3,99.000,1.0000,0.6496,0
repeat,57,27,0,99.000,1.0000,0.6474,0
repeat,57,27,1,99.000,1.0000,0.6466,0
repeat,57,27,2,99.000,1.0000,0.6457,0
repeat,57,27,3,99.000,1.0000,0.6463,0
repeat,58,28,0,99.000,1.0000,0.6487,0
repeat,58,28,1,99.000,1.0000,0.6500,0
repeat,58,28,2,99.000,1.0000,0.6494,0
repeat,58,28,3,99.000,1.0000,0.6490,0
repeat,59,29,0,99.000,1.0000,0.6478,0
repeat,59,29,1,99.000,1.0000,0.6490,0
repeat,59,29,2,99.000,1.0000,0.6470,0
repeat,59,29,3,99.000,1.0000,0.6462,0
repeat,60,30,0,99.000,1.0000,0.6445,0
repeat,60,30,1,99.000,1.0000,0.6463,0
repeat,60,30,2,99.000,1.0000,0.6469,0
repeat,60,30,3,99.000,1.0000,0.6467,0
repeat,61,31,0,99.000,1.0000,0.6454,0
repeat,61,31,1,99.000,1.0000,0.6542,0
repeat,61,31,2,99.000,1.0000,0.6540,0
repeat,61,31,3,99.000,1.0000,0.6560,0
repeat,62,32,0,99.000,1.0000,0.6597,0
repeat,62,32,1,99.000,1.0000,0.6607,0
repeat,62,32,2,99.000,1.0000,0.6594,0
repeat,62,32,3,99.000,1.0000,0.6608,0
repeat,63,33,0,99.000,1.0000,0.6620,0
repeat,63,33,1,99.000,1.0000,0.6625,0
repeat,63,33,2,99.000,1.0000,0.6643,0
repeat,63,33,3,99.000,1.0000,0.6644,0
repeat,64,34,0,99.000,1.0000,0.6676,0
repeat,64,34,1,99.000,1.0000,0.6682,0
repeat,64,34,2,99.000,1.0000,0.6660,0
repeat,64,34,3,99.000,1.0000,0.6652,0
repeat,65,35,0,99.000,1.0000,0.6658,0
repeat,65,35,1,99.000,1.0000,0.6486,0
repeat,65,35,2,99.000,1.0000,0.6522,0
repeat,65,35,3,99.000,1.0000,0.6522,0
repeat,66,36,0,99.000,1.0000,0.6606,0
repeat,66,36,1,99.000,1.0000,0.6648,0
repeat,66,36,2,99.000,1.0000,0.6656,0
repeat,66,36,3,99.000,1.0000,0.6635,0
repeat,67,37,0,99.000,1.0000,0.6664,0
repeat,67,37,1,99.000,1.0000,0.6672,0
repeat,67,37,2,99.000,1.0000,0.6677,0
repeat,67,37,3,99.000,1.0000,0.6671,0
repeat,68,38,0,99.000,1.0000,0.6683,0
repeat,68,38,1,99.000,1.0000,0.6714,0
repeat,68,38,2,99.000,1.0000,0.6737,0
repeat,68,38,3,99.000,1.0000,0.6710,0
repeat,69,39,0,99.000,1.0000,0.6724,0
repeat,69,39,1,99.000,1.0000,0.6742,0
repeat,69,39,2,99.000,1.0000,0.6763,0
repeat,69,39,3,99.000,1.0000,0.6764,0
xfer_sink+meta+inflight,3,-27,0,99.000,,,0
xfer_sink+meta+inflight,3,-27,1,99.000,,,0
xfer_sink+meta+inflight,3,-27,2,99.000,,,0
xfer_sink+meta+inflight,3,-27,3,99.000,,,0
xfer_sink+meta+inflight,4,-26,0,99.000,,,0
xfer_sink+meta+inflight,4,-26,1,99.000,,,0
xfer_sink+meta+inflight,4,-26,2,99.000,,,0
xfer_sink+meta+inflight,4,-26,3,99.000,,,0
xfer_sink+meta+inflight,5,-25,0,99.000,,,0
xfer_sink+meta+inflight,5,-25,1,99.000,,,0
xfer_sink+meta+inflight,5,-25,2,99.000,,,0
xfer_sink+meta+inflight,5,-25,3,99.000,,,0
xfer_sink+meta+inflight,6,-24,0,99.000,,,0
xfer_sink+meta+inflight,6,-24,1,99.000,,,0
xfer_sink+meta+inflight,6,-24,2,99.000,,,0
xfer_sink+meta+inflight,6,-24,3,99.000,,,0
xfer_sink+meta+inflight,7,-23,0,99.000,,,0
xfer_sink+meta+inflight,7,-23,1,99.000,,,0
xfer_sink+meta+inflight,7,-23,2,99.000,,,0
xfer_sink+meta+inflight,7,-23,3,99.000,,,0
xfer_sink+meta+inflight,8,-22,0,99.000,,,0
xfer_sink+meta+inflight,8,-22,1,99.000,,,0
xfer_sink+meta+inflight,8,-22,2,99.000,,,0
xfer_sink+meta+inflight,8,-22,3,99.000,,,0
xfer_sink+meta+inflight,9,-21,0,99.000,,,0
xfer_sink+meta+inflight,9,-21,1,99.000,,,0
xfer_sink+meta+inflight,9,-21,2,99.000,,,0
xfer_sink+meta+inflight,9,-21,3,99.000,,,0
xfer_sink+meta+inflight,10,-20,0,99.000,,,0
xfer_sink+meta+inflight,10,-20,1,99.000,,,0
xfer_sink+meta+inflight,10,-20,2,99.000,,,0
xfer_sink+meta+inflight,10,-20,3,99.000,,,0
xfer_sink+meta+inflight,11,-19,0,99.000,,,0
xfer_sink+meta+inflight,11,-19,1,99.000,,,0
xfer_sink+meta+inflight,11,-19,2,99.000,,,0
xfer_sink+meta+inflight,11,-19,3,99.000,,,0
xfer_sink+meta+inflight,12,-18,0,99.000,,,0
xfer_sink+meta+inflight,12,-18,1,99.000,,,0
xfer_sink+meta+inflight,12,-18,2,99.000,,,0
xfer_sink+meta+inflight,12,-18,3,99.000,,,0
xfer_sink+meta+inflight,13,-17,0,99.000,,,0
xfer_sink+meta+inflight,13,-17,1,99.000,,,0
xfer_sink+meta+inflight,13,-17,2,99.000,,,0
xfer_sink+meta+inflight,13,-17,3,99.000,,,0
xfer_sink+meta+inflight,14,-16,0,99.000,,,0
xfer_sink+meta+inflight,14,-16,1,99.000,,,0
xfer_sink+meta+inflight,14,-16,2,99.000,,,0
xfer_sink+meta+inflight,14,-16,3,99.000,,,0
xfer_sink+meta+inflight,15,-15,0,99.000,,,0
xfer_sink+meta+inflight,15,-15,1,99.000,,,0
xfer_sink+meta+inflight,15,-15,2,99.000,,,0
xfer_sink+meta+inflight,15,-15,3,99.000,,,0
xfer_sink+meta+inflight,16,-14,0,99.000,,,0
xfer_sink+meta+inflight,16,-14,1,99.000,,,0
xfer_sink+meta+inflight,16,-14,2,99.000,,,0
xfer_sink+meta+inflight,16,-14,3,99.000,,,0
xfer_sink+meta+inflight,17,-13,0,99.000,,,0
xfer_sink+meta+inflight,17,-13,1,99.000,,,0
xfer_sink+meta+inflight,17,-13,2,99.000,,,0
xfer_sink+meta+inflight,17,-13,3,99.000,,,0
xfer_sink+meta+inflight,18,-12,0,99.000,,,0
xfer_sink+meta+inflight,18,-12,1,99.000,,,0
xfer_sink+meta+inflight,18,-12,2,99.000,,,0
xfer_sink+meta+inflight,18,-12,3,99.000,,,0
xfer_sink+meta+inflight,19,-11,0,99.000,,,0
xfer_sink+meta+inflight,19,-11,1,99.000,,,0
xfer_sink+meta+inflight,19,-11,2,99.000,,,0
xfer_sink+meta+inflight,19,-11,3,99.000,,,0
xfer_sink+meta+inflight,20,-10,0,99.000,,,0
xfer_sink+meta+inflight,20,-10,1,99.000,,,0
xfer_sink+meta+inflight,20,-10,2,99.000,,,0
xfer_sink+meta+inflight,20,-10,3,99.000,,,0
xfer_sink+meta+inflight,21,-9,0,99.000,,,0
xfer_sink+meta+inflight,21,-9,1,99.000,,,0
xfer_sink+meta+inflight,21,-9,2,99.000,,,0
xfer_sink+meta+inflight,21,-9,3,99.000,,,0
xfer_sink+meta+inflight,22,-8,0,99.000,,,0
xfer_sink+meta+inflight,22,-8,1,99.000,,,0
xfer_sink+meta+inflight,22,-8,2,99.000,,,0
xfer_sink+meta+inflight,22,-8,3,99.000,,,0
xfer_sink+meta+inflight,23,-7,0,99.000,,,0
xfer_sink+meta+inflight,23,-7,1,99.000,,,0
xfer_sink+meta+inflight,23,-7,2,99.000,,,0
xfer_sink+meta+inflight,23,-7,3,99.000,,,0
xfer_sink+meta+inflight,24,-6,0,99.000,,,0
xfer_sink+meta+inflight,24,-6,1,99.000,,,0
xfer_sink+meta+inflight,24,-6,2,99.000,,,0
xfer_sink+meta+inflight,24,-6,3,99.000,,,0
xfer_sink+meta+inflight,25,-5,0,99.000,,,0
xfer_sink+meta+inflight,25,-5,1,99.000,,,0
xfer_sink+meta+inflight,25,-5,2,99.000,,,0
xfer_sink+meta+inflight,25,-5,3,99.000,,,0
xfer_sink+meta+inflight,26,-4,0,99.000,,,0
xfer_sink+meta+inflight,26,-4,1,99.000,,,0
xfer_sink+meta+inflight,26,-4,2,99.000,,,0
xfer_sink+meta+inflight,26,-4,3,99.000,,,0
xfer_sink+meta+inflight,27,-3,0,99.000,,,0
xfer_sink+meta+inflight,27,-3,1,99.000,,,0
xfer_sink+meta+inflight,27,-3,2,99.000,,,0
xfer_sink+meta+inflight,27,-3,3,99.000,,,0
xfer_sink+meta+inflight,28,-2,0,99.000,,,0
xfer_sink+meta+inflight,28,-2,1,99.000,,,0
xfer_sink+meta+inflight,28,-2,2,99.000,,,0
xfer_sink+meta+inflight,28,-2,3,99.000,,,0
xfer_sink+meta+inflight,29,-1,0,99.000,,,0
xfer_sink+meta+inflight,29,-1,1,99.000,,,0
xfer_sink+meta+inflight,29,-1,2,99.000,,,0
xfer_sink+meta+inflight,29,-1,3,99.000,,,0
xfer_sink+meta+inflight,30,0,0,14.924,0.7390,0.6030,0
xfer_sink+meta+inflight,30,0,1,13.920,0.7363,0.6066,0
xfer_sink+meta+inflight,30,0,2,14.867,0.7598,0.6084,0
xfer_sink+meta+inflight,30,0,3,16.011,0.7831,0.6141,0
xfer_sink+meta+inflight,31,1,0,19.406,0.8286,0.6473,0
xfer_sink+meta+inflight,31,1,1,20.020,0.8449,0.6557,0
xfer_sink+meta+inflight,31,1,2,20.365,0.8537,0.6596,0
xfer_sink+meta+inflight,31,1,3,19.718,0.8262,0.6628,0
xfer_sink+meta+inflight,32,2,0,20.912,0.8391,0.6688,0
xfer_sink+meta+inflight,32,2,1,18.286,0.7994,0.6733,0
xfer_sink+meta+inflight,32,2,2,17.765,0.7951,0.6796,0
xfer_sink+meta+inflight,32,2,3,17.438,0.7816,0.6759,0
xfer_sink+meta+inflight,33,3,0,17.872,0.7884,0.6773,0
xfer_sink+meta+inflight,33,3,1,16.571,0.7590,0.6716,0
xfer_sink+meta+inflight,33,3,2,16.671,0.7577,0.6733,0
xfer_sink+meta+inflight,33,3,3,17.238,0.7580,0.6826,0
xfer_sink+meta+inflight,34,4,0,17.803,0.7822,0.6771,0
xfer_sink+meta+inflight,34,4,1,17.252,0.7787,0.6779,0
xfer_sink+meta+inflight,34,4,2,17.700,0.7897,0.6780,0
xfer_sink+meta+inflight,34,4,3,17.728,0.7890,0.6773,0
xfer_sink+meta+inflight,35,5,0,18.117,0.7929,0.6780,0
xfer_sink+meta+inflight,35,5,1,18.411,0.8062,0.6775,0
xfer_sink+meta+inflight,35,5,2,18.480,0.8081,0.6756,0
xfer_sink+meta+inflight,35,5,3,18.425,0.8066,0.6752,0
xfer_sink+meta+inflight,36,6,0,18.576,0.8078,0.6751,0
xfer_sink+meta+inflight,36,6,1,18.589,0.8085,0.6747,0
xfer_sink+meta+inflight,36,6,2,18.612,0.8120,0.6746,0
xfer_sink+meta+inflight,36,6,3,18.689,0.8130,0.6755,0
xfer_sink+meta+inflight,37,7,0,18.916,0.8129,0.6741,0
xfer_sink+meta+inflight,37,7,1,19.382,0.8144,0.6760,0
xfer_sink+meta+inflight,37,7,2,19.259,0.8200,0.6746,0
xfer_sink+meta+inflight,37,7,3,19.304,0.8157,0.6751,0
xfer_sink+meta+inflight,38,8,0,20.201,0.8279,0.6787,0
xfer_sink+meta+inflight,38,8,1,20.656,0.8385,0.6785,0
xfer_sink+meta+inflight,38,8,2,20.860,0.8418,0.6793,0
xfer_sink+meta+inflight,38,8,3,20.880,0.8419,0.6778,0
xfer_sink+meta+inflight,39,9,0,21.633,0.8501,0.6779,0
xfer_sink+meta+inflight,39,9,1,21.958,0.8575,0.6777,0
xfer_sink+meta+inflight,39,9,2,22.127,0.8625,0.6786,0
xfer_sink+meta+inflight,39,9,3,22.010,0.8599,0.6779,0
xfer_sink+meta+inflight,40,10,0,22.404,0.8640,0.6780,0
xfer_sink+meta+inflight,40,10,1,22.489,0.8629,0.6765,0
xfer_sink+meta+inflight,40,10,2,22.247,0.8635,0.6743,0
xfer_sink+meta+inflight,40,10,3,21.674,0.8583,0.6720,0
xfer_sink+meta+inflight,41,11,0,21.830,0.8634,0.6736,0
xfer_sink+meta+inflight,41,11,1,22.974,0.8876,0.6693,0
xfer_sink+meta+inflight,41,11,2,23.121,0.8902,0.6681,0
xfer_sink+meta+inflight,41,11,3,23.159,0.8894,0.6646,0
xfer_sink+meta+inflight,42,12,0,23.283,0.8884,0.6643,0
xfer_sink+meta+inflight,42,12,1,23.803,0.9021,0.6634,0
xfer_sink+meta+inflight,42,12,2,24.490,0.9114,0.6632,0
xfer_sink+meta+inflight,42,12,3,24.244,0.9052,0.6622,0
xfer_sink+meta+inflight,43,13,0,24.132,0.8979,0.6656,0
xfer_sink+meta+inflight,43,13,1,23.980,0.9052,0.6667,0
xfer_sink+meta+inflight,43,13,2,24.378,0.9145,0.6651,0
xfer_sink+meta+inflight,43,13,3,23.587,0.8969,0.6634,0
xfer_sink+meta+inflight,44,14,0,23.831,0.9040,0.6676,0
xfer_sink+meta+inflight,44,14,1,23.990,0.9088,0.6680,0
xfer_sink+meta+inflight,44,14,2,23.940,0.9085,0.6678,0
xfer_sink+meta+inflight,44,14,3,23.768,0.9056,0.6658,0
xfer_sink+meta+inflight,45,15,0,24.089,0.9116,0.6672,0
xfer_sink+meta+inflight,45,15,1,24.114,0.9156,0.6648,0
xfer_sink+meta+inflight,45,15,2,24.109,0.9156,0.6637,0
xfer_sink+meta+inflight,45,15,3,23.641,0.9026,0.6610,0
xfer_sink+meta+inflight,46,16,0,23.603,0.9077,0.6623,0
xfer_sink+meta+inflight,46,16,1,23.706,0.9119,0.6593,0
xfer_sink+meta+inflight,46,16,2,23.517,0.9097,0.6558,0
xfer_sink+meta+inflight,46,16,3,23.031,0.8973,0.6516,0
xfer_sink+meta+inflight,47,17,0,23.513,0.9067,0.6517,0
xfer_sink+meta+inflight,47,17,1,23.506,0.9081,0.6486,0
xfer_sink+meta+inflight,47,17,2,23.699,0.9110,0.6474,0
xfer_sink+meta+inflight,47,17,3,23.655,0.9075,0.6447,0
xfer_sink+meta+inflight,48,18,0,23.436,0.9060,0.6474,0
xfer_sink+meta+inflight,48,18,1,23.356,0.9078,0.6463,0
xfer_sink+meta+inflight,48,18,2,23.188,0.9069,0.6449,0
xfer_sink+meta+inflight,48,18,3,22.696,0.9003,0.6433,0
xfer_sink+meta+inflight,49,19,0,22.555,0.9019,0.6458,0
xfer_sink+meta+inflight,49,19,1,22.416,0.9030,0.6478,0
xfer_sink+meta+inflight,49,19,2,22.313,0.9021,0.6490,0
xfer_sink+meta+inflight,49,19,3,21.946,0.8970,0.6489,0
xfer_sink+meta+inflight,50,20,0,22.726,0.9051,0.6511,0
xfer_sink+meta+inflight,50,20,1,23.533,0.9167,0.6519,0
xfer_sink+meta+inflight,50,20,2,23.771,0.9201,0.6516,0
xfer_sink+meta+inflight,50,20,3,23.708,0.9161,0.6521,0
xfer_sink+meta+inflight,51,21,0,24.289,0.9221,0.6528,0
xfer_sink+meta+inflight,51,21,1,24.426,0.9239,0.6518,0
xfer_sink+meta+inflight,51,21,2,24.386,0.9226,0.6507,0
xfer_sink+meta+inflight,51,21,3,23.465,0.9040,0.6495,0
xfer_sink+meta+inflight,52,22,0,23.398,0.9033,0.6464,0
xfer_sink+meta+inflight,52,22,1,23.552,0.9075,0.6403,0
xfer_sink+meta+inflight,52,22,2,23.686,0.9103,0.6389,0
xfer_sink+meta+inflight,52,22,3,22.741,0.8868,0.6369,0
xfer_sink+meta+inflight,53,23,0,23.045,0.8860,0.6398,0
xfer_sink+meta+inflight,53,23,1,22.698,0.8847,0.6406,0
xfer_sink+meta+inflight,53,23,2,22.384,0.8824,0.6381,0
xfer_sink+meta+inflight,53,23,3,22.103,0.8777,0.6382,0
xfer_sink+meta+inflight,54,24,0,22.182,0.8627,0.6398,0
xfer_sink+meta+inflight,54,24,1,23.241,0.8877,0.6416,0
xfer_sink+meta+inflight,54,24,2,23.763,0.8972,0.6399,0
xfer_sink+meta+inflight,54,24,3,23.803,0.8955,0.6397,0
xfer_sink+meta+inflight,55,25,0,23.850,0.8981,0.6420,0
xfer_sink+meta+inflight,55,25,1,24.070,0.9029,0.6427,0
xfer_sink+meta+inflight,55,25,2,23.992,0.9031,0.6425,0
xfer_sink+meta+inflight,55,25,3,23.766,0.8996,0.6441,0
xfer_sink+meta+inflight,56,26,0,24.034,0.9059,0.6450,0
xfer_sink+meta+inflight,56,26,1,24.150,0.9097,0.6454,0
xfer_sink+meta+inflight,56,26,2,23.812,0.9111,0.6446,0
xfer_sink+meta+inflight,56,26,3,22.722,0.8991,0.6455,0
xfer_sink+meta+inflight,57,27,0,22.748,0.8998,0.6448,0
xfer_sink+meta+inflight,57,27,1,23.463,0.9003,0.6440,0
xfer_sink+meta+inflight,57,27,2,23.160,0.8999,0.6437,0
xfer_sink+meta+inflight,57,27,3,22.285,0.8866,0.6455,0
xfer_sink+meta+inflight,58,28,0,21.941,0.8915,0.6467,0
xfer_sink+meta+inflight,58,28,1,22.364,0.8974,0.6475,0
xfer_sink+meta+inflight,58,28,2,22.582,0.8998,0.6472,0
xfer_sink+meta+inflight,58,28,3,22.475,0.8978,0.6472,0
xfer_sink+meta+inflight,59,29,0,22.470,0.8967,0.6458,0
xfer_sink+meta+inflight,59,29,1,22.228,0.8941,0.6467,0
xfer_sink+meta+inflight,59,29,2,22.030,0.8909,0.6444,0
xfer_sink+meta+inflight,59,29,3,21.686,0.8856,0.6436,0
xfer_sink+meta+inflight,60,30,0,21.638,0.8806,0.6412,0
xfer_sink+meta+inflight,60,30,1,21.926,0.8814,0.6438,0
xfer_sink+meta+inflight,60,30,2,22.169,0.8887,0.6444,0
xfer_sink+meta+inflight,60,30,3,22.329,0.8918,0.6444,0
xfer_sink+meta+inflight,61,31,0,22.410,0.8894,0.6428,0
xfer_sink+meta+inflight,61,31,1,22.580,0.8985,0.6507,0
xfer_sink+meta+inflight,61,31,2,22.692,0.9007,0.6503,0
xfer_sink+meta+inflight,61,31,3,22.793,0.9026,0.6521,0
xfer_sink+meta+inflight,62,32,0,22.984,0.9017,0.6552,0
xfer_sink+meta+inflight,62,32,1,23.084,0.9027,0.6561,0
xfer_sink+meta+inflight,62,32,2,23.177,0.9052,0.6550,0
xfer_sink+meta+inflight,62,32,3,23.214,0.9071,0.6564,0
xfer_sink+meta+inflight,63,33,0,23.372,0.9077,0.6579,0
xfer_sink+meta+inflight,63,33,1,23.483,0.9060,0.6587,0
xfer_sink+meta+inflight,63,33,2,23.323,0.9067,0.6603,0
xfer_sink+meta+inflight,63,33,3,22.526,0.8960,0.6625,0
xfer_sink+meta+inflight,64,34,0,24.005,0.9177,0.6649,0
xfer_sink+meta+inflight,64,34,1,24.364,0.9226,0.6653,0
xfer_sink+meta+inflight,64,34,2,24.484,0.9239,0.6634,0
xfer_sink+meta+inflight,64,34,3,24.424,0.9233,0.6632,0
xfer_sink+meta+inflight,65,35,0,24.627,0.9240,0.6637,0
xfer_sink+meta+inflight,65,35,1,24.543,0.9208,0.6486,0
xfer_sink+meta+inflight,65,35,2,24.843,0.9236,0.6519,0
xfer_sink+meta+inflight,65,35,3,24.820,0.9238,0.6519,0
xfer_sink+meta+inflight,66,36,0,24.158,0.9168,0.6595,0
xfer_sink+meta+inflight,66,36,1,25.426,0.9321,0.6625,0
xfer_sink+meta+inflight,66,36,2,25.493,0.9360,0.6630,0
xfer_sink+meta+inflight,66,36,3,25.613,0.9385,0.6616,0
xfer_sink+meta+inflight,67,37,0,26.069,0.9425,0.6639,0
xfer_sink+meta+inflight,67,37,1,26.433,0.9471,0.6642,0
xfer_sink+meta+inflight,67,37,2,26.522,0.9486,0.6651,0
xfer_sink+meta+inflight,67,37,3,26.219,0.9466,0.6639,0
xfer_sink+meta+inflight,68,38,0,26.503,0.9476,0.6647,0
xfer_sink+meta+inflight,68,38,1,26.856,0.9508,0.6682,0
xfer_sink+meta+inflight,68,38,2,27.104,0.9522,0.6705,0
xfer_sink+meta+inflight,68,38,3,27.313,0.9542,0.6680,0
xfer_sink+meta+inflight,69,39,0,28.010,0.9577,0.6691,0
xfer_sink+meta+inflight,69,39,1,27.965,0.9572,0.6712,0
xfer_sink+meta+inflight,69,39,2,28.045,0.9579,0.6737,0
xfer_sink+meta+inflight,69,39,3,27.973,0.9580,0.6740,0
xfer_sink+meta,3,-27,0,99.000,,,0
xfer_sink+meta,3,-27,1,99.000,,,0
xfer_sink+meta,3,-27,2,99.000,,,0
xfer_sink+meta,3,-27,3,99.000,,,0
xfer_sink+meta,4,-26,0,99.000,,,0
xfer_sink+meta,4,-26,1,99.000,,,0
xfer_sink+meta,4,-26,2,99.000,,,0
xfer_sink+meta,4,-26,3,99.000,,,0
xfer_sink+meta,5,-25,0,99.000,,,0
xfer_sink+meta,5,-25,1,99.000,,,0
xfer_sink+meta,5,-25,2,99.000,,,0
xfer_sink+meta,5,-25,3,99.000,,,0
xfer_sink+meta,6,-24,0,99.000,,,0
xfer_sink+meta,6,-24,1,99.000,,,0
xfer_sink+meta,6,-24,2,99.000,,,0
xfer_sink+meta,6,-24,3,99.000,,,0
xfer_sink+meta,7,-23,0,99.000,,,0
xfer_sink+meta,7,-23,1,99.000,,,0
xfer_sink+meta,7,-23,2,99.000,,,0
xfer_sink+meta,7,-23,3,99.000,,,0
xfer_sink+meta,8,-22,0,99.000,,,0
xfer_sink+meta,8,-22,1,99.000,,,0
xfer_sink+meta,8,-22,2,99.000,,,0
xfer_sink+meta,8,-22,3,99.000,,,0
xfer_sink+meta,9,-21,0,99.000,,,0
xfer_sink+meta,9,-21,1,99.000,,,0
xfer_sink+meta,9,-21,2,99.000,,,0
xfer_sink+meta,9,-21,3,99.000,,,0
xfer_sink+meta,10,-20,0,99.000,,,0
xfer_sink+meta,10,-20,1,99.000,,,0
xfer_sink+meta,10,-20,2,99.000,,,0
xfer_sink+meta,10,-20,3,99.000,,,0
xfer_sink+meta,11,-19,0,99.000,,,0
xfer_sink+meta,11,-19,1,99.000,,,0
xfer_sink+meta,11,-19,2,99.000,,,0
xfer_sink+meta,11,-19,3,99.000,,,0
xfer_sink+meta,12,-18,0,99.000,,,0
xfer_sink+meta,12,-18,1,99.000,,,0
xfer_sink+meta,12,-18,2,99.000,,,0
xfer_sink+meta,12,-18,3,99.000,,,0
xfer_sink+meta,13,-17,0,99.000,,,0
xfer_sink+meta,13,-17,1,99.000,,,0
xfer_sink+meta,13,-17,2,99.000,,,0
xfer_sink+meta,13,-17,3,99.000,,,0
xfer_sink+meta,14,-16,0,99.000,,,0
xfer_sink+meta,14,-16,1,99.000,,,0
xfer_sink+meta,14,-16,2,99.000,,,0
xfer_sink+meta,14,-16,3,99.000,,,0
xfer_sink+meta,15,-15,0,99.000,,,0
xfer_sink+meta,15,-15,1,99.000,,,0
xfer_sink+meta,15,-15,2,99.000,,,0
xfer_sink+meta,15,-15,3,99.000,,,0
xfer_sink+meta,16,-14,0,99.000,,,0
xfer_sink+meta,16,-14,1,99.000,,,0
xfer_sink+meta,16,-14,2,99.000,,,0
xfer_sink+meta,16,-14,3,99.000,,,0
xfer_sink+meta,17,-13,0,99.000,,,0
xfer_sink+meta,17,-13,1,99.000,,,0
xfer_sink+meta,17,-13,2,99.000,,,0
xfer_sink+meta,17,-13,3,99.000,,,0
xfer_sink+meta,18,-12,0,99.000,,,0
xfer_sink+meta,18,-12,1,99.000,,,0
xfer_sink+meta,18,-12,2,99.000,,,0
xfer_sink+meta,18,-12,3,99.000,,,0
xfer_sink+meta,19,-11,0,99.000,,,0
xfer_sink+meta,19,-11,1,99.000,,,0
xfer_sink+meta,19,-11,2,99.000,,,0
xfer_sink+meta,19,-11,3,99.000,,,0
xfer_sink+meta,20,-10,0,99.000,,,0
xfer_sink+meta,20,-10,1,99.000,,,0
xfer_sink+meta,20,-10,2,99.000,,,0
xfer_sink+meta,20,-10,3,99.000,,,0
xfer_sink+meta,21,-9,0,99.000,,,0
xfer_sink+meta,21,-9,1,99.000,,,0
xfer_sink+meta,21,-9,2,99.000,,,0
xfer_sink+meta,21,-9,3,99.000,,,0
xfer_sink+meta,22,-8,0,99.000,,,0
xfer_sink+meta,22,-8,1,99.000,,,0
xfer_sink+meta,22,-8,2,99.000,,,0
xfer_sink+meta,22,-8,3,99.000,,,0
xfer_sink+meta,23,-7,0,99.000,,,0
xfer_sink+meta,23,-7,1,99.000,,,0
xfer_sink+meta,23,-7,2,99.000,,,0
xfer_sink+meta,23,-7,3,99.000,,,0
xfer_sink+meta,24,-6,0,99.000,,,0
xfer_sink+meta,24,-6,1,99.000,,,0
xfer_sink+meta,24,-6,2,99.000,,,0
xfer_sink+meta,24,-6,3,99.000,,,0
xfer_sink+meta,25,-5,0,99.000,,,0
xfer_sink+meta,25,-5,1,99.000,,,0
xfer_sink+meta,25,-5,2,99.000,,,0
xfer_sink+meta,25,-5,3,99.000,,,0
xfer_sink+meta,26,-4,0,99.000,,,0
xfer_sink+meta,26,-4,1,99.000,,,0
xfer_sink+meta,26,-4,2,99.000,,,0
xfer_sink+meta,26,-4,3,99.000,,,0
xfer_sink+meta,27,-3,0,99.000,,,0
xfer_sink+meta,27,-3,1,99.000,,,0
xfer_sink+meta,27,-3,2,99.000,,,0
xfer_sink+meta,27,-3,3,99.000,,,0
xfer_sink+meta,28,-2,0,99.000,,,0
xfer_sink+meta,28,-2,1,99.000,,,0
xfer_sink+meta,28,-2,2,99.000,,,0
xfer_sink+meta,28,-2,3,99.000,,,0
xfer_sink+meta,29,-1,0,99.000,,,0
xfer_sink+meta,29,-1,1,99.000,,,0
xfer_sink+meta,29,-1,2,99.000,,,0
xfer_sink+meta,29,-1,3,99.000,,,0
xfer_sink+meta,30,0,0,12.640,0.3978,0.4320,0
xfer_sink+meta,30,0,1,12.620,0.3893,0.4242,0
xfer_sink+meta,30,0,2,12.473,0.5025,0.5459,0
xfer_sink+meta,30,0,3,12.368,0.5211,0.5649,0
xfer_sink+meta,31,1,0,12.664,0.5585,0.6017,0
xfer_sink+meta,31,1,1,12.757,0.5366,0.5775,0
xfer_sink+meta,31,1,2,12.827,0.5420,0.5816,0
xfer_sink+meta,31,1,3,12.886,0.5578,0.6048,0
xfer_sink+meta,32,2,0,13.194,0.5453,0.5818,0
xfer_sink+meta,32,2,1,13.470,0.5636,0.5951,0
xfer_sink+meta,32,2,2,13.666,0.5789,0.6097,0
xfer_sink+meta,32,2,3,13.780,0.6143,0.6476,0
xfer_sink+meta,33,3,0,15.893,0.7478,0.6628,0
xfer_sink+meta,33,3,1,17.163,0.7413,0.6485,0
xfer_sink+meta,33,3,2,16.999,0.7402,0.6409,0
xfer_sink+meta,33,3,3,17.348,0.7394,0.6407,0
xfer_sink+meta,34,4,0,17.295,0.7498,0.6339,0
xfer_sink+meta,34,4,1,17.254,0.7600,0.6391,0
xfer_sink+meta,34,4,2,17.594,0.7730,0.6399,0
xfer_sink+meta,34,4,3,17.562,0.7718,0.6386,0
xfer_sink+meta,35,5,0,17.712,0.7770,0.6419,0
xfer_sink+meta,35,5,1,18.187,0.7929,0.6459,0
xfer_sink+meta,35,5,2,18.263,0.7971,0.6466,0
xfer_sink+meta,35,5,3,18.174,0.7955,0.6482,0
xfer_sink+meta,36,6,0,18.474,0.8023,0.6548,0
xfer_sink+meta,36,6,1,18.692,0.8074,0.6600,0
xfer_sink+meta,36,6,2,18.786,0.8119,0.6630,0
xfer_sink+meta,36,6,3,18.802,0.8096,0.6658,0
xfer_sink+meta,37,7,0,19.117,0.8152,0.6717,0
xfer_sink+meta,37,7,1,19.841,0.8221,0.6770,0
xfer_sink+meta,37,7,2,19.649,0.8255,0.6785,0
xfer_sink+meta,37,7,3,19.723,0.8239,0.6799,0
xfer_sink+meta,38,8,0,20.348,0.8281,0.6841,0
xfer_sink+meta,38,8,1,20.630,0.8370,0.6836,0
xfer_sink+meta,38,8,2,20.790,0.8403,0.6844,0
xfer_sink+meta,38,8,3,20.761,0.8407,0.6833,0
xfer_sink+meta,39,9,0,21.159,0.8441,0.6830,0
xfer_sink+meta,39,9,1,21.466,0.8512,0.6816,0
xfer_sink+meta,39,9,2,21.638,0.8564,0.6813,0
xfer_sink+meta,39,9,3,21.547,0.8516,0.6797,0
xfer_sink+meta,40,10,0,21.801,0.8535,0.6800,0
xfer_sink+meta,40,10,1,21.913,0.8521,0.6781,0
xfer_sink+meta,40,10,2,21.631,0.8512,0.6753,0
xfer_sink+meta,40,10,3,21.136,0.8445,0.6722,0
xfer_sink+meta,41,11,0,20.853,0.8440,0.6731,0
xfer_sink+meta,41,11,1,22.021,0.8683,0.6695,0
xfer_sink+meta,41,11,2,22.120,0.8705,0.6683,0
xfer_sink+meta,41,11,3,22.289,0.8704,0.6649,0
xfer_sink+meta,42,12,0,22.135,0.8642,0.6648,0
xfer_sink+meta,42,12,1,22.891,0.8812,0.6640,0
xfer_sink+meta,42,12,2,23.742,0.8954,0.6630,0
xfer_sink+meta,42,12,3,23.637,0.8905,0.6627,0
xfer_sink+meta,43,13,0,23.705,0.8885,0.6658,0
xfer_sink+meta,43,13,1,23.181,0.8898,0.6669,0
xfer_sink+meta,43,13,2,22.757,0.8857,0.6653,0
xfer_sink+meta,43,13,3,22.615,0.8814,0.6636,0
xfer_sink+meta,44,14,0,23.648,0.8974,0.6667,0
xfer_sink+meta,44,14,1,23.712,0.9020,0.6667,0
xfer_sink+meta,44,14,2,23.655,0.9019,0.6659,0
xfer_sink+meta,44,14,3,23.456,0.8990,0.6635,0
xfer_sink+meta,45,15,0,23.604,0.9035,0.6650,0
xfer_sink+meta,45,15,1,23.339,0.9026,0.6629,0
xfer_sink+meta,45,15,2,23.368,0.9035,0.6620,0
xfer_sink+meta,45,15,3,23.174,0.8957,0.6599,0
xfer_sink+meta,46,16,0,22.928,0.8948,0.6612,0
xfer_sink+meta,46,16,1,22.881,0.8933,0.6587,0
xfer_sink+meta,46,16,2,22.696,0.8906,0.6556,0
xfer_sink+meta,46,16,3,22.484,0.8831,0.6509,0
xfer_sink+meta,47,17,0,22.724,0.8868,0.6514,0
xfer_sink+meta,47,17,1,22.709,0.8862,0.6481,0
xfer_sink+meta,47,17,2,22.701,0.8868,0.6468,0
xfer_sink+meta,47,17,3,22.546,0.8809,0.6446,0
xfer_sink+meta,48,18,0,23.011,0.8921,0.6475,0
xfer_sink+meta,48,18,1,23.070,0.8982,0.6468,0
xfer_sink+meta,48,18,2,22.981,0.8992,0.6456,0
xfer_sink+meta,48,18,3,22.495,0.8927,0.6445,0
xfer_sink+meta,49,19,0,22.390,0.8944,0.6466,0
xfer_sink+meta,49,19,1,22.345,0.8971,0.6485,0
xfer_sink+meta,49,19,2,22.283,0.8965,0.6496,0
xfer_sink+meta,49,19,3,21.869,0.8903,0.6493,0
xfer_sink+meta,50,20,0,22.556,0.8974,0.6512,0
xfer_sink+meta,50,20,1,23.141,0.9062,0.6529,0
xfer_sink+meta,50,20,2,23.141,0.9077,0.6525,0
xfer_sink+meta,50,20,3,23.204,0.9080,0.6528,0
xfer_sink+meta,51,21,0,24.063,0.9181,0.6541,0
xfer_sink+meta,51,21,1,24.409,0.9228,0.6539,0
xfer_sink+meta,51,21,2,24.523,0.9244,0.6537,0
xfer_sink+meta,51,21,3,23.959,0.9136,0.6533,0
xfer_sink+meta,52,22,0,23.948,0.9115,0.6504,0
xfer_sink+meta,52,22,1,23.937,0.9101,0.6447,0
xfer_sink+meta,52,22,2,24.067,0.9158,0.6436,0
xfer_sink+meta,52,22,3,22.863,0.8838,0.6425,0
xfer_sink+meta,53,23,0,23.549,0.8907,0.6452,0
xfer_sink+meta,53,23,1,23.009,0.8879,0.6456,0
xfer_sink+meta,53,23,2,22.954,0.8899,0.6428,0
xfer_sink+meta,53,23,3,22.708,0.8839,0.6426,0
xfer_sink+meta,54,24,0,23.251,0.8844,0.6432,0
xfer_sink+meta,54,24,1,23.980,0.8975,0.6450,0
xfer_sink+meta,54,24,2,24.086,0.9005,0.6431,0
xfer_sink+meta,54,24,3,23.933,0.8966,0.6430,0
xfer_sink+meta,55,25,0,24.350,0.9026,0.6448,0
xfer_sink+meta,55,25,1,24.469,0.9050,0.6450,0
xfer_sink+meta,55,25,2,24.344,0.9029,0.6438,0
xfer_sink+meta,55,25,3,24.202,0.8998,0.6449,0
xfer_sink+meta,56,26,0,23.956,0.8999,0.6458,0
xfer_sink+meta,56,26,1,24.106,0.9038,0.6462,0
xfer_sink+meta,56,26,2,23.889,0.9045,0.6451,0
xfer_sink+meta,56,26,3,22.250,0.8885,0.6465,0
xfer_sink+meta,57,27,0,22.008,0.8855,0.6451,0
xfer_sink+meta,57,27,1,22.670,0.8830,0.6436,0
xfer_sink+meta,57,27,2,22.330,0.8793,0.6435,0
xfer_sink+meta,57,27,3,21.553,0.8689,0.6455,0
xfer_sink+meta,58,28,0,21.159,0.8707,0.6468,0
xfer_sink+meta,58,28,1,21.364,0.8735,0.6479,0
xfer_sink+meta,58,28,2,21.337,0.8726,0.6475,0
xfer_sink+meta,58,28,3,21.024,0.8665,0.6477,0
xfer_sink+meta,59,29,0,20.917,0.8644,0.6461,0
xfer_sink+meta,59,29,1,20.628,0.8619,0.6470,0
xfer_sink+meta,59,29,2,20.460,0.8588,0.6447,0
xfer_sink+meta,59,29,3,20.073,0.8511,0.6437,0
xfer_sink+meta,60,30,0,19.996,0.8454,0.6412,0
xfer_sink+meta,60,30,1,20.205,0.8462,0.6443,0
xfer_sink+meta,60,30,2,20.443,0.8544,0.6442,0
xfer_sink+meta,60,30,3,20.496,0.8554,0.6444,0
xfer_sink+meta,61,31,0,20.812,0.8581,0.6423,0
xfer_sink+meta,61,31,1,20.968,0.8708,0.6496,0
xfer_sink+meta,61,31,2,21.161,0.8756,0.6494,0
xfer_sink+meta,61,31,3,21.192,0.8762,0.6513,0
xfer_sink+meta,62,32,0,21.344,0.8754,0.6535,0
xfer_sink+meta,62,32,1,21.460,0.8786,0.6546,0
xfer_sink+meta,62,32,2,21.483,0.8806,0.6535,0
xfer_sink+meta,62,32,3,21.474,0.8819,0.6552,0
xfer_sink+meta,63,33,0,21.734,0.8840,0.6565,0
xfer_sink+meta,63,33,1,21.864,0.8796,0.6578,0
xfer_sink+meta,63,33,2,21.642,0.8784,0.6597,0
xfer_sink+meta,63,33,3,21.116,0.8691,0.6614,0
xfer_sink+meta,64,34,0,22.144,0.8893,0.6654,0
xfer_sink+meta,64,34,1,22.438,0.8953,0.6666,0
xfer_sink+meta,64,34,2,22.467,0.8958,0.6648,0
xfer_sink+meta,64,34,3,22.417,0.8948,0.6647,0
xfer_sink+meta,65,35,0,22.616,0.8941,0.6647,0
xfer_sink+meta,65,35,1,22.263,0.8868,0.6510,0
xfer_sink+meta,65,35,2,22.547,0.8917,0.6549,0
xfer_sink+meta,65,35,3,22.553,0.8929,0.6553,0
xfer_sink+meta,66,36,0,22.042,0.8845,0.6621,0
xfer_sink+meta,66,36,1,22.829,0.8965,0.6642,0
xfer_sink+meta,66,36,2,23.180,0.9056,0.6637,0
xfer_sink+meta,66,36,3,23.075,0.9047,0.6625,0
xfer_sink+meta,67,37,0,23.504,0.9110,0.6640,0
xfer_sink+meta,67,37,1,24.137,0.9220,0.6641,0
xfer_sink+meta,67,37,2,24.369,0.9261,0.6648,0
xfer_sink+meta,67,37,3,24.169,0.9239,0.6632,0
xfer_sink+meta,68,38,0,24.413,0.9261,0.6644,0
xfer_sink+meta,68,38,1,24.699,0.9309,0.6683,0
xfer_sink+meta,68,38,2,25.004,0.9344,0.6706,0
xfer_sink+meta,68,38,3,25.151,0.9363,0.6681,0
xfer_sink+meta,69,39,0,25.750,0.9401,0.6695,0
xfer_sink+meta,69,39,1,26.106,0.9442,0.6712,0
xfer_sink+meta,69,39,2,26.116,0.9455,0.6734,0
xfer_sink+meta,69,39,3,26.059,0.9453,0.6739,0
xfer_meta+inflight,3,-27,0,99.000,,,0
xfer_meta+inflight,3,-27,1,99.000,,,0
xfer_meta+inflight,3,-27,2,99.000,,,0
xfer_meta+inflight,3,-27,3,99.000,,,0
xfer_meta+inflight,4,-26,0,99.000,,,0
xfer_meta+inflight,4,-26,1,99.000,,,0
xfer_meta+inflight,4,-26,2,99.000,,,0
xfer_meta+inflight,4,-26,3,99.000,,,0
xfer_meta+inflight,5,-25,0,99.000,,,0
xfer_meta+inflight,5,-25,1,99.000,,,0
xfer_meta+inflight,5,-25,2,99.000,,,0
xfer_meta+inflight,5,-25,3,99.000,,,0
xfer_meta+inflight,6,-24,0,99.000,,,0
xfer_meta+inflight,6,-24,1,99.000,,,0
xfer_meta+inflight,6,-24,2,99.000,,,0
xfer_meta+inflight,6,-24,3,99.000,,,0
xfer_meta+inflight,7,-23,0,99.000,,,0
xfer_meta+inflight,7,-23,1,99.000,,,0
xfer_meta+inflight,7,-23,2,99.000,,,0
xfer_meta+inflight,7,-23,3,99.000,,,0
xfer_meta+inflight,8,-22,0,99.000,,,0
xfer_meta+inflight,8,-22,1,99.000,,,0
xfer_meta+inflight,8,-22,2,99.000,,,0
xfer_meta+inflight,8,-22,3,99.000,,,0
xfer_meta+inflight,9,-21,0,99.000,,,0
xfer_meta+inflight,9,-21,1,99.000,,,0
xfer_meta+inflight,9,-21,2,99.000,,,0
xfer_meta+inflight,9,-21,3,99.000,,,0
xfer_meta+inflight,10,-20,0,99.000,,,0
xfer_meta+inflight,10,-20,1,99.000,,,0
xfer_meta+inflight,10,-20,2,99.000,,,0
xfer_meta+inflight,10,-20,3,99.000,,,0
xfer_meta+inflight,11,-19,0,99.000,,,0
xfer_meta+inflight,11,-19,1,99.000,,,0
xfer_meta+inflight,11,-19,2,99.000,,,0
xfer_meta+inflight,11,-19,3,99.000,,,0
xfer_meta+inflight,12,-18,0,99.000,,,0
xfer_meta+inflight,12,-18,1,99.000,,,0
xfer_meta+inflight,12,-18,2,99.000,,,0
xfer_meta+inflight,12,-18,3,99.000,,,0
xfer_meta+inflight,13,-17,0,99.000,,,0
xfer_meta+inflight,13,-17,1,99.000,,,0
xfer_meta+inflight,13,-17,2,99.000,,,0
xfer_meta+inflight,13,-17,3,99.000,,,0
xfer_meta+inflight,14,-16,0,99.000,,,0
xfer_meta+inflight,14,-16,1,99.000,,,0
xfer_meta+inflight,14,-16,2,99.000,,,0
xfer_meta+inflight,14,-16,3,99.000,,,0
xfer_meta+inflight,15,-15,0,99.000,,,0
xfer_meta+inflight,15,-15,1,99.000,,,0
xfer_meta+inflight,15,-15,2,99.000,,,0
xfer_meta+inflight,15,-15,3,99.000,,,0
xfer_meta+inflight,16,-14,0,99.000,,,0
xfer_meta+inflight,16,-14,1,99.000,,,0
xfer_meta+inflight,16,-14,2,99.000,,,0
xfer_meta+inflight,16,-14,3,99.000,,,0
xfer_meta+inflight,17,-13,0,99.000,,,0
xfer_meta+inflight,17,-13,1,99.000,,,0
xfer_meta+inflight,17,-13,2,99.000,,,0
xfer_meta+inflight,17,-13,3,99.000,,,0
xfer_meta+inflight,18,-12,0,99.000,,,0
xfer_meta+inflight,18,-12,1,99.000,,,0
xfer_meta+inflight,18,-12,2,99.000,,,0
xfer_meta+inflight,18,-12,3,99.000,,,0
xfer_meta+inflight,19,-11,0,99.000,,,0
xfer_meta+inflight,19,-11,1,99.000,,,0
xfer_meta+inflight,19,-11,2,99.000,,,0
xfer_meta+inflight,19,-11,3,99.000,,,0
xfer_meta+inflight,20,-10,0,99.000,,,0
xfer_meta+inflight,20,-10,1,99.000,,,0
xfer_meta+inflight,20,-10,2,99.000,,,0
xfer_meta+inflight,20,-10,3,99.000,,,0
xfer_meta+inflight,21,-9,0,99.000,,,0
xfer_meta+inflight,21,-9,1,99.000,,,0
xfer_meta+inflight,21,-9,2,99.000,,,0
xfer_meta+inflight,21,-9,3,99.000,,,0
xfer_meta+inflight,22,-8,0,99.000,,,0
xfer_meta+inflight,22,-8,1,99.000,,,0
xfer_meta+inflight,22,-8,2,99.000,,,0
xfer_meta+inflight,22,-8,3,99.000,,,0
xfer_meta+inflight,23,-7,0,99.000,,,0
xfer_meta+inflight,23,-7,1,99.000,,,0
xfer_meta+inflight,23,-7,2,99.000,,,0
xfer_meta+inflight,23,-7,3,99.000,,,0
xfer_meta+inflight,24,-6,0,99.000,,,0
xfer_meta+inflight,24,-6,1,99.000,,,0
xfer_meta+inflight,24,-6,2,99.000,,,0
xfer_meta+inflight,24,-6,3,99.000,,,0
xfer_meta+inflight,25,-5,0,99.000,,,0
xfer_meta+inflight,25,-5,1,99.000,,,0
xfer_meta+inflight,25,-5,2,99.000,,,0
xfer_meta+inflight,25,-5,3,99.000,,,0
xfer_meta+inflight,26,-4,0,99.000,,,0
xfer_meta+inflight,26,-4,1,99.000,,,0
xfer_meta+inflight,26,-4,2,99.000,,,0
xfer_meta+inflight,26,-4,3,99.000,,,0
xfer_meta+inflight,27,-3,0,99.000,,,0
xfer_meta+inflight,27,-3,1,99.000,,,0
xfer_meta+inflight,27,-3,2,99.000,,,0
xfer_meta+inflight,27,-3,3,99.000,,,0
xfer_meta+inflight,28,-2,0,99.000,,,0
xfer_meta+inflight,28,-2,1,99.000,,,0
xfer_meta+inflight,28,-2,2,99.000,,,0
xfer_meta+inflight,28,-2,3,99.000,,,0
xfer_meta+inflight,29,-1,0,99.000,,,0
xfer_meta+inflight,29,-1,1,99.000,,,0
xfer_meta+inflight,29,-1,2,99.000,,,0
xfer_meta+inflight,29,-1,3,99.000,,,0
xfer_meta+inflight,30,0,0,14.485,0.7173,0.6012,0
xfer_meta+inflight,30,0,1,13.300,0.7113,0.6042,0
xfer_meta+inflight,30,0,2,14.312,0.7377,0.6095,0
xfer_meta+inflight,30,0,3,15.175,0.7592,0.6155,0
xfer_meta+inflight,31,1,0,18.098,0.7922,0.6571,0
xfer_meta+inflight,31,1,1,18.009,0.7903,0.6659,0
xfer_meta+inflight,31,1,2,18.357,0.7934,0.6701,0
xfer_meta+inflight,31,1,3,17.584,0.7664,0.6742,0
xfer_meta+inflight,32,2,0,18.157,0.7690,0.6892,0
xfer_meta+inflight,32,2,1,15.899,0.7374,0.6974,0
xfer_meta+inflight,32,2,2,16.434,0.7532,0.7084,0
xfer_meta+inflight,32,2,3,16.259,0.7406,0.7015,0
xfer_meta+inflight,33,3,0,14.393,0.7314,0.7002,0
xfer_meta+inflight,33,3,1,13.838,0.7014,0.6968,0
xfer_meta+inflight,33,3,2,14.475,0.7045,0.6964,0
xfer_meta+inflight,33,3,3,14.081,0.6971,0.6865,0
xfer_meta+inflight,34,4,0,14.161,0.6936,0.6852,0
xfer_meta+inflight,34,4,1,14.920,0.6970,0.6915,0
xfer_meta+inflight,34,4,2,15.058,0.6980,0.6906,0
xfer_meta+inflight,34,4,3,15.054,0.6962,0.6862,0
xfer_meta+inflight,35,5,0,15.290,0.6975,0.6886,0
xfer_meta+inflight,35,5,1,15.476,0.6980,0.6911,0
xfer_meta+inflight,35,5,2,15.544,0.6995,0.6916,0
xfer_meta+inflight,35,5,3,15.529,0.6976,0.6922,0
xfer_meta+inflight,36,6,0,15.791,0.7024,0.6939,0
xfer_meta+inflight,36,6,1,15.895,0.7031,0.6951,0
xfer_meta+inflight,36,6,2,15.950,0.7034,0.6951,0
xfer_meta+inflight,36,6,3,15.871,0.6984,0.6938,0
xfer_meta+inflight,37,7,0,16.072,0.7022,0.6937,0
xfer_meta+inflight,37,7,1,16.285,0.7055,0.6939,0
xfer_meta+inflight,37,7,2,16.093,0.7021,0.6914,0
xfer_meta+inflight,37,7,3,16.056,0.7004,0.6916,0
xfer_meta+inflight,38,8,0,16.246,0.7060,0.6950,0
xfer_meta+inflight,38,8,1,16.273,0.7125,0.6994,0
xfer_meta+inflight,38,8,2,16.247,0.7133,0.6999,0
xfer_meta+inflight,38,8,3,16.206,0.7130,0.6983,0
xfer_meta+inflight,39,9,0,16.260,0.7150,0.6987,0
xfer_meta+inflight,39,9,1,16.171,0.7136,0.6984,0
xfer_meta+inflight,39,9,2,16.165,0.7115,0.6983,0
xfer_meta+inflight,39,9,3,16.139,0.7101,0.6968,0
xfer_meta+inflight,40,10,0,16.186,0.7113,0.7014,0
xfer_meta+inflight,40,10,1,16.231,0.7115,0.7029,0
xfer_meta+inflight,40,10,2,16.324,0.7114,0.7025,0
xfer_meta+inflight,40,10,3,16.180,0.7047,0.7002,0
xfer_meta+inflight,41,11,0,15.952,0.7075,0.7030,0
xfer_meta+inflight,41,11,1,15.948,0.7089,0.7019,0
xfer_meta+inflight,41,11,2,15.937,0.7138,0.6985,0
xfer_meta+inflight,41,11,3,15.870,0.7127,0.6951,0
xfer_meta+inflight,42,12,0,16.035,0.7142,0.6963,0
xfer_meta+inflight,42,12,1,16.173,0.7177,0.6963,0
xfer_meta+inflight,42,12,2,16.193,0.7202,0.6974,0
xfer_meta+inflight,42,12,3,16.166,0.7173,0.6972,0
xfer_meta+inflight,43,13,0,16.287,0.7180,0.7013,0
xfer_meta+inflight,43,13,1,16.345,0.7179,0.7036,0
xfer_meta+inflight,43,13,2,16.413,0.7194,0.7004,0
xfer_meta+inflight,43,13,3,16.396,0.7177,0.6955,0
xfer_meta+inflight,44,14,0,16.505,0.7197,0.7005,0
xfer_meta+inflight,44,14,1,16.499,0.7215,0.7002,0
xfer_meta+inflight,44,14,2,16.524,0.7213,0.6987,0
xfer_meta+inflight,44,14,3,16.500,0.7205,0.6949,0
xfer_meta+inflight,45,15,0,16.168,0.7163,0.7007,0
xfer_meta+inflight,45,15,1,15.948,0.7096,0.7002,0
xfer_meta+inflight,45,15,2,15.900,0.7085,0.6978,0
xfer_meta+inflight,45,15,3,15.875,0.7104,0.6933,0
xfer_meta+inflight,46,16,0,15.812,0.7114,0.6993,0
xfer_meta+inflight,46,16,1,15.609,0.7080,0.6952,0
xfer_meta+inflight,46,16,2,15.537,0.7077,0.6887,0
xfer_meta+inflight,46,16,3,15.462,0.7081,0.6793,0
xfer_meta+inflight,47,17,0,15.410,0.7091,0.6849,0
xfer_meta+inflight,47,17,1,15.218,0.7045,0.6836,0
xfer_meta+inflight,47,17,2,15.160,0.7026,0.6834,0
xfer_meta+inflight,47,17,3,15.083,0.6985,0.6818,0
xfer_meta+inflight,48,18,0,15.111,0.6984,0.6844,0
xfer_meta+inflight,48,18,1,15.068,0.6962,0.6834,0
xfer_meta+inflight,48,18,2,15.059,0.6948,0.6805,0
xfer_meta+inflight,48,18,3,15.019,0.6926,0.6792,0
xfer_meta+inflight,49,19,0,15.145,0.6939,0.6846,0
xfer_meta+inflight,49,19,1,15.213,0.6938,0.6880,0
xfer_meta+inflight,49,19,2,15.270,0.6934,0.6902,0
xfer_meta+inflight,49,19,3,15.294,0.6915,0.6916,0
xfer_meta+inflight,50,20,0,15.526,0.6975,0.6971,0
xfer_meta+inflight,50,20,1,15.821,0.7010,0.6989,0
xfer_meta+inflight,50,20,2,15.869,0.7019,0.6981,0
xfer_meta+inflight,50,20,3,15.853,0.7007,0.6983,0
xfer_meta+inflight,51,21,0,16.018,0.7005,0.7019,0
xfer_meta+inflight,51,21,1,16.084,0.6996,0.7030,0
xfer_meta+inflight,51,21,2,16.091,0.6975,0.7029,0
xfer_meta+inflight,51,21,3,15.995,0.6909,0.7038,0
xfer_meta+inflight,52,22,0,15.970,0.6890,0.7017,0
xfer_meta+inflight,52,22,1,15.863,0.6872,0.7012,0
xfer_meta+inflight,52,22,2,15.649,0.6858,0.6985,0
xfer_meta+inflight,52,22,3,15.551,0.6795,0.6989,0
xfer_meta+inflight,53,23,0,15.709,0.6820,0.6989,0
xfer_meta+inflight,53,23,1,15.905,0.6892,0.7039,0
xfer_meta+inflight,53,23,2,15.845,0.6905,0.7043,0
xfer_meta+inflight,53,23,3,15.826,0.6921,0.7059,0
xfer_meta+inflight,54,24,0,15.908,0.6944,0.7077,0
xfer_meta+inflight,54,24,1,15.806,0.6963,0.7107,0
xfer_meta+inflight,54,24,2,15.787,0.6972,0.7112,0
xfer_meta+inflight,54,24,3,15.774,0.6981,0.7109,0
xfer_meta+inflight,55,25,0,15.835,0.7009,0.7112,0
xfer_meta+inflight,55,25,1,15.857,0.7032,0.7117,0
xfer_meta+inflight,55,25,2,15.859,0.7028,0.7096,0
xfer_meta+inflight,55,25,3,15.833,0.7022,0.7092,0
xfer_meta+inflight,56,26,0,15.866,0.7046,0.7141,0
xfer_meta+inflight,56,26,1,15.777,0.7047,0.7167,0
xfer_meta+inflight,56,26,2,15.768,0.7048,0.7164,0
xfer_meta+inflight,56,26,3,15.726,0.7044,0.7179,0
xfer_meta+inflight,57,27,0,15.775,0.7039,0.7132,0
xfer_meta+inflight,57,27,1,15.778,0.7018,0.7107,0
xfer_meta+inflight,57,27,2,15.335,0.6927,0.7076,0
xfer_meta+inflight,57,27,3,15.067,0.6911,0.7069,0
xfer_meta+inflight,58,28,0,15.241,0.6956,0.7084,0
xfer_meta+inflight,58,28,1,15.303,0.7011,0.7098,0
xfer_meta+inflight,58,28,2,15.340,0.7018,0.7066,0
xfer_meta+inflight,58,28,3,15.323,0.7003,0.7048,0
xfer_meta+inflight,59,29,0,15.287,0.7012,0.7017,0
xfer_meta+inflight,59,29,1,15.287,0.7015,0.7008,0
xfer_meta+inflight,59,29,2,15.292,0.7005,0.6956,0
xfer_meta+inflight,59,29,3,15.277,0.6994,0.6933,0
xfer_meta+inflight,60,30,0,15.346,0.6994,0.6912,0
xfer_meta+inflight,60,30,1,15.333,0.7043,0.6992,0
xfer_meta+inflight,60,30,2,15.477,0.7064,0.6980,0
xfer_meta+inflight,60,30,3,15.419,0.6959,0.6940,0
xfer_meta+inflight,61,31,0,15.354,0.6939,0.6910,0
xfer_meta+inflight,61,31,1,15.392,0.7028,0.7044,0
xfer_meta+inflight,61,31,2,15.531,0.7108,0.7013,0
xfer_meta+inflight,61,31,3,15.545,0.7109,0.7004,0
xfer_meta+inflight,62,32,0,15.659,0.7181,0.7084,0
xfer_meta+inflight,62,32,1,15.674,0.7210,0.7095,0
xfer_meta+inflight,62,32,2,15.659,0.7206,0.7072,0
xfer_meta+inflight,62,32,3,15.646,0.7195,0.7067,0
xfer_meta+inflight,63,33,0,15.677,0.7185,0.7092,0
xfer_meta+inflight,63,33,1,15.669,0.7135,0.7099,0
xfer_meta+inflight,63,33,2,15.568,0.7139,0.7132,0
xfer_meta+inflight,63,33,3,15.523,0.7071,0.7133,0
xfer_meta+inflight,64,34,0,15.420,0.7076,0.7183,0
xfer_meta+inflight,64,34,1,15.340,0.7087,0.7155,0
xfer_meta+inflight,64,34,2,15.293,0.7059,0.7129,0
xfer_meta+inflight,64,34,3,15.261,0.7045,0.7128,0
xfer_meta+inflight,65,35,0,15.342,0.7052,0.7107,0
xfer_meta+inflight,65,35,1,14.594,0.6838,0.6764,0
xfer_meta+inflight,65,35,2,14.654,0.6857,0.6810,0
xfer_meta+inflight,65,35,3,14.628,0.6856,0.6823,0
xfer_meta+inflight,66,36,0,14.617,0.6888,0.6998,0
xfer_meta+inflight,66,36,1,14.549,0.6918,0.7017,0
xfer_meta+inflight,66,36,2,14.578,0.6938,0.7033,0
xfer_meta+inflight,66,36,3,14.541,0.6926,0.7024,0
xfer_meta+inflight,67,37,0,14.638,0.6972,0.7087,0
xfer_meta+inflight,67,37,1,14.739,0.7039,0.7116,0
xfer_meta+inflight,67,37,2,14.785,0.7057,0.7127,0
xfer_meta+inflight,67,37,3,14.818,0.7072,0.7122,0
xfer_meta+inflight,68,38,0,14.976,0.7091,0.7188,0
xfer_meta+inflight,68,38,1,15.354,0.7197,0.7201,0
xfer_meta+inflight,68,38,2,15.457,0.7239,0.7215,0
xfer_meta+inflight,68,38,3,15.475,0.7233,0.7210,0
xfer_meta+inflight,69,39,0,15.698,0.7244,0.7247,0
xfer_meta+inflight,69,39,1,15.777,0.7266,0.7274,0
xfer_meta+inflight,69,39,2,15.823,0.7269,0.7296,0
xfer_meta+inflight,69,39,3,15.821,0.7251,0.7315,0
drop_inflight,3,-27,0,99.000,,,0
drop_inflight,3,-27,1,99.000,,,0
drop_inflight,3,-27,2,99.000,,,0
drop_inflight,3,-27,3,99.000,,,0
drop_inflight,4,-26,0,99.000,,,0
drop_inflight,4,-26,1,99.000,,,0
drop_inflight,4,-26,2,99.000,,,0
drop_inflight,4,-26,3,99.000,,,0
drop_inflight,5,-25,0,99.000,,,0
drop_inflight,5,-25,1,99.000,,,0
drop_inflight,5,-25,2,99.000,,,0
drop_inflight,5,-25,3,99.000,,,0
drop_inflight,6,-24,0,99.000,,,0
drop_inflight,6,-24,1,99.000,,,0
drop_inflight,6,-24,2,99.000,,,0
drop_inflight,6,-24,3,99.000,,,0
drop_inflight,7,-23,0,99.000,,,0
drop_inflight,7,-23,1,99.000,,,0
drop_inflight,7,-23,2,99.000,,,0
drop_inflight,7,-23,3,99.000,,,0
drop_inflight,8,-22,0,99.000,,,0
drop_inflight,8,-22,1,99.000,,,0
drop_inflight,8,-22,2,99.000,,,0
drop_inflight,8,-22,3,99.000,,,0
drop_inflight,9,-21,0,99.000,,,0
drop_inflight,9,-21,1,99.000,,,0
drop_inflight,9,-21,2,99.000,,,0
drop_inflight,9,-21,3,99.000,,,0
drop_inflight,10,-20,0,99.000,,,0
drop_inflight,10,-20,1,99.000,,,0
drop_inflight,10,-20,2,99.000,,,0
drop_inflight,10,-20,3,99.000,,,0
drop_inflight,11,-19,0,99.000,,,0
drop_inflight,11,-19,1,99.000,,,0
drop_inflight,11,-19,2,99.000,,,0
drop_inflight,11,-19,3,99.000,,,0
drop_inflight,12,-18,0,99.000,,,0
drop_inflight,12,-18,1,99.000,,,0
drop_inflight,12,-18,2,99.000,,,0
drop_inflight,12,-18,3,99.000,,,0
drop_inflight,13,-17,0,99.000,,,0
drop_inflight,13,-17,1,99.000,,,0
drop_inflight,13,-17,2,99.000,,,0
drop_inflight,13,-17,3,99.000,,,0
drop_inflight,14,-16,0,99.000,,,0
drop_inflight,14,-16,1,99.000,,,0
drop_inflight,14,-16,2,99.000,,,0
drop_inflight,14,-16,3,99.000,,,0
drop_inflight,15,-15,0,99.000,,,0
drop_inflight,15,-15,1,99.000,,,0
drop_inflight,15,-15,2,99.000,,,0
drop_inflight,15,-15,3,99.000,,,0
drop_inflight,16,-14,0,99.000,,,0
drop_inflight,16,-14,1,99.000,,,0
drop_inflight,16,-14,2,99.000,,,0
drop_inflight,16,-14,3,99.000,,,0
drop_inflight,17,-13,0,99.000,,,0
drop_inflight,17,-13,1,99.000,,,0
drop_inflight,17,-13,2,99.000,,,0
drop_inflight,17,-13,3,99.000,,,0
drop_inflight,18,-12,0,99.000,,,0
drop_inflight,18,-12,1,99.000,,,0
drop_inflight,18,-12,2,99.000,,,0
drop_inflight,18,-12,3,99.000,,,0
drop_inflight,19,-11,0,99.000,,,0
drop_inflight,19,-11,1,99.000,,,0
drop_inflight,19,-11,2,99.000,,,0
drop_inflight,19,-11,3,99.000,,,0
drop_inflight,20,-10,0,99.000,,,0
drop_inflight,20,-10,1,99.000,,,0
drop_inflight,20,-10,2,99.000,,,0
drop_inflight,20,-10,3,99.000,,,0
drop_inflight,21,-9,0,99.000,,,0
drop_inflight,21,-9,1,99.000,,,0
drop_inflight,21,-9,2,99.000,,,0
drop_inflight,21,-9,3,99.000,,,0
drop_inflight,22,-8,0,99.000,,,0
drop_inflight,22,-8,1,99.000,,,0
drop_inflight,22,-8,2,99.000,,,0
drop_inflight,22,-8,3,99.000,,,0
drop_inflight,23,-7,0,99.000,,,0
drop_inflight,23,-7,1,99.000,,,0
drop_inflight,23,-7,2,99.000,,,0
drop_inflight,23,-7,3,99.000,,,0
drop_inflight,24,-6,0,99.000,,,0
drop_inflight,24,-6,1,99.000,,,0
drop_inflight,24,-6,2,99.000,,,0
drop_inflight,24,-6,3,99.000,,,0
drop_inflight,25,-5,0,99.000,,,0
drop_inflight,25,-5,1,99.000,,,0
drop_inflight,25,-5,2,99.000,,,0
drop_inflight,25,-5,3,99.000,,,0
drop_inflight,26,-4,0,99.000,,,0
drop_inflight,26,-4,1,99.000,,,0
drop_inflight,26,-4,2,99.000,,,0
drop_inflight,26,-4,3,99.000,,,0
drop_inflight,27,-3,0,99.000,,,0
drop_inflight,27,-3,1,99.000,,,0
drop_inflight,27,-3,2,99.000,,,0
drop_inflight,27,-3,3,99.000,,,0
drop_inflight,28,-2,0,99.000,,,0
drop_inflight,28,-2,1,99.000,,,0
drop_inflight,28,-2,2,99.000,,,0
drop_inflight,28,-2,3,99.000,,,0
drop_inflight,29,-1,0,99.000,,,0
drop_inflight,29,-1,1,99.000,,,0
drop_inflight,29,-1,2,99.000,,,0
drop_inflight,29,-1,3,99.000,,,0
drop_inflight,30,0,0,16.966,0.7895,0.7106,0
drop_inflight,30,0,1,12.396,0.5958,0.6113,0
drop_inflight,30,0,2,11.849,0.5624,0.5908,0
drop_inflight,30,0,3,11.483,0.5484,0.5882,0
drop_inflight,31,1,0,12.563,0.5800,0.6061,0
drop_inflight,31,1,1,13.200,0.6002,0.6207,0
drop_inflight,31,1,2,13.272,0.5883,0.6075,0
drop_inflight,31,1,3,13.399,0.6214,0.6485,0
drop_inflight,32,2,0,14.347,0.6208,0.6265,0
drop_inflight,32,2,1,14.724,0.6395,0.6344,0
drop_inflight,32,2,2,14.970,0.6542,0.6449,0
drop_inflight,32,2,3,15.031,0.6810,0.6758,0
drop_inflight,33,3,0,16.614,0.7830,0.7108,0
drop_inflight,33,3,1,16.659,0.7931,0.7165,0
drop_inflight,33,3,2,17.398,0.8002,0.6890,0
drop_inflight,33,3,3,18.573,0.7977,0.6849,0
drop_inflight,34,4,0,18.696,0.8165,0.6833,0
drop_inflight,34,4,1,19.269,0.8316,0.6801,0
drop_inflight,34,4,2,19.651,0.8468,0.6736,0
drop_inflight,34,4,3,19.420,0.8346,0.6719,0
drop_inflight,35,5,0,20.325,0.8462,0.6729,0
drop_inflight,35,5,1,21.489,0.8727,0.6718,0
drop_inflight,35,5,2,21.586,0.8743,0.6695,0
drop_inflight,35,5,3,21.345,0.8695,0.6694,0
drop_inflight,36,6,0,21.796,0.8768,0.6698,0
drop_inflight,36,6,1,22.103,0.8831,0.6720,0
drop_inflight,36,6,2,22.154,0.8857,0.6736,0
drop_inflight,36,6,3,21.757,0.8788,0.6750,0
drop_inflight,37,7,0,22.148,0.8814,0.6788,0
drop_inflight,37,7,1,22.292,0.8753,0.6842,0
drop_inflight,37,7,2,22.593,0.8892,0.6841,0
drop_inflight,37,7,3,22.623,0.8879,0.6834,0
drop_inflight,38,8,0,23.048,0.8871,0.6867,0
drop_inflight,38,8,1,23.371,0.8954,0.6878,0
drop_inflight,38,8,2,23.663,0.9014,0.6883,0
drop_inflight,38,8,3,23.320,0.8979,0.6873,0
drop_inflight,39,9,0,23.765,0.9010,0.6874,0
drop_inflight,39,9,1,24.009,0.9058,0.6865,0
drop_inflight,39,9,2,23.990,0.9054,0.6865,0
drop_inflight,39,9,3,23.530,0.8969,0.6854,0
drop_inflight,40,10,0,23.767,0.8984,0.6848,0
drop_inflight,40,10,1,24.126,0.9020,0.6833,0
drop_inflight,40,10,2,24.045,0.9065,0.6811,0
drop_inflight,40,10,3,24.074,0.9008,0.6769,0
drop_inflight,41,11,0,23.771,0.9059,0.6776,0
drop_inflight,41,11,1,25.032,0.9243,0.6736,0
drop_inflight,41,11,2,25.304,0.9272,0.6709,0
drop_inflight,41,11,3,25.671,0.9293,0.6667,0
drop_inflight,42,12,0,24.977,0.9170,0.6658,0
drop_inflight,42,12,1,24.803,0.9244,0.6644,0
drop_inflight,42,12,2,25.523,0.9307,0.6636,0
drop_inflight,42,12,3,25.145,0.9241,0.6625,0
drop_inflight,43,13,0,25.461,0.9268,0.6649,0
drop_inflight,43,13,1,25.576,0.9329,0.6659,0
drop_inflight,43,13,2,25.398,0.9336,0.6650,0
drop_inflight,43,13,3,25.374,0.9331,0.6631,0
drop_inflight,44,14,0,25.435,0.9362,0.6647,0
drop_inflight,44,14,1,25.372,0.9372,0.6651,0
drop_inflight,44,14,2,25.324,0.9364,0.6648,0
drop_inflight,44,14,3,25.191,0.9347,0.6627,0
drop_inflight,45,15,0,25.346,0.9362,0.6650,0
drop_inflight,45,15,1,25.441,0.9361,0.6636,0
drop_inflight,45,15,2,25.529,0.9374,0.6628,0
drop_inflight,45,15,3,25.293,0.9308,0.6604,0
drop_inflight,46,16,0,25.438,0.9369,0.6613,0
drop_inflight,46,16,1,25.534,0.9375,0.6587,0
drop_inflight,46,16,2,25.484,0.9377,0.6552,0
drop_inflight,46,16,3,25.412,0.9350,0.6497,0
drop_inflight,47,17,0,25.626,0.9342,0.6506,0
drop_inflight,47,17,1,25.737,0.9353,0.6467,0
drop_inflight,47,17,2,25.651,0.9353,0.6456,0
drop_inflight,47,17,3,25.285,0.9287,0.6430,0
drop_inflight,48,18,0,25.341,0.9309,0.6456,0
drop_inflight,48,18,1,25.313,0.9331,0.6440,0
drop_inflight,48,18,2,25.153,0.9328,0.6426,0
drop_inflight,48,18,3,24.611,0.9273,0.6413,0
drop_inflight,49,19,0,24.212,0.9271,0.6437,0
drop_inflight,49,19,1,24.380,0.9305,0.6459,0
drop_inflight,49,19,2,24.269,0.9295,0.6471,0
drop_inflight,49,19,3,23.799,0.9248,0.6472,0
drop_inflight,50,20,0,24.338,0.9306,0.6495,0
drop_inflight,50,20,1,24.737,0.9374,0.6516,0
drop_inflight,50,20,2,24.672,0.9371,0.6508,0
drop_inflight,50,20,3,24.462,0.9326,0.6516,0
drop_inflight,51,21,0,25.102,0.9369,0.6524,0
drop_inflight,51,21,1,25.131,0.9364,0.6518,0
drop_inflight,51,21,2,25.183,0.9360,0.6510,0
drop_inflight,51,21,3,24.258,0.9183,0.6497,0
drop_inflight,52,22,0,24.324,0.9177,0.6466,0
drop_inflight,52,22,1,23.969,0.9104,0.6416,0
drop_inflight,52,22,2,24.575,0.9293,0.6406,0
drop_inflight,52,22,3,22.471,0.8817,0.6393,0
drop_inflight,53,23,0,23.130,0.8911,0.6417,0
drop_inflight,53,23,1,22.845,0.8917,0.6416,0
drop_inflight,53,23,2,23.246,0.9033,0.6394,0
drop_inflight,53,23,3,23.042,0.8964,0.6393,0
drop_inflight,54,24,0,22.734,0.8727,0.6409,0
drop_inflight,54,24,1,23.652,0.8941,0.6417,0
drop_inflight,54,24,2,24.231,0.9058,0.6406,0
drop_inflight,54,24,3,24.018,0.9003,0.6412,0
drop_inflight,55,25,0,24.317,0.9042,0.6433,0
drop_inflight,55,25,1,24.692,0.9109,0.6438,0
drop_inflight,55,25,2,24.674,0.9121,0.6432,0
drop_inflight,55,25,3,24.624,0.9117,0.6449,0
drop_inflight,56,26,0,24.653,0.9164,0.6463,0
drop_inflight,56,26,1,24.636,0.9187,0.6464,0
drop_inflight,56,26,2,24.480,0.9188,0.6457,0
drop_inflight,56,26,3,24.211,0.9157,0.6467,0
drop_inflight,57,27,0,24.192,0.9151,0.6447,0
drop_inflight,57,27,1,24.074,0.9066,0.6429,0
drop_inflight,57,27,2,23.897,0.9053,0.6423,0
drop_inflight,57,27,3,23.244,0.9005,0.6432,0
drop_inflight,58,28,0,23.601,0.9096,0.6454,0
drop_inflight,58,28,1,23.685,0.9121,0.6457,0
drop_inflight,58,28,2,23.572,0.9104,0.6452,0
drop_inflight,58,28,3,23.153,0.9048,0.6452,0
drop_inflight,59,29,0,22.829,0.9028,0.6443,0
drop_inflight,59,29,1,22.775,0.9038,0.6454,0
drop_inflight,59,29,2,22.763,0.9031,0.6427,0
drop_inflight,59,29,3,22.493,0.8996,0.6419,0
drop_inflight,60,30,0,22.588,0.9002,0.6406,0
drop_inflight,60,30,1,22.753,0.9013,0.6433,0
drop_inflight,60,30,2,23.266,0.9090,0.6443,0
drop_inflight,60,30,3,23.441,0.9114,0.6437,0
drop_inflight,61,31,0,23.592,0.9110,0.6417,0
drop_inflight,61,31,1,23.437,0.9128,0.6486,0
drop_inflight,61,31,2,23.430,0.9132,0.6486,0
drop_inflight,61,31,3,23.374,0.9126,0.6506,0
drop_inflight,62,32,0,23.227,0.9083,0.6534,0
drop_inflight,62,32,1,23.252,0.9094,0.6547,0
drop_inflight,62,32,2,23.270,0.9110,0.6539,0
drop_inflight,62,32,3,23.268,0.9126,0.6556,0
drop_inflight,63,33,0,23.547,0.9130,0.6571,0
drop_inflight,63,33,1,23.493,0.9058,0.6580,0
drop_inflight,63,33,2,22.920,0.9016,0.6594,0
drop_inflight,63,33,3,22.256,0.8929,0.6614,0
drop_inflight,64,34,0,23.487,0.9124,0.6656,0
drop_inflight,64,34,1,23.741,0.9161,0.6668,0
drop_inflight,64,34,2,23.702,0.9151,0.6653,0
drop_inflight,64,34,3,23.604,0.9141,0.6650,0
drop_inflight,65,35,0,23.880,0.9147,0.6645,0
drop_inflight,65,35,1,23.212,0.9022,0.6509,0
drop_inflight,65,35,2,23.480,0.9066,0.6543,0
drop_inflight,65,35,3,23.450,0.9083,0.6542,0
drop_inflight,66,36,0,22.782,0.8966,0.6612,0
drop_inflight,66,36,1,23.446,0.9047,0.6630,0
drop_inflight,66,36,2,23.830,0.9169,0.6627,0
drop_inflight,66,36,3,23.647,0.9152,0.6613,0
drop_inflight,67,37,0,23.936,0.9197,0.6633,0
drop_inflight,67,37,1,24.475,0.9285,0.6633,0
drop_inflight,67,37,2,24.662,0.9325,0.6637,0
drop_inflight,67,37,3,24.419,0.9294,0.6621,0
drop_inflight,68,38,0,24.473,0.9292,0.6631,0
drop_inflight,68,38,1,24.608,0.9323,0.6672,0
drop_inflight,68,38,2,24.735,0.9341,0.6694,0
drop_inflight,68,38,3,24.668,0.9331,0.6678,0
drop_inflight,69,39,0,25.377,0.9399,0.6688,0
drop_inflight,69,39,1,25.750,0.9446,0.6708,0
drop_inflight,69,39,2,25.884,0.9460,0.6729,0
drop_inflight,69,39,3,25.929,0.9465,0.6736,0
drop_kv_recent,3,-27,0,99.000,,,0
drop_kv_recent,3,-27,1,99.000,,,0
drop_kv_recent,3,-27,2,99.000,,,0
drop_kv_recent,3,-27,3,99.000,,,0
drop_kv_recent,4,-26,0,99.000,,,0
drop_kv_recent,4,-26,1,99.000,,,0
drop_kv_recent,4,-26,2,99.000,,,0
drop_kv_recent,4,-26,3,99.000,,,0
drop_kv_recent,5,-25,0,99.000,,,0
drop_kv_recent,5,-25,1,99.000,,,0
drop_kv_recent,5,-25,2,99.000,,,0
drop_kv_recent,5,-25,3,99.000,,,0
drop_kv_recent,6,-24,0,99.000,,,0
drop_kv_recent,6,-24,1,99.000,,,0
drop_kv_recent,6,-24,2,99.000,,,0
drop_kv_recent,6,-24,3,99.000,,,0
drop_kv_recent,7,-23,0,99.000,,,0
drop_kv_recent,7,-23,1,99.000,,,0
drop_kv_recent,7,-23,2,99.000,,,0
drop_kv_recent,7,-23,3,99.000,,,0
drop_kv_recent,8,-22,0,99.000,,,0
drop_kv_recent,8,-22,1,99.000,,,0
drop_kv_recent,8,-22,2,99.000,,,0
drop_kv_recent,8,-22,3,99.000,,,0
drop_kv_recent,9,-21,0,99.000,,,0
drop_kv_recent,9,-21,1,99.000,,,0
drop_kv_recent,9,-21,2,99.000,,,0
drop_kv_recent,9,-21,3,99.000,,,0
drop_kv_recent,10,-20,0,99.000,,,0
drop_kv_recent,10,-20,1,99.000,,,0
drop_kv_recent,10,-20,2,99.000,,,0
drop_kv_recent,10,-20,3,99.000,,,0
drop_kv_recent,11,-19,0,99.000,,,0
drop_kv_recent,11,-19,1,99.000,,,0
drop_kv_recent,11,-19,2,99.000,,,0
drop_kv_recent,11,-19,3,99.000,,,0
drop_kv_recent,12,-18,0,99.000,,,0
drop_kv_recent,12,-18,1,99.000,,,0
drop_kv_recent,12,-18,2,99.000,,,0
drop_kv_recent,12,-18,3,99.000,,,0
drop_kv_recent,13,-17,0,99.000,,,0
drop_kv_recent,13,-17,1,99.000,,,0
drop_kv_recent,13,-17,2,99.000,,,0
drop_kv_recent,13,-17,3,99.000,,,0
drop_kv_recent,14,-16,0,99.000,,,0
drop_kv_recent,14,-16,1,99.000,,,0
drop_kv_recent,14,-16,2,99.000,,,0
drop_kv_recent,14,-16,3,99.000,,,0
drop_kv_recent,15,-15,0,99.000,,,0
drop_kv_recent,15,-15,1,99.000,,,0
drop_kv_recent,15,-15,2,99.000,,,0
drop_kv_recent,15,-15,3,99.000,,,0
drop_kv_recent,16,-14,0,99.000,,,0
drop_kv_recent,16,-14,1,99.000,,,0
drop_kv_recent,16,-14,2,99.000,,,0
drop_kv_recent,16,-14,3,99.000,,,0
drop_kv_recent,17,-13,0,99.000,,,0
drop_kv_recent,17,-13,1,99.000,,,0
drop_kv_recent,17,-13,2,99.000,,,0
drop_kv_recent,17,-13,3,99.000,,,0
drop_kv_recent,18,-12,0,99.000,,,0
drop_kv_recent,18,-12,1,99.000,,,0
drop_kv_recent,18,-12,2,99.000,,,0
drop_kv_recent,18,-12,3,99.000,,,0
drop_kv_recent,19,-11,0,99.000,,,0
drop_kv_recent,19,-11,1,99.000,,,0
drop_kv_recent,19,-11,2,99.000,,,0
drop_kv_recent,19,-11,3,99.000,,,0
drop_kv_recent,20,-10,0,99.000,,,0
drop_kv_recent,20,-10,1,99.000,,,0
drop_kv_recent,20,-10,2,99.000,,,0
drop_kv_recent,20,-10,3,99.000,,,0
drop_kv_recent,21,-9,0,99.000,,,0
drop_kv_recent,21,-9,1,99.000,,,0
drop_kv_recent,21,-9,2,99.000,,,0
drop_kv_recent,21,-9,3,99.000,,,0
drop_kv_recent,22,-8,0,99.000,,,0
drop_kv_recent,22,-8,1,99.000,,,0
drop_kv_recent,22,-8,2,99.000,,,0
drop_kv_recent,22,-8,3,99.000,,,0
drop_kv_recent,23,-7,0,99.000,,,0
drop_kv_recent,23,-7,1,99.000,,,0
drop_kv_recent,23,-7,2,99.000,,,0
drop_kv_recent,23,-7,3,99.000,,,0
drop_kv_recent,24,-6,0,99.000,,,0
drop_kv_recent,24,-6,1,99.000,,,0
drop_kv_recent,24,-6,2,99.000,,,0
drop_kv_recent,24,-6,3,99.000,,,0
drop_kv_recent,25,-5,0,99.000,,,0
drop_kv_recent,25,-5,1,99.000,,,0
drop_kv_recent,25,-5,2,99.000,,,0
drop_kv_recent,25,-5,3,99.000,,,0
drop_kv_recent,26,-4,0,99.000,,,0
drop_kv_recent,26,-4,1,99.000,,,0
drop_kv_recent,26,-4,2,99.000,,,0
drop_kv_recent,26,-4,3,99.000,,,0
drop_kv_recent,27,-3,0,99.000,,,0
drop_kv_recent,27,-3,1,99.000,,,0
drop_kv_recent,27,-3,2,99.000,,,0
drop_kv_recent,27,-3,3,99.000,,,0
drop_kv_recent,28,-2,0,99.000,,,0
drop_kv_recent,28,-2,1,99.000,,,0
drop_kv_recent,28,-2,2,99.000,,,0
drop_kv_recent,28,-2,3,99.000,,,0
drop_kv_recent,29,-1,0,99.000,,,0
drop_kv_recent,29,-1,1,99.000,,,0
drop_kv_recent,29,-1,2,99.000,,,0
drop_kv_recent,29,-1,3,99.000,,,0
drop_kv_recent,30,0,0,28.085,0.9585,0.6738,0
drop_kv_recent,30,0,1,24.409,0.9180,0.6689,0
drop_kv_recent,30,0,2,23.967,0.9139,0.6655,0
drop_kv_recent,30,0,3,23.494,0.9055,0.6644,0
drop_kv_recent,31,1,0,22.930,0.8810,0.6685,0
drop_kv_recent,31,1,1,21.834,0.8719,0.6688,0
drop_kv_recent,31,1,2,21.563,0.8709,0.6683,0
drop_kv_recent,31,1,3,20.892,0.8474,0.6727,0
drop_kv_recent,32,2,0,21.295,0.8472,0.6733,0
drop_kv_recent,32,2,1,18.565,0.8027,0.6761,0
drop_kv_recent,32,2,2,18.001,0.7982,0.6802,0
drop_kv_recent,32,2,3,17.601,0.7836,0.6760,0
drop_kv_recent,33,3,0,18.126,0.7962,0.6756,0
drop_kv_recent,33,3,1,17.824,0.7976,0.6820,0
drop_kv_recent,33,3,2,17.952,0.7829,0.6680,0
drop_kv_recent,33,3,3,18.141,0.7777,0.6678,0
drop_kv_recent,34,4,0,18.060,0.7792,0.6637,0
drop_kv_recent,34,4,1,17.909,0.7835,0.6684,0
drop_kv_recent,34,4,2,18.363,0.7962,0.6688,0
drop_kv_recent,34,4,3,18.359,0.7967,0.6693,0
drop_kv_recent,35,5,0,18.559,0.7944,0.6680,0
drop_kv_recent,35,5,1,18.925,0.8065,0.6696,0
drop_kv_recent,35,5,2,18.985,0.8076,0.6680,0
drop_kv_recent,35,5,3,18.942,0.8068,0.6681,0
drop_kv_recent,36,6,0,19.137,0.8097,0.6709,0
drop_kv_recent,36,6,1,19.347,0.8114,0.6722,0
drop_kv_recent,36,6,2,19.394,0.8122,0.6727,0
drop_kv_recent,36,6,3,19.455,0.8107,0.6727,0
drop_kv_recent,37,7,0,19.829,0.8143,0.6758,0
drop_kv_recent,37,7,1,20.274,0.8187,0.6794,0
drop_kv_recent,37,7,2,19.922,0.8173,0.6793,0
drop_kv_recent,37,7,3,19.943,0.8149,0.6798,0
drop_kv_recent,38,8,0,20.495,0.8247,0.6824,0
drop_kv_recent,38,8,1,20.600,0.8294,0.6835,0
drop_kv_recent,38,8,2,20.747,0.8338,0.6849,0
drop_kv_recent,38,8,3,20.835,0.8356,0.6844,0
drop_kv_recent,39,9,0,21.620,0.8489,0.6861,0
drop_kv_recent,39,9,1,21.879,0.8554,0.6862,0
drop_kv_recent,39,9,2,22.044,0.8593,0.6870,0
drop_kv_recent,39,9,3,22.094,0.8609,0.6863,0
drop_kv_recent,40,10,0,22.614,0.8703,0.6854,0
drop_kv_recent,40,10,1,22.961,0.8745,0.6837,0
drop_kv_recent,40,10,2,23.511,0.8860,0.6822,0
drop_kv_recent,40,10,3,23.490,0.8829,0.6778,0
drop_kv_recent,41,11,0,23.761,0.8929,0.6794,0
drop_kv_recent,41,11,1,23.754,0.8983,0.6743,0
drop_kv_recent,41,11,2,24.177,0.9049,0.6725,0
drop_kv_recent,41,11,3,24.297,0.9045,0.6691,0
drop_kv_recent,42,12,0,24.943,0.9127,0.6691,0
drop_kv_recent,42,12,1,25.604,0.9258,0.6686,0
drop_kv_recent,42,12,2,25.772,0.9295,0.6684,0
drop_kv_recent,42,12,3,25.425,0.9246,0.6676,0
drop_kv_recent,43,13,0,25.880,0.9304,0.6704,0
drop_kv_recent,43,13,1,26.670,0.9410,0.6715,0
drop_kv_recent,43,13,2,26.897,0.9431,0.6705,0
drop_kv_recent,43,13,3,27.079,0.9440,0.6684,0
drop_kv_recent,44,14,0,27.326,0.9502,0.6715,0
drop_kv_recent,44,14,1,27.445,0.9525,0.6716,0
drop_kv_recent,44,14,2,27.497,0.9530,0.6712,0
drop_kv_recent,44,14,3,27.461,0.9528,0.6690,0
drop_kv_recent,45,15,0,28.027,0.9584,0.6716,0
drop_kv_recent,45,15,1,28.382,0.9617,0.6692,0
drop_kv_recent,45,15,2,28.487,0.9633,0.6684,0
drop_kv_recent,45,15,3,28.441,0.9633,0.6661,0
drop_kv_recent,46,16,0,29.192,0.9686,0.6663,0
drop_kv_recent,46,16,1,29.479,0.9702,0.6621,0
drop_kv_recent,46,16,2,29.531,0.9709,0.6588,0
drop_kv_recent,46,16,3,29.444,0.9709,0.6542,0
drop_kv_recent,47,17,0,30.659,0.9749,0.6546,0
drop_kv_recent,47,17,1,30.642,0.9755,0.6512,0
drop_kv_recent,47,17,2,30.620,0.9765,0.6502,0
drop_kv_recent,47,17,3,31.217,0.9775,0.6473,0
drop_kv_recent,48,18,0,31.533,0.9772,0.6498,0
drop_kv_recent,48,18,1,31.477,0.9773,0.6487,0
drop_kv_recent,48,18,2,31.516,0.9771,0.6471,0
drop_kv_recent,48,18,3,30.851,0.9752,0.6454,0
drop_kv_recent,49,19,0,29.700,0.9747,0.6483,0
drop_kv_recent,49,19,1,29.872,0.9757,0.6500,0
drop_kv_recent,49,19,2,29.747,0.9757,0.6511,0
drop_kv_recent,49,19,3,28.879,0.9730,0.6513,0
drop_kv_recent,50,20,0,29.921,0.9764,0.6539,0
drop_kv_recent,50,20,1,31.449,0.9815,0.6555,0
drop_kv_recent,50,20,2,31.760,0.9828,0.6545,0
drop_kv_recent,50,20,3,31.836,0.9825,0.6554,0
drop_kv_recent,51,21,0,33.061,0.9852,0.6554,0
drop_kv_recent,51,21,1,33.610,0.9864,0.6543,0
drop_kv_recent,51,21,2,34.009,0.9869,0.6533,0
drop_kv_recent,51,21,3,33.419,0.9850,0.6525,0
drop_kv_recent,52,22,0,33.964,0.9856,0.6488,0
drop_kv_recent,52,22,1,34.386,0.9872,0.6439,0
drop_kv_recent,52,22,2,34.540,0.9884,0.6420,0
drop_kv_recent,52,22,3,33.944,0.9871,0.6411,0
drop_kv_recent,53,23,0,34.604,0.9866,0.6444,0
drop_kv_recent,53,23,1,35.697,0.9896,0.6440,0
drop_kv_recent,53,23,2,35.829,0.9902,0.6420,0
drop_kv_recent,53,23,3,36.093,0.9904,0.6412,0
drop_kv_recent,54,24,0,36.070,0.9901,0.6425,0
drop_kv_recent,54,24,1,34.498,0.9892,0.6446,0
drop_kv_recent,54,24,2,34.514,0.9887,0.6429,0
drop_kv_recent,54,24,3,34.187,0.9876,0.6436,0
drop_kv_recent,55,25,0,34.502,0.9876,0.6452,0
drop_kv_recent,55,25,1,34.341,0.9872,0.6458,0
drop_kv_recent,55,25,2,33.995,0.9865,0.6450,0
drop_kv_recent,55,25,3,33.424,0.9847,0.6466,0
drop_kv_recent,56,26,0,33.183,0.9851,0.6486,0
drop_kv_recent,56,26,1,32.435,0.9841,0.6491,0
drop_kv_recent,56,26,2,31.210,0.9822,0.6484,0
drop_kv_recent,56,26,3,30.202,0.9791,0.6494,0
drop_kv_recent,57,27,0,29.787,0.9778,0.6475,0
drop_kv_recent,57,27,1,30.696,0.9769,0.6463,0
drop_kv_recent,57,27,2,31.419,0.9787,0.6454,0
drop_kv_recent,57,27,3,30.777,0.9779,0.6461,0
drop_kv_recent,58,28,0,31.556,0.9795,0.6485,0
drop_kv_recent,58,28,1,32.586,0.9835,0.6496,0
drop_kv_recent,58,28,2,32.745,0.9844,0.6491,0
drop_kv_recent,58,28,3,32.495,0.9840,0.6489,0
drop_kv_recent,59,29,0,32.924,0.9854,0.6477,0
drop_kv_recent,59,29,1,32.838,0.9858,0.6490,0
drop_kv_recent,59,29,2,32.848,0.9864,0.6469,0
drop_kv_recent,59,29,3,32.349,0.9857,0.6461,0
drop_kv_recent,60,30,0,32.566,0.9862,0.6440,0
drop_kv_recent,60,30,1,32.479,0.9861,0.6460,0
drop_kv_recent,60,30,2,32.482,0.9857,0.6468,0
drop_kv_recent,60,30,3,32.689,0.9862,0.6463,0
drop_kv_recent,61,31,0,33.083,0.9865,0.6451,0
drop_kv_recent,61,31,1,33.463,0.9882,0.6541,0
drop_kv_recent,61,31,2,33.388,0.9882,0.6537,0
drop_kv_recent,61,31,3,33.325,0.9881,0.6557,0
drop_kv_recent,62,32,0,33.178,0.9886,0.6593,0
drop_kv_recent,62,32,1,33.813,0.9898,0.6605,0
drop_kv_recent,62,32,2,34.140,0.9901,0.6594,0
drop_kv_recent,62,32,3,34.026,0.9898,0.6608,0
drop_kv_recent,63,33,0,34.732,0.9903,0.6619,0
drop_kv_recent,63,33,1,34.755,0.9903,0.6623,0
drop_kv_recent,63,33,2,33.971,0.9894,0.6641,0
drop_kv_recent,63,33,3,33.782,0.9889,0.6642,0
drop_kv_recent,64,34,0,33.261,0.9880,0.6669,0
drop_kv_recent,64,34,1,33.600,0.9882,0.6675,0
drop_kv_recent,64,34,2,33.407,0.9877,0.6655,0
drop_kv_recent,64,34,3,33.133,0.9868,0.6646,0
drop_kv_recent,65,35,0,33.292,0.9864,0.6651,0
drop_kv_recent,65,35,1,30.888,0.9777,0.6488,0
drop_kv_recent,65,35,2,30.981,0.9779,0.6525,0
drop_kv_recent,65,35,3,30.904,0.9779,0.6524,0
drop_kv_recent,66,36,0,29.421,0.9701,0.6604,0
drop_kv_recent,66,36,1,29.885,0.9723,0.6646,0
drop_kv_recent,66,36,2,29.377,0.9710,0.6653,0
drop_kv_recent,66,36,3,29.019,0.9691,0.6641,0
drop_kv_recent,67,37,0,29.215,0.9700,0.6668,0
drop_kv_recent,67,37,1,29.897,0.9745,0.6676,0
drop_kv_recent,67,37,2,30.280,0.9767,0.6685,0
drop_kv_recent,67,37,3,30.271,0.9769,0.6674,0
drop_kv_recent,68,38,0,30.687,0.9764,0.6682,0
drop_kv_recent,68,38,1,30.833,0.9769,0.6715,0
drop_kv_recent,68,38,2,30.884,0.9771,0.6737,0
drop_kv_recent,68,38,3,30.205,0.9741,0.6710,0
drop_kv_recent,69,39,0,31.535,0.9789,0.6722,0
drop_kv_recent,69,39,1,31.525,0.9788,0.6739,0
drop_kv_recent,69,39,2,31.389,0.9788,0.6759,0
drop_kv_recent,69,39,3,31.177,0.9786,0.6763,0
drop_vae_all,3,-27,0,99.000,,,0
drop_vae_all,3,-27,1,99.000,,,0
drop_vae_all,3,-27,2,99.000,,,0
drop_vae_all,3,-27,3,99.000,,,0
drop_vae_all,4,-26,0,99.000,,,0
drop_vae_all,4,-26,1,99.000,,,0
drop_vae_all,4,-26,2,99.000,,,0
drop_vae_all,4,-26,3,99.000,,,0
drop_vae_all,5,-25,0,99.000,,,0
drop_vae_all,5,-25,1,99.000,,,0
drop_vae_all,5,-25,2,99.000,,,0
drop_vae_all,5,-25,3,99.000,,,0
drop_vae_all,6,-24,0,99.000,,,0
drop_vae_all,6,-24,1,99.000,,,0
drop_vae_all,6,-24,2,99.000,,,0
drop_vae_all,6,-24,3,99.000,,,0
drop_vae_all,7,-23,0,99.000,,,0
drop_vae_all,7,-23,1,99.000,,,0
drop_vae_all,7,-23,2,99.000,,,0
drop_vae_all,7,-23,3,99.000,,,0
drop_vae_all,8,-22,0,99.000,,,0
drop_vae_all,8,-22,1,99.000,,,0
drop_vae_all,8,-22,2,99.000,,,0
drop_vae_all,8,-22,3,99.000,,,0
drop_vae_all,9,-21,0,99.000,,,0
drop_vae_all,9,-21,1,99.000,,,0
drop_vae_all,9,-21,2,99.000,,,0
drop_vae_all,9,-21,3,99.000,,,0
drop_vae_all,10,-20,0,99.000,,,0
drop_vae_all,10,-20,1,99.000,,,0
drop_vae_all,10,-20,2,99.000,,,0
drop_vae_all,10,-20,3,99.000,,,0
drop_vae_all,11,-19,0,99.000,,,0
drop_vae_all,11,-19,1,99.000,,,0
drop_vae_all,11,-19,2,99.000,,,0
drop_vae_all,11,-19,3,99.000,,,0
drop_vae_all,12,-18,0,99.000,,,0
drop_vae_all,12,-18,1,99.000,,,0
drop_vae_all,12,-18,2,99.000,,,0
drop_vae_all,12,-18,3,99.000,,,0
drop_vae_all,13,-17,0,99.000,,,0
drop_vae_all,13,-17,1,99.000,,,0
drop_vae_all,13,-17,2,99.000,,,0
drop_vae_all,13,-17,3,99.000,,,0
drop_vae_all,14,-16,0,99.000,,,0
drop_vae_all,14,-16,1,99.000,,,0
drop_vae_all,14,-16,2,99.000,,,0
drop_vae_all,14,-16,3,99.000,,,0
drop_vae_all,15,-15,0,99.000,,,0
drop_vae_all,15,-15,1,99.000,,,0
drop_vae_all,15,-15,2,99.000,,,0
drop_vae_all,15,-15,3,99.000,,,0
drop_vae_all,16,-14,0,99.000,,,0
drop_vae_all,16,-14,1,99.000,,,0
drop_vae_all,16,-14,2,99.000,,,0
drop_vae_all,16,-14,3,99.000,,,0
drop_vae_all,17,-13,0,99.000,,,0
drop_vae_all,17,-13,1,99.000,,,0
drop_vae_all,17,-13,2,99.000,,,0
drop_vae_all,17,-13,3,99.000,,,0
drop_vae_all,18,-12,0,99.000,,,0
drop_vae_all,18,-12,1,99.000,,,0
drop_vae_all,18,-12,2,99.000,,,0
drop_vae_all,18,-12,3,99.000,,,0
drop_vae_all,19,-11,0,99.000,,,0
drop_vae_all,19,-11,1,99.000,,,0
drop_vae_all,19,-11,2,99.000,,,0
drop_vae_all,19,-11,3,99.000,,,0
drop_vae_all,20,-10,0,99.000,,,0
drop_vae_all,20,-10,1,99.000,,,0
drop_vae_all,20,-10,2,99.000,,,0
drop_vae_all,20,-10,3,99.000,,,0
drop_vae_all,21,-9,0,99.000,,,0
drop_vae_all,21,-9,1,99.000,,,0
drop_vae_all,21,-9,2,99.000,,,0
drop_vae_all,21,-9,3,99.000,,,0
drop_vae_all,22,-8,0,99.000,,,0
drop_vae_all,22,-8,1,99.000,,,0
drop_vae_all,22,-8,2,99.000,,,0
drop_vae_all,22,-8,3,99.000,,,0
drop_vae_all,23,-7,0,99.000,,,0
drop_vae_all,23,-7,1,99.000,,,0
drop_vae_all,23,-7,2,99.000,,,0
drop_vae_all,23,-7,3,99.000,,,0
drop_vae_all,24,-6,0,99.000,,,0
drop_vae_all,24,-6,1,99.000,,,0
drop_vae_all,24,-6,2,99.000,,,0
drop_vae_all,24,-6,3,99.000,,,0
drop_vae_all,25,-5,0,99.000,,,0
drop_vae_all,25,-5,1,99.000,,,0
drop_vae_all,25,-5,2,99.000,,,0
drop_vae_all,25,-5,3,99.000,,,0
drop_vae_all,26,-4,0,99.000,,,0
drop_vae_all,26,-4,1,99.000,,,0
drop_vae_all,26,-4,2,99.000,,,0
drop_vae_all,26,-4,3,99.000,,,0
drop_vae_all,27,-3,0,99.000,,,0
drop_vae_all,27,-3,1,99.000,,,0
drop_vae_all,27,-3,2,99.000,,,0
drop_vae_all,27,-3,3,99.000,,,0
drop_vae_all,28,-2,0,99.000,,,0
drop_vae_all,28,-2,1,99.000,,,0
drop_vae_all,28,-2,2,99.000,,,0
drop_vae_all,28,-2,3,99.000,,,0
drop_vae_all,29,-1,0,99.000,,,0
drop_vae_all,29,-1,1,99.000,,,0
drop_vae_all,29,-1,2,99.000,,,0
drop_vae_all,29,-1,3,99.000,,,0
drop_vae_all,30,0,0,14.814,0.7439,0.6025,0
drop_vae_all,30,0,1,13.610,0.7280,0.6031,0
drop_vae_all,30,0,2,14.598,0.7533,0.6057,0
drop_vae_all,30,0,3,15.609,0.7764,0.6127,0
drop_vae_all,31,1,0,19.459,0.8406,0.6379,0
drop_vae_all,31,1,1,21.980,0.9031,0.6505,0
drop_vae_all,31,1,2,24.299,0.9368,0.6555,0
drop_vae_all,31,1,3,23.248,0.9094,0.6593,0
drop_vae_all,32,2,0,25.820,0.9368,0.6635,0
drop_vae_all,32,2,1,26.380,0.9495,0.6706,0
drop_vae_all,32,2,2,28.475,0.9702,0.6791,0
drop_vae_all,32,2,3,27.790,0.9679,0.6807,0
drop_vae_all,33,3,0,26.556,0.9357,0.6802,0
drop_vae_all,33,3,1,20.487,0.8386,0.6831,0
drop_vae_all,33,3,2,22.520,0.8869,0.6724,0
drop_vae_all,33,3,3,21.351,0.8602,0.6791,0
drop_vae_all,34,4,0,22.317,0.8905,0.6709,0
drop_vae_all,34,4,1,22.575,0.8977,0.6809,0
drop_vae_all,34,4,2,22.687,0.9020,0.6774,0
drop_vae_all,34,4,3,22.722,0.9029,0.6775,0
drop_vae_all,35,5,0,22.981,0.8986,0.6770,0
drop_vae_all,35,5,1,22.883,0.9042,0.6770,0
drop_vae_all,35,5,2,22.829,0.9052,0.6762,0
drop_vae_all,35,5,3,22.984,0.9069,0.6763,0
drop_vae_all,36,6,0,23.254,0.9102,0.6792,0
drop_vae_all,36,6,1,23.104,0.9107,0.6809,0
drop_vae_all,36,6,2,23.268,0.9143,0.6809,0
drop_vae_all,36,6,3,22.968,0.9083,0.6809,0
drop_vae_all,37,7,0,23.253,0.9091,0.6823,0
drop_vae_all,37,7,1,23.849,0.9107,0.6836,0
drop_vae_all,37,7,2,24.216,0.9167,0.6839,0
drop_vae_all,37,7,3,24.468,0.9195,0.6834,0
drop_vae_all,38,8,0,24.681,0.9195,0.6847,0
drop_vae_all,38,8,1,24.785,0.9221,0.6853,0
drop_vae_all,38,8,2,24.928,0.9230,0.6872,0
drop_vae_all,38,8,3,24.866,0.9217,0.6865,0
drop_vae_all,39,9,0,25.905,0.9313,0.6865,0
drop_vae_all,39,9,1,26.087,0.9340,0.6861,0
drop_vae_all,39,9,2,26.216,0.9340,0.6873,0
drop_vae_all,39,9,3,26.189,0.9336,0.6869,0
drop_vae_all,40,10,0,26.510,0.9356,0.6850,0
drop_vae_all,40,10,1,26.582,0.9370,0.6830,0
drop_vae_all,40,10,2,26.736,0.9427,0.6815,0
drop_vae_all,40,10,3,26.887,0.9374,0.6784,0
drop_vae_all,41,11,0,28.050,0.9502,0.6793,0
drop_vae_all,41,11,1,28.641,0.9565,0.6750,0
drop_vae_all,41,11,2,28.889,0.9582,0.6730,0
drop_vae_all,41,11,3,28.680,0.9567,0.6691,0
drop_vae_all,42,12,0,28.718,0.9588,0.6694,0
drop_vae_all,42,12,1,28.841,0.9624,0.6691,0
drop_vae_all,42,12,2,28.751,0.9622,0.6688,0
drop_vae_all,42,12,3,28.708,0.9615,0.6677,0
drop_vae_all,43,13,0,28.888,0.9637,0.6705,0
drop_vae_all,43,13,1,29.278,0.9661,0.6723,0
drop_vae_all,43,13,2,29.696,0.9675,0.6715,0
drop_vae_all,43,13,3,29.562,0.9664,0.6696,0
drop_vae_all,44,14,0,29.994,0.9701,0.6724,0
drop_vae_all,44,14,1,30.135,0.9714,0.6727,0
drop_vae_all,44,14,2,30.265,0.9723,0.6729,0
drop_vae_all,44,14,3,30.166,0.9722,0.6708,0
drop_vae_all,45,15,0,30.966,0.9757,0.6732,0
drop_vae_all,45,15,1,30.725,0.9753,0.6723,0
drop_vae_all,45,15,2,30.935,0.9768,0.6712,0
drop_vae_all,45,15,3,31.174,0.9782,0.6685,0
drop_vae_all,46,16,0,31.129,0.9786,0.6690,0
drop_vae_all,46,16,1,30.990,0.9779,0.6655,0
drop_vae_all,46,16,2,31.095,0.9781,0.6616,0
drop_vae_all,46,16,3,31.157,0.9793,0.6564,0
drop_vae_all,47,17,0,31.248,0.9779,0.6564,0
drop_vae_all,47,17,1,30.543,0.9751,0.6525,0
drop_vae_all,47,17,2,30.423,0.9748,0.6517,0
drop_vae_all,47,17,3,30.893,0.9751,0.6486,0
drop_vae_all,48,18,0,29.474,0.9676,0.6507,0
drop_vae_all,48,18,1,28.616,0.9631,0.6493,0
drop_vae_all,48,18,2,28.290,0.9608,0.6476,0
drop_vae_all,48,18,3,27.607,0.9572,0.6459,0
drop_vae_all,49,19,0,26.455,0.9526,0.6484,0
drop_vae_all,49,19,1,25.982,0.9507,0.6500,0
drop_vae_all,49,19,2,25.850,0.9491,0.6510,0
drop_vae_all,49,19,3,25.409,0.9452,0.6513,0
drop_vae_all,50,20,0,26.197,0.9496,0.6533,0
drop_vae_all,50,20,1,26.928,0.9567,0.6557,0
drop_vae_all,50,20,2,27.080,0.9582,0.6550,0
drop_vae_all,50,20,3,26.786,0.9535,0.6559,0
drop_vae_all,51,21,0,27.751,0.9583,0.6560,0
drop_vae_all,51,21,1,28.358,0.9620,0.6546,0
drop_vae_all,51,21,2,28.564,0.9626,0.6532,0
drop_vae_all,51,21,3,28.046,0.9570,0.6523,0
drop_vae_all,52,22,0,27.978,0.9554,0.6489,0
drop_vae_all,52,22,1,27.998,0.9562,0.6431,0
drop_vae_all,52,22,2,27.776,0.9561,0.6419,0
drop_vae_all,52,22,3,26.836,0.9448,0.6405,0
drop_vae_all,53,23,0,27.434,0.9449,0.6438,0
drop_vae_all,53,23,1,26.677,0.9421,0.6439,0
drop_vae_all,53,23,2,26.615,0.9412,0.6425,0
drop_vae_all,53,23,3,26.501,0.9391,0.6423,0
drop_vae_all,54,24,0,26.817,0.9407,0.6433,0
drop_vae_all,54,24,1,27.037,0.9507,0.6456,0
drop_vae_all,54,24,2,27.193,0.9540,0.6441,0
drop_vae_all,54,24,3,27.108,0.9537,0.6448,0
drop_vae_all,55,25,0,27.595,0.9558,0.6464,0
drop_vae_all,55,25,1,28.100,0.9592,0.6475,0
drop_vae_all,55,25,2,28.219,0.9601,0.6465,0
drop_vae_all,55,25,3,28.110,0.9594,0.6476,0
drop_vae_all,56,26,0,28.711,0.9637,0.6493,0
drop_vae_all,56,26,1,29.056,0.9654,0.6497,0
drop_vae_all,56,26,2,29.012,0.9656,0.6491,0
drop_vae_all,56,26,3,28.886,0.9650,0.6497,0
drop_vae_all,57,27,0,29.089,0.9655,0.6472,0
drop_vae_all,57,27,1,29.282,0.9645,0.6466,0
drop_vae_all,57,27,2,29.677,0.9676,0.6464,0
drop_vae_all,57,27,3,29.421,0.9668,0.6469,0
drop_vae_all,58,28,0,30.079,0.9713,0.6491,0
drop_vae_all,58,28,1,30.145,0.9725,0.6502,0
drop_vae_all,58,28,2,30.209,0.9736,0.6498,0
drop_vae_all,58,28,3,30.131,0.9737,0.6496,0
drop_vae_all,59,29,0,30.201,0.9739,0.6483,0
drop_vae_all,59,29,1,30.236,0.9749,0.6497,0
drop_vae_all,59,29,2,30.425,0.9762,0.6478,0
drop_vae_all,59,29,3,30.401,0.9768,0.6472,0
drop_vae_all,60,30,0,31.064,0.9791,0.6456,0
drop_vae_all,60,30,1,31.282,0.9796,0.6474,0
drop_vae_all,60,30,2,31.225,0.9791,0.6477,0
drop_vae_all,60,30,3,31.392,0.9795,0.6477,0
drop_vae_all,61,31,0,31.447,0.9807,0.6465,0
drop_vae_all,61,31,1,31.486,0.9818,0.6547,0
drop_vae_all,61,31,2,31.627,0.9823,0.6544,0
drop_vae_all,61,31,3,31.523,0.9820,0.6564,0
drop_vae_all,62,32,0,32.077,0.9840,0.6602,0
drop_vae_all,62,32,1,32.164,0.9846,0.6612,0
drop_vae_all,62,32,2,32.455,0.9850,0.6599,0
drop_vae_all,62,32,3,32.318,0.9848,0.6612,0
drop_vae_all,63,33,0,32.701,0.9846,0.6628,0
drop_vae_all,63,33,1,33.100,0.9852,0.6635,0
drop_vae_all,63,33,2,33.100,0.9854,0.6654,0
drop_vae_all,63,33,3,32.539,0.9839,0.6659,0
drop_vae_all,64,34,0,33.345,0.9862,0.6690,0
drop_vae_all,64,34,1,33.522,0.9862,0.6694,0
drop_vae_all,64,34,2,33.525,0.9863,0.6673,0
drop_vae_all,64,34,3,33.394,0.9859,0.6665,0
drop_vae_all,65,35,0,33.744,0.9864,0.6669,0
drop_vae_all,65,35,1,33.059,0.9853,0.6496,0
drop_vae_all,65,35,2,33.480,0.9860,0.6531,0
drop_vae_all,65,35,3,33.432,0.9859,0.6529,0
drop_vae_all,66,36,0,31.656,0.9795,0.6611,0
drop_vae_all,66,36,1,31.789,0.9823,0.6649,0
drop_vae_all,66,36,2,31.186,0.9817,0.6655,0
drop_vae_all,66,36,3,31.402,0.9823,0.6637,0
drop_vae_all,67,37,0,31.588,0.9826,0.6665,0
drop_vae_all,67,37,1,32.175,0.9841,0.6672,0
drop_vae_all,67,37,2,31.500,0.9819,0.6676,0
drop_vae_all,67,37,3,30.635,0.9789,0.6668,0
drop_vae_all,68,38,0,30.913,0.9788,0.6680,0
drop_vae_all,68,38,1,30.323,0.9784,0.6713,0
drop_vae_all,68,38,2,30.075,0.9771,0.6735,0
drop_vae_all,68,38,3,29.708,0.9749,0.6711,0
drop_vae_all,69,39,0,30.554,0.9782,0.6722,0
drop_vae_all,69,39,1,31.215,0.9806,0.6736,0
drop_vae_all,69,39,2,31.387,0.9814,0.6759,0
drop_vae_all,69,39,3,31.298,0.9808,0.6763,0
ph_zero_8,3,-27,0,99.000,,,0
ph_zero_8,3,-27,1,99.000,,,0
ph_zero_8,3,-27,2,99.000,,,0
ph_zero_8,3,-27,3,99.000,,,0
ph_zero_8,4,-26,0,99.000,,,0
ph_zero_8,4,-26,1,99.000,,,0
ph_zero_8,4,-26,2,99.000,,,0
ph_zero_8,4,-26,3,99.000,,,0
ph_zero_8,5,-25,0,99.000,,,0
ph_zero_8,5,-25,1,99.000,,,0
ph_zero_8,5,-25,2,99.000,,,0
ph_zero_8,5,-25,3,99.000,,,0
ph_zero_8,6,-24,0,99.000,,,0
ph_zero_8,6,-24,1,99.000,,,0
ph_zero_8,6,-24,2,99.000,,,0
ph_zero_8,6,-24,3,99.000,,,0
ph_zero_8,7,-23,0,99.000,,,0
ph_zero_8,7,-23,1,99.000,,,0
ph_zero_8,7,-23,2,99.000,,,0
ph_zero_8,7,-23,3,99.000,,,0
ph_zero_8,8,-22,0,99.000,,,0
ph_zero_8,8,-22,1,99.000,,,0
ph_zero_8,8,-22,2,99.000,,,0
ph_zero_8,8,-22,3,99.000,,,0
ph_zero_8,9,-21,0,99.000,,,0
ph_zero_8,9,-21,1,99.000,,,0
ph_zero_8,9,-21,2,99.000,,,0
ph_zero_8,9,-21,3,99.000,,,0
ph_zero_8,10,-20,0,99.000,,,0
ph_zero_8,10,-20,1,99.000,,,0
ph_zero_8,10,-20,2,99.000,,,0
ph_zero_8,10,-20,3,99.000,,,0
ph_zero_8,11,-19,0,99.000,,,0
ph_zero_8,11,-19,1,99.000,,,0
ph_zero_8,11,-19,2,99.000,,,0
ph_zero_8,11,-19,3,99.000,,,0
ph_zero_8,12,-18,0,99.000,,,0
ph_zero_8,12,-18,1,99.000,,,0
ph_zero_8,12,-18,2,99.000,,,0
ph_zero_8,12,-18,3,99.000,,,0
ph_zero_8,13,-17,0,99.000,,,0
ph_zero_8,13,-17,1,99.000,,,0
ph_zero_8,13,-17,2,99.000,,,0
ph_zero_8,13,-17,3,99.000,,,0
ph_zero_8,14,-16,0,99.000,,,0
ph_zero_8,14,-16,1,99.000,,,0
ph_zero_8,14,-16,2,99.000,,,0
ph_zero_8,14,-16,3,99.000,,,0
ph_zero_8,15,-15,0,99.000,,,0
ph_zero_8,15,-15,1,99.000,,,0
ph_zero_8,15,-15,2,99.000,,,0
ph_zero_8,15,-15,3,99.000,,,0
ph_zero_8,16,-14,0,99.000,,,0
ph_zero_8,16,-14,1,99.000,,,0
ph_zero_8,16,-14,2,99.000,,,0
ph_zero_8,16,-14,3,99.000,,,0
ph_zero_8,17,-13,0,99.000,,,0
ph_zero_8,17,-13,1,99.000,,,0
ph_zero_8,17,-13,2,99.000,,,0
ph_zero_8,17,-13,3,99.000,,,0
ph_zero_8,18,-12,0,99.000,,,0
ph_zero_8,18,-12,1,99.000,,,0
ph_zero_8,18,-12,2,99.000,,,0
ph_zero_8,18,-12,3,99.000,,,0
ph_zero_8,19,-11,0,99.000,,,0
ph_zero_8,19,-11,1,99.000,,,0
ph_zero_8,19,-11,2,99.000,,,0
ph_zero_8,19,-11,3,99.000,,,0
ph_zero_8,20,-10,0,99.000,,,0
ph_zero_8,20,-10,1,99.000,,,0
ph_zero_8,20,-10,2,99.000,,,0
ph_zero_8,20,-10,3,99.000,,,0
ph_zero_8,21,-9,0,99.000,,,0
ph_zero_8,21,-9,1,99.000,,,0
ph_zero_8,21,-9,2,99.000,,,0
ph_zero_8,21,-9,3,99.000,,,0
ph_zero_8,22,-8,0,99.000,,,0
ph_zero_8,22,-8,1,99.000,,,0
ph_zero_8,22,-8,2,99.000,,,0
ph_zero_8,22,-8,3,99.000,,,0
ph_zero_8,23,-7,0,99.000,,,0
ph_zero_8,23,-7,1,99.000,,,0
ph_zero_8,23,-7,2,99.000,,,0
ph_zero_8,23,-7,3,99.000,,,0
ph_zero_8,24,-6,0,99.000,,,0
ph_zero_8,24,-6,1,99.000,,,0
ph_zero_8,24,-6,2,99.000,,,0
ph_zero_8,24,-6,3,99.000,,,0
ph_zero_8,25,-5,0,99.000,,,0
ph_zero_8,25,-5,1,99.000,,,0
ph_zero_8,25,-5,2,99.000,,,0
ph_zero_8,25,-5,3,99.000,,,0
ph_zero_8,26,-4,0,99.000,,,0
ph_zero_8,26,-4,1,99.000,,,0
ph_zero_8,26,-4,2,99.000,,,0
ph_zero_8,26,-4,3,99.000,,,0
ph_zero_8,27,-3,0,99.000,,,0
ph_zero_8,27,-3,1,99.000,,,0
ph_zero_8,27,-3,2,99.000,,,0
ph_zero_8,27,-3,3,99.000,,,0
ph_zero_8,28,-2,0,99.000,,,0
ph_zero_8,28,-2,1,99.000,,,0
ph_zero_8,28,-2,2,99.000,,,0
ph_zero_8,28,-2,3,99.000,,,0
ph_zero_8,29,-1,0,99.000,,,0
ph_zero_8,29,-1,1,99.000,,,0
ph_zero_8,29,-1,2,99.000,,,0
ph_zero_8,29,-1,3,99.000,,,0
ph_zero_8,30,0,0,34.687,0.9890,0.6729,0
ph_zero_8,30,0,1,28.834,0.9671,0.6702,0
ph_zero_8,30,0,2,27.658,0.9583,0.6663,0
ph_zero_8,30,0,3,26.752,0.9483,0.6656,0
ph_zero_8,31,1,0,24.693,0.9182,0.6698,0
ph_zero_8,31,1,1,22.824,0.8921,0.6733,0
ph_zero_8,31,1,2,22.325,0.8879,0.6751,0
ph_zero_8,31,1,3,21.525,0.8565,0.6787,0
ph_zero_8,32,2,0,20.962,0.8371,0.6820,0
ph_zero_8,32,2,1,20.222,0.8334,0.6899,0
ph_zero_8,32,2,2,19.584,0.8257,0.6963,0
ph_zero_8,32,2,3,18.721,0.7963,0.6957,0
ph_zero_8,33,3,0,18.462,0.7830,0.6938,0
ph_zero_8,33,3,1,17.291,0.7804,0.7135,0
ph_zero_8,33,3,2,17.158,0.7797,0.7034,0
ph_zero_8,33,3,3,16.779,0.7725,0.7081,0
ph_zero_8,34,4,0,16.671,0.7701,0.7000,0
ph_zero_8,34,4,1,16.037,0.7649,0.7085,0
ph_zero_8,34,4,2,16.146,0.7610,0.7052,0
ph_zero_8,34,4,3,16.148,0.7551,0.7044,0
ph_zero_8,35,5,0,16.248,0.7528,0.7023,0
ph_zero_8,35,5,1,16.320,0.7488,0.6994,0
ph_zero_8,35,5,2,16.277,0.7432,0.6956,0
ph_zero_8,35,5,3,16.174,0.7346,0.6937,0
ph_zero_8,36,6,0,16.272,0.7359,0.6933,0
ph_zero_8,36,6,1,16.350,0.7333,0.6938,0
ph_zero_8,36,6,2,16.325,0.7286,0.6917,0
ph_zero_8,36,6,3,16.195,0.7201,0.6906,0
ph_zero_8,37,7,0,16.287,0.7189,0.6913,0
ph_zero_8,37,7,1,16.157,0.7140,0.6910,0
ph_zero_8,37,7,2,16.099,0.7112,0.6884,0
ph_zero_8,37,7,3,15.922,0.7037,0.6859,0
ph_zero_8,38,8,0,16.272,0.7150,0.6947,0
ph_zero_8,38,8,1,16.303,0.7213,0.7003,0
ph_zero_8,38,8,2,16.285,0.7229,0.7030,0
ph_zero_8,38,8,3,16.217,0.7227,0.7039,0
ph_zero_8,39,9,0,16.551,0.7311,0.7105,0
ph_zero_8,39,9,1,16.703,0.7363,0.7138,0
ph_zero_8,39,9,2,16.812,0.7389,0.7169,0
ph_zero_8,39,9,3,16.863,0.7403,0.7176,0
ph_zero_8,40,10,0,17.044,0.7472,0.7196,0
ph_zero_8,40,10,1,17.177,0.7500,0.7180,0
ph_zero_8,40,10,2,17.251,0.7525,0.7153,0
ph_zero_8,40,10,3,17.170,0.7464,0.7103,0
ph_zero_8,41,11,0,17.370,0.7583,0.7113,0
ph_zero_8,41,11,1,17.482,0.7662,0.7087,0
ph_zero_8,41,11,2,17.417,0.7677,0.7034,0
ph_zero_8,41,11,3,17.393,0.7643,0.6984,0
ph_zero_8,42,12,0,17.656,0.7705,0.6986,0
ph_zero_8,42,12,1,17.843,0.7746,0.6963,0
ph_zero_8,42,12,2,18.040,0.7803,0.6953,0
ph_zero_8,42,12,3,18.052,0.7775,0.6943,0
ph_zero_8,43,13,0,18.300,0.7778,0.6969,0
ph_zero_8,43,13,1,18.633,0.7862,0.6977,0
ph_zero_8,43,13,2,18.901,0.7904,0.6962,0
ph_zero_8,43,13,3,18.985,0.7932,0.6925,0
ph_zero_8,44,14,0,19.386,0.8042,0.6933,0
ph_zero_8,44,14,1,19.391,0.8049,0.6908,0
ph_zero_8,44,14,2,19.424,0.8059,0.6887,0
ph_zero_8,44,14,3,19.418,0.8063,0.6855,0
ph_zero_8,45,15,0,19.865,0.8220,0.6844,0
ph_zero_8,45,15,1,19.980,0.8269,0.6804,0
ph_zero_8,45,15,2,20.050,0.8299,0.6789,0
ph_zero_8,45,15,3,20.076,0.8305,0.6755,0
ph_zero_8,46,16,0,20.589,0.8445,0.6729,0
ph_zero_8,46,16,1,20.822,0.8495,0.6674,0
ph_zero_8,46,16,2,20.970,0.8541,0.6638,0
ph_zero_8,46,16,3,20.925,0.8537,0.6582,0
ph_zero_8,47,17,0,21.386,0.8607,0.6581,0
ph_zero_8,47,17,1,21.598,0.8656,0.6536,0
ph_zero_8,47,17,2,21.707,0.8700,0.6518,0
ph_zero_8,47,17,3,21.771,0.8703,0.6485,0
ph_zero_8,48,18,0,22.565,0.8829,0.6505,0
ph_zero_8,48,18,1,22.826,0.8893,0.6492,0
ph_zero_8,48,18,2,22.926,0.8931,0.6477,0
ph_zero_8,48,18,3,22.699,0.8909,0.6456,0
ph_zero_8,49,19,0,23.352,0.9027,0.6482,0
ph_zero_8,49,19,1,23.931,0.9112,0.6498,0
ph_zero_8,49,19,2,24.208,0.9153,0.6508,0
ph_zero_8,49,19,3,24.261,0.9165,0.6511,0
ph_zero_8,50,20,0,25.019,0.9269,0.6539,0
ph_zero_8,50,20,1,26.134,0.9400,0.6555,0
ph_zero_8,50,20,2,26.464,0.9441,0.6547,0
ph_zero_8,50,20,3,26.657,0.9462,0.6557,0
ph_zero_8,51,21,0,27.865,0.9571,0.6554,0
ph_zero_8,51,21,1,28.702,0.9635,0.6543,0
ph_zero_8,51,21,2,29.273,0.9670,0.6530,0
ph_zero_8,51,21,3,29.253,0.9658,0.6526,0
ph_zero_8,52,22,0,30.076,0.9699,0.6492,0
ph_zero_8,52,22,1,30.835,0.9729,0.6441,0
ph_zero_8,52,22,2,31.352,0.9759,0.6424,0
ph_zero_8,52,22,3,31.445,0.9750,0.6416,0
ph_zero_8,53,23,0,32.836,0.9792,0.6450,0
ph_zero_8,53,23,1,33.688,0.9822,0.6447,0
ph_zero_8,53,23,2,33.947,0.9828,0.6428,0
ph_zero_8,53,23,3,33.979,0.9823,0.6422,0
ph_zero_8,54,24,0,35.010,0.9852,0.6438,0
ph_zero_8,54,24,1,35.621,0.9875,0.6456,0
ph_zero_8,54,24,2,35.576,0.9877,0.6435,0
ph_zero_8,54,24,3,35.553,0.9880,0.6444,0
ph_zero_8,55,25,0,36.718,0.9905,0.6455,0
ph_zero_8,55,25,1,37.092,0.9913,0.6464,0
ph_zero_8,55,25,2,37.394,0.9915,0.6456,0
ph_zero_8,55,25,3,37.127,0.9913,0.6467,0
ph_zero_8,56,26,0,37.315,0.9921,0.6485,0
ph_zero_8,56,26,1,38.010,0.9928,0.6490,0
ph_zero_8,56,26,2,38.041,0.9932,0.6484,0
ph_zero_8,56,26,3,37.508,0.9929,0.6494,0
ph_zero_8,57,27,0,38.105,0.9933,0.6473,0
ph_zero_8,57,27,1,38.032,0.9937,0.6465,0
ph_zero_8,57,27,2,38.098,0.9937,0.6460,0
ph_zero_8,57,27,3,37.328,0.9931,0.6467,0
ph_zero_8,58,28,0,38.084,0.9940,0.6488,0
ph_zero_8,58,28,1,38.796,0.9946,0.6502,0
ph_zero_8,58,28,2,38.549,0.9944,0.6493,0
ph_zero_8,58,28,3,38.271,0.9942,0.6490,0
ph_zero_8,59,29,0,38.272,0.9941,0.6477,0
ph_zero_8,59,29,1,37.727,0.9937,0.6491,0
ph_zero_8,59,29,2,37.339,0.9933,0.6468,0
ph_zero_8,59,29,3,36.949,0.9928,0.6457,0
ph_zero_8,60,30,0,36.540,0.9920,0.6437,0
ph_zero_8,60,30,1,35.816,0.9912,0.6456,0
ph_zero_8,60,30,2,35.459,0.9907,0.6464,0
ph_zero_8,60,30,3,33.709,0.9860,0.6458,0
ph_zero_8,61,31,0,33.993,0.9866,0.6445,0
ph_zero_8,61,31,1,35.087,0.9901,0.6537,0
ph_zero_8,61,31,2,34.924,0.9897,0.6534,0
ph_zero_8,61,31,3,33.850,0.9871,0.6550,0
ph_zero_8,62,32,0,33.806,0.9885,0.6591,0
ph_zero_8,62,32,1,34.838,0.9911,0.6604,0
ph_zero_8,62,32,2,35.360,0.9917,0.6591,0
ph_zero_8,62,32,3,35.389,0.9918,0.6604,0
ph_zero_8,63,33,0,35.640,0.9914,0.6618,0
ph_zero_8,63,33,1,34.581,0.9890,0.6626,0
ph_zero_8,63,33,2,32.794,0.9859,0.6643,0
ph_zero_8,63,33,3,29.049,0.9742,0.6649,0
ph_zero_8,64,34,0,32.289,0.9853,0.6676,0
ph_zero_8,64,34,1,32.743,0.9859,0.6681,0
ph_zero_8,64,34,2,32.628,0.9853,0.6660,0
ph_zero_8,64,34,3,32.341,0.9845,0.6653,0
ph_zero_8,65,35,0,32.639,0.9847,0.6656,0
ph_zero_8,65,35,1,31.460,0.9793,0.6484,0
ph_zero_8,65,35,2,31.602,0.9795,0.6518,0
ph_zero_8,65,35,3,31.446,0.9791,0.6519,0
ph_zero_8,66,36,0,30.656,0.9746,0.6591,0
ph_zero_8,66,36,1,31.277,0.9772,0.6640,0
ph_zero_8,66,36,2,31.476,0.9794,0.6648,0
ph_zero_8,66,36,3,31.151,0.9781,0.6634,0
ph_zero_8,67,37,0,31.463,0.9794,0.6661,0
ph_zero_8,67,37,1,31.556,0.9810,0.6670,0
ph_zero_8,67,37,2,31.441,0.9813,0.6675,0
ph_zero_8,67,37,3,31.511,0.9821,0.6667,0
ph_zero_8,68,38,0,32.231,0.9834,0.6676,0
ph_zero_8,68,38,1,31.711,0.9830,0.6707,0
ph_zero_8,68,38,2,31.537,0.9828,0.6729,0
ph_zero_8,68,38,3,31.025,0.9810,0.6700,0
ph_zero_8,69,39,0,32.033,0.9832,0.6717,0
ph_zero_8,69,39,1,32.206,0.9834,0.6733,0
ph_zero_8,69,39,2,32.098,0.9832,0.6754,0
ph_zero_8,69,39,3,31.910,0.9830,0.6756,0
ph_local_8,3,-27,0,99.000,,,0
ph_local_8,3,-27,1,99.000,,,0
ph_local_8,3,-27,2,99.000,,,0
ph_local_8,3,-27,3,99.000,,,0
ph_local_8,4,-26,0,99.000,,,0
ph_local_8,4,-26,1,99.000,,,0
ph_local_8,4,-26,2,99.000,,,0
ph_local_8,4,-26,3,99.000,,,0
ph_local_8,5,-25,0,99.000,,,0
ph_local_8,5,-25,1,99.000,,,0
ph_local_8,5,-25,2,99.000,,,0
ph_local_8,5,-25,3,99.000,,,0
ph_local_8,6,-24,0,99.000,,,0
ph_local_8,6,-24,1,99.000,,,0
ph_local_8,6,-24,2,99.000,,,0
ph_local_8,6,-24,3,99.000,,,0
ph_local_8,7,-23,0,99.000,,,0
ph_local_8,7,-23,1,99.000,,,0
ph_local_8,7,-23,2,99.000,,,0
ph_local_8,7,-23,3,99.000,,,0
ph_local_8,8,-22,0,99.000,,,0
ph_local_8,8,-22,1,99.000,,,0
ph_local_8,8,-22,2,99.000,,,0
ph_local_8,8,-22,3,99.000,,,0
ph_local_8,9,-21,0,99.000,,,0
ph_local_8,9,-21,1,99.000,,,0
ph_local_8,9,-21,2,99.000,,,0
ph_local_8,9,-21,3,99.000,,,0
ph_local_8,10,-20,0,99.000,,,0
ph_local_8,10,-20,1,99.000,,,0
ph_local_8,10,-20,2,99.000,,,0
ph_local_8,10,-20,3,99.000,,,0
ph_local_8,11,-19,0,99.000,,,0
ph_local_8,11,-19,1,99.000,,,0
ph_local_8,11,-19,2,99.000,,,0
ph_local_8,11,-19,3,99.000,,,0
ph_local_8,12,-18,0,99.000,,,0
ph_local_8,12,-18,1,99.000,,,0
ph_local_8,12,-18,2,99.000,,,0
ph_local_8,12,-18,3,99.000,,,0
ph_local_8,13,-17,0,99.000,,,0
ph_local_8,13,-17,1,99.000,,,0
ph_local_8,13,-17,2,99.000,,,0
ph_local_8,13,-17,3,99.000,,,0
ph_local_8,14,-16,0,99.000,,,0
ph_local_8,14,-16,1,99.000,,,0
ph_local_8,14,-16,2,99.000,,,0
ph_local_8,14,-16,3,99.000,,,0
ph_local_8,15,-15,0,99.000,,,0
ph_local_8,15,-15,1,99.000,,,0
ph_local_8,15,-15,2,99.000,,,0
ph_local_8,15,-15,3,99.000,,,0
ph_local_8,16,-14,0,99.000,,,0
ph_local_8,16,-14,1,99.000,,,0
ph_local_8,16,-14,2,99.000,,,0
ph_local_8,16,-14,3,99.000,,,0
ph_local_8,17,-13,0,99.000,,,0
ph_local_8,17,-13,1,99.000,,,0
ph_local_8,17,-13,2,99.000,,,0
ph_local_8,17,-13,3,99.000,,,0
ph_local_8,18,-12,0,99.000,,,0
ph_local_8,18,-12,1,99.000,,,0
ph_local_8,18,-12,2,99.000,,,0
ph_local_8,18,-12,3,99.000,,,0
ph_local_8,19,-11,0,99.000,,,0
ph_local_8,19,-11,1,99.000,,,0
ph_local_8,19,-11,2,99.000,,,0
ph_local_8,19,-11,3,99.000,,,0
ph_local_8,20,-10,0,99.000,,,0
ph_local_8,20,-10,1,99.000,,,0
ph_local_8,20,-10,2,99.000,,,0
ph_local_8,20,-10,3,99.000,,,0
ph_local_8,21,-9,0,99.000,,,0
ph_local_8,21,-9,1,99.000,,,0
ph_local_8,21,-9,2,99.000,,,0
ph_local_8,21,-9,3,99.000,,,0
ph_local_8,22,-8,0,99.000,,,0
ph_local_8,22,-8,1,99.000,,,0
ph_local_8,22,-8,2,99.000,,,0
ph_local_8,22,-8,3,99.000,,,0
ph_local_8,23,-7,0,99.000,,,0
ph_local_8,23,-7,1,99.000,,,0
ph_local_8,23,-7,2,99.000,,,0
ph_local_8,23,-7,3,99.000,,,0
ph_local_8,24,-6,0,99.000,,,0
ph_local_8,24,-6,1,99.000,,,0
ph_local_8,24,-6,2,99.000,,,0
ph_local_8,24,-6,3,99.000,,,0
ph_local_8,25,-5,0,99.000,,,0
ph_local_8,25,-5,1,99.000,,,0
ph_local_8,25,-5,2,99.000,,,0
ph_local_8,25,-5,3,99.000,,,0
ph_local_8,26,-4,0,99.000,,,0
ph_local_8,26,-4,1,99.000,,,0
ph_local_8,26,-4,2,99.000,,,0
ph_local_8,26,-4,3,99.000,,,0
ph_local_8,27,-3,0,99.000,,,0
ph_local_8,27,-3,1,99.000,,,0
ph_local_8,27,-3,2,99.000,,,0
ph_local_8,27,-3,3,99.000,,,0
ph_local_8,28,-2,0,99.000,,,0
ph_local_8,28,-2,1,99.000,,,0
ph_local_8,28,-2,2,99.000,,,0
ph_local_8,28,-2,3,99.000,,,0
ph_local_8,29,-1,0,99.000,,,0
ph_local_8,29,-1,1,99.000,,,0
ph_local_8,29,-1,2,99.000,,,0
ph_local_8,29,-1,3,99.000,,,0
ph_local_8,30,0,0,34.842,0.9893,0.6735,0
ph_local_8,30,0,1,29.013,0.9677,0.6720,0
ph_local_8,30,0,2,27.728,0.9586,0.6683,0
ph_local_8,30,0,3,26.807,0.9514,0.6679,0
ph_local_8,31,1,0,23.816,0.9078,0.6708,0
ph_local_8,31,1,1,22.488,0.8840,0.6741,0
ph_local_8,31,1,2,23.241,0.9062,0.6737,0
ph_local_8,31,1,3,22.233,0.8776,0.6782,0
ph_local_8,32,2,0,21.910,0.8628,0.6779,0
ph_local_8,32,2,1,20.313,0.8395,0.6888,0
ph_local_8,32,2,2,20.822,0.8585,0.6927,0
ph_local_8,32,2,3,19.747,0.8187,0.6884,0
ph_local_8,33,3,0,18.905,0.8069,0.6942,0
ph_local_8,33,3,1,18.344,0.8225,0.7125,0
ph_local_8,33,3,2,17.865,0.7943,0.6994,0
ph_local_8,33,3,3,16.998,0.7978,0.7066,0
ph_local_8,34,4,0,17.575,0.8089,0.6987,0
ph_local_8,34,4,1,17.017,0.7994,0.7075,0
ph_local_8,34,4,2,17.039,0.7944,0.7051,0
ph_local_8,34,4,3,17.050,0.7926,0.7064,0
ph_local_8,35,5,0,17.121,0.7978,0.7070,0
ph_local_8,35,5,1,17.146,0.7954,0.7078,0
ph_local_8,35,5,2,17.127,0.7936,0.7054,0
ph_local_8,35,5,3,17.113,0.7922,0.7048,0
ph_local_8,36,6,0,17.326,0.7965,0.7064,0
ph_local_8,36,6,1,17.495,0.7961,0.7087,0
ph_local_8,36,6,2,17.619,0.7953,0.7083,0
ph_local_8,36,6,3,17.625,0.7914,0.7080,0
ph_local_8,37,7,0,17.773,0.7917,0.7097,0
ph_local_8,37,7,1,17.128,0.7796,0.7102,0
ph_local_8,37,7,2,17.442,0.7847,0.7104,0
ph_local_8,37,7,3,17.490,0.7826,0.7087,0
ph_local_8,38,8,0,17.616,0.7861,0.7117,0
ph_local_8,38,8,1,17.495,0.7863,0.7140,0
ph_local_8,38,8,2,17.532,0.7868,0.7147,0
ph_local_8,38,8,3,17.531,0.7858,0.7144,0
ph_local_8,39,9,0,17.766,0.7882,0.7195,0
ph_local_8,39,9,1,17.897,0.7911,0.7220,0
ph_local_8,39,9,2,18.001,0.7927,0.7241,0
ph_local_8,39,9,3,18.042,0.7934,0.7240,0
ph_local_8,40,10,0,18.032,0.7938,0.7234,0
ph_local_8,40,10,1,17.965,0.7940,0.7223,0
ph_local_8,40,10,2,18.309,0.7915,0.7176,0
ph_local_8,40,10,3,18.102,0.7820,0.7144,0
ph_local_8,41,11,0,18.108,0.7885,0.7143,0
ph_local_8,41,11,1,18.100,0.7934,0.7086,0
ph_local_8,41,11,2,18.131,0.7974,0.7046,0
ph_local_8,41,11,3,18.200,0.7968,0.6997,0
ph_local_8,42,12,0,18.444,0.7972,0.6985,0
ph_local_8,42,12,1,18.660,0.8008,0.6956,0
ph_local_8,42,12,2,18.865,0.8068,0.6954,0
ph_local_8,42,12,3,18.915,0.7996,0.6941,0
ph_local_8,43,13,0,19.105,0.7954,0.6961,0
ph_local_8,43,13,1,19.267,0.7967,0.6952,0
ph_local_8,43,13,2,19.448,0.7981,0.6938,0
ph_local_8,43,13,3,19.635,0.8053,0.6909,0
ph_local_8,44,14,0,20.006,0.8167,0.6918,0
ph_local_8,44,14,1,19.964,0.8164,0.6895,0
ph_local_8,44,14,2,20.031,0.8187,0.6876,0
ph_local_8,44,14,3,20.123,0.8229,0.6850,0
ph_local_8,45,15,0,20.670,0.8361,0.6846,0
ph_local_8,45,15,1,20.999,0.8447,0.6814,0
ph_local_8,45,15,2,21.166,0.8505,0.6803,0
ph_local_8,45,15,3,21.268,0.8538,0.6768,0
ph_local_8,46,16,0,21.836,0.8662,0.6760,0
ph_local_8,46,16,1,22.181,0.8750,0.6708,0
ph_local_8,46,16,2,22.378,0.8793,0.6666,0
ph_local_8,46,16,3,22.513,0.8815,0.6598,0
ph_local_8,47,17,0,23.397,0.8928,0.6597,0
ph_local_8,47,17,1,23.811,0.9013,0.6550,0
ph_local_8,47,17,2,23.898,0.9040,0.6528,0
ph_local_8,47,17,3,23.863,0.9027,0.6495,0
ph_local_8,48,18,0,24.826,0.9153,0.6518,0
ph_local_8,48,18,1,25.198,0.9223,0.6504,0
ph_local_8,48,18,2,25.366,0.9253,0.6489,0
ph_local_8,48,18,3,25.269,0.9253,0.6468,0
ph_local_8,49,19,0,25.816,0.9338,0.6496,0
ph_local_8,49,19,1,26.391,0.9405,0.6513,0
ph_local_8,49,19,2,26.661,0.9441,0.6521,0
ph_local_8,49,19,3,26.650,0.9443,0.6523,0
ph_local_8,50,20,0,27.547,0.9525,0.6548,0
ph_local_8,50,20,1,28.512,0.9604,0.6569,0
ph_local_8,50,20,2,28.740,0.9626,0.6560,0
ph_local_8,50,20,3,28.594,0.9621,0.6571,0
ph_local_8,51,21,0,29.781,0.9694,0.6571,0
ph_local_8,51,21,1,30.774,0.9745,0.6559,0
ph_local_8,51,21,2,31.394,0.9767,0.6548,0
ph_local_8,51,21,3,31.481,0.9769,0.6544,0
ph_local_8,52,22,0,32.281,0.9793,0.6509,0
ph_local_8,52,22,1,32.961,0.9817,0.6457,0
ph_local_8,52,22,2,33.380,0.9832,0.6440,0
ph_local_8,52,22,3,33.176,0.9827,0.6430,0
ph_local_8,53,23,0,34.119,0.9852,0.6461,0
ph_local_8,53,23,1,34.788,0.9870,0.6457,0
ph_local_8,53,23,2,34.914,0.9872,0.6437,0
ph_local_8,53,23,3,34.766,0.9867,0.6433,0
ph_local_8,54,24,0,36.164,0.9894,0.6446,0
ph_local_8,54,24,1,37.180,0.9909,0.6464,0
ph_local_8,54,24,2,37.184,0.9903,0.6443,0
ph_local_8,54,24,3,37.240,0.9904,0.6451,0
ph_local_8,55,25,0,38.112,0.9921,0.6463,0
ph_local_8,55,25,1,38.102,0.9922,0.6471,0
ph_local_8,55,25,2,38.354,0.9922,0.6462,0
ph_local_8,55,25,3,38.114,0.9922,0.6473,0
ph_local_8,56,26,0,38.364,0.9930,0.6490,0
ph_local_8,56,26,1,38.705,0.9936,0.6495,0
ph_local_8,56,26,2,38.304,0.9937,0.6490,0
ph_local_8,56,26,3,37.875,0.9935,0.6500,0
ph_local_8,57,27,0,38.164,0.9939,0.6477,0
ph_local_8,57,27,1,38.478,0.9942,0.6469,0
ph_local_8,57,27,2,38.323,0.9939,0.6463,0
ph_local_8,57,27,3,37.635,0.9933,0.6469,0
ph_local_8,58,28,0,38.500,0.9943,0.6489,0
ph_local_8,58,28,1,38.684,0.9946,0.6503,0
ph_local_8,58,28,2,38.592,0.9947,0.6495,0
ph_local_8,58,28,3,38.066,0.9942,0.6491,0
ph_local_8,59,29,0,38.283,0.9941,0.6478,0
ph_local_8,59,29,1,37.966,0.9939,0.6491,0
ph_local_8,59,29,2,37.611,0.9936,0.6469,0
ph_local_8,59,29,3,36.880,0.9928,0.6458,0
ph_local_8,60,30,0,36.638,0.9923,0.6438,0
ph_local_8,60,30,1,36.104,0.9917,0.6457,0
ph_local_8,60,30,2,35.787,0.9913,0.6465,0
ph_local_8,60,30,3,33.889,0.9867,0.6458,0
ph_local_8,61,31,0,34.116,0.9874,0.6446,0
ph_local_8,61,31,1,35.177,0.9904,0.6538,0
ph_local_8,61,31,2,34.997,0.9901,0.6535,0
ph_local_8,61,31,3,34.110,0.9881,0.6551,0
ph_local_8,62,32,0,33.868,0.9886,0.6592,0
ph_local_8,62,32,1,34.889,0.9913,0.6606,0
ph_local_8,62,32,2,35.367,0.9918,0.6593,0
ph_local_8,62,32,3,35.437,0.9920,0.6605,0
ph_local_8,63,33,0,35.931,0.9918,0.6619,0
ph_local_8,63,33,1,34.986,0.9897,0.6626,0
ph_local_8,63,33,2,33.166,0.9871,0.6643,0
ph_local_8,63,33,3,29.270,0.9754,0.6649,0
ph_local_8,64,34,0,32.311,0.9858,0.6678,0
ph_local_8,64,34,1,32.657,0.9860,0.6684,0
ph_local_8,64,34,2,32.529,0.9854,0.6662,0
ph_local_8,64,34,3,32.343,0.9849,0.6655,0
ph_local_8,65,35,0,32.606,0.9850,0.6659,0
ph_local_8,65,35,1,31.134,0.9779,0.6485,0
ph_local_8,65,35,2,31.228,0.9778,0.6520,0
ph_local_8,65,35,3,31.069,0.9774,0.6520,0
ph_local_8,66,36,0,30.389,0.9734,0.6592,0
ph_local_8,66,36,1,30.881,0.9755,0.6639,0
ph_local_8,66,36,2,31.095,0.9778,0.6648,0
ph_local_8,66,36,3,30.813,0.9765,0.6633,0
ph_local_8,67,37,0,31.179,0.9783,0.6661,0
ph_local_8,67,37,1,31.353,0.9801,0.6669,0
ph_local_8,67,37,2,31.180,0.9802,0.6675,0
ph_local_8,67,37,3,31.149,0.9807,0.6666,0
ph_local_8,68,38,0,31.789,0.9817,0.6675,0
ph_local_8,68,38,1,31.208,0.9812,0.6707,0
ph_local_8,68,38,2,30.987,0.9807,0.6729,0
ph_local_8,68,38,3,30.533,0.9790,0.6699,0
ph_local_8,69,39,0,31.599,0.9817,0.6715,0
ph_local_8,69,39,1,31.947,0.9824,0.6731,0
ph_local_8,69,39,2,31.893,0.9826,0.6751,0
ph_local_8,69,39,3,31.749,0.9825,0.6755,0
ph_localrefresh,3,-27,0,99.000,,,0
ph_localrefresh,3,-27,1,99.000,,,0
ph_localrefresh,3,-27,2,99.000,,,0
ph_localrefresh,3,-27,3,99.000,,,0
ph_localrefresh,4,-26,0,99.000,,,0
ph_localrefresh,4,-26,1,99.000,,,0
ph_localrefresh,4,-26,2,99.000,,,0
ph_localrefresh,4,-26,3,99.000,,,0
ph_localrefresh,5,-25,0,99.000,,,0
ph_localrefresh,5,-25,1,99.000,,,0
ph_localrefresh,5,-25,2,99.000,,,0
ph_localrefresh,5,-25,3,99.000,,,0
ph_localrefresh,6,-24,0,99.000,,,0
ph_localrefresh,6,-24,1,99.000,,,0
ph_localrefresh,6,-24,2,99.000,,,0
ph_localrefresh,6,-24,3,99.000,,,0
ph_localrefresh,7,-23,0,99.000,,,0
ph_localrefresh,7,-23,1,99.000,,,0
ph_localrefresh,7,-23,2,99.000,,,0
ph_localrefresh,7,-23,3,99.000,,,0
ph_localrefresh,8,-22,0,99.000,,,0
ph_localrefresh,8,-22,1,99.000,,,0
ph_localrefresh,8,-22,2,99.000,,,0
ph_localrefresh,8,-22,3,99.000,,,0
ph_localrefresh,9,-21,0,99.000,,,0
ph_localrefresh,9,-21,1,99.000,,,0
ph_localrefresh,9,-21,2,99.000,,,0
ph_localrefresh,9,-21,3,99.000,,,0
ph_localrefresh,10,-20,0,99.000,,,0
ph_localrefresh,10,-20,1,99.000,,,0
ph_localrefresh,10,-20,2,99.000,,,0
ph_localrefresh,10,-20,3,99.000,,,0
ph_localrefresh,11,-19,0,99.000,,,0
ph_localrefresh,11,-19,1,99.000,,,0
ph_localrefresh,11,-19,2,99.000,,,0
ph_localrefresh,11,-19,3,99.000,,,0
ph_localrefresh,12,-18,0,99.000,,,0
ph_localrefresh,12,-18,1,99.000,,,0
ph_localrefresh,12,-18,2,99.000,,,0
ph_localrefresh,12,-18,3,99.000,,,0
ph_localrefresh,13,-17,0,99.000,,,0
ph_localrefresh,13,-17,1,99.000,,,0
ph_localrefresh,13,-17,2,99.000,,,0
ph_localrefresh,13,-17,3,99.000,,,0
ph_localrefresh,14,-16,0,99.000,,,0
ph_localrefresh,14,-16,1,99.000,,,0
ph_localrefresh,14,-16,2,99.000,,,0
ph_localrefresh,14,-16,3,99.000,,,0
ph_localrefresh,15,-15,0,99.000,,,0
ph_localrefresh,15,-15,1,99.000,,,0
ph_localrefresh,15,-15,2,99.000,,,0
ph_localrefresh,15,-15,3,99.000,,,0
ph_localrefresh,16,-14,0,99.000,,,0
ph_localrefresh,16,-14,1,99.000,,,0
ph_localrefresh,16,-14,2,99.000,,,0
ph_localrefresh,16,-14,3,99.000,,,0
ph_localrefresh,17,-13,0,99.000,,,0
ph_localrefresh,17,-13,1,99.000,,,0
ph_localrefresh,17,-13,2,99.000,,,0
ph_localrefresh,17,-13,3,99.000,,,0
ph_localrefresh,18,-12,0,99.000,,,0
ph_localrefresh,18,-12,1,99.000,,,0
ph_localrefresh,18,-12,2,99.000,,,0
ph_localrefresh,18,-12,3,99.000,,,0
ph_localrefresh,19,-11,0,99.000,,,0
ph_localrefresh,19,-11,1,99.000,,,0
ph_localrefresh,19,-11,2,99.000,,,0
ph_localrefresh,19,-11,3,99.000,,,0
ph_localrefresh,20,-10,0,99.000,,,0
ph_localrefresh,20,-10,1,99.000,,,0
ph_localrefresh,20,-10,2,99.000,,,0
ph_localrefresh,20,-10,3,99.000,,,0
ph_localrefresh,21,-9,0,99.000,,,0
ph_localrefresh,21,-9,1,99.000,,,0
ph_localrefresh,21,-9,2,99.000,,,0
ph_localrefresh,21,-9,3,99.000,,,0
ph_localrefresh,22,-8,0,99.000,,,0
ph_localrefresh,22,-8,1,99.000,,,0
ph_localrefresh,22,-8,2,99.000,,,0
ph_localrefresh,22,-8,3,99.000,,,0
ph_localrefresh,23,-7,0,99.000,,,0
ph_localrefresh,23,-7,1,99.000,,,0
ph_localrefresh,23,-7,2,99.000,,,0
ph_localrefresh,23,-7,3,99.000,,,0
ph_localrefresh,24,-6,0,99.000,,,0
ph_localrefresh,24,-6,1,99.000,,,0
ph_localrefresh,24,-6,2,99.000,,,0
ph_localrefresh,24,-6,3,99.000,,,0
ph_localrefresh,25,-5,0,99.000,,,0
ph_localrefresh,25,-5,1,99.000,,,0
ph_localrefresh,25,-5,2,99.000,,,0
ph_localrefresh,25,-5,3,99.000,,,0
ph_localrefresh,26,-4,0,99.000,,,0
ph_localrefresh,26,-4,1,99.000,,,0
ph_localrefresh,26,-4,2,99.000,,,0
ph_localrefresh,26,-4,3,99.000,,,0
ph_localrefresh,27,-3,0,99.000,,,0
ph_localrefresh,27,-3,1,99.000,,,0
ph_localrefresh,27,-3,2,99.000,,,0
ph_localrefresh,27,-3,3,99.000,,,0
ph_localrefresh,28,-2,0,99.000,,,0
ph_localrefresh,28,-2,1,99.000,,,0
ph_localrefresh,28,-2,2,99.000,,,0
ph_localrefresh,28,-2,3,99.000,,,0
ph_localrefresh,29,-1,0,99.000,,,0
ph_localrefresh,29,-1,1,99.000,,,0
ph_localrefresh,29,-1,2,99.000,,,0
ph_localrefresh,29,-1,3,99.000,,,0
ph_localrefresh,30,0,0,35.074,0.9899,0.6734,0
ph_localrefresh,30,0,1,29.157,0.9688,0.6712,0
ph_localrefresh,30,0,2,27.983,0.9602,0.6673,0
ph_localrefresh,30,0,3,27.018,0.9512,0.6668,0
ph_localrefresh,31,1,0,24.515,0.9161,0.6712,0
ph_localrefresh,31,1,1,22.867,0.8889,0.6748,0
ph_localrefresh,31,1,2,23.325,0.9060,0.6753,0
ph_localrefresh,31,1,3,22.124,0.8720,0.6799,0
ph_localrefresh,32,2,0,21.755,0.8559,0.6785,0
ph_localrefresh,32,2,1,20.754,0.8459,0.6869,0
ph_localrefresh,32,2,2,21.018,0.8606,0.6937,0
ph_localrefresh,32,2,3,19.810,0.8199,0.6903,0
ph_localrefresh,33,3,0,19.272,0.8061,0.6913,0
ph_localrefresh,33,3,1,18.862,0.8194,0.7145,0
ph_localrefresh,33,3,2,17.954,0.7977,0.6996,0
ph_localrefresh,33,3,3,18.247,0.7995,0.7058,0
ph_localrefresh,34,4,0,18.813,0.8082,0.6979,0
ph_localrefresh,34,4,1,16.845,0.7922,0.7077,0
ph_localrefresh,34,4,2,16.804,0.7862,0.7073,0
ph_localrefresh,34,4,3,16.814,0.7838,0.7074,0
ph_localrefresh,35,5,0,17.021,0.7891,0.7081,0
ph_localrefresh,35,5,1,17.095,0.7844,0.7084,0
ph_localrefresh,35,5,2,17.062,0.7808,0.7063,0
ph_localrefresh,35,5,3,17.043,0.7790,0.7061,0
ph_localrefresh,36,6,0,17.221,0.7829,0.7067,0
ph_localrefresh,36,6,1,17.366,0.7835,0.7083,0
ph_localrefresh,36,6,2,17.416,0.7817,0.7073,0
ph_localrefresh,36,6,3,17.447,0.7802,0.7067,0
ph_localrefresh,37,7,0,17.460,0.7784,0.7047,0
ph_localrefresh,37,7,1,17.307,0.7729,0.7025,0
ph_localrefresh,37,7,2,17.293,0.7704,0.7001,0
ph_localrefresh,37,7,3,17.306,0.7682,0.6983,0
ph_localrefresh,38,8,0,17.247,0.7658,0.6992,0
ph_localrefresh,38,8,1,17.138,0.7633,0.6993,0
ph_localrefresh,38,8,2,17.075,0.7610,0.6987,0
ph_localrefresh,38,8,3,17.016,0.7568,0.6978,0
ph_localrefresh,39,9,0,17.021,0.7503,0.6981,0
ph_localrefresh,39,9,1,17.008,0.7477,0.6983,0
ph_localrefresh,39,9,2,17.010,0.7443,0.6985,0
ph_localrefresh,39,9,3,16.990,0.7417,0.6975,0
ph_localrefresh,40,10,0,16.949,0.7354,0.7017,0
ph_localrefresh,40,10,1,16.878,0.7309,0.7027,0
ph_localrefresh,40,10,2,16.803,0.7267,0.7003,0
ph_localrefresh,40,10,3,16.573,0.7151,0.6983,0
ph_localrefresh,41,11,0,16.242,0.7110,0.6983,0
ph_localrefresh,41,11,1,16.581,0.7190,0.6991,0
ph_localrefresh,41,11,2,16.551,0.7217,0.6954,0
ph_localrefresh,41,11,3,16.497,0.7160,0.6897,0
ph_localrefresh,42,12,0,16.398,0.7153,0.6904,0
ph_localrefresh,42,12,1,16.377,0.7164,0.6889,0
ph_localrefresh,42,12,2,16.277,0.7154,0.6897,0
ph_localrefresh,42,12,3,16.233,0.7122,0.6887,0
ph_localrefresh,43,13,0,16.340,0.7124,0.6916,0
ph_localrefresh,43,13,1,16.212,0.7134,0.6955,0
ph_localrefresh,43,13,2,16.295,0.7153,0.6949,0
ph_localrefresh,43,13,3,16.279,0.7149,0.6914,0
ph_localrefresh,44,14,0,16.492,0.7177,0.6977,0
ph_localrefresh,44,14,1,16.491,0.7189,0.6974,0
ph_localrefresh,44,14,2,16.501,0.7185,0.6953,0
ph_localrefresh,44,14,3,16.476,0.7174,0.6909,0
ph_localrefresh,45,15,0,16.095,0.7123,0.6998,0
ph_localrefresh,45,15,1,15.888,0.7069,0.6997,0
ph_localrefresh,45,15,2,15.820,0.7045,0.6972,0
ph_localrefresh,45,15,3,15.782,0.7043,0.6914,0
ph_localrefresh,46,16,0,15.684,0.7074,0.6978,0
ph_localrefresh,46,16,1,15.459,0.7034,0.6936,0
ph_localrefresh,46,16,2,15.431,0.7026,0.6849,0
ph_localrefresh,46,16,3,15.399,0.7018,0.6748,0
ph_localrefresh,47,17,0,15.358,0.7027,0.6854,0
ph_localrefresh,47,17,1,15.222,0.7002,0.6819,0
ph_localrefresh,47,17,2,15.185,0.7001,0.6788,0
ph_localrefresh,47,17,3,15.183,0.6991,0.6744,0
ph_localrefresh,48,18,0,15.185,0.6988,0.6774,0
ph_localrefresh,48,18,1,15.135,0.6964,0.6769,0
ph_localrefresh,48,18,2,15.109,0.6948,0.6747,0
ph_localrefresh,48,18,3,15.072,0.6930,0.6731,0
ph_localrefresh,49,19,0,15.220,0.6959,0.6781,0
ph_localrefresh,49,19,1,15.320,0.6980,0.6809,0
ph_localrefresh,49,19,2,15.390,0.6986,0.6828,0
ph_localrefresh,49,19,3,15.435,0.6993,0.6841,0
ph_localrefresh,50,20,0,15.713,0.7049,0.6905,0
ph_localrefresh,50,20,1,16.137,0.7082,0.6928,0
ph_localrefresh,50,20,2,16.212,0.7084,0.6930,0
ph_localrefresh,50,20,3,16.180,0.7062,0.6933,0
ph_localrefresh,51,21,0,16.310,0.7071,0.6973,0
ph_localrefresh,51,21,1,16.317,0.7063,0.6985,0
ph_localrefresh,51,21,2,16.319,0.7059,0.6991,0
ph_localrefresh,51,21,3,16.230,0.7005,0.7013,0
ph_localrefresh,52,22,0,16.264,0.7003,0.6981,0
ph_localrefresh,52,22,1,15.734,0.6905,0.6993,0
ph_localrefresh,52,22,2,15.985,0.6915,0.6955,0
ph_localrefresh,52,22,3,15.979,0.6901,0.6970,0
ph_localrefresh,53,23,0,16.143,0.6941,0.7005,0
ph_localrefresh,53,23,1,16.115,0.6974,0.7005,0
ph_localrefresh,53,23,2,15.995,0.6948,0.6991,0
ph_localrefresh,53,23,3,15.975,0.6965,0.6993,0
ph_localrefresh,54,24,0,16.063,0.6998,0.7020,0
ph_localrefresh,54,24,1,16.039,0.7022,0.7035,0
ph_localrefresh,54,24,2,16.011,0.7025,0.7036,0
ph_localrefresh,54,24,3,16.010,0.7038,0.7034,0
ph_localrefresh,55,25,0,15.996,0.7086,0.7066,0
ph_localrefresh,55,25,1,15.997,0.7105,0.7068,0
ph_localrefresh,55,25,2,16.038,0.7124,0.7052,0
ph_localrefresh,55,25,3,16.022,0.7122,0.7047,0
ph_localrefresh,56,26,0,15.960,0.7124,0.7088,0
ph_localrefresh,56,26,1,15.823,0.7109,0.7101,0
ph_localrefresh,56,26,2,15.786,0.7099,0.7091,0
ph_localrefresh,56,26,3,15.732,0.7079,0.7100,0
ph_localrefresh,57,27,0,15.660,0.7076,0.7067,0
ph_localrefresh,57,27,1,15.656,0.7074,0.7037,0
ph_localrefresh,57,27,2,15.264,0.6958,0.7021,0
ph_localrefresh,57,27,3,15.002,0.6930,0.7002,0
ph_localrefresh,58,28,0,15.104,0.6970,0.7058,0
ph_localrefresh,58,28,1,15.119,0.6988,0.7067,0
ph_localrefresh,58,28,2,15.123,0.6977,0.7035,0
ph_localrefresh,58,28,3,15.124,0.6972,0.7020,0
ph_localrefresh,59,29,0,15.064,0.6988,0.7014,0
ph_localrefresh,59,29,1,15.056,0.6991,0.7011,0
ph_localrefresh,59,29,2,15.035,0.6981,0.6957,0
ph_localrefresh,59,29,3,15.015,0.6974,0.6926,0
ph_localrefresh,60,30,0,15.114,0.6993,0.6912,0
ph_localrefresh,60,30,1,15.151,0.7059,0.6980,0
ph_localrefresh,60,30,2,15.021,0.7056,0.6980,0
ph_localrefresh,60,30,3,15.025,0.6983,0.6947,0
ph_localrefresh,61,31,0,14.987,0.6978,0.6912,0
ph_localrefresh,61,31,1,15.512,0.7107,0.7048,0
ph_localrefresh,61,31,2,15.636,0.7151,0.7000,0
ph_localrefresh,61,31,3,15.632,0.7146,0.6972,0
ph_localrefresh,62,32,0,15.693,0.7187,0.7025,0
ph_localrefresh,62,32,1,15.685,0.7201,0.7031,0
ph_localrefresh,62,32,2,15.660,0.7191,0.7010,0
ph_localrefresh,62,32,3,15.633,0.7181,0.7016,0
ph_localrefresh,63,33,0,15.644,0.7170,0.7047,0
ph_localrefresh,63,33,1,15.608,0.7142,0.7051,0
ph_localrefresh,63,33,2,15.442,0.7097,0.7097,0
ph_localrefresh,63,33,3,15.322,0.7055,0.7090,0
ph_localrefresh,64,34,0,15.301,0.7081,0.7175,0
ph_localrefresh,64,34,1,15.237,0.7114,0.7171,0
ph_localrefresh,64,34,2,15.199,0.7092,0.7149,0
ph_localrefresh,64,34,3,15.155,0.7074,0.7145,0
ph_localrefresh,65,35,0,15.273,0.7090,0.7136,0
ph_localrefresh,65,35,1,14.746,0.6964,0.6828,0
ph_localrefresh,65,35,2,14.836,0.6999,0.6862,0
ph_localrefresh,65,35,3,14.814,0.6996,0.6873,0
ph_localrefresh,66,36,0,14.815,0.7006,0.7036,0
ph_localrefresh,66,36,1,14.800,0.7014,0.7046,0
ph_localrefresh,66,36,2,14.879,0.7040,0.7057,0
ph_localrefresh,66,36,3,14.849,0.7030,0.7053,0
ph_localrefresh,67,37,0,14.923,0.7068,0.7096,0
ph_localrefresh,67,37,1,14.982,0.7124,0.7124,0
ph_localrefresh,67,37,2,15.023,0.7142,0.7128,0
ph_localrefresh,67,37,3,15.043,0.7153,0.7116,0
ph_localrefresh,68,38,0,15.199,0.7178,0.7149,0
ph_localrefresh,68,38,1,15.432,0.7234,0.7160,0
ph_localrefresh,68,38,2,15.505,0.7275,0.7170,0
ph_localrefresh,68,38,3,15.529,0.7272,0.7157,0
ph_localrefresh,69,39,0,15.746,0.7288,0.7172,0
ph_localrefresh,69,39,1,15.830,0.7308,0.7192,0
ph_localrefresh,69,39,2,15.891,0.7324,0.7213,0
ph_localrefresh,69,39,3,15.937,0.7328,0.7225,0
