config,call,rel_call,frame,psnr,ssim,ssim_in,missing
repeat,3,-27,0,99.000,,,0
repeat,3,-27,1,99.000,,,0
repeat,3,-27,2,99.000,,,0
repeat,3,-27,3,99.000,,,0
repeat,4,-26,0,99.000,,,0
repeat,4,-26,1,99.000,,,0
repeat,4,-26,2,99.000,,,0
repeat,4,-26,3,99.000,,,0
repeat,5,-25,0,99.000,,,0
repeat,5,-25,1,99.000,,,0
repeat,5,-25,2,99.000,,,0
repeat,5,-25,3,99.000,,,0
repeat,6,-24,0,99.000,,,0
repeat,6,-24,1,99.000,,,0
repeat,6,-24,2,99.000,,,0
repeat,6,-24,3,99.000,,,0
repeat,7,-23,0,99.000,,,0
repeat,7,-23,1,99.000,,,0
repeat,7,-23,2,99.000,,,0
repeat,7,-23,3,99.000,,,0
repeat,8,-22,0,99.000,,,0
repeat,8,-22,1,99.000,,,0
repeat,8,-22,2,99.000,,,0
repeat,8,-22,3,99.000,,,0
repeat,9,-21,0,99.000,,,0
repeat,9,-21,1,99.000,,,0
repeat,9,-21,2,99.000,,,0
repeat,9,-21,3,99.000,,,0
repeat,10,-20,0,99.000,,,0
repeat,10,-20,1,99.000,,,0
repeat,10,-20,2,99.000,,,0
repeat,10,-20,3,99.000,,,0
repeat,11,-19,0,99.000,,,0
repeat,11,-19,1,99.000,,,0
repeat,11,-19,2,99.000,,,0
repeat,11,-19,3,99.000,,,0
repeat,12,-18,0,99.000,,,0
repeat,12,-18,1,99.000,,,0
repeat,12,-18,2,99.000,,,0
repeat,12,-18,3,99.000,,,0
repeat,13,-17,0,99.000,,,0
repeat,13,-17,1,99.000,,,0
repeat,13,-17,2,99.000,,,0
repeat,13,-17,3,99.000,,,0
repeat,14,-16,0,99.000,,,0
repeat,14,-16,1,99.000,,,0
repeat,14,-16,2,99.000,,,0
repeat,14,-16,3,99.000,,,0
repeat,15,-15,0,99.000,,,0
repeat,15,-15,1,99.000,,,0
repeat,15,-15,2,99.000,,,0
repeat,15,-15,3,99.000,,,0
repeat,16,-14,0,99.000,,,0
repeat,16,-14,1,99.000,,,0
repeat,16,-14,2,99.000,,,0
repeat,16,-14,3,99.000,,,0
repeat,17,-13,0,99.000,,,0
repeat,17,-13,1,99.000,,,0
repeat,17,-13,2,99.000,,,0
repeat,17,-13,3,99.000,,,0
repeat,18,-12,0,99.000,,,0
repeat,18,-12,1,99.000,,,0
repeat,18,-12,2,99.000,,,0
repeat,18,-12,3,99.000,,,0
repeat,19,-11,0,99.000,,,0
repeat,19,-11,1,99.000,,,0
repeat,19,-11,2,99.000,,,0
repeat,19,-11,3,99.000,,,0
repeat,20,-10,0,99.000,,,0
repeat,20,-10,1,99.000,,,0
repeat,20,-10,2,99.000,,,0
repeat,20,-10,3,99.000,,,0
repeat,21,-9,0,99.000,,,0
repeat,21,-9,1,99.000,,,0
repeat,21,-9,2,99.000,,,0
repeat,21,-9,3,99.000,,,0
repeat,22,-8,0,99.000,,,0
repeat,22,-8,1,99.000,,,0
repeat,22,-8,2,99.000,,,0
repeat,22,-8,3,99.000,,,0
repeat,23,-7,0,99.000,,,0
repeat,23,-7,1,99.000,,,0
repeat,23,-7,2,99.000,,,0
repeat,23,-7,3,99.000,,,0
repeat,24,-6,0,99.000,,,0
repeat,24,-6,1,99.000,,,0
repeat,24,-6,2,99.000,,,0
repeat,24,-6,3,99.000,,,0
repeat,25,-5,0,99.000,,,0
repeat,25,-5,1,99.000,,,0
repeat,25,-5,2,99.000,,,0
repeat,25,-5,3,99.000,,,0
repeat,26,-4,0,99.000,,,0
repeat,26,-4,1,99.000,,,0
repeat,26,-4,2,99.000,,,0
repeat,26,-4,3,99.000,,,0
repeat,27,-3,0,99.000,,,0
repeat,27,-3,1,99.000,,,0
repeat,27,-3,2,99.000,,,0
repeat,27,-3,3,99.000,,,0
repeat,28,-2,0,99.000,,,0
repeat,28,-2,1,99.000,,,0
repeat,28,-2,2,99.000,,,0
repeat,28,-2,3,99.000,,,0
repeat,29,-1,0,99.000,,,0
repeat,29,-1,1,99.000,,,0
repeat,29,-1,2,99.000,,,0
repeat,29,-1,3,99.000,,,0
repeat,30,0,0,99.000,1.0000,0.3901,0
repeat,30,0,1,99.000,1.0000,0.3876,0
repeat,30,0,2,99.000,1.0000,0.3847,0
repeat,30,0,3,99.000,1.0000,0.3849,0
repeat,31,1,0,99.000,1.0000,0.3879,0
repeat,31,1,1,99.000,1.0000,0.3863,0
repeat,31,1,2,99.000,1.0000,0.3854,0
repeat,31,1,3,99.000,1.0000,0.3857,0
repeat,32,2,0,99.000,1.0000,0.3904,0
repeat,32,2,1,99.000,1.0000,0.3905,0
repeat,32,2,2,99.000,1.0000,0.3872,0
repeat,32,2,3,99.000,1.0000,0.3876,0
repeat,33,3,0,99.000,1.0000,0.3847,0
repeat,33,3,1,99.000,1.0000,0.3870,0
repeat,33,3,2,99.000,1.0000,0.3799,0
repeat,33,3,3,99.000,1.0000,0.3813,0
repeat,34,4,0,99.000,1.0000,0.3779,0
repeat,34,4,1,99.000,1.0000,0.3814,0
repeat,34,4,2,99.000,1.0000,0.3743,0
repeat,34,4,3,99.000,1.0000,0.3754,0
repeat,35,5,0,99.000,1.0000,0.3749,0
repeat,35,5,1,99.000,1.0000,0.3826,0
repeat,35,5,2,99.000,1.0000,0.3784,0
repeat,35,5,3,99.000,1.0000,0.3782,0
repeat,36,6,0,99.000,1.0000,0.3781,0
repeat,36,6,1,99.000,1.0000,0.3874,0
repeat,36,6,2,99.000,1.0000,0.3803,0
repeat,36,6,3,99.000,1.0000,0.3857,0
repeat,37,7,0,99.000,1.0000,0.3872,0
repeat,37,7,1,99.000,1.0000,0.3966,0
repeat,37,7,2,99.000,1.0000,0.3884,0
repeat,37,7,3,99.000,1.0000,0.3909,0
repeat,38,8,0,99.000,1.0000,0.3930,0
repeat,38,8,1,99.000,1.0000,0.3977,0
repeat,38,8,2,99.000,1.0000,0.3932,0
repeat,38,8,3,99.000,1.0000,0.3949,0
repeat,39,9,0,99.000,1.0000,0.3998,0
repeat,39,9,1,99.000,1.0000,0.4028,0
repeat,39,9,2,99.000,1.0000,0.3985,0
repeat,39,9,3,99.000,1.0000,0.3975,0
repeat,40,10,0,99.000,1.0000,0.4005,0
repeat,40,10,1,99.000,1.0000,0.4028,0
repeat,40,10,2,99.000,1.0000,0.3968,0
repeat,40,10,3,99.000,1.0000,0.3988,0
repeat,41,11,0,99.000,1.0000,0.3978,0
repeat,41,11,1,99.000,1.0000,0.4028,0
repeat,41,11,2,99.000,1.0000,0.4040,0
repeat,41,11,3,99.000,1.0000,0.3990,0
repeat,42,12,0,99.000,1.0000,0.4036,0
repeat,42,12,1,99.000,1.0000,0.3823,0
repeat,42,12,2,99.000,1.0000,0.3758,0
repeat,42,12,3,99.000,1.0000,0.3789,0
repeat,43,13,0,99.000,1.0000,0.3838,0
repeat,43,13,1,99.000,1.0000,0.3884,0
repeat,43,13,2,99.000,1.0000,0.3890,0
repeat,43,13,3,99.000,1.0000,0.3903,0
repeat,44,14,0,99.000,1.0000,0.3922,0
repeat,44,14,1,99.000,1.0000,0.3909,0
repeat,44,14,2,99.000,1.0000,0.3874,0
repeat,44,14,3,99.000,1.0000,0.3848,0
repeat,45,15,0,99.000,1.0000,0.3893,0
repeat,45,15,1,99.000,1.0000,0.3894,0
repeat,45,15,2,99.000,1.0000,0.3868,0
repeat,45,15,3,99.000,1.0000,0.3888,0
repeat,46,16,0,99.000,1.0000,0.3901,0
repeat,46,16,1,99.000,1.0000,0.3854,0
repeat,46,16,2,99.000,1.0000,0.3837,0
repeat,46,16,3,99.000,1.0000,0.3807,0
repeat,47,17,0,99.000,1.0000,0.3874,0
repeat,47,17,1,99.000,1.0000,0.3860,0
repeat,47,17,2,99.000,1.0000,0.3834,0
repeat,47,17,3,99.000,1.0000,0.3839,0
repeat,48,18,0,99.000,1.0000,0.3914,0
repeat,48,18,1,99.000,1.0000,0.3913,0
repeat,48,18,2,99.000,1.0000,0.3894,0
repeat,48,18,3,99.000,1.0000,0.3882,0
repeat,49,19,0,99.000,1.0000,0.3857,0
repeat,49,19,1,99.000,1.0000,0.3865,0
repeat,49,19,2,99.000,1.0000,0.3848,0
repeat,49,19,3,99.000,1.0000,0.3865,0
repeat,50,20,0,99.000,1.0000,0.3845,0
repeat,50,20,1,99.000,1.0000,0.3882,0
repeat,50,20,2,99.000,1.0000,0.3889,0
repeat,50,20,3,99.000,1.0000,0.3858,0
repeat,51,21,0,99.000,1.0000,0.3851,0
repeat,51,21,1,99.000,1.0000,0.3837,0
repeat,51,21,2,99.000,1.0000,0.3874,0
repeat,51,21,3,99.000,1.0000,0.3829,0
repeat,52,22,0,99.000,1.0000,0.3821,0
repeat,52,22,1,99.000,1.0000,0.3815,0
repeat,52,22,2,99.000,1.0000,0.3859,0
repeat,52,22,3,99.000,1.0000,0.3824,0
repeat,53,23,0,99.000,1.0000,0.3800,0
repeat,53,23,1,99.000,1.0000,0.3789,0
repeat,53,23,2,99.000,1.0000,0.3854,0
repeat,53,23,3,99.000,1.0000,0.3765,0
repeat,54,24,0,99.000,1.0000,0.3791,0
repeat,54,24,1,99.000,1.0000,0.3792,0
repeat,54,24,2,99.000,1.0000,0.3823,0
repeat,54,24,3,99.000,1.0000,0.3762,0
repeat,55,25,0,99.000,1.0000,0.3815,0
repeat,55,25,1,99.000,1.0000,0.3831,0
repeat,55,25,2,99.000,1.0000,0.3908,0
repeat,55,25,3,99.000,1.0000,0.3856,0
repeat,56,26,0,99.000,1.0000,0.3826,0
repeat,56,26,1,99.000,1.0000,0.3831,0
repeat,56,26,2,99.000,1.0000,0.3872,0
repeat,56,26,3,99.000,1.0000,0.3808,0
repeat,57,27,0,99.000,1.0000,0.3836,0
repeat,57,27,1,99.000,1.0000,0.3881,0
repeat,57,27,2,99.000,1.0000,0.3957,0
repeat,57,27,3,99.000,1.0000,0.3885,0
repeat,58,28,0,99.000,1.0000,0.3920,0
repeat,58,28,1,99.000,1.0000,0.3905,0
repeat,58,28,2,99.000,1.0000,0.3953,0
repeat,58,28,3,99.000,1.0000,0.3877,0
repeat,59,29,0,99.000,1.0000,0.3915,0
repeat,59,29,1,99.000,1.0000,0.3917,0
repeat,59,29,2,99.000,1.0000,0.3985,0
repeat,59,29,3,99.000,1.0000,0.3918,0
repeat,60,30,0,99.000,1.0000,0.3967,0
repeat,60,30,1,99.000,1.0000,0.3999,0
repeat,60,30,2,99.000,1.0000,0.4044,0
repeat,60,30,3,99.000,1.0000,0.3973,0
repeat,61,31,0,99.000,1.0000,0.4025,0
repeat,61,31,1,99.000,1.0000,0.4035,0
repeat,61,31,2,99.000,1.0000,0.4108,0
repeat,61,31,3,99.000,1.0000,0.4130,0
repeat,62,32,0,99.000,1.0000,0.4036,0
repeat,62,32,1,99.000,1.0000,0.4034,0
repeat,62,32,2,99.000,1.0000,0.3816,0
repeat,62,32,3,99.000,1.0000,0.3806,0
repeat,63,33,0,99.000,1.0000,0.3851,0
repeat,63,33,1,99.000,1.0000,0.3785,0
repeat,63,33,2,99.000,1.0000,0.3874,0
repeat,63,33,3,99.000,1.0000,0.3834,0
repeat,64,34,0,99.000,1.0000,0.3897,0
repeat,64,34,1,99.000,1.0000,0.3919,0
repeat,64,34,2,99.000,1.0000,0.3945,0
repeat,64,34,3,99.000,1.0000,0.3877,0
repeat,65,35,0,99.000,1.0000,0.3923,0
repeat,65,35,1,99.000,1.0000,0.3959,0
repeat,65,35,2,99.000,1.0000,0.4013,0
repeat,65,35,3,99.000,1.0000,0.3951,0
repeat,66,36,0,99.000,1.0000,0.3955,0
repeat,66,36,1,99.000,1.0000,0.3935,0
repeat,66,36,2,99.000,1.0000,0.3980,0
repeat,66,36,3,99.000,1.0000,0.3923,0
repeat,67,37,0,99.000,1.0000,0.3941,0
repeat,67,37,1,99.000,1.0000,0.3951,0
repeat,67,37,2,99.000,1.0000,0.3987,0
repeat,67,37,3,99.000,1.0000,0.3932,0
repeat,68,38,0,99.000,1.0000,0.3937,0
repeat,68,38,1,99.000,1.0000,0.3920,0
repeat,68,38,2,99.000,1.0000,0.3953,0
repeat,68,38,3,99.000,1.0000,0.3918,0
repeat,69,39,0,99.000,1.0000,0.3908,0
repeat,69,39,1,99.000,1.0000,0.3879,0
repeat,69,39,2,99.000,1.0000,0.3922,0
repeat,69,39,3,99.000,1.0000,0.3894,0
xfer_sink+meta+inflight,3,-27,0,99.000,,,0
xfer_sink+meta+inflight,3,-27,1,99.000,,,0
xfer_sink+meta+inflight,3,-27,2,99.000,,,0
xfer_sink+meta+inflight,3,-27,3,99.000,,,0
xfer_sink+meta+inflight,4,-26,0,99.000,,,0
xfer_sink+meta+inflight,4,-26,1,99.000,,,0
xfer_sink+meta+inflight,4,-26,2,99.000,,,0
xfer_sink+meta+inflight,4,-26,3,99.000,,,0
xfer_sink+meta+inflight,5,-25,0,99.000,,,0
xfer_sink+meta+inflight,5,-25,1,99.000,,,0
xfer_sink+meta+inflight,5,-25,2,99.000,,,0
xfer_sink+meta+inflight,5,-25,3,99.000,,,0
xfer_sink+meta+inflight,6,-24,0,99.000,,,0
xfer_sink+meta+inflight,6,-24,1,99.000,,,0
xfer_sink+meta+inflight,6,-24,2,99.000,,,0
xfer_sink+meta+inflight,6,-24,3,99.000,,,0
xfer_sink+meta+inflight,7,-23,0,99.000,,,0
xfer_sink+meta+inflight,7,-23,1,99.000,,,0
xfer_sink+meta+inflight,7,-23,2,99.000,,,0
xfer_sink+meta+inflight,7,-23,3,99.000,,,0
xfer_sink+meta+inflight,8,-22,0,99.000,,,0
xfer_sink+meta+inflight,8,-22,1,99.000,,,0
xfer_sink+meta+inflight,8,-22,2,99.000,,,0
xfer_sink+meta+inflight,8,-22,3,99.000,,,0
xfer_sink+meta+inflight,9,-21,0,99.000,,,0
xfer_sink+meta+inflight,9,-21,1,99.000,,,0
xfer_sink+meta+inflight,9,-21,2,99.000,,,0
xfer_sink+meta+inflight,9,-21,3,99.000,,,0
xfer_sink+meta+inflight,10,-20,0,99.000,,,0
xfer_sink+meta+inflight,10,-20,1,99.000,,,0
xfer_sink+meta+inflight,10,-20,2,99.000,,,0
xfer_sink+meta+inflight,10,-20,3,99.000,,,0
xfer_sink+meta+inflight,11,-19,0,99.000,,,0
xfer_sink+meta+inflight,11,-19,1,99.000,,,0
xfer_sink+meta+inflight,11,-19,2,99.000,,,0
xfer_sink+meta+inflight,11,-19,3,99.000,,,0
xfer_sink+meta+inflight,12,-18,0,99.000,,,0
xfer_sink+meta+inflight,12,-18,1,99.000,,,0
xfer_sink+meta+inflight,12,-18,2,99.000,,,0
xfer_sink+meta+inflight,12,-18,3,99.000,,,0
xfer_sink+meta+inflight,13,-17,0,99.000,,,0
xfer_sink+meta+inflight,13,-17,1,99.000,,,0
xfer_sink+meta+inflight,13,-17,2,99.000,,,0
xfer_sink+meta+inflight,13,-17,3,99.000,,,0
xfer_sink+meta+inflight,14,-16,0,99.000,,,0
xfer_sink+meta+inflight,14,-16,1,99.000,,,0
xfer_sink+meta+inflight,14,-16,2,99.000,,,0
xfer_sink+meta+inflight,14,-16,3,99.000,,,0
xfer_sink+meta+inflight,15,-15,0,99.000,,,0
xfer_sink+meta+inflight,15,-15,1,99.000,,,0
xfer_sink+meta+inflight,15,-15,2,99.000,,,0
xfer_sink+meta+inflight,15,-15,3,99.000,,,0
xfer_sink+meta+inflight,16,-14,0,99.000,,,0
xfer_sink+meta+inflight,16,-14,1,99.000,,,0
xfer_sink+meta+inflight,16,-14,2,99.000,,,0
xfer_sink+meta+inflight,16,-14,3,99.000,,,0
xfer_sink+meta+inflight,17,-13,0,99.000,,,0
xfer_sink+meta+inflight,17,-13,1,99.000,,,0
xfer_sink+meta+inflight,17,-13,2,99.000,,,0
xfer_sink+meta+inflight,17,-13,3,99.000,,,0
xfer_sink+meta+inflight,18,-12,0,99.000,,,0
xfer_sink+meta+inflight,18,-12,1,99.000,,,0
xfer_sink+meta+inflight,18,-12,2,99.000,,,0
xfer_sink+meta+inflight,18,-12,3,99.000,,,0
xfer_sink+meta+inflight,19,-11,0,99.000,,,0
xfer_sink+meta+inflight,19,-11,1,99.000,,,0
xfer_sink+meta+inflight,19,-11,2,99.000,,,0
xfer_sink+meta+inflight,19,-11,3,99.000,,,0
xfer_sink+meta+inflight,20,-10,0,99.000,,,0
xfer_sink+meta+inflight,20,-10,1,99.000,,,0
xfer_sink+meta+inflight,20,-10,2,99.000,,,0
xfer_sink+meta+inflight,20,-10,3,99.000,,,0
xfer_sink+meta+inflight,21,-9,0,99.000,,,0
xfer_sink+meta+inflight,21,-9,1,99.000,,,0
xfer_sink+meta+inflight,21,-9,2,99.000,,,0
xfer_sink+meta+inflight,21,-9,3,99.000,,,0
xfer_sink+meta+inflight,22,-8,0,99.000,,,0
xfer_sink+meta+inflight,22,-8,1,99.000,,,0
xfer_sink+meta+inflight,22,-8,2,99.000,,,0
xfer_sink+meta+inflight,22,-8,3,99.000,,,0
xfer_sink+meta+inflight,23,-7,0,99.000,,,0
xfer_sink+meta+inflight,23,-7,1,99.000,,,0
xfer_sink+meta+inflight,23,-7,2,99.000,,,0
xfer_sink+meta+inflight,23,-7,3,99.000,,,0
xfer_sink+meta+inflight,24,-6,0,99.000,,,0
xfer_sink+meta+inflight,24,-6,1,99.000,,,0
xfer_sink+meta+inflight,24,-6,2,99.000,,,0
xfer_sink+meta+inflight,24,-6,3,99.000,,,0
xfer_sink+meta+inflight,25,-5,0,99.000,,,0
xfer_sink+meta+inflight,25,-5,1,99.000,,,0
xfer_sink+meta+inflight,25,-5,2,99.000,,,0
xfer_sink+meta+inflight,25,-5,3,99.000,,,0
xfer_sink+meta+inflight,26,-4,0,99.000,,,0
xfer_sink+meta+inflight,26,-4,1,99.000,,,0
xfer_sink+meta+inflight,26,-4,2,99.000,,,0
xfer_sink+meta+inflight,26,-4,3,99.000,,,0
xfer_sink+meta+inflight,27,-3,0,99.000,,,0
xfer_sink+meta+inflight,27,-3,1,99.000,,,0
xfer_sink+meta+inflight,27,-3,2,99.000,,,0
xfer_sink+meta+inflight,27,-3,3,99.000,,,0
xfer_sink+meta+inflight,28,-2,0,99.000,,,0
xfer_sink+meta+inflight,28,-2,1,99.000,,,0
xfer_sink+meta+inflight,28,-2,2,99.000,,,0
xfer_sink+meta+inflight,28,-2,3,99.000,,,0
xfer_sink+meta+inflight,29,-1,0,99.000,,,0
xfer_sink+meta+inflight,29,-1,1,99.000,,,0
xfer_sink+meta+inflight,29,-1,2,99.000,,,0
xfer_sink+meta+inflight,29,-1,3,99.000,,,0
xfer_sink+meta+inflight,30,0,0,18.102,0.5978,0.3523,0
xfer_sink+meta+inflight,30,0,1,17.472,0.5657,0.3456,0
xfer_sink+meta+inflight,30,0,2,20.851,0.6287,0.3488,0
xfer_sink+meta+inflight,30,0,3,21.512,0.6441,0.3374,0
xfer_sink+meta+inflight,31,1,0,24.128,0.7219,0.3519,0
xfer_sink+meta+inflight,31,1,1,24.682,0.7494,0.3627,0
xfer_sink+meta+inflight,31,1,2,26.780,0.7631,0.3697,0
xfer_sink+meta+inflight,31,1,3,26.645,0.7638,0.3695,0
xfer_sink+meta+inflight,32,2,0,27.311,0.8200,0.3790,0
xfer_sink+meta+inflight,32,2,1,26.566,0.8349,0.3887,0
xfer_sink+meta+inflight,32,2,2,23.984,0.7375,0.3529,0
xfer_sink+meta+inflight,32,2,3,22.596,0.7012,0.3376,0
xfer_sink+meta+inflight,33,3,0,24.510,0.8221,0.3829,0
xfer_sink+meta+inflight,33,3,1,20.996,0.8248,0.3854,0
xfer_sink+meta+inflight,33,3,2,20.768,0.8254,0.3763,0
xfer_sink+meta+inflight,33,3,3,19.992,0.8231,0.3776,0
xfer_sink+meta+inflight,34,4,0,19.320,0.8163,0.3818,0
xfer_sink+meta+inflight,34,4,1,19.482,0.8122,0.3870,0
xfer_sink+meta+inflight,34,4,2,19.910,0.8156,0.3834,0
xfer_sink+meta+inflight,34,4,3,19.972,0.8126,0.3848,0
xfer_sink+meta+inflight,35,5,0,20.038,0.8090,0.3894,0
xfer_sink+meta+inflight,35,5,1,20.128,0.7944,0.3918,0
xfer_sink+meta+inflight,35,5,2,20.181,0.7764,0.3882,0
xfer_sink+meta+inflight,35,5,3,20.451,0.7726,0.3886,0
xfer_sink+meta+inflight,36,6,0,20.902,0.7940,0.3906,0
xfer_sink+meta+inflight,36,6,1,21.389,0.8070,0.3926,0
xfer_sink+meta+inflight,36,6,2,21.583,0.8104,0.3884,0
xfer_sink+meta+inflight,36,6,3,21.826,0.8156,0.3931,0
xfer_sink+meta+inflight,37,7,0,22.751,0.8654,0.3938,0
xfer_sink+meta+inflight,37,7,1,23.879,0.8828,0.3984,0
xfer_sink+meta+inflight,37,7,2,24.236,0.8895,0.3909,0
xfer_sink+meta+inflight,37,7,3,24.477,0.8942,0.3936,0
xfer_sink+meta+inflight,38,8,0,25.347,0.9044,0.3932,0
xfer_sink+meta+inflight,38,8,1,27.396,0.9168,0.3942,0
xfer_sink+meta+inflight,38,8,2,28.180,0.9200,0.3900,0
xfer_sink+meta+inflight,38,8,3,29.004,0.9238,0.3907,0
xfer_sink+meta+inflight,39,9,0,29.552,0.9365,0.3941,0
xfer_sink+meta+inflight,39,9,1,30.259,0.9412,0.3973,0
xfer_sink+meta+inflight,39,9,2,31.075,0.9463,0.3926,0
xfer_sink+meta+inflight,39,9,3,31.783,0.9489,0.3917,0
xfer_sink+meta+inflight,40,10,0,32.486,0.9578,0.3966,0
xfer_sink+meta+inflight,40,10,1,32.101,0.9600,0.3999,0
xfer_sink+meta+inflight,40,10,2,32.683,0.9623,0.3948,0
xfer_sink+meta+inflight,40,10,3,32.881,0.9629,0.3975,0
xfer_sink+meta+inflight,41,11,0,32.880,0.9688,0.3960,0
xfer_sink+meta+inflight,41,11,1,33.160,0.9706,0.4012,0
xfer_sink+meta+inflight,41,11,2,33.535,0.9722,0.4033,0
xfer_sink+meta+inflight,41,11,3,33.176,0.9715,0.3974,0
xfer_sink+meta+inflight,42,12,0,33.725,0.9723,0.4028,0
xfer_sink+meta+inflight,42,12,1,37.414,0.9783,0.3821,0
xfer_sink+meta+inflight,42,12,2,37.443,0.9799,0.3766,0
xfer_sink+meta+inflight,42,12,3,37.136,0.9802,0.3799,0
xfer_sink+meta+inflight,43,13,0,38.309,0.9815,0.3847,0
xfer_sink+meta+inflight,43,13,1,39.386,0.9832,0.3893,0
xfer_sink+meta+inflight,43,13,2,40.300,0.9840,0.3900,0
xfer_sink+meta+inflight,43,13,3,39.035,0.9832,0.3906,0
xfer_sink+meta+inflight,44,14,0,38.686,0.9856,0.3927,0
xfer_sink+meta+inflight,44,14,1,40.592,0.9869,0.3922,0
xfer_sink+meta+inflight,44,14,2,41.009,0.9878,0.3885,0
xfer_sink+meta+inflight,44,14,3,41.175,0.9881,0.3855,0
xfer_sink+meta+inflight,45,15,0,41.279,0.9900,0.3901,0
xfer_sink+meta+inflight,45,15,1,40.772,0.9900,0.3901,0
xfer_sink+meta+inflight,45,15,2,40.498,0.9903,0.3874,0
xfer_sink+meta+inflight,45,15,3,40.769,0.9902,0.3893,0
xfer_sink+meta+inflight,46,16,0,41.247,0.9915,0.3901,0
xfer_sink+meta+inflight,46,16,1,43.903,0.9921,0.3853,0
xfer_sink+meta+inflight,46,16,2,44.078,0.9923,0.3837,0
xfer_sink+meta+inflight,46,16,3,44.000,0.9922,0.3805,0
xfer_sink+meta+inflight,47,17,0,45.210,0.9935,0.3873,0
xfer_sink+meta+inflight,47,17,1,45.421,0.9936,0.3859,0
xfer_sink+meta+inflight,47,17,2,45.652,0.9937,0.3834,0
xfer_sink+meta+inflight,47,17,3,44.671,0.9935,0.3840,0
xfer_sink+meta+inflight,48,18,0,40.165,0.9934,0.3912,0
xfer_sink+meta+inflight,48,18,1,42.449,0.9932,0.3910,0
xfer_sink+meta+inflight,48,18,2,43.616,0.9938,0.3891,0
xfer_sink+meta+inflight,48,18,3,42.292,0.9934,0.3880,0
xfer_sink+meta+inflight,49,19,0,43.574,0.9948,0.3856,0
xfer_sink+meta+inflight,49,19,1,44.092,0.9949,0.3864,0
xfer_sink+meta+inflight,49,19,2,44.245,0.9948,0.3848,0
xfer_sink+meta+inflight,49,19,3,44.009,0.9948,0.3864,0
xfer_sink+meta+inflight,50,20,0,44.423,0.9956,0.3845,0
xfer_sink+meta+inflight,50,20,1,44.797,0.9957,0.3880,0
xfer_sink+meta+inflight,50,20,2,45.021,0.9954,0.3888,0
xfer_sink+meta+inflight,50,20,3,45.113,0.9954,0.3857,0
xfer_sink+meta+inflight,51,21,0,46.265,0.9964,0.3852,0
xfer_sink+meta+inflight,51,21,1,46.213,0.9964,0.3838,0
xfer_sink+meta+inflight,51,21,2,46.256,0.9964,0.3875,0
xfer_sink+meta+inflight,51,21,3,45.984,0.9962,0.3831,0
xfer_sink+meta+inflight,52,22,0,46.881,0.9969,0.3823,0
xfer_sink+meta+inflight,52,22,1,47.625,0.9968,0.3817,0
xfer_sink+meta+inflight,52,22,2,47.446,0.9967,0.3861,0
xfer_sink+meta+inflight,52,22,3,47.321,0.9966,0.3826,0
xfer_sink+meta+inflight,53,23,0,47.554,0.9970,0.3800,0
xfer_sink+meta+inflight,53,23,1,47.499,0.9970,0.3789,0
xfer_sink+meta+inflight,53,23,2,47.146,0.9968,0.3852,0
xfer_sink+meta+inflight,53,23,3,46.756,0.9966,0.3763,0
xfer_sink+meta+inflight,54,24,0,46.815,0.9969,0.3790,0
xfer_sink+meta+inflight,54,24,1,46.688,0.9968,0.3792,0
xfer_sink+meta+inflight,54,24,2,46.622,0.9968,0.3823,0
xfer_sink+meta+inflight,54,24,3,46.282,0.9966,0.3762,0
xfer_sink+meta+inflight,55,25,0,46.369,0.9969,0.3816,0
xfer_sink+meta+inflight,55,25,1,46.387,0.9968,0.3833,0
xfer_sink+meta+inflight,55,25,2,46.165,0.9966,0.3909,0
xfer_sink+meta+inflight,55,25,3,46.338,0.9966,0.3857,0
xfer_sink+meta+inflight,56,26,0,46.661,0.9969,0.3826,0
xfer_sink+meta+inflight,56,26,1,46.401,0.9968,0.3831,0
xfer_sink+meta+inflight,56,26,2,46.455,0.9968,0.3872,0
xfer_sink+meta+inflight,56,26,3,46.136,0.9967,0.3809,0
xfer_sink+meta+inflight,57,27,0,46.723,0.9971,0.3835,0
xfer_sink+meta+inflight,57,27,1,46.748,0.9970,0.3881,0
xfer_sink+meta+inflight,57,27,2,46.915,0.9970,0.3957,0
xfer_sink+meta+inflight,57,27,3,46.410,0.9968,0.3885,0
xfer_sink+meta+inflight,58,28,0,46.180,0.9970,0.3919,0
xfer_sink+meta+inflight,58,28,1,43.187,0.9962,0.3904,0
xfer_sink+meta+inflight,58,28,2,43.686,0.9964,0.3952,0
xfer_sink+meta+inflight,58,28,3,43.628,0.9963,0.3877,0
xfer_sink+meta+inflight,59,29,0,44.819,0.9968,0.3916,0
xfer_sink+meta+inflight,59,29,1,45.361,0.9967,0.3916,0
xfer_sink+meta+inflight,59,29,2,45.177,0.9966,0.3985,0
xfer_sink+meta+inflight,59,29,3,44.328,0.9962,0.3918,0
xfer_sink+meta+inflight,60,30,0,44.968,0.9961,0.3968,0
xfer_sink+meta+inflight,60,30,1,44.649,0.9959,0.4000,0
xfer_sink+meta+inflight,60,30,2,44.283,0.9958,0.4045,0
xfer_sink+meta+inflight,60,30,3,43.409,0.9953,0.3974,0
xfer_sink+meta+inflight,61,31,0,43.492,0.9954,0.4025,0
xfer_sink+meta+inflight,61,31,1,44.097,0.9956,0.4034,0
xfer_sink+meta+inflight,61,31,2,44.230,0.9955,0.4108,0
xfer_sink+meta+inflight,61,31,3,43.980,0.9953,0.4129,0
xfer_sink+meta+inflight,62,32,0,43.969,0.9953,0.4036,0
xfer_sink+meta+inflight,62,32,1,41.717,0.9948,0.4036,0
xfer_sink+meta+inflight,62,32,2,41.412,0.9951,0.3814,0
xfer_sink+meta+inflight,62,32,3,42.051,0.9949,0.3806,0
xfer_sink+meta+inflight,63,33,0,39.333,0.9949,0.3852,0
xfer_sink+meta+inflight,63,33,1,37.771,0.9950,0.3787,0
xfer_sink+meta+inflight,63,33,2,37.830,0.9952,0.3877,0
xfer_sink+meta+inflight,63,33,3,37.865,0.9951,0.3837,0
xfer_sink+meta+inflight,64,34,0,40.724,0.9953,0.3897,0
xfer_sink+meta+inflight,64,34,1,44.146,0.9957,0.3920,0
xfer_sink+meta+inflight,64,34,2,43.634,0.9957,0.3946,0
xfer_sink+meta+inflight,64,34,3,42.606,0.9954,0.3876,0
xfer_sink+meta+inflight,65,35,0,43.822,0.9957,0.3923,0
xfer_sink+meta+inflight,65,35,1,45.123,0.9959,0.3960,0
xfer_sink+meta+inflight,65,35,2,45.391,0.9959,0.4013,0
xfer_sink+meta+inflight,65,35,3,45.402,0.9959,0.3951,0
xfer_sink+meta+inflight,66,36,0,46.396,0.9964,0.3954,0
xfer_sink+meta+inflight,66,36,1,46.610,0.9963,0.3934,0
xfer_sink+meta+inflight,66,36,2,46.705,0.9962,0.3979,0
xfer_sink+meta+inflight,66,36,3,46.559,0.9962,0.3923,0
xfer_sink+meta+inflight,67,37,0,47.313,0.9967,0.3941,0
xfer_sink+meta+inflight,67,37,1,47.614,0.9967,0.3951,0
xfer_sink+meta+inflight,67,37,2,47.610,0.9965,0.3986,0
xfer_sink+meta+inflight,67,37,3,47.547,0.9965,0.3931,0
xfer_sink+meta+inflight,68,38,0,47.943,0.9968,0.3936,0
xfer_sink+meta+inflight,68,38,1,47.639,0.9966,0.3920,0
xfer_sink+meta+inflight,68,38,2,47.337,0.9964,0.3953,0
xfer_sink+meta+inflight,68,38,3,47.353,0.9964,0.3917,0
xfer_sink+meta+inflight,69,39,0,47.948,0.9968,0.3907,0
xfer_sink+meta+inflight,69,39,1,47.964,0.9967,0.3878,0
xfer_sink+meta+inflight,69,39,2,47.672,0.9966,0.3922,0
xfer_sink+meta+inflight,69,39,3,47.898,0.9966,0.3894,0
xfer_sink+meta,3,-27,0,99.000,,,0
xfer_sink+meta,3,-27,1,99.000,,,0
xfer_sink+meta,3,-27,2,99.000,,,0
xfer_sink+meta,3,-27,3,99.000,,,0
xfer_sink+meta,4,-26,0,99.000,,,0
xfer_sink+meta,4,-26,1,99.000,,,0
xfer_sink+meta,4,-26,2,99.000,,,0
xfer_sink+meta,4,-26,3,99.000,,,0
xfer_sink+meta,5,-25,0,99.000,,,0
xfer_sink+meta,5,-25,1,99.000,,,0
xfer_sink+meta,5,-25,2,99.000,,,0
xfer_sink+meta,5,-25,3,99.000,,,0
xfer_sink+meta,6,-24,0,99.000,,,0
xfer_sink+meta,6,-24,1,99.000,,,0
xfer_sink+meta,6,-24,2,99.000,,,0
xfer_sink+meta,6,-24,3,99.000,,,0
xfer_sink+meta,7,-23,0,99.000,,,0
xfer_sink+meta,7,-23,1,99.000,,,0
xfer_sink+meta,7,-23,2,99.000,,,0
xfer_sink+meta,7,-23,3,99.000,,,0
xfer_sink+meta,8,-22,0,99.000,,,0
xfer_sink+meta,8,-22,1,99.000,,,0
xfer_sink+meta,8,-22,2,99.000,,,0
xfer_sink+meta,8,-22,3,99.000,,,0
xfer_sink+meta,9,-21,0,99.000,,,0
xfer_sink+meta,9,-21,1,99.000,,,0
xfer_sink+meta,9,-21,2,99.000,,,0
xfer_sink+meta,9,-21,3,99.000,,,0
xfer_sink+meta,10,-20,0,99.000,,,0
xfer_sink+meta,10,-20,1,99.000,,,0
xfer_sink+meta,10,-20,2,99.000,,,0
xfer_sink+meta,10,-20,3,99.000,,,0
xfer_sink+meta,11,-19,0,99.000,,,0
xfer_sink+meta,11,-19,1,99.000,,,0
xfer_sink+meta,11,-19,2,99.000,,,0
xfer_sink+meta,11,-19,3,99.000,,,0
xfer_sink+meta,12,-18,0,99.000,,,0
xfer_sink+meta,12,-18,1,99.000,,,0
xfer_sink+meta,12,-18,2,99.000,,,0
xfer_sink+meta,12,-18,3,99.000,,,0
xfer_sink+meta,13,-17,0,99.000,,,0
xfer_sink+meta,13,-17,1,99.000,,,0
xfer_sink+meta,13,-17,2,99.000,,,0
xfer_sink+meta,13,-17,3,99.000,,,0
xfer_sink+meta,14,-16,0,99.000,,,0
xfer_sink+meta,14,-16,1,99.000,,,0
xfer_sink+meta,14,-16,2,99.000,,,0
xfer_sink+meta,14,-16,3,99.000,,,0
xfer_sink+meta,15,-15,0,99.000,,,0
xfer_sink+meta,15,-15,1,99.000,,,0
xfer_sink+meta,15,-15,2,99.000,,,0
xfer_sink+meta,15,-15,3,99.000,,,0
xfer_sink+meta,16,-14,0,99.000,,,0
xfer_sink+meta,16,-14,1,99.000,,,0
xfer_sink+meta,16,-14,2,99.000,,,0
xfer_sink+meta,16,-14,3,99.000,,,0
xfer_sink+meta,17,-13,0,99.000,,,0
xfer_sink+meta,17,-13,1,99.000,,,0
xfer_sink+meta,17,-13,2,99.000,,,0
xfer_sink+meta,17,-13,3,99.000,,,0
xfer_sink+meta,18,-12,0,99.000,,,0
xfer_sink+meta,18,-12,1,99.000,,,0
xfer_sink+meta,18,-12,2,99.000,,,0
xfer_sink+meta,18,-12,3,99.000,,,0
xfer_sink+meta,19,-11,0,99.000,,,0
xfer_sink+meta,19,-11,1,99.000,,,0
xfer_sink+meta,19,-11,2,99.000,,,0
xfer_sink+meta,19,-11,3,99.000,,,0
xfer_sink+meta,20,-10,0,99.000,,,0
xfer_sink+meta,20,-10,1,99.000,,,0
xfer_sink+meta,20,-10,2,99.000,,,0
xfer_sink+meta,20,-10,3,99.000,,,0
xfer_sink+meta,21,-9,0,99.000,,,0
xfer_sink+meta,21,-9,1,99.000,,,0
xfer_sink+meta,21,-9,2,99.000,,,0
xfer_sink+meta,21,-9,3,99.000,,,0
xfer_sink+meta,22,-8,0,99.000,,,0
xfer_sink+meta,22,-8,1,99.000,,,0
xfer_sink+meta,22,-8,2,99.000,,,0
xfer_sink+meta,22,-8,3,99.000,,,0
xfer_sink+meta,23,-7,0,99.000,,,0
xfer_sink+meta,23,-7,1,99.000,,,0
xfer_sink+meta,23,-7,2,99.000,,,0
xfer_sink+meta,23,-7,3,99.000,,,0
xfer_sink+meta,24,-6,0,99.000,,,0
xfer_sink+meta,24,-6,1,99.000,,,0
xfer_sink+meta,24,-6,2,99.000,,,0
xfer_sink+meta,24,-6,3,99.000,,,0
xfer_sink+meta,25,-5,0,99.000,,,0
xfer_sink+meta,25,-5,1,99.000,,,0
xfer_sink+meta,25,-5,2,99.000,,,0
xfer_sink+meta,25,-5,3,99.000,,,0
xfer_sink+meta,26,-4,0,99.000,,,0
xfer_sink+meta,26,-4,1,99.000,,,0
xfer_sink+meta,26,-4,2,99.000,,,0
xfer_sink+meta,26,-4,3,99.000,,,0
xfer_sink+meta,27,-3,0,99.000,,,0
xfer_sink+meta,27,-3,1,99.000,,,0
xfer_sink+meta,27,-3,2,99.000,,,0
xfer_sink+meta,27,-3,3,99.000,,,0
xfer_sink+meta,28,-2,0,99.000,,,0
xfer_sink+meta,28,-2,1,99.000,,,0
xfer_sink+meta,28,-2,2,99.000,,,0
xfer_sink+meta,28,-2,3,99.000,,,0
xfer_sink+meta,29,-1,0,99.000,,,0
xfer_sink+meta,29,-1,1,99.000,,,0
xfer_sink+meta,29,-1,2,99.000,,,0
xfer_sink+meta,29,-1,3,99.000,,,0
xfer_sink+meta,30,0,0,10.218,0.2234,0.1843,0
xfer_sink+meta,30,0,1,10.152,0.2619,0.2107,0
xfer_sink+meta,30,0,2,10.159,0.2899,0.2313,0
xfer_sink+meta,30,0,3,10.156,0.2919,0.2327,0
xfer_sink+meta,31,1,0,9.980,0.3010,0.2406,0
xfer_sink+meta,31,1,1,9.843,0.3022,0.2369,0
xfer_sink+meta,31,1,2,9.751,0.3115,0.2446,0
xfer_sink+meta,31,1,3,9.750,0.3154,0.2459,0
xfer_sink+meta,32,2,0,9.719,0.2878,0.2375,0
xfer_sink+meta,32,2,1,9.646,0.3002,0.2438,0
xfer_sink+meta,32,2,2,9.543,0.3080,0.2515,0
xfer_sink+meta,32,2,3,9.496,0.3193,0.2566,0
xfer_sink+meta,33,3,0,14.516,0.4216,0.3160,0
xfer_sink+meta,33,3,1,15.577,0.4635,0.3241,0
xfer_sink+meta,33,3,2,16.300,0.5064,0.3258,0
xfer_sink+meta,33,3,3,16.611,0.5159,0.3194,0
xfer_sink+meta,34,4,0,16.705,0.5635,0.3453,0
xfer_sink+meta,34,4,1,17.349,0.6163,0.3588,0
xfer_sink+meta,34,4,2,17.867,0.6511,0.3681,0
xfer_sink+meta,34,4,3,17.898,0.6687,0.3742,0
xfer_sink+meta,35,5,0,18.301,0.7518,0.3685,0
xfer_sink+meta,35,5,1,18.740,0.7719,0.3705,0
xfer_sink+meta,35,5,2,18.861,0.7749,0.3637,0
xfer_sink+meta,35,5,3,19.144,0.7753,0.3632,0
xfer_sink+meta,36,6,0,19.559,0.7947,0.3626,0
xfer_sink+meta,36,6,1,20.120,0.8058,0.3715,0
xfer_sink+meta,36,6,2,20.343,0.8087,0.3645,0
xfer_sink+meta,36,6,3,20.519,0.8093,0.3705,0
xfer_sink+meta,37,7,0,21.706,0.8320,0.3723,0
xfer_sink+meta,37,7,1,22.086,0.8295,0.3822,0
xfer_sink+meta,37,7,2,23.471,0.8396,0.3764,0
xfer_sink+meta,37,7,3,22.763,0.8185,0.3804,0
xfer_sink+meta,38,8,0,24.572,0.8242,0.3850,0
xfer_sink+meta,38,8,1,25.794,0.8290,0.3912,0
xfer_sink+meta,38,8,2,26.217,0.8305,0.3860,0
xfer_sink+meta,38,8,3,26.112,0.8268,0.3875,0
xfer_sink+meta,39,9,0,26.951,0.8416,0.3911,0
xfer_sink+meta,39,9,1,27.101,0.8417,0.3978,0
xfer_sink+meta,39,9,2,27.158,0.8374,0.3920,0
xfer_sink+meta,39,9,3,27.137,0.8383,0.3923,0
xfer_sink+meta,40,10,0,27.475,0.8651,0.3956,0
xfer_sink+meta,40,10,1,27.515,0.8676,0.3994,0
xfer_sink+meta,40,10,2,28.629,0.8726,0.3932,0
xfer_sink+meta,40,10,3,28.865,0.8777,0.3956,0
xfer_sink+meta,41,11,0,28.039,0.8878,0.3945,0
xfer_sink+meta,41,11,1,29.438,0.8984,0.4006,0
xfer_sink+meta,41,11,2,29.746,0.8967,0.4018,0
xfer_sink+meta,41,11,3,29.726,0.8976,0.3937,0
xfer_sink+meta,42,12,0,29.467,0.9046,0.3994,0
xfer_sink+meta,42,12,1,31.192,0.9107,0.3784,0
xfer_sink+meta,42,12,2,31.842,0.9076,0.3688,0
xfer_sink+meta,42,12,3,31.464,0.9053,0.3720,0
xfer_sink+meta,43,13,0,31.339,0.8887,0.3724,0
xfer_sink+meta,43,13,1,30.790,0.8727,0.3830,0
xfer_sink+meta,43,13,2,30.601,0.8542,0.3818,0
xfer_sink+meta,43,13,3,29.752,0.8443,0.3863,0
xfer_sink+meta,44,14,0,30.204,0.8462,0.3907,0
xfer_sink+meta,44,14,1,30.486,0.8407,0.3958,0
xfer_sink+meta,44,14,2,30.463,0.8300,0.3918,0
xfer_sink+meta,44,14,3,30.419,0.8240,0.3930,0
xfer_sink+meta,45,15,0,31.337,0.8674,0.3957,0
xfer_sink+meta,45,15,1,31.598,0.8829,0.3999,0
xfer_sink+meta,45,15,2,31.769,0.8918,0.3956,0
xfer_sink+meta,45,15,3,31.714,0.8933,0.3964,0
xfer_sink+meta,46,16,0,31.776,0.8839,0.3958,0
xfer_sink+meta,46,16,1,32.263,0.8821,0.3976,0
xfer_sink+meta,46,16,2,32.186,0.8784,0.3957,0
xfer_sink+meta,46,16,3,32.297,0.8712,0.3956,0
xfer_sink+meta,47,17,0,31.803,0.8730,0.3953,0
xfer_sink+meta,47,17,1,31.191,0.8733,0.3960,0
xfer_sink+meta,47,17,2,31.206,0.8700,0.3933,0
xfer_sink+meta,47,17,3,31.066,0.8648,0.3920,0
xfer_sink+meta,48,18,0,31.156,0.8999,0.3906,0
xfer_sink+meta,48,18,1,31.675,0.9132,0.3917,0
xfer_sink+meta,48,18,2,32.077,0.9195,0.3892,0
xfer_sink+meta,48,18,3,31.085,0.9193,0.3878,0
xfer_sink+meta,49,19,0,32.735,0.9399,0.3847,0
xfer_sink+meta,49,19,1,32.707,0.9429,0.3862,0
xfer_sink+meta,49,19,2,32.544,0.9451,0.3847,0
xfer_sink+meta,49,19,3,31.279,0.9420,0.3863,0
xfer_sink+meta,50,20,0,31.871,0.9467,0.3845,0
xfer_sink+meta,50,20,1,31.523,0.9459,0.3873,0
xfer_sink+meta,50,20,2,31.805,0.9456,0.3881,0
xfer_sink+meta,50,20,3,31.524,0.9432,0.3853,0
xfer_sink+meta,51,21,0,30.885,0.9390,0.3873,0
xfer_sink+meta,51,21,1,30.102,0.9329,0.3871,0
xfer_sink+meta,51,21,2,29.961,0.9249,0.3904,0
xfer_sink+meta,51,21,3,28.069,0.9124,0.3892,0
xfer_sink+meta,52,22,0,28.989,0.9275,0.3857,0
xfer_sink+meta,52,22,1,29.724,0.9296,0.3846,0
xfer_sink+meta,52,22,2,29.080,0.9264,0.3881,0
xfer_sink+meta,52,22,3,31.029,0.9361,0.3857,0
xfer_sink+meta,53,23,0,28.259,0.9295,0.3809,0
xfer_sink+meta,53,23,1,29.999,0.9383,0.3793,0
xfer_sink+meta,53,23,2,31.569,0.9405,0.3847,0
xfer_sink+meta,53,23,3,31.061,0.9339,0.3765,0
xfer_sink+meta,54,24,0,29.926,0.9321,0.3775,0
xfer_sink+meta,54,24,1,30.572,0.9326,0.3783,0
xfer_sink+meta,54,24,2,30.229,0.9303,0.3815,0
xfer_sink+meta,54,24,3,28.355,0.9206,0.3758,0
xfer_sink+meta,55,25,0,28.145,0.9157,0.3808,0
xfer_sink+meta,55,25,1,28.301,0.9138,0.3823,0
xfer_sink+meta,55,25,2,27.845,0.9038,0.3900,0
xfer_sink+meta,55,25,3,26.990,0.8911,0.3864,0
xfer_sink+meta,56,26,0,28.387,0.9129,0.3825,0
xfer_sink+meta,56,26,1,29.609,0.9183,0.3827,0
xfer_sink+meta,56,26,2,30.115,0.9206,0.3872,0
xfer_sink+meta,56,26,3,29.537,0.9155,0.3812,0
xfer_sink+meta,57,27,0,29.122,0.9229,0.3839,0
xfer_sink+meta,57,27,1,29.667,0.9299,0.3885,0
xfer_sink+meta,57,27,2,29.714,0.9298,0.3956,0
xfer_sink+meta,57,27,3,28.724,0.9242,0.3881,0
xfer_sink+meta,58,28,0,28.571,0.9238,0.3922,0
xfer_sink+meta,58,28,1,27.242,0.9147,0.3906,0
xfer_sink+meta,58,28,2,27.376,0.9132,0.3958,0
xfer_sink+meta,58,28,3,25.864,0.8971,0.3876,0
xfer_sink+meta,59,29,0,28.053,0.9140,0.3925,0
xfer_sink+meta,59,29,1,29.491,0.9194,0.3915,0
xfer_sink+meta,59,29,2,29.934,0.9199,0.3985,0
xfer_sink+meta,59,29,3,29.484,0.9135,0.3911,0
xfer_sink+meta,60,30,0,29.213,0.9141,0.3957,0
xfer_sink+meta,60,30,1,30.582,0.9200,0.3978,0
xfer_sink+meta,60,30,2,30.481,0.9179,0.4025,0
xfer_sink+meta,60,30,3,30.022,0.9112,0.3941,0
xfer_sink+meta,61,31,0,30.510,0.9229,0.3991,0
xfer_sink+meta,61,31,1,30.995,0.9269,0.3998,0
xfer_sink+meta,61,31,2,31.154,0.9273,0.4078,0
xfer_sink+meta,61,31,3,30.515,0.9230,0.4102,0
xfer_sink+meta,62,32,0,28.650,0.9204,0.4015,0
xfer_sink+meta,62,32,1,26.831,0.9277,0.3993,0
xfer_sink+meta,62,32,2,30.502,0.9433,0.3792,0
xfer_sink+meta,62,32,3,30.946,0.9413,0.3776,0
xfer_sink+meta,63,33,0,31.073,0.9438,0.3820,0
xfer_sink+meta,63,33,1,31.226,0.9444,0.3763,0
xfer_sink+meta,63,33,2,31.085,0.9442,0.3856,0
xfer_sink+meta,63,33,3,30.271,0.9343,0.3817,0
xfer_sink+meta,64,34,0,30.252,0.9325,0.3881,0
xfer_sink+meta,64,34,1,30.747,0.9334,0.3903,0
xfer_sink+meta,64,34,2,30.588,0.9309,0.3932,0
xfer_sink+meta,64,34,3,30.150,0.9304,0.3856,0
xfer_sink+meta,65,35,0,30.800,0.9339,0.3903,0
xfer_sink+meta,65,35,1,31.982,0.9373,0.3939,0
xfer_sink+meta,65,35,2,32.438,0.9386,0.3995,0
xfer_sink+meta,65,35,3,32.406,0.9380,0.3928,0
xfer_sink+meta,66,36,0,33.754,0.9501,0.3941,0
xfer_sink+meta,66,36,1,33.922,0.9519,0.3920,0
xfer_sink+meta,66,36,2,33.950,0.9526,0.3967,0
xfer_sink+meta,66,36,3,33.972,0.9530,0.3904,0
xfer_sink+meta,67,37,0,34.334,0.9577,0.3930,0
xfer_sink+meta,67,37,1,34.599,0.9584,0.3938,0
xfer_sink+meta,67,37,2,34.505,0.9577,0.3976,0
xfer_sink+meta,67,37,3,34.176,0.9577,0.3922,0
xfer_sink+meta,68,38,0,33.381,0.9572,0.3930,0
xfer_sink+meta,68,38,1,34.471,0.9589,0.3915,0
xfer_sink+meta,68,38,2,34.437,0.9586,0.3953,0
xfer_sink+meta,68,38,3,34.224,0.9581,0.3918,0
xfer_sink+meta,69,39,0,34.749,0.9612,0.3902,0
xfer_sink+meta,69,39,1,34.459,0.9597,0.3876,0
xfer_sink+meta,69,39,2,34.234,0.9592,0.3921,0
xfer_sink+meta,69,39,3,33.764,0.9577,0.3889,0
xfer_meta+inflight,3,-27,0,99.000,,,0
xfer_meta+inflight,3,-27,1,99.000,,,0
xfer_meta+inflight,3,-27,2,99.000,,,0
xfer_meta+inflight,3,-27,3,99.000,,,0
xfer_meta+inflight,4,-26,0,99.000,,,0
xfer_meta+inflight,4,-26,1,99.000,,,0
xfer_meta+inflight,4,-26,2,99.000,,,0
xfer_meta+inflight,4,-26,3,99.000,,,0
xfer_meta+inflight,5,-25,0,99.000,,,0
xfer_meta+inflight,5,-25,1,99.000,,,0
xfer_meta+inflight,5,-25,2,99.000,,,0
xfer_meta+inflight,5,-25,3,99.000,,,0
xfer_meta+inflight,6,-24,0,99.000,,,0
xfer_meta+inflight,6,-24,1,99.000,,,0
xfer_meta+inflight,6,-24,2,99.000,,,0
xfer_meta+inflight,6,-24,3,99.000,,,0
xfer_meta+inflight,7,-23,0,99.000,,,0
xfer_meta+inflight,7,-23,1,99.000,,,0
xfer_meta+inflight,7,-23,2,99.000,,,0
xfer_meta+inflight,7,-23,3,99.000,,,0
xfer_meta+inflight,8,-22,0,99.000,,,0
xfer_meta+inflight,8,-22,1,99.000,,,0
xfer_meta+inflight,8,-22,2,99.000,,,0
xfer_meta+inflight,8,-22,3,99.000,,,0
xfer_meta+inflight,9,-21,0,99.000,,,0
xfer_meta+inflight,9,-21,1,99.000,,,0
xfer_meta+inflight,9,-21,2,99.000,,,0
xfer_meta+inflight,9,-21,3,99.000,,,0
xfer_meta+inflight,10,-20,0,99.000,,,0
xfer_meta+inflight,10,-20,1,99.000,,,0
xfer_meta+inflight,10,-20,2,99.000,,,0
xfer_meta+inflight,10,-20,3,99.000,,,0
xfer_meta+inflight,11,-19,0,99.000,,,0
xfer_meta+inflight,11,-19,1,99.000,,,0
xfer_meta+inflight,11,-19,2,99.000,,,0
xfer_meta+inflight,11,-19,3,99.000,,,0
xfer_meta+inflight,12,-18,0,99.000,,,0
xfer_meta+inflight,12,-18,1,99.000,,,0
xfer_meta+inflight,12,-18,2,99.000,,,0
xfer_meta+inflight,12,-18,3,99.000,,,0
xfer_meta+inflight,13,-17,0,99.000,,,0
xfer_meta+inflight,13,-17,1,99.000,,,0
xfer_meta+inflight,13,-17,2,99.000,,,0
xfer_meta+inflight,13,-17,3,99.000,,,0
xfer_meta+inflight,14,-16,0,99.000,,,0
xfer_meta+inflight,14,-16,1,99.000,,,0
xfer_meta+inflight,14,-16,2,99.000,,,0
xfer_meta+inflight,14,-16,3,99.000,,,0
xfer_meta+inflight,15,-15,0,99.000,,,0
xfer_meta+inflight,15,-15,1,99.000,,,0
xfer_meta+inflight,15,-15,2,99.000,,,0
xfer_meta+inflight,15,-15,3,99.000,,,0
xfer_meta+inflight,16,-14,0,99.000,,,0
xfer_meta+inflight,16,-14,1,99.000,,,0
xfer_meta+inflight,16,-14,2,99.000,,,0
xfer_meta+inflight,16,-14,3,99.000,,,0
xfer_meta+inflight,17,-13,0,99.000,,,0
xfer_meta+inflight,17,-13,1,99.000,,,0
xfer_meta+inflight,17,-13,2,99.000,,,0
xfer_meta+inflight,17,-13,3,99.000,,,0
xfer_meta+inflight,18,-12,0,99.000,,,0
xfer_meta+inflight,18,-12,1,99.000,,,0
xfer_meta+inflight,18,-12,2,99.000,,,0
xfer_meta+inflight,18,-12,3,99.000,,,0
xfer_meta+inflight,19,-11,0,99.000,,,0
xfer_meta+inflight,19,-11,1,99.000,,,0
xfer_meta+inflight,19,-11,2,99.000,,,0
xfer_meta+inflight,19,-11,3,99.000,,,0
xfer_meta+inflight,20,-10,0,99.000,,,0
xfer_meta+inflight,20,-10,1,99.000,,,0
xfer_meta+inflight,20,-10,2,99.000,,,0
xfer_meta+inflight,20,-10,3,99.000,,,0
xfer_meta+inflight,21,-9,0,99.000,,,0
xfer_meta+inflight,21,-9,1,99.000,,,0
xfer_meta+inflight,21,-9,2,99.000,,,0
xfer_meta+inflight,21,-9,3,99.000,,,0
xfer_meta+inflight,22,-8,0,99.000,,,0
xfer_meta+inflight,22,-8,1,99.000,,,0
xfer_meta+inflight,22,-8,2,99.000,,,0
xfer_meta+inflight,22,-8,3,99.000,,,0
xfer_meta+inflight,23,-7,0,99.000,,,0
xfer_meta+inflight,23,-7,1,99.000,,,0
xfer_meta+inflight,23,-7,2,99.000,,,0
xfer_meta+inflight,23,-7,3,99.000,,,0
xfer_meta+inflight,24,-6,0,99.000,,,0
xfer_meta+inflight,24,-6,1,99.000,,,0
xfer_meta+inflight,24,-6,2,99.000,,,0
xfer_meta+inflight,24,-6,3,99.000,,,0
xfer_meta+inflight,25,-5,0,99.000,,,0
xfer_meta+inflight,25,-5,1,99.000,,,0
xfer_meta+inflight,25,-5,2,99.000,,,0
xfer_meta+inflight,25,-5,3,99.000,,,0
xfer_meta+inflight,26,-4,0,99.000,,,0
xfer_meta+inflight,26,-4,1,99.000,,,0
xfer_meta+inflight,26,-4,2,99.000,,,0
xfer_meta+inflight,26,-4,3,99.000,,,0
xfer_meta+inflight,27,-3,0,99.000,,,0
xfer_meta+inflight,27,-3,1,99.000,,,0
xfer_meta+inflight,27,-3,2,99.000,,,0
xfer_meta+inflight,27,-3,3,99.000,,,0
xfer_meta+inflight,28,-2,0,99.000,,,0
xfer_meta+inflight,28,-2,1,99.000,,,0
xfer_meta+inflight,28,-2,2,99.000,,,0
xfer_meta+inflight,28,-2,3,99.000,,,0
xfer_meta+inflight,29,-1,0,99.000,,,0
xfer_meta+inflight,29,-1,1,99.000,,,0
xfer_meta+inflight,29,-1,2,99.000,,,0
xfer_meta+inflight,29,-1,3,99.000,,,0
xfer_meta+inflight,30,0,0,16.842,0.5573,0.3485,0
xfer_meta+inflight,30,0,1,16.528,0.5400,0.3398,0
xfer_meta+inflight,30,0,2,19.469,0.6053,0.3497,0
xfer_meta+inflight,30,0,3,20.723,0.6232,0.3394,0
xfer_meta+inflight,31,1,0,22.041,0.6755,0.3543,0
xfer_meta+inflight,31,1,1,21.210,0.6616,0.3657,0
xfer_meta+inflight,31,1,2,21.775,0.6489,0.3690,0
xfer_meta+inflight,31,1,3,21.626,0.6455,0.3659,0
xfer_meta+inflight,32,2,0,20.965,0.6760,0.3813,0
xfer_meta+inflight,32,2,1,19.775,0.6642,0.3890,0
xfer_meta+inflight,32,2,2,19.096,0.6306,0.3776,0
xfer_meta+inflight,32,2,3,18.528,0.5933,0.3578,0
xfer_meta+inflight,33,3,0,16.838,0.6017,0.3919,0
xfer_meta+inflight,33,3,1,15.715,0.5855,0.3893,0
xfer_meta+inflight,33,3,2,15.409,0.5723,0.3823,0
xfer_meta+inflight,33,3,3,15.239,0.5728,0.3824,0
xfer_meta+inflight,34,4,0,15.036,0.5743,0.3879,0
xfer_meta+inflight,34,4,1,15.096,0.5747,0.3924,0
xfer_meta+inflight,34,4,2,15.090,0.5731,0.3897,0
xfer_meta+inflight,34,4,3,15.113,0.5751,0.3838,0
xfer_meta+inflight,35,5,0,15.073,0.5849,0.3796,0
xfer_meta+inflight,35,5,1,15.175,0.5908,0.3938,0
xfer_meta+inflight,35,5,2,15.294,0.5879,0.3893,0
xfer_meta+inflight,35,5,3,15.394,0.5906,0.3848,0
xfer_meta+inflight,36,6,0,15.388,0.6057,0.3843,0
xfer_meta+inflight,36,6,1,15.475,0.6106,0.3968,0
xfer_meta+inflight,36,6,2,15.406,0.6063,0.3830,0
xfer_meta+inflight,36,6,3,15.281,0.6049,0.3810,0
xfer_meta+inflight,37,7,0,15.216,0.6180,0.3796,0
xfer_meta+inflight,37,7,1,15.346,0.6223,0.3918,0
xfer_meta+inflight,37,7,2,15.795,0.6177,0.3788,0
xfer_meta+inflight,37,7,3,15.577,0.6156,0.3775,0
xfer_meta+inflight,38,8,0,15.426,0.6200,0.3781,0
xfer_meta+inflight,38,8,1,15.645,0.6185,0.3903,0
xfer_meta+inflight,38,8,2,15.680,0.6067,0.3807,0
xfer_meta+inflight,38,8,3,15.441,0.6020,0.3801,0
xfer_meta+inflight,39,9,0,15.358,0.6167,0.3841,0
xfer_meta+inflight,39,9,1,15.413,0.6172,0.3932,0
xfer_meta+inflight,39,9,2,15.652,0.6101,0.3869,0
xfer_meta+inflight,39,9,3,15.604,0.6113,0.3862,0
xfer_meta+inflight,40,10,0,15.604,0.6270,0.3940,0
xfer_meta+inflight,40,10,1,15.489,0.6235,0.3992,0
xfer_meta+inflight,40,10,2,15.452,0.6123,0.3891,0
xfer_meta+inflight,40,10,3,15.613,0.6139,0.3895,0
xfer_meta+inflight,41,11,0,15.630,0.6321,0.3904,0
xfer_meta+inflight,41,11,1,15.688,0.6375,0.3975,0
xfer_meta+inflight,41,11,2,15.582,0.6303,0.3958,0
xfer_meta+inflight,41,11,3,15.702,0.6333,0.3848,0
xfer_meta+inflight,42,12,0,15.646,0.6450,0.3902,0
xfer_meta+inflight,42,12,1,15.582,0.6337,0.3644,0
xfer_meta+inflight,42,12,2,15.510,0.6243,0.3669,0
xfer_meta+inflight,42,12,3,15.259,0.6159,0.3661,0
xfer_meta+inflight,43,13,0,15.890,0.6206,0.3761,0
xfer_meta+inflight,43,13,1,16.148,0.6135,0.3840,0
xfer_meta+inflight,43,13,2,16.144,0.5941,0.3833,0
xfer_meta+inflight,43,13,3,16.160,0.5887,0.3877,0
xfer_meta+inflight,44,14,0,16.285,0.5958,0.3929,0
xfer_meta+inflight,44,14,1,17.175,0.5976,0.3985,0
xfer_meta+inflight,44,14,2,17.238,0.5829,0.3944,0
xfer_meta+inflight,44,14,3,17.011,0.5770,0.3948,0
xfer_meta+inflight,45,15,0,17.346,0.6114,0.3942,0
xfer_meta+inflight,45,15,1,17.775,0.6213,0.4003,0
xfer_meta+inflight,45,15,2,17.803,0.6132,0.3934,0
xfer_meta+inflight,45,15,3,17.846,0.6190,0.3934,0
xfer_meta+inflight,46,16,0,17.936,0.6157,0.3924,0
xfer_meta+inflight,46,16,1,17.914,0.6066,0.3971,0
xfer_meta+inflight,46,16,2,17.918,0.5864,0.3903,0
xfer_meta+inflight,46,16,3,17.824,0.5853,0.3897,0
xfer_meta+inflight,47,17,0,17.615,0.6004,0.3906,0
xfer_meta+inflight,47,17,1,17.345,0.5982,0.3934,0
xfer_meta+inflight,47,17,2,17.271,0.5833,0.3896,0
xfer_meta+inflight,47,17,3,17.116,0.5848,0.3890,0
xfer_meta+inflight,48,18,0,16.898,0.6145,0.3895,0
xfer_meta+inflight,48,18,1,16.774,0.6257,0.3954,0
xfer_meta+inflight,48,18,2,16.659,0.6186,0.3923,0
xfer_meta+inflight,48,18,3,16.452,0.6223,0.3910,0
xfer_meta+inflight,49,19,0,16.236,0.6391,0.3884,0
xfer_meta+inflight,49,19,1,16.074,0.6406,0.3917,0
xfer_meta+inflight,49,19,2,16.030,0.6371,0.3868,0
xfer_meta+inflight,49,19,3,15.951,0.6375,0.3861,0
xfer_meta+inflight,50,20,0,15.800,0.6469,0.3852,0
xfer_meta+inflight,50,20,1,15.569,0.6459,0.3902,0
xfer_meta+inflight,50,20,2,15.512,0.6426,0.3921,0
xfer_meta+inflight,50,20,3,15.581,0.6401,0.3887,0
xfer_meta+inflight,51,21,0,15.643,0.6558,0.3918,0
xfer_meta+inflight,51,21,1,15.735,0.6549,0.3928,0
xfer_meta+inflight,51,21,2,15.916,0.6528,0.3997,0
xfer_meta+inflight,51,21,3,16.178,0.6509,0.3968,0
xfer_meta+inflight,52,22,0,16.327,0.6544,0.3971,0
xfer_meta+inflight,52,22,1,16.423,0.6521,0.3982,0
xfer_meta+inflight,52,22,2,16.393,0.6458,0.4019,0
xfer_meta+inflight,52,22,3,16.489,0.6432,0.3964,0
xfer_meta+inflight,53,23,0,16.613,0.6522,0.3934,0
xfer_meta+inflight,53,23,1,16.579,0.6500,0.3911,0
xfer_meta+inflight,53,23,2,16.240,0.6415,0.3951,0
xfer_meta+inflight,53,23,3,16.008,0.6363,0.3851,0
xfer_meta+inflight,54,24,0,15.850,0.6456,0.3873,0
xfer_meta+inflight,54,24,1,16.111,0.6519,0.3895,0
xfer_meta+inflight,54,24,2,16.160,0.6521,0.3932,0
xfer_meta+inflight,54,24,3,16.237,0.6494,0.3842,0
xfer_meta+inflight,55,25,0,16.232,0.6551,0.3848,0
xfer_meta+inflight,55,25,1,16.370,0.6548,0.3914,0
xfer_meta+inflight,55,25,2,16.725,0.6582,0.3979,0
xfer_meta+inflight,55,25,3,16.557,0.6520,0.3888,0
xfer_meta+inflight,56,26,0,16.114,0.6570,0.3799,0
xfer_meta+inflight,56,26,1,16.443,0.6610,0.3881,0
xfer_meta+inflight,56,26,2,16.765,0.6591,0.3942,0
xfer_meta+inflight,56,26,3,16.688,0.6587,0.3892,0
xfer_meta+inflight,57,27,0,16.643,0.6739,0.3848,0
xfer_meta+inflight,57,27,1,16.662,0.6724,0.3894,0
xfer_meta+inflight,57,27,2,17.309,0.6639,0.3978,0
xfer_meta+inflight,57,27,3,16.546,0.6586,0.3844,0
xfer_meta+inflight,58,28,0,16.928,0.6816,0.3903,0
xfer_meta+inflight,58,28,1,16.992,0.6817,0.3901,0
xfer_meta+inflight,58,28,2,17.254,0.6761,0.3941,0
xfer_meta+inflight,58,28,3,16.788,0.6738,0.3857,0
xfer_meta+inflight,59,29,0,17.097,0.6912,0.3909,0
xfer_meta+inflight,59,29,1,17.172,0.6913,0.3923,0
xfer_meta+inflight,59,29,2,16.994,0.6867,0.3993,0
xfer_meta+inflight,59,29,3,17.205,0.6879,0.3901,0
xfer_meta+inflight,60,30,0,17.126,0.6972,0.3909,0
xfer_meta+inflight,60,30,1,16.803,0.6951,0.3945,0
xfer_meta+inflight,60,30,2,16.805,0.6898,0.3996,0
xfer_meta+inflight,60,30,3,16.806,0.6883,0.3895,0
xfer_meta+inflight,61,31,0,16.794,0.6954,0.3910,0
xfer_meta+inflight,61,31,1,16.717,0.6948,0.3932,0
xfer_meta+inflight,61,31,2,16.637,0.6912,0.3999,0
xfer_meta+inflight,61,31,3,16.865,0.6915,0.3997,0
xfer_meta+inflight,62,32,0,16.873,0.7043,0.3921,0
xfer_meta+inflight,62,32,1,16.726,0.7053,0.3964,0
xfer_meta+inflight,62,32,2,16.636,0.6901,0.3781,0
xfer_meta+inflight,62,32,3,16.449,0.6841,0.3740,0
xfer_meta+inflight,63,33,0,16.490,0.6759,0.3860,0
xfer_meta+inflight,63,33,1,16.671,0.6785,0.3799,0
xfer_meta+inflight,63,33,2,16.684,0.6753,0.3902,0
xfer_meta+inflight,63,33,3,16.477,0.6655,0.3848,0
xfer_meta+inflight,64,34,0,16.433,0.6622,0.3939,0
xfer_meta+inflight,64,34,1,16.981,0.6655,0.3994,0
xfer_meta+inflight,64,34,2,16.923,0.6570,0.4046,0
xfer_meta+inflight,64,34,3,16.681,0.6524,0.3985,0
xfer_meta+inflight,65,35,0,16.513,0.6639,0.3978,0
xfer_meta+inflight,65,35,1,17.252,0.6801,0.4012,0
xfer_meta+inflight,65,35,2,17.386,0.6801,0.4052,0
xfer_meta+inflight,65,35,3,17.092,0.6734,0.3959,0
xfer_meta+inflight,66,36,0,17.201,0.6824,0.3956,0
xfer_meta+inflight,66,36,1,17.681,0.6917,0.3951,0
xfer_meta+inflight,66,36,2,17.790,0.6933,0.4010,0
xfer_meta+inflight,66,36,3,17.820,0.6938,0.3929,0
xfer_meta+inflight,67,37,0,17.848,0.6915,0.3941,0
xfer_meta+inflight,67,37,1,17.819,0.6851,0.3957,0
xfer_meta+inflight,67,37,2,17.548,0.6683,0.3968,0
xfer_meta+inflight,67,37,3,17.298,0.6643,0.3951,0
xfer_meta+inflight,68,38,0,16.926,0.6583,0.3948,0
xfer_meta+inflight,68,38,1,17.421,0.6623,0.3974,0
xfer_meta+inflight,68,38,2,17.549,0.6507,0.3980,0
xfer_meta+inflight,68,38,3,17.335,0.6497,0.3996,0
xfer_meta+inflight,69,39,0,17.240,0.6534,0.3957,0
xfer_meta+inflight,69,39,1,17.297,0.6522,0.3927,0
xfer_meta+inflight,69,39,2,17.287,0.6410,0.3913,0
xfer_meta+inflight,69,39,3,16.815,0.6394,0.3912,0
drop_inflight,3,-27,0,99.000,,,0
drop_inflight,3,-27,1,99.000,,,0
drop_inflight,3,-27,2,99.000,,,0
drop_inflight,3,-27,3,99.000,,,0
drop_inflight,4,-26,0,99.000,,,0
drop_inflight,4,-26,1,99.000,,,0
drop_inflight,4,-26,2,99.000,,,0
drop_inflight,4,-26,3,99.000,,,0
drop_inflight,5,-25,0,99.000,,,0
drop_inflight,5,-25,1,99.000,,,0
drop_inflight,5,-25,2,99.000,,,0
drop_inflight,5,-25,3,99.000,,,0
drop_inflight,6,-24,0,99.000,,,0
drop_inflight,6,-24,1,99.000,,,0
drop_inflight,6,-24,2,99.000,,,0
drop_inflight,6,-24,3,99.000,,,0
drop_inflight,7,-23,0,99.000,,,0
drop_inflight,7,-23,1,99.000,,,0
drop_inflight,7,-23,2,99.000,,,0
drop_inflight,7,-23,3,99.000,,,0
drop_inflight,8,-22,0,99.000,,,0
drop_inflight,8,-22,1,99.000,,,0
drop_inflight,8,-22,2,99.000,,,0
drop_inflight,8,-22,3,99.000,,,0
drop_inflight,9,-21,0,99.000,,,0
drop_inflight,9,-21,1,99.000,,,0
drop_inflight,9,-21,2,99.000,,,0
drop_inflight,9,-21,3,99.000,,,0
drop_inflight,10,-20,0,99.000,,,0
drop_inflight,10,-20,1,99.000,,,0
drop_inflight,10,-20,2,99.000,,,0
drop_inflight,10,-20,3,99.000,,,0
drop_inflight,11,-19,0,99.000,,,0
drop_inflight,11,-19,1,99.000,,,0
drop_inflight,11,-19,2,99.000,,,0
drop_inflight,11,-19,3,99.000,,,0
drop_inflight,12,-18,0,99.000,,,0
drop_inflight,12,-18,1,99.000,,,0
drop_inflight,12,-18,2,99.000,,,0
drop_inflight,12,-18,3,99.000,,,0
drop_inflight,13,-17,0,99.000,,,0
drop_inflight,13,-17,1,99.000,,,0
drop_inflight,13,-17,2,99.000,,,0
drop_inflight,13,-17,3,99.000,,,0
drop_inflight,14,-16,0,99.000,,,0
drop_inflight,14,-16,1,99.000,,,0
drop_inflight,14,-16,2,99.000,,,0
drop_inflight,14,-16,3,99.000,,,0
drop_inflight,15,-15,0,99.000,,,0
drop_inflight,15,-15,1,99.000,,,0
drop_inflight,15,-15,2,99.000,,,0
drop_inflight,15,-15,3,99.000,,,0
drop_inflight,16,-14,0,99.000,,,0
drop_inflight,16,-14,1,99.000,,,0
drop_inflight,16,-14,2,99.000,,,0
drop_inflight,16,-14,3,99.000,,,0
drop_inflight,17,-13,0,99.000,,,0
drop_inflight,17,-13,1,99.000,,,0
drop_inflight,17,-13,2,99.000,,,0
drop_inflight,17,-13,3,99.000,,,0
drop_inflight,18,-12,0,99.000,,,0
drop_inflight,18,-12,1,99.000,,,0
drop_inflight,18,-12,2,99.000,,,0
drop_inflight,18,-12,3,99.000,,,0
drop_inflight,19,-11,0,99.000,,,0
drop_inflight,19,-11,1,99.000,,,0
drop_inflight,19,-11,2,99.000,,,0
drop_inflight,19,-11,3,99.000,,,0
drop_inflight,20,-10,0,99.000,,,0
drop_inflight,20,-10,1,99.000,,,0
drop_inflight,20,-10,2,99.000,,,0
drop_inflight,20,-10,3,99.000,,,0
drop_inflight,21,-9,0,99.000,,,0
drop_inflight,21,-9,1,99.000,,,0
drop_inflight,21,-9,2,99.000,,,0
drop_inflight,21,-9,3,99.000,,,0
drop_inflight,22,-8,0,99.000,,,0
drop_inflight,22,-8,1,99.000,,,0
drop_inflight,22,-8,2,99.000,,,0
drop_inflight,22,-8,3,99.000,,,0
drop_inflight,23,-7,0,99.000,,,0
drop_inflight,23,-7,1,99.000,,,0
drop_inflight,23,-7,2,99.000,,,0
drop_inflight,23,-7,3,99.000,,,0
drop_inflight,24,-6,0,99.000,,,0
drop_inflight,24,-6,1,99.000,,,0
drop_inflight,24,-6,2,99.000,,,0
drop_inflight,24,-6,3,99.000,,,0
drop_inflight,25,-5,0,99.000,,,0
drop_inflight,25,-5,1,99.000,,,0
drop_inflight,25,-5,2,99.000,,,0
drop_inflight,25,-5,3,99.000,,,0
drop_inflight,26,-4,0,99.000,,,0
drop_inflight,26,-4,1,99.000,,,0
drop_inflight,26,-4,2,99.000,,,0
drop_inflight,26,-4,3,99.000,,,0
drop_inflight,27,-3,0,99.000,,,0
drop_inflight,27,-3,1,99.000,,,0
drop_inflight,27,-3,2,99.000,,,0
drop_inflight,27,-3,3,99.000,,,0
drop_inflight,28,-2,0,99.000,,,0
drop_inflight,28,-2,1,99.000,,,0
drop_inflight,28,-2,2,99.000,,,0
drop_inflight,28,-2,3,99.000,,,0
drop_inflight,29,-1,0,99.000,,,0
drop_inflight,29,-1,1,99.000,,,0
drop_inflight,29,-1,2,99.000,,,0
drop_inflight,29,-1,3,99.000,,,0
drop_inflight,30,0,0,12.128,0.4928,0.3096,0
drop_inflight,30,0,1,10.754,0.4239,0.2871,0
drop_inflight,30,0,2,8.535,0.3606,0.2545,0
drop_inflight,30,0,3,8.236,0.3485,0.2476,0
drop_inflight,31,1,0,9.610,0.3546,0.2596,0
drop_inflight,31,1,1,10.225,0.3595,0.2636,0
drop_inflight,31,1,2,10.279,0.3661,0.2671,0
drop_inflight,31,1,3,10.292,0.3702,0.2742,0
drop_inflight,32,2,0,10.452,0.3565,0.2722,0
drop_inflight,32,2,1,10.740,0.3546,0.2647,0
drop_inflight,32,2,2,10.769,0.3597,0.2699,0
drop_inflight,32,2,3,10.805,0.3582,0.2757,0
drop_inflight,33,3,0,18.921,0.5003,0.3280,0
drop_inflight,33,3,1,20.318,0.5390,0.3298,0
drop_inflight,33,3,2,21.424,0.5863,0.3279,0
drop_inflight,33,3,3,20.543,0.5928,0.3185,0
drop_inflight,34,4,0,22.658,0.7523,0.3629,0
drop_inflight,34,4,1,23.735,0.8036,0.3619,0
drop_inflight,34,4,2,23.912,0.8023,0.3496,0
drop_inflight,34,4,3,23.923,0.8003,0.3512,0
drop_inflight,35,5,0,24.425,0.8168,0.3481,0
drop_inflight,35,5,1,24.558,0.8155,0.3543,0
drop_inflight,35,5,2,24.554,0.8141,0.3488,0
drop_inflight,35,5,3,24.481,0.8095,0.3478,0
drop_inflight,36,6,0,24.986,0.8320,0.3536,0
drop_inflight,36,6,1,25.964,0.8435,0.3655,0
drop_inflight,36,6,2,26.318,0.8439,0.3568,0
drop_inflight,36,6,3,25.920,0.8372,0.3650,0
drop_inflight,37,7,0,26.517,0.8536,0.3729,0
drop_inflight,37,7,1,26.864,0.8542,0.3854,0
drop_inflight,37,7,2,27.615,0.8576,0.3763,0
drop_inflight,37,7,3,27.055,0.8461,0.3812,0
drop_inflight,38,8,0,28.434,0.8570,0.3873,0
drop_inflight,38,8,1,29.234,0.8591,0.3952,0
drop_inflight,38,8,2,29.367,0.8529,0.3886,0
drop_inflight,38,8,3,29.311,0.8529,0.3913,0
drop_inflight,39,9,0,29.774,0.8747,0.3971,0
drop_inflight,39,9,1,29.952,0.8766,0.4037,0
drop_inflight,39,9,2,29.282,0.8678,0.3972,0
drop_inflight,39,9,3,29.300,0.8714,0.3973,0
drop_inflight,40,10,0,28.619,0.8858,0.4000,0
drop_inflight,40,10,1,29.467,0.8908,0.4030,0
drop_inflight,40,10,2,30.406,0.8885,0.3952,0
drop_inflight,40,10,3,30.208,0.8905,0.3977,0
drop_inflight,41,11,0,29.529,0.9085,0.3983,0
drop_inflight,41,11,1,30.982,0.9194,0.4050,0
drop_inflight,41,11,2,31.231,0.9166,0.4068,0
drop_inflight,41,11,3,31.124,0.9196,0.3991,0
drop_inflight,42,12,0,30.960,0.9273,0.4046,0
drop_inflight,42,12,1,32.038,0.9337,0.3813,0
drop_inflight,42,12,2,32.650,0.9223,0.3698,0
drop_inflight,42,12,3,32.022,0.9172,0.3725,0
drop_inflight,43,13,0,31.794,0.9020,0.3723,0
drop_inflight,43,13,1,31.203,0.8862,0.3828,0
drop_inflight,43,13,2,30.900,0.8647,0.3808,0
drop_inflight,43,13,3,30.406,0.8570,0.3860,0
drop_inflight,44,14,0,30.750,0.8560,0.3904,0
drop_inflight,44,14,1,30.724,0.8495,0.3950,0
drop_inflight,44,14,2,30.594,0.8345,0.3903,0
drop_inflight,44,14,3,30.419,0.8299,0.3919,0
drop_inflight,45,15,0,31.581,0.8768,0.3953,0
drop_inflight,45,15,1,32.188,0.8963,0.3999,0
drop_inflight,45,15,2,32.342,0.9044,0.3958,0
drop_inflight,45,15,3,32.396,0.9068,0.3967,0
drop_inflight,46,16,0,32.299,0.8958,0.3961,0
drop_inflight,46,16,1,32.809,0.8924,0.3981,0
drop_inflight,46,16,2,32.633,0.8861,0.3964,0
drop_inflight,46,16,3,32.415,0.8787,0.3962,0
drop_inflight,47,17,0,32.046,0.8748,0.3956,0
drop_inflight,47,17,1,31.335,0.8733,0.3967,0
drop_inflight,47,17,2,31.381,0.8650,0.3937,0
drop_inflight,47,17,3,31.401,0.8615,0.3919,0
drop_inflight,48,18,0,31.936,0.8959,0.3891,0
drop_inflight,48,18,1,32.182,0.9095,0.3914,0
drop_inflight,48,18,2,32.583,0.9118,0.3880,0
drop_inflight,48,18,3,32.510,0.9162,0.3864,0
drop_inflight,49,19,0,33.129,0.9392,0.3827,0
drop_inflight,49,19,1,33.627,0.9442,0.3855,0
drop_inflight,49,19,2,33.556,0.9454,0.3828,0
drop_inflight,49,19,3,32.568,0.9455,0.3845,0
drop_inflight,50,20,0,33.213,0.9532,0.3827,0
drop_inflight,50,20,1,32.734,0.9533,0.3866,0
drop_inflight,50,20,2,33.100,0.9532,0.3872,0
drop_inflight,50,20,3,32.769,0.9514,0.3838,0
drop_inflight,51,21,0,32.288,0.9558,0.3863,0
drop_inflight,51,21,1,31.871,0.9538,0.3860,0
drop_inflight,51,21,2,31.915,0.9507,0.3902,0
drop_inflight,51,21,3,29.467,0.9376,0.3876,0
drop_inflight,52,22,0,30.639,0.9495,0.3850,0
drop_inflight,52,22,1,31.443,0.9527,0.3839,0
drop_inflight,52,22,2,30.765,0.9514,0.3878,0
drop_inflight,52,22,3,32.601,0.9573,0.3845,0
drop_inflight,53,23,0,29.109,0.9446,0.3810,0
drop_inflight,53,23,1,31.033,0.9516,0.3793,0
drop_inflight,53,23,2,32.929,0.9544,0.3850,0
drop_inflight,53,23,3,32.264,0.9465,0.3761,0
drop_inflight,54,24,0,31.426,0.9425,0.3780,0
drop_inflight,54,24,1,31.755,0.9415,0.3786,0
drop_inflight,54,24,2,31.313,0.9393,0.3817,0
drop_inflight,54,24,3,29.454,0.9297,0.3761,0
drop_inflight,55,25,0,28.263,0.9182,0.3813,0
drop_inflight,55,25,1,29.054,0.9207,0.3821,0
drop_inflight,55,25,2,28.585,0.9118,0.3898,0
drop_inflight,55,25,3,27.556,0.8984,0.3861,0
drop_inflight,56,26,0,28.683,0.9180,0.3824,0
drop_inflight,56,26,1,29.862,0.9256,0.3826,0
drop_inflight,56,26,2,30.613,0.9296,0.3869,0
drop_inflight,56,26,3,30.173,0.9280,0.3808,0
drop_inflight,57,27,0,29.454,0.9283,0.3839,0
drop_inflight,57,27,1,29.919,0.9323,0.3886,0
drop_inflight,57,27,2,30.444,0.9344,0.3953,0
drop_inflight,57,27,3,29.919,0.9298,0.3881,0
drop_inflight,58,28,0,29.741,0.9239,0.3929,0
drop_inflight,58,28,1,28.094,0.9119,0.3910,0
drop_inflight,58,28,2,27.760,0.9086,0.3970,0
drop_inflight,58,28,3,26.350,0.8923,0.3888,0
drop_inflight,59,29,0,29.050,0.9173,0.3935,0
drop_inflight,59,29,1,30.576,0.9256,0.3927,0
drop_inflight,59,29,2,30.917,0.9274,0.3996,0
drop_inflight,59,29,3,30.504,0.9229,0.3924,0
drop_inflight,60,30,0,30.160,0.9258,0.3976,0
drop_inflight,60,30,1,31.655,0.9332,0.3995,0
drop_inflight,60,30,2,31.695,0.9326,0.4037,0
drop_inflight,60,30,3,31.392,0.9288,0.3960,0
drop_inflight,61,31,0,32.101,0.9401,0.4008,0
drop_inflight,61,31,1,32.452,0.9430,0.4016,0
drop_inflight,61,31,2,32.586,0.9434,0.4093,0
drop_inflight,61,31,3,32.050,0.9411,0.4117,0
drop_inflight,62,32,0,31.130,0.9436,0.4027,0
drop_inflight,62,32,1,29.559,0.9480,0.4000,0
drop_inflight,62,32,2,32.376,0.9584,0.3792,0
drop_inflight,62,32,3,32.734,0.9586,0.3781,0
drop_inflight,63,33,0,33.073,0.9600,0.3824,0
drop_inflight,63,33,1,32.777,0.9605,0.3757,0
drop_inflight,63,33,2,33.061,0.9615,0.3847,0
drop_inflight,63,33,3,32.648,0.9580,0.3810,0
drop_inflight,64,34,0,33.321,0.9572,0.3875,0
drop_inflight,64,34,1,34.622,0.9623,0.3896,0
drop_inflight,64,34,2,34.847,0.9630,0.3922,0
drop_inflight,64,34,3,34.404,0.9625,0.3849,0
drop_inflight,65,35,0,34.452,0.9629,0.3897,0
drop_inflight,65,35,1,34.952,0.9631,0.3937,0
drop_inflight,65,35,2,35.458,0.9646,0.3992,0
drop_inflight,65,35,3,35.483,0.9646,0.3927,0
drop_inflight,66,36,0,36.505,0.9680,0.3938,0
drop_inflight,66,36,1,36.464,0.9681,0.3914,0
drop_inflight,66,36,2,36.098,0.9668,0.3958,0
drop_inflight,66,36,3,35.773,0.9661,0.3894,0
drop_inflight,67,37,0,36.748,0.9716,0.3924,0
drop_inflight,67,37,1,37.119,0.9728,0.3930,0
drop_inflight,67,37,2,37.210,0.9729,0.3962,0
drop_inflight,67,37,3,37.133,0.9731,0.3907,0
drop_inflight,68,38,0,37.291,0.9749,0.3912,0
drop_inflight,68,38,1,36.706,0.9742,0.3894,0
drop_inflight,68,38,2,36.652,0.9729,0.3926,0
drop_inflight,68,38,3,36.124,0.9722,0.3887,0
drop_inflight,69,39,0,37.429,0.9761,0.3878,0
drop_inflight,69,39,1,37.095,0.9757,0.3849,0
drop_inflight,69,39,2,37.228,0.9749,0.3893,0
drop_inflight,69,39,3,36.609,0.9737,0.3859,0
drop_kv_recent,3,-27,0,99.000,,,0
drop_kv_recent,3,-27,1,99.000,,,0
drop_kv_recent,3,-27,2,99.000,,,0
drop_kv_recent,3,-27,3,99.000,,,0
drop_kv_recent,4,-26,0,99.000,,,0
drop_kv_recent,4,-26,1,99.000,,,0
drop_kv_recent,4,-26,2,99.000,,,0
drop_kv_recent,4,-26,3,99.000,,,0
drop_kv_recent,5,-25,0,99.000,,,0
drop_kv_recent,5,-25,1,99.000,,,0
drop_kv_recent,5,-25,2,99.000,,,0
drop_kv_recent,5,-25,3,99.000,,,0
drop_kv_recent,6,-24,0,99.000,,,0
drop_kv_recent,6,-24,1,99.000,,,0
drop_kv_recent,6,-24,2,99.000,,,0
drop_kv_recent,6,-24,3,99.000,,,0
drop_kv_recent,7,-23,0,99.000,,,0
drop_kv_recent,7,-23,1,99.000,,,0
drop_kv_recent,7,-23,2,99.000,,,0
drop_kv_recent,7,-23,3,99.000,,,0
drop_kv_recent,8,-22,0,99.000,,,0
drop_kv_recent,8,-22,1,99.000,,,0
drop_kv_recent,8,-22,2,99.000,,,0
drop_kv_recent,8,-22,3,99.000,,,0
drop_kv_recent,9,-21,0,99.000,,,0
drop_kv_recent,9,-21,1,99.000,,,0
drop_kv_recent,9,-21,2,99.000,,,0
drop_kv_recent,9,-21,3,99.000,,,0
drop_kv_recent,10,-20,0,99.000,,,0
drop_kv_recent,10,-20,1,99.000,,,0
drop_kv_recent,10,-20,2,99.000,,,0
drop_kv_recent,10,-20,3,99.000,,,0
drop_kv_recent,11,-19,0,99.000,,,0
drop_kv_recent,11,-19,1,99.000,,,0
drop_kv_recent,11,-19,2,99.000,,,0
drop_kv_recent,11,-19,3,99.000,,,0
drop_kv_recent,12,-18,0,99.000,,,0
drop_kv_recent,12,-18,1,99.000,,,0
drop_kv_recent,12,-18,2,99.000,,,0
drop_kv_recent,12,-18,3,99.000,,,0
drop_kv_recent,13,-17,0,99.000,,,0
drop_kv_recent,13,-17,1,99.000,,,0
drop_kv_recent,13,-17,2,99.000,,,0
drop_kv_recent,13,-17,3,99.000,,,0
drop_kv_recent,14,-16,0,99.000,,,0
drop_kv_recent,14,-16,1,99.000,,,0
drop_kv_recent,14,-16,2,99.000,,,0
drop_kv_recent,14,-16,3,99.000,,,0
drop_kv_recent,15,-15,0,99.000,,,0
drop_kv_recent,15,-15,1,99.000,,,0
drop_kv_recent,15,-15,2,99.000,,,0
drop_kv_recent,15,-15,3,99.000,,,0
drop_kv_recent,16,-14,0,99.000,,,0
drop_kv_recent,16,-14,1,99.000,,,0
drop_kv_recent,16,-14,2,99.000,,,0
drop_kv_recent,16,-14,3,99.000,,,0
drop_kv_recent,17,-13,0,99.000,,,0
drop_kv_recent,17,-13,1,99.000,,,0
drop_kv_recent,17,-13,2,99.000,,,0
drop_kv_recent,17,-13,3,99.000,,,0
drop_kv_recent,18,-12,0,99.000,,,0
drop_kv_recent,18,-12,1,99.000,,,0
drop_kv_recent,18,-12,2,99.000,,,0
drop_kv_recent,18,-12,3,99.000,,,0
drop_kv_recent,19,-11,0,99.000,,,0
drop_kv_recent,19,-11,1,99.000,,,0
drop_kv_recent,19,-11,2,99.000,,,0
drop_kv_recent,19,-11,3,99.000,,,0
drop_kv_recent,20,-10,0,99.000,,,0
drop_kv_recent,20,-10,1,99.000,,,0
drop_kv_recent,20,-10,2,99.000,,,0
drop_kv_recent,20,-10,3,99.000,,,0
drop_kv_recent,21,-9,0,99.000,,,0
drop_kv_recent,21,-9,1,99.000,,,0
drop_kv_recent,21,-9,2,99.000,,,0
drop_kv_recent,21,-9,3,99.000,,,0
drop_kv_recent,22,-8,0,99.000,,,0
drop_kv_recent,22,-8,1,99.000,,,0
drop_kv_recent,22,-8,2,99.000,,,0
drop_kv_recent,22,-8,3,99.000,,,0
drop_kv_recent,23,-7,0,99.000,,,0
drop_kv_recent,23,-7,1,99.000,,,0
drop_kv_recent,23,-7,2,99.000,,,0
drop_kv_recent,23,-7,3,99.000,,,0
drop_kv_recent,24,-6,0,99.000,,,0
drop_kv_recent,24,-6,1,99.000,,,0
drop_kv_recent,24,-6,2,99.000,,,0
drop_kv_recent,24,-6,3,99.000,,,0
drop_kv_recent,25,-5,0,99.000,,,0
drop_kv_recent,25,-5,1,99.000,,,0
drop_kv_recent,25,-5,2,99.000,,,0
drop_kv_recent,25,-5,3,99.000,,,0
drop_kv_recent,26,-4,0,99.000,,,0
drop_kv_recent,26,-4,1,99.000,,,0
drop_kv_recent,26,-4,2,99.000,,,0
drop_kv_recent,26,-4,3,99.000,,,0
drop_kv_recent,27,-3,0,99.000,,,0
drop_kv_recent,27,-3,1,99.000,,,0
drop_kv_recent,27,-3,2,99.000,,,0
drop_kv_recent,27,-3,3,99.000,,,0
drop_kv_recent,28,-2,0,99.000,,,0
drop_kv_recent,28,-2,1,99.000,,,0
drop_kv_recent,28,-2,2,99.000,,,0
drop_kv_recent,28,-2,3,99.000,,,0
drop_kv_recent,29,-1,0,99.000,,,0
drop_kv_recent,29,-1,1,99.000,,,0
drop_kv_recent,29,-1,2,99.000,,,0
drop_kv_recent,29,-1,3,99.000,,,0
drop_kv_recent,30,0,0,31.588,0.8962,0.3772,0
drop_kv_recent,30,0,1,30.226,0.8619,0.3638,0
drop_kv_recent,30,0,2,29.196,0.8446,0.3583,0
drop_kv_recent,30,0,3,28.863,0.8360,0.3530,0
drop_kv_recent,31,1,0,29.189,0.8713,0.3736,0
drop_kv_recent,31,1,1,28.947,0.8827,0.3772,0
drop_kv_recent,31,1,2,28.799,0.8858,0.3815,0
drop_kv_recent,31,1,3,28.647,0.8828,0.3834,0
drop_kv_recent,32,2,0,29.048,0.8941,0.3885,0
drop_kv_recent,32,2,1,28.718,0.8954,0.3903,0
drop_kv_recent,32,2,2,28.558,0.8954,0.3868,0
drop_kv_recent,32,2,3,27.943,0.8891,0.3864,0
drop_kv_recent,33,3,0,27.504,0.8905,0.3839,0
drop_kv_recent,33,3,1,23.039,0.8553,0.3850,0
drop_kv_recent,33,3,2,21.459,0.8363,0.3809,0
drop_kv_recent,33,3,3,20.545,0.8304,0.3824,0
drop_kv_recent,34,4,0,19.343,0.8291,0.3782,0
drop_kv_recent,34,4,1,20.003,0.8372,0.3806,0
drop_kv_recent,34,4,2,20.637,0.8456,0.3746,0
drop_kv_recent,34,4,3,20.686,0.8427,0.3760,0
drop_kv_recent,35,5,0,20.910,0.8546,0.3749,0
drop_kv_recent,35,5,1,21.410,0.8630,0.3823,0
drop_kv_recent,35,5,2,21.541,0.8643,0.3786,0
drop_kv_recent,35,5,3,21.835,0.8652,0.3788,0
drop_kv_recent,36,6,0,22.200,0.8709,0.3782,0
drop_kv_recent,36,6,1,22.716,0.8776,0.3873,0
drop_kv_recent,36,6,2,22.898,0.8788,0.3809,0
drop_kv_recent,36,6,3,23.313,0.8795,0.3859,0
drop_kv_recent,37,7,0,23.827,0.8968,0.3879,0
drop_kv_recent,37,7,1,23.462,0.8962,0.3958,0
drop_kv_recent,37,7,2,24.486,0.9081,0.3892,0
drop_kv_recent,37,7,3,23.585,0.8989,0.3922,0
drop_kv_recent,38,8,0,24.623,0.9170,0.3923,0
drop_kv_recent,38,8,1,27.054,0.9324,0.3971,0
drop_kv_recent,38,8,2,28.309,0.9401,0.3921,0
drop_kv_recent,38,8,3,29.353,0.9419,0.3930,0
drop_kv_recent,39,9,0,30.266,0.9518,0.3968,0
drop_kv_recent,39,9,1,31.048,0.9556,0.4004,0
drop_kv_recent,39,9,2,32.451,0.9615,0.3961,0
drop_kv_recent,39,9,3,33.284,0.9634,0.3953,0
drop_kv_recent,40,10,0,33.826,0.9710,0.3991,0
drop_kv_recent,40,10,1,34.371,0.9740,0.4019,0
drop_kv_recent,40,10,2,35.434,0.9761,0.3960,0
drop_kv_recent,40,10,3,35.880,0.9770,0.3984,0
drop_kv_recent,41,11,0,35.914,0.9812,0.3974,0
drop_kv_recent,41,11,1,36.270,0.9825,0.4027,0
drop_kv_recent,41,11,2,36.590,0.9833,0.4040,0
drop_kv_recent,41,11,3,36.379,0.9835,0.3987,0
drop_kv_recent,42,12,0,37.102,0.9845,0.4033,0
drop_kv_recent,42,12,1,40.623,0.9875,0.3827,0
drop_kv_recent,42,12,2,41.581,0.9882,0.3768,0
drop_kv_recent,42,12,3,41.215,0.9872,0.3796,0
drop_kv_recent,43,13,0,39.456,0.9850,0.3843,0
drop_kv_recent,43,13,1,38.668,0.9850,0.3886,0
drop_kv_recent,43,13,2,40.375,0.9857,0.3890,0
drop_kv_recent,43,13,3,38.171,0.9848,0.3896,0
drop_kv_recent,44,14,0,37.641,0.9869,0.3915,0
drop_kv_recent,44,14,1,41.720,0.9884,0.3906,0
drop_kv_recent,44,14,2,42.521,0.9892,0.3874,0
drop_kv_recent,44,14,3,43.016,0.9895,0.3844,0
drop_kv_recent,45,15,0,44.540,0.9919,0.3894,0
drop_kv_recent,45,15,1,43.865,0.9919,0.3897,0
drop_kv_recent,45,15,2,43.317,0.9923,0.3872,0
drop_kv_recent,45,15,3,43.152,0.9922,0.3888,0
drop_kv_recent,46,16,0,43.519,0.9930,0.3902,0
drop_kv_recent,46,16,1,45.615,0.9934,0.3855,0
drop_kv_recent,46,16,2,45.784,0.9935,0.3840,0
drop_kv_recent,46,16,3,45.696,0.9934,0.3808,0
drop_kv_recent,47,17,0,46.285,0.9944,0.3876,0
drop_kv_recent,47,17,1,46.342,0.9945,0.3862,0
drop_kv_recent,47,17,2,46.304,0.9946,0.3837,0
drop_kv_recent,47,17,3,41.100,0.9938,0.3840,0
drop_kv_recent,48,18,0,45.176,0.9953,0.3916,0
drop_kv_recent,48,18,1,46.198,0.9953,0.3916,0
drop_kv_recent,48,18,2,46.276,0.9952,0.3897,0
drop_kv_recent,48,18,3,46.060,0.9952,0.3884,0
drop_kv_recent,49,19,0,46.374,0.9959,0.3858,0
drop_kv_recent,49,19,1,46.643,0.9959,0.3866,0
drop_kv_recent,49,19,2,46.705,0.9957,0.3848,0
drop_kv_recent,49,19,3,46.815,0.9958,0.3865,0
drop_kv_recent,50,20,0,46.816,0.9963,0.3845,0
drop_kv_recent,50,20,1,47.222,0.9962,0.3881,0
drop_kv_recent,50,20,2,47.101,0.9960,0.3888,0
drop_kv_recent,50,20,3,46.952,0.9960,0.3856,0
drop_kv_recent,51,21,0,46.911,0.9967,0.3851,0
drop_kv_recent,51,21,1,46.230,0.9966,0.3836,0
drop_kv_recent,51,21,2,46.061,0.9966,0.3875,0
drop_kv_recent,51,21,3,47.060,0.9966,0.3829,0
drop_kv_recent,52,22,0,48.484,0.9972,0.3821,0
drop_kv_recent,52,22,1,48.597,0.9971,0.3816,0
drop_kv_recent,52,22,2,48.376,0.9970,0.3860,0
drop_kv_recent,52,22,3,48.305,0.9970,0.3826,0
drop_kv_recent,53,23,0,48.739,0.9974,0.3800,0
drop_kv_recent,53,23,1,48.663,0.9974,0.3789,0
drop_kv_recent,53,23,2,48.376,0.9972,0.3853,0
drop_kv_recent,53,23,3,48.022,0.9971,0.3763,0
drop_kv_recent,54,24,0,48.242,0.9973,0.3790,0
drop_kv_recent,54,24,1,48.161,0.9972,0.3792,0
drop_kv_recent,54,24,2,48.092,0.9971,0.3823,0
drop_kv_recent,54,24,3,47.750,0.9970,0.3762,0
drop_kv_recent,55,25,0,47.760,0.9972,0.3815,0
drop_kv_recent,55,25,1,47.631,0.9971,0.3831,0
drop_kv_recent,55,25,2,47.217,0.9969,0.3908,0
drop_kv_recent,55,25,3,47.169,0.9968,0.3856,0
drop_kv_recent,56,26,0,47.783,0.9970,0.3825,0
drop_kv_recent,56,26,1,47.596,0.9968,0.3830,0
drop_kv_recent,56,26,2,47.492,0.9967,0.3872,0
drop_kv_recent,56,26,3,47.069,0.9965,0.3808,0
drop_kv_recent,57,27,0,47.310,0.9970,0.3835,0
drop_kv_recent,57,27,1,47.094,0.9969,0.3880,0
drop_kv_recent,57,27,2,46.735,0.9967,0.3956,0
drop_kv_recent,57,27,3,45.512,0.9964,0.3885,0
drop_kv_recent,58,28,0,46.005,0.9969,0.3920,0
drop_kv_recent,58,28,1,45.747,0.9968,0.3905,0
drop_kv_recent,58,28,2,46.381,0.9969,0.3953,0
drop_kv_recent,58,28,3,46.085,0.9967,0.3877,0
drop_kv_recent,59,29,0,46.470,0.9970,0.3916,0
drop_kv_recent,59,29,1,45.936,0.9969,0.3917,0
drop_kv_recent,59,29,2,45.813,0.9968,0.3986,0
drop_kv_recent,59,29,3,45.417,0.9966,0.3917,0
drop_kv_recent,60,30,0,45.503,0.9964,0.3967,0
drop_kv_recent,60,30,1,45.221,0.9962,0.4002,0
drop_kv_recent,60,30,2,44.837,0.9962,0.4047,0
drop_kv_recent,60,30,3,44.200,0.9959,0.3975,0
drop_kv_recent,61,31,0,44.640,0.9962,0.4025,0
drop_kv_recent,61,31,1,45.340,0.9964,0.4034,0
drop_kv_recent,61,31,2,45.513,0.9965,0.4106,0
drop_kv_recent,61,31,3,44.878,0.9963,0.4129,0
drop_kv_recent,62,32,0,45.224,0.9963,0.4035,0
drop_kv_recent,62,32,1,41.233,0.9954,0.4035,0
drop_kv_recent,62,32,2,44.955,0.9962,0.3815,0
drop_kv_recent,62,32,3,45.175,0.9961,0.3807,0
drop_kv_recent,63,33,0,46.223,0.9968,0.3851,0
drop_kv_recent,63,33,1,46.378,0.9969,0.3787,0
drop_kv_recent,63,33,2,46.517,0.9969,0.3876,0
drop_kv_recent,63,33,3,46.308,0.9969,0.3836,0
drop_kv_recent,64,34,0,46.407,0.9969,0.3897,0
drop_kv_recent,64,34,1,46.058,0.9966,0.3919,0
drop_kv_recent,64,34,2,45.613,0.9965,0.3947,0
drop_kv_recent,64,34,3,44.950,0.9963,0.3878,0
drop_kv_recent,65,35,0,45.268,0.9965,0.3923,0
drop_kv_recent,65,35,1,46.742,0.9966,0.3959,0
drop_kv_recent,65,35,2,47.032,0.9966,0.4013,0
drop_kv_recent,65,35,3,46.868,0.9965,0.3950,0
drop_kv_recent,66,36,0,47.581,0.9970,0.3955,0
drop_kv_recent,66,36,1,47.749,0.9969,0.3934,0
drop_kv_recent,66,36,2,47.550,0.9967,0.3980,0
drop_kv_recent,66,36,3,47.551,0.9967,0.3923,0
drop_kv_recent,67,37,0,48.111,0.9971,0.3941,0
drop_kv_recent,67,37,1,48.241,0.9969,0.3952,0
drop_kv_recent,67,37,2,48.198,0.9968,0.3988,0
drop_kv_recent,67,37,3,48.129,0.9967,0.3932,0
drop_kv_recent,68,38,0,48.639,0.9971,0.3939,0
drop_kv_recent,68,38,1,48.614,0.9970,0.3922,0
drop_kv_recent,68,38,2,48.359,0.9968,0.3954,0
drop_kv_recent,68,38,3,48.137,0.9968,0.3920,0
drop_kv_recent,69,39,0,48.798,0.9971,0.3908,0
drop_kv_recent,69,39,1,48.667,0.9970,0.3879,0
drop_kv_recent,69,39,2,48.503,0.9969,0.3923,0
drop_kv_recent,69,39,3,48.542,0.9968,0.3895,0
drop_vae_all,3,-27,0,99.000,,,0
drop_vae_all,3,-27,1,99.000,,,0
drop_vae_all,3,-27,2,99.000,,,0
drop_vae_all,3,-27,3,99.000,,,0
drop_vae_all,4,-26,0,99.000,,,0
drop_vae_all,4,-26,1,99.000,,,0
drop_vae_all,4,-26,2,99.000,,,0
drop_vae_all,4,-26,3,99.000,,,0
drop_vae_all,5,-25,0,99.000,,,0
drop_vae_all,5,-25,1,99.000,,,0
drop_vae_all,5,-25,2,99.000,,,0
drop_vae_all,5,-25,3,99.000,,,0
drop_vae_all,6,-24,0,99.000,,,0
drop_vae_all,6,-24,1,99.000,,,0
drop_vae_all,6,-24,2,99.000,,,0
drop_vae_all,6,-24,3,99.000,,,0
drop_vae_all,7,-23,0,99.000,,,0
drop_vae_all,7,-23,1,99.000,,,0
drop_vae_all,7,-23,2,99.000,,,0
drop_vae_all,7,-23,3,99.000,,,0
drop_vae_all,8,-22,0,99.000,,,0
drop_vae_all,8,-22,1,99.000,,,0
drop_vae_all,8,-22,2,99.000,,,0
drop_vae_all,8,-22,3,99.000,,,0
drop_vae_all,9,-21,0,99.000,,,0
drop_vae_all,9,-21,1,99.000,,,0
drop_vae_all,9,-21,2,99.000,,,0
drop_vae_all,9,-21,3,99.000,,,0
drop_vae_all,10,-20,0,99.000,,,0
drop_vae_all,10,-20,1,99.000,,,0
drop_vae_all,10,-20,2,99.000,,,0
drop_vae_all,10,-20,3,99.000,,,0
drop_vae_all,11,-19,0,99.000,,,0
drop_vae_all,11,-19,1,99.000,,,0
drop_vae_all,11,-19,2,99.000,,,0
drop_vae_all,11,-19,3,99.000,,,0
drop_vae_all,12,-18,0,99.000,,,0
drop_vae_all,12,-18,1,99.000,,,0
drop_vae_all,12,-18,2,99.000,,,0
drop_vae_all,12,-18,3,99.000,,,0
drop_vae_all,13,-17,0,99.000,,,0
drop_vae_all,13,-17,1,99.000,,,0
drop_vae_all,13,-17,2,99.000,,,0
drop_vae_all,13,-17,3,99.000,,,0
drop_vae_all,14,-16,0,99.000,,,0
drop_vae_all,14,-16,1,99.000,,,0
drop_vae_all,14,-16,2,99.000,,,0
drop_vae_all,14,-16,3,99.000,,,0
drop_vae_all,15,-15,0,99.000,,,0
drop_vae_all,15,-15,1,99.000,,,0
drop_vae_all,15,-15,2,99.000,,,0
drop_vae_all,15,-15,3,99.000,,,0
drop_vae_all,16,-14,0,99.000,,,0
drop_vae_all,16,-14,1,99.000,,,0
drop_vae_all,16,-14,2,99.000,,,0
drop_vae_all,16,-14,3,99.000,,,0
drop_vae_all,17,-13,0,99.000,,,0
drop_vae_all,17,-13,1,99.000,,,0
drop_vae_all,17,-13,2,99.000,,,0
drop_vae_all,17,-13,3,99.000,,,0
drop_vae_all,18,-12,0,99.000,,,0
drop_vae_all,18,-12,1,99.000,,,0
drop_vae_all,18,-12,2,99.000,,,0
drop_vae_all,18,-12,3,99.000,,,0
drop_vae_all,19,-11,0,99.000,,,0
drop_vae_all,19,-11,1,99.000,,,0
drop_vae_all,19,-11,2,99.000,,,0
drop_vae_all,19,-11,3,99.000,,,0
drop_vae_all,20,-10,0,99.000,,,0
drop_vae_all,20,-10,1,99.000,,,0
drop_vae_all,20,-10,2,99.000,,,0
drop_vae_all,20,-10,3,99.000,,,0
drop_vae_all,21,-9,0,99.000,,,0
drop_vae_all,21,-9,1,99.000,,,0
drop_vae_all,21,-9,2,99.000,,,0
drop_vae_all,21,-9,3,99.000,,,0
drop_vae_all,22,-8,0,99.000,,,0
drop_vae_all,22,-8,1,99.000,,,0
drop_vae_all,22,-8,2,99.000,,,0
drop_vae_all,22,-8,3,99.000,,,0
drop_vae_all,23,-7,0,99.000,,,0
drop_vae_all,23,-7,1,99.000,,,0
drop_vae_all,23,-7,2,99.000,,,0
drop_vae_all,23,-7,3,99.000,,,0
drop_vae_all,24,-6,0,99.000,,,0
drop_vae_all,24,-6,1,99.000,,,0
drop_vae_all,24,-6,2,99.000,,,0
drop_vae_all,24,-6,3,99.000,,,0
drop_vae_all,25,-5,0,99.000,,,0
drop_vae_all,25,-5,1,99.000,,,0
drop_vae_all,25,-5,2,99.000,,,0
drop_vae_all,25,-5,3,99.000,,,0
drop_vae_all,26,-4,0,99.000,,,0
drop_vae_all,26,-4,1,99.000,,,0
drop_vae_all,26,-4,2,99.000,,,0
drop_vae_all,26,-4,3,99.000,,,0
drop_vae_all,27,-3,0,99.000,,,0
drop_vae_all,27,-3,1,99.000,,,0
drop_vae_all,27,-3,2,99.000,,,0
drop_vae_all,27,-3,3,99.000,,,0
drop_vae_all,28,-2,0,99.000,,,0
drop_vae_all,28,-2,1,99.000,,,0
drop_vae_all,28,-2,2,99.000,,,0
drop_vae_all,28,-2,3,99.000,,,0
drop_vae_all,29,-1,0,99.000,,,0
drop_vae_all,29,-1,1,99.000,,,0
drop_vae_all,29,-1,2,99.000,,,0
drop_vae_all,29,-1,3,99.000,,,0
drop_vae_all,30,0,0,18.156,0.6080,0.3508,0
drop_vae_all,30,0,1,17.456,0.5711,0.3421,0
drop_vae_all,30,0,2,20.656,0.6355,0.3474,0
drop_vae_all,30,0,3,21.229,0.6514,0.3374,0
drop_vae_all,31,1,0,24.383,0.7304,0.3506,0
drop_vae_all,31,1,1,25.877,0.7699,0.3633,0
drop_vae_all,31,1,2,28.624,0.7906,0.3698,0
drop_vae_all,31,1,3,28.743,0.7918,0.3695,0
drop_vae_all,32,2,0,31.199,0.8575,0.3805,0
drop_vae_all,32,2,1,31.235,0.8834,0.3900,0
drop_vae_all,32,2,2,26.663,0.7836,0.3530,0
drop_vae_all,32,2,3,24.855,0.7575,0.3370,0
drop_vae_all,33,3,0,29.867,0.9297,0.3851,0
drop_vae_all,33,3,1,30.386,0.9496,0.3838,0
drop_vae_all,33,3,2,30.732,0.9465,0.3721,0
drop_vae_all,33,3,3,25.400,0.9195,0.3760,0
drop_vae_all,34,4,0,24.791,0.9281,0.3809,0
drop_vae_all,34,4,1,25.121,0.9302,0.3867,0
drop_vae_all,34,4,2,25.758,0.9345,0.3794,0
drop_vae_all,34,4,3,26.497,0.9339,0.3807,0
drop_vae_all,35,5,0,26.347,0.9275,0.3856,0
drop_vae_all,35,5,1,26.754,0.9140,0.3930,0
drop_vae_all,35,5,2,27.147,0.8954,0.3895,0
drop_vae_all,35,5,3,27.284,0.8854,0.3904,0
drop_vae_all,36,6,0,28.414,0.9089,0.3926,0
drop_vae_all,36,6,1,29.283,0.9205,0.3966,0
drop_vae_all,36,6,2,29.443,0.9221,0.3910,0
drop_vae_all,36,6,3,29.146,0.9250,0.3955,0
drop_vae_all,37,7,0,30.676,0.9512,0.3943,0
drop_vae_all,37,7,1,32.260,0.9590,0.4003,0
drop_vae_all,37,7,2,31.985,0.9614,0.3911,0
drop_vae_all,37,7,3,32.098,0.9620,0.3927,0
drop_vae_all,38,8,0,32.796,0.9645,0.3942,0
drop_vae_all,38,8,1,33.924,0.9662,0.3952,0
drop_vae_all,38,8,2,34.190,0.9640,0.3911,0
drop_vae_all,38,8,3,34.067,0.9641,0.3922,0
drop_vae_all,39,9,0,34.687,0.9727,0.3965,0
drop_vae_all,39,9,1,35.076,0.9734,0.3990,0
drop_vae_all,39,9,2,35.405,0.9735,0.3938,0
drop_vae_all,39,9,3,35.675,0.9731,0.3929,0
drop_vae_all,40,10,0,36.558,0.9768,0.3976,0
drop_vae_all,40,10,1,36.197,0.9779,0.4004,0
drop_vae_all,40,10,2,36.407,0.9784,0.3952,0
drop_vae_all,40,10,3,36.171,0.9778,0.3977,0
drop_vae_all,41,11,0,36.121,0.9820,0.3968,0
drop_vae_all,41,11,1,37.008,0.9833,0.4018,0
drop_vae_all,41,11,2,37.637,0.9842,0.4038,0
drop_vae_all,41,11,3,37.502,0.9845,0.3989,0
drop_vae_all,42,12,0,38.232,0.9851,0.4036,0
drop_vae_all,42,12,1,40.499,0.9875,0.3823,0
drop_vae_all,42,12,2,40.486,0.9878,0.3767,0
drop_vae_all,42,12,3,40.696,0.9880,0.3796,0
drop_vae_all,43,13,0,40.813,0.9895,0.3841,0
drop_vae_all,43,13,1,40.120,0.9893,0.3891,0
drop_vae_all,43,13,2,41.570,0.9900,0.3898,0
drop_vae_all,43,13,3,39.614,0.9887,0.3907,0
drop_vae_all,44,14,0,38.618,0.9895,0.3927,0
drop_vae_all,44,14,1,41.903,0.9906,0.3917,0
drop_vae_all,44,14,2,42.743,0.9910,0.3882,0
drop_vae_all,44,14,3,42.811,0.9907,0.3856,0
drop_vae_all,45,15,0,42.656,0.9918,0.3903,0
drop_vae_all,45,15,1,41.913,0.9918,0.3904,0
drop_vae_all,45,15,2,41.350,0.9917,0.3876,0
drop_vae_all,45,15,3,41.489,0.9917,0.3895,0
drop_vae_all,46,16,0,42.162,0.9930,0.3902,0
drop_vae_all,46,16,1,45.139,0.9937,0.3856,0
drop_vae_all,46,16,2,45.397,0.9939,0.3840,0
drop_vae_all,46,16,3,45.374,0.9938,0.3812,0
drop_vae_all,47,17,0,45.876,0.9945,0.3875,0
drop_vae_all,47,17,1,45.902,0.9944,0.3859,0
drop_vae_all,47,17,2,46.105,0.9945,0.3833,0
drop_vae_all,47,17,3,42.390,0.9938,0.3839,0
drop_vae_all,48,18,0,40.088,0.9938,0.3911,0
drop_vae_all,48,18,1,42.433,0.9936,0.3910,0
drop_vae_all,48,18,2,43.897,0.9943,0.3891,0
drop_vae_all,48,18,3,42.982,0.9940,0.3879,0
drop_vae_all,49,19,0,44.542,0.9953,0.3854,0
drop_vae_all,49,19,1,45.512,0.9954,0.3863,0
drop_vae_all,49,19,2,45.620,0.9953,0.3846,0
drop_vae_all,49,19,3,44.936,0.9952,0.3863,0
drop_vae_all,50,20,0,45.616,0.9960,0.3842,0
drop_vae_all,50,20,1,45.508,0.9960,0.3881,0
drop_vae_all,50,20,2,45.167,0.9958,0.3887,0
drop_vae_all,50,20,3,45.121,0.9957,0.3857,0
drop_vae_all,51,21,0,46.398,0.9966,0.3851,0
drop_vae_all,51,21,1,46.880,0.9967,0.3837,0
drop_vae_all,51,21,2,47.182,0.9967,0.3875,0
drop_vae_all,51,21,3,47.249,0.9966,0.3830,0
drop_vae_all,52,22,0,47.883,0.9972,0.3821,0
drop_vae_all,52,22,1,48.298,0.9971,0.3816,0
drop_vae_all,52,22,2,48.027,0.9970,0.3859,0
drop_vae_all,52,22,3,47.886,0.9969,0.3824,0
drop_vae_all,53,23,0,48.098,0.9974,0.3798,0
drop_vae_all,53,23,1,47.953,0.9973,0.3788,0
drop_vae_all,53,23,2,47.781,0.9971,0.3852,0
drop_vae_all,53,23,3,47.621,0.9970,0.3763,0
drop_vae_all,54,24,0,47.933,0.9974,0.3789,0
drop_vae_all,54,24,1,47.694,0.9973,0.3792,0
drop_vae_all,54,24,2,47.569,0.9972,0.3823,0
drop_vae_all,54,24,3,46.392,0.9970,0.3762,0
drop_vae_all,55,25,0,46.638,0.9973,0.3814,0
drop_vae_all,55,25,1,47.322,0.9973,0.3831,0
drop_vae_all,55,25,2,47.387,0.9971,0.3908,0
drop_vae_all,55,25,3,47.224,0.9970,0.3857,0
drop_vae_all,56,26,0,47.452,0.9973,0.3826,0
drop_vae_all,56,26,1,47.206,0.9971,0.3830,0
drop_vae_all,56,26,2,47.226,0.9971,0.3872,0
drop_vae_all,56,26,3,46.701,0.9970,0.3807,0
drop_vae_all,57,27,0,46.941,0.9973,0.3835,0
drop_vae_all,57,27,1,46.931,0.9973,0.3880,0
drop_vae_all,57,27,2,47.283,0.9972,0.3955,0
drop_vae_all,57,27,3,47.170,0.9971,0.3884,0
drop_vae_all,58,28,0,47.482,0.9973,0.3919,0
drop_vae_all,58,28,1,45.726,0.9969,0.3905,0
drop_vae_all,58,28,2,46.324,0.9970,0.3952,0
drop_vae_all,58,28,3,45.984,0.9969,0.3877,0
drop_vae_all,59,29,0,46.200,0.9971,0.3916,0
drop_vae_all,59,29,1,44.737,0.9967,0.3917,0
drop_vae_all,59,29,2,44.462,0.9966,0.3985,0
drop_vae_all,59,29,3,43.368,0.9961,0.3917,0
drop_vae_all,60,30,0,44.359,0.9962,0.3966,0
drop_vae_all,60,30,1,45.099,0.9961,0.3998,0
drop_vae_all,60,30,2,44.928,0.9961,0.4043,0
drop_vae_all,60,30,3,44.331,0.9957,0.3974,0
drop_vae_all,61,31,0,44.642,0.9960,0.4025,0
drop_vae_all,61,31,1,45.389,0.9962,0.4034,0
drop_vae_all,61,31,2,45.210,0.9961,0.4107,0
drop_vae_all,61,31,3,45.010,0.9959,0.4128,0
drop_vae_all,62,32,0,45.153,0.9960,0.4035,0
drop_vae_all,62,32,1,44.426,0.9959,0.4034,0
drop_vae_all,62,32,2,43.797,0.9962,0.3814,0
drop_vae_all,62,32,3,43.853,0.9960,0.3805,0
drop_vae_all,63,33,0,38.964,0.9951,0.3852,0
drop_vae_all,63,33,1,37.100,0.9950,0.3786,0
drop_vae_all,63,33,2,37.216,0.9951,0.3877,0
drop_vae_all,63,33,3,37.275,0.9951,0.3836,0
drop_vae_all,64,34,0,39.821,0.9952,0.3897,0
drop_vae_all,64,34,1,43.050,0.9954,0.3920,0
drop_vae_all,64,34,2,42.803,0.9955,0.3946,0
drop_vae_all,64,34,3,42.445,0.9952,0.3876,0
drop_vae_all,65,35,0,43.496,0.9958,0.3921,0
drop_vae_all,65,35,1,44.526,0.9961,0.3957,0
drop_vae_all,65,35,2,44.919,0.9961,0.4011,0
drop_vae_all,65,35,3,45.119,0.9960,0.3949,0
drop_vae_all,66,36,0,45.992,0.9966,0.3954,0
drop_vae_all,66,36,1,46.121,0.9965,0.3934,0
drop_vae_all,66,36,2,46.027,0.9963,0.3981,0
drop_vae_all,66,36,3,45.920,0.9963,0.3924,0
drop_vae_all,67,37,0,46.627,0.9968,0.3941,0
drop_vae_all,67,37,1,46.979,0.9968,0.3951,0
drop_vae_all,67,37,2,46.851,0.9966,0.3985,0
drop_vae_all,67,37,3,46.705,0.9966,0.3931,0
drop_vae_all,68,38,0,46.796,0.9969,0.3937,0
drop_vae_all,68,38,1,46.684,0.9967,0.3920,0
drop_vae_all,68,38,2,46.847,0.9966,0.3952,0
drop_vae_all,68,38,3,47.074,0.9967,0.3918,0
drop_vae_all,69,39,0,48.284,0.9971,0.3907,0
drop_vae_all,69,39,1,48.260,0.9970,0.3877,0
drop_vae_all,69,39,2,48.132,0.9968,0.3920,0
drop_vae_all,69,39,3,48.195,0.9968,0.3893,0
ph_zero_8,3,-27,0,99.000,,,0
ph_zero_8,3,-27,1,99.000,,,0
ph_zero_8,3,-27,2,99.000,,,0
ph_zero_8,3,-27,3,99.000,,,0
ph_zero_8,4,-26,0,99.000,,,0
ph_zero_8,4,-26,1,99.000,,,0
ph_zero_8,4,-26,2,99.000,,,0
ph_zero_8,4,-26,3,99.000,,,0
ph_zero_8,5,-25,0,99.000,,,0
ph_zero_8,5,-25,1,99.000,,,0
ph_zero_8,5,-25,2,99.000,,,0
ph_zero_8,5,-25,3,99.000,,,0
ph_zero_8,6,-24,0,99.000,,,0
ph_zero_8,6,-24,1,99.000,,,0
ph_zero_8,6,-24,2,99.000,,,0
ph_zero_8,6,-24,3,99.000,,,0
ph_zero_8,7,-23,0,99.000,,,0
ph_zero_8,7,-23,1,99.000,,,0
ph_zero_8,7,-23,2,99.000,,,0
ph_zero_8,7,-23,3,99.000,,,0
ph_zero_8,8,-22,0,99.000,,,0
ph_zero_8,8,-22,1,99.000,,,0
ph_zero_8,8,-22,2,99.000,,,0
ph_zero_8,8,-22,3,99.000,,,0
ph_zero_8,9,-21,0,99.000,,,0
ph_zero_8,9,-21,1,99.000,,,0
ph_zero_8,9,-21,2,99.000,,,0
ph_zero_8,9,-21,3,99.000,,,0
ph_zero_8,10,-20,0,99.000,,,0
ph_zero_8,10,-20,1,99.000,,,0
ph_zero_8,10,-20,2,99.000,,,0
ph_zero_8,10,-20,3,99.000,,,0
ph_zero_8,11,-19,0,99.000,,,0
ph_zero_8,11,-19,1,99.000,,,0
ph_zero_8,11,-19,2,99.000,,,0
ph_zero_8,11,-19,3,99.000,,,0
ph_zero_8,12,-18,0,99.000,,,0
ph_zero_8,12,-18,1,99.000,,,0
ph_zero_8,12,-18,2,99.000,,,0
ph_zero_8,12,-18,3,99.000,,,0
ph_zero_8,13,-17,0,99.000,,,0
ph_zero_8,13,-17,1,99.000,,,0
ph_zero_8,13,-17,2,99.000,,,0
ph_zero_8,13,-17,3,99.000,,,0
ph_zero_8,14,-16,0,99.000,,,0
ph_zero_8,14,-16,1,99.000,,,0
ph_zero_8,14,-16,2,99.000,,,0
ph_zero_8,14,-16,3,99.000,,,0
ph_zero_8,15,-15,0,99.000,,,0
ph_zero_8,15,-15,1,99.000,,,0
ph_zero_8,15,-15,2,99.000,,,0
ph_zero_8,15,-15,3,99.000,,,0
ph_zero_8,16,-14,0,99.000,,,0
ph_zero_8,16,-14,1,99.000,,,0
ph_zero_8,16,-14,2,99.000,,,0
ph_zero_8,16,-14,3,99.000,,,0
ph_zero_8,17,-13,0,99.000,,,0
ph_zero_8,17,-13,1,99.000,,,0
ph_zero_8,17,-13,2,99.000,,,0
ph_zero_8,17,-13,3,99.000,,,0
ph_zero_8,18,-12,0,99.000,,,0
ph_zero_8,18,-12,1,99.000,,,0
ph_zero_8,18,-12,2,99.000,,,0
ph_zero_8,18,-12,3,99.000,,,0
ph_zero_8,19,-11,0,99.000,,,0
ph_zero_8,19,-11,1,99.000,,,0
ph_zero_8,19,-11,2,99.000,,,0
ph_zero_8,19,-11,3,99.000,,,0
ph_zero_8,20,-10,0,99.000,,,0
ph_zero_8,20,-10,1,99.000,,,0
ph_zero_8,20,-10,2,99.000,,,0
ph_zero_8,20,-10,3,99.000,,,0
ph_zero_8,21,-9,0,99.000,,,0
ph_zero_8,21,-9,1,99.000,,,0
ph_zero_8,21,-9,2,99.000,,,0
ph_zero_8,21,-9,3,99.000,,,0
ph_zero_8,22,-8,0,99.000,,,0
ph_zero_8,22,-8,1,99.000,,,0
ph_zero_8,22,-8,2,99.000,,,0
ph_zero_8,22,-8,3,99.000,,,0
ph_zero_8,23,-7,0,99.000,,,0
ph_zero_8,23,-7,1,99.000,,,0
ph_zero_8,23,-7,2,99.000,,,0
ph_zero_8,23,-7,3,99.000,,,0
ph_zero_8,24,-6,0,99.000,,,0
ph_zero_8,24,-6,1,99.000,,,0
ph_zero_8,24,-6,2,99.000,,,0
ph_zero_8,24,-6,3,99.000,,,0
ph_zero_8,25,-5,0,99.000,,,0
ph_zero_8,25,-5,1,99.000,,,0
ph_zero_8,25,-5,2,99.000,,,0
ph_zero_8,25,-5,3,99.000,,,0
ph_zero_8,26,-4,0,99.000,,,0
ph_zero_8,26,-4,1,99.000,,,0
ph_zero_8,26,-4,2,99.000,,,0
ph_zero_8,26,-4,3,99.000,,,0
ph_zero_8,27,-3,0,99.000,,,0
ph_zero_8,27,-3,1,99.000,,,0
ph_zero_8,27,-3,2,99.000,,,0
ph_zero_8,27,-3,3,99.000,,,0
ph_zero_8,28,-2,0,99.000,,,0
ph_zero_8,28,-2,1,99.000,,,0
ph_zero_8,28,-2,2,99.000,,,0
ph_zero_8,28,-2,3,99.000,,,0
ph_zero_8,29,-1,0,99.000,,,0
ph_zero_8,29,-1,1,99.000,,,0
ph_zero_8,29,-1,2,99.000,,,0
ph_zero_8,29,-1,3,99.000,,,0
ph_zero_8,30,0,0,35.716,0.9602,0.3897,0
ph_zero_8,30,0,1,32.266,0.9390,0.3877,0
ph_zero_8,30,0,2,33.243,0.9331,0.3840,0
ph_zero_8,30,0,3,32.164,0.9252,0.3851,0
ph_zero_8,31,1,0,28.920,0.8662,0.3829,0
ph_zero_8,31,1,1,27.340,0.8452,0.3836,0
ph_zero_8,31,1,2,27.121,0.8365,0.3797,0
ph_zero_8,31,1,3,26.112,0.8220,0.3793,0
ph_zero_8,32,2,0,24.888,0.8039,0.3763,0
ph_zero_8,32,2,1,24.002,0.7948,0.3806,0
ph_zero_8,32,2,2,23.611,0.7890,0.3763,0
ph_zero_8,32,2,3,22.872,0.7761,0.3744,0
ph_zero_8,33,3,0,22.108,0.7622,0.3689,0
ph_zero_8,33,3,1,21.298,0.7538,0.3756,0
ph_zero_8,33,3,2,20.827,0.7448,0.3653,0
ph_zero_8,33,3,3,19.603,0.7244,0.3669,0
ph_zero_8,34,4,0,18.242,0.7155,0.3665,0
ph_zero_8,34,4,1,19.720,0.7261,0.3745,0
ph_zero_8,34,4,2,19.529,0.7162,0.3655,0
ph_zero_8,34,4,3,18.676,0.6967,0.3631,0
ph_zero_8,35,5,0,18.104,0.6917,0.3660,0
ph_zero_8,35,5,1,18.393,0.6927,0.3777,0
ph_zero_8,35,5,2,18.276,0.6858,0.3729,0
ph_zero_8,35,5,3,17.413,0.6723,0.3698,0
ph_zero_8,36,6,0,16.539,0.6614,0.3722,0
ph_zero_8,36,6,1,16.729,0.6566,0.3861,0
ph_zero_8,36,6,2,16.877,0.6482,0.3737,0
ph_zero_8,36,6,3,15.640,0.6314,0.3733,0
ph_zero_8,37,7,0,15.232,0.6335,0.3759,0
ph_zero_8,37,7,1,14.886,0.6280,0.3929,0
ph_zero_8,37,7,2,15.011,0.6187,0.3817,0
ph_zero_8,37,7,3,14.836,0.6173,0.3810,0
ph_zero_8,38,8,0,15.104,0.6314,0.3845,0
ph_zero_8,38,8,1,15.329,0.6315,0.3948,0
ph_zero_8,38,8,2,15.451,0.6191,0.3855,0
ph_zero_8,38,8,3,15.407,0.6188,0.3848,0
ph_zero_8,39,9,0,15.724,0.6502,0.3928,0
ph_zero_8,39,9,1,15.859,0.6579,0.4011,0
ph_zero_8,39,9,2,16.025,0.6559,0.3946,0
ph_zero_8,39,9,3,16.372,0.6647,0.3966,0
ph_zero_8,40,10,0,18.283,0.7080,0.4039,0
ph_zero_8,40,10,1,18.942,0.7206,0.4085,0
ph_zero_8,40,10,2,19.212,0.7257,0.4007,0
ph_zero_8,40,10,3,19.436,0.7319,0.4016,0
ph_zero_8,41,11,0,19.302,0.7510,0.3966,0
ph_zero_8,41,11,1,17.546,0.7451,0.4002,0
ph_zero_8,41,11,2,17.201,0.7469,0.4021,0
ph_zero_8,41,11,3,17.704,0.7540,0.3980,0
ph_zero_8,42,12,0,17.609,0.7655,0.4032,0
ph_zero_8,42,12,1,19.072,0.7999,0.3844,0
ph_zero_8,42,12,2,19.904,0.8140,0.3763,0
ph_zero_8,42,12,3,20.376,0.8215,0.3833,0
ph_zero_8,43,13,0,21.309,0.8427,0.3885,0
ph_zero_8,43,13,1,22.154,0.8562,0.3920,0
ph_zero_8,43,13,2,22.306,0.8584,0.3908,0
ph_zero_8,43,13,3,22.111,0.8537,0.3881,0
ph_zero_8,44,14,0,22.513,0.8624,0.3878,0
ph_zero_8,44,14,1,23.593,0.8755,0.3845,0
ph_zero_8,44,14,2,23.986,0.8814,0.3812,0
ph_zero_8,44,14,3,24.606,0.8848,0.3779,0
ph_zero_8,45,15,0,25.195,0.8973,0.3852,0
ph_zero_8,45,15,1,26.105,0.9086,0.3865,0
ph_zero_8,45,15,2,26.534,0.9140,0.3850,0
ph_zero_8,45,15,3,27.186,0.9168,0.3874,0
ph_zero_8,46,16,0,27.978,0.9234,0.3880,0
ph_zero_8,46,16,1,29.493,0.9327,0.3829,0
ph_zero_8,46,16,2,29.853,0.9358,0.3815,0
ph_zero_8,46,16,3,30.458,0.9349,0.3781,0
ph_zero_8,47,17,0,29.190,0.9363,0.3857,0
ph_zero_8,47,17,1,28.231,0.9400,0.3846,0
ph_zero_8,47,17,2,28.382,0.9426,0.3825,0
ph_zero_8,47,17,3,28.466,0.9406,0.3829,0
ph_zero_8,48,18,0,32.801,0.9547,0.3906,0
ph_zero_8,48,18,1,33.875,0.9591,0.3904,0
ph_zero_8,48,18,2,34.117,0.9608,0.3884,0
ph_zero_8,48,18,3,33.155,0.9602,0.3874,0
ph_zero_8,49,19,0,34.368,0.9681,0.3856,0
ph_zero_8,49,19,1,34.371,0.9695,0.3863,0
ph_zero_8,49,19,2,34.438,0.9705,0.3844,0
ph_zero_8,49,19,3,34.283,0.9704,0.3861,0
ph_zero_8,50,20,0,34.905,0.9730,0.3838,0
ph_zero_8,50,20,1,35.712,0.9742,0.3872,0
ph_zero_8,50,20,2,35.946,0.9744,0.3879,0
ph_zero_8,50,20,3,36.264,0.9739,0.3849,0
ph_zero_8,51,21,0,36.846,0.9797,0.3842,0
ph_zero_8,51,21,1,35.702,0.9801,0.3828,0
ph_zero_8,51,21,2,35.706,0.9804,0.3865,0
ph_zero_8,51,21,3,35.675,0.9801,0.3820,0
ph_zero_8,52,22,0,36.655,0.9849,0.3816,0
ph_zero_8,52,22,1,37.144,0.9855,0.3811,0
ph_zero_8,52,22,2,37.270,0.9859,0.3858,0
ph_zero_8,52,22,3,37.156,0.9856,0.3827,0
ph_zero_8,53,23,0,36.967,0.9875,0.3800,0
ph_zero_8,53,23,1,37.350,0.9881,0.3789,0
ph_zero_8,53,23,2,37.449,0.9883,0.3853,0
ph_zero_8,53,23,3,36.634,0.9872,0.3763,0
ph_zero_8,54,24,0,36.899,0.9883,0.3788,0
ph_zero_8,54,24,1,37.342,0.9887,0.3789,0
ph_zero_8,54,24,2,37.264,0.9888,0.3819,0
ph_zero_8,54,24,3,35.424,0.9868,0.3756,0
ph_zero_8,55,25,0,35.756,0.9874,0.3808,0
ph_zero_8,55,25,1,36.315,0.9881,0.3826,0
ph_zero_8,55,25,2,36.419,0.9878,0.3901,0
ph_zero_8,55,25,3,36.782,0.9877,0.3847,0
ph_zero_8,56,26,0,36.897,0.9886,0.3817,0
ph_zero_8,56,26,1,36.360,0.9882,0.3823,0
ph_zero_8,56,26,2,36.445,0.9884,0.3863,0
ph_zero_8,56,26,3,36.081,0.9880,0.3803,0
ph_zero_8,57,27,0,37.934,0.9900,0.3827,0
ph_zero_8,57,27,1,37.354,0.9895,0.3872,0
ph_zero_8,57,27,2,38.517,0.9905,0.3949,0
ph_zero_8,57,27,3,36.302,0.9886,0.3876,0
ph_zero_8,58,28,0,37.303,0.9894,0.3910,0
ph_zero_8,58,28,1,37.496,0.9892,0.3895,0
ph_zero_8,58,28,2,37.614,0.9892,0.3943,0
ph_zero_8,58,28,3,35.273,0.9863,0.3872,0
ph_zero_8,59,29,0,34.964,0.9854,0.3910,0
ph_zero_8,59,29,1,35.020,0.9852,0.3910,0
ph_zero_8,59,29,2,34.866,0.9851,0.3978,0
ph_zero_8,59,29,3,34.158,0.9838,0.3908,0
ph_zero_8,60,30,0,34.499,0.9831,0.3952,0
ph_zero_8,60,30,1,34.154,0.9819,0.3980,0
ph_zero_8,60,30,2,33.140,0.9795,0.4025,0
ph_zero_8,60,30,3,32.141,0.9762,0.3954,0
ph_zero_8,61,31,0,31.712,0.9745,0.4005,0
ph_zero_8,61,31,1,31.380,0.9739,0.4015,0
ph_zero_8,61,31,2,32.395,0.9770,0.4089,0
ph_zero_8,61,31,3,32.206,0.9754,0.4109,0
ph_zero_8,62,32,0,31.655,0.9731,0.4015,0
ph_zero_8,62,32,1,27.078,0.9621,0.4030,0
ph_zero_8,62,32,2,28.387,0.9640,0.3828,0
ph_zero_8,62,32,3,28.820,0.9631,0.3820,0
ph_zero_8,63,33,0,28.670,0.9646,0.3856,0
ph_zero_8,63,33,1,29.266,0.9686,0.3786,0
ph_zero_8,63,33,2,29.593,0.9700,0.3884,0
ph_zero_8,63,33,3,30.480,0.9708,0.3843,0
ph_zero_8,64,34,0,30.959,0.9748,0.3904,0
ph_zero_8,64,34,1,30.756,0.9755,0.3932,0
ph_zero_8,64,34,2,30.489,0.9759,0.3958,0
ph_zero_8,64,34,3,30.592,0.9759,0.3889,0
ph_zero_8,65,35,0,31.081,0.9769,0.3932,0
ph_zero_8,65,35,1,31.183,0.9775,0.3970,0
ph_zero_8,65,35,2,31.296,0.9780,0.4025,0
ph_zero_8,65,35,3,31.232,0.9768,0.3962,0
ph_zero_8,66,36,0,31.248,0.9771,0.3959,0
ph_zero_8,66,36,1,31.345,0.9773,0.3939,0
ph_zero_8,66,36,2,31.560,0.9780,0.3980,0
ph_zero_8,66,36,3,31.772,0.9766,0.3921,0
ph_zero_8,67,37,0,31.753,0.9758,0.3933,0
ph_zero_8,67,37,1,31.545,0.9759,0.3939,0
ph_zero_8,67,37,2,31.117,0.9759,0.3974,0
ph_zero_8,67,37,3,30.893,0.9745,0.3917,0
ph_zero_8,68,38,0,31.372,0.9774,0.3927,0
ph_zero_8,68,38,1,31.929,0.9790,0.3909,0
ph_zero_8,68,38,2,32.273,0.9794,0.3944,0
ph_zero_8,68,38,3,32.962,0.9800,0.3910,0
ph_zero_8,69,39,0,34.108,0.9831,0.3903,0
ph_zero_8,69,39,1,35.262,0.9847,0.3876,0
ph_zero_8,69,39,2,35.487,0.9850,0.3921,0
ph_zero_8,69,39,3,35.124,0.9846,0.3895,0
ph_local_8,3,-27,0,99.000,,,0
ph_local_8,3,-27,1,99.000,,,0
ph_local_8,3,-27,2,99.000,,,0
ph_local_8,3,-27,3,99.000,,,0
ph_local_8,4,-26,0,99.000,,,0
ph_local_8,4,-26,1,99.000,,,0
ph_local_8,4,-26,2,99.000,,,0
ph_local_8,4,-26,3,99.000,,,0
ph_local_8,5,-25,0,99.000,,,0
ph_local_8,5,-25,1,99.000,,,0
ph_local_8,5,-25,2,99.000,,,0
ph_local_8,5,-25,3,99.000,,,0
ph_local_8,6,-24,0,99.000,,,0
ph_local_8,6,-24,1,99.000,,,0
ph_local_8,6,-24,2,99.000,,,0
ph_local_8,6,-24,3,99.000,,,0
ph_local_8,7,-23,0,99.000,,,0
ph_local_8,7,-23,1,99.000,,,0
ph_local_8,7,-23,2,99.000,,,0
ph_local_8,7,-23,3,99.000,,,0
ph_local_8,8,-22,0,99.000,,,0
ph_local_8,8,-22,1,99.000,,,0
ph_local_8,8,-22,2,99.000,,,0
ph_local_8,8,-22,3,99.000,,,0
ph_local_8,9,-21,0,99.000,,,0
ph_local_8,9,-21,1,99.000,,,0
ph_local_8,9,-21,2,99.000,,,0
ph_local_8,9,-21,3,99.000,,,0
ph_local_8,10,-20,0,99.000,,,0
ph_local_8,10,-20,1,99.000,,,0
ph_local_8,10,-20,2,99.000,,,0
ph_local_8,10,-20,3,99.000,,,0
ph_local_8,11,-19,0,99.000,,,0
ph_local_8,11,-19,1,99.000,,,0
ph_local_8,11,-19,2,99.000,,,0
ph_local_8,11,-19,3,99.000,,,0
ph_local_8,12,-18,0,99.000,,,0
ph_local_8,12,-18,1,99.000,,,0
ph_local_8,12,-18,2,99.000,,,0
ph_local_8,12,-18,3,99.000,,,0
ph_local_8,13,-17,0,99.000,,,0
ph_local_8,13,-17,1,99.000,,,0
ph_local_8,13,-17,2,99.000,,,0
ph_local_8,13,-17,3,99.000,,,0
ph_local_8,14,-16,0,99.000,,,0
ph_local_8,14,-16,1,99.000,,,0
ph_local_8,14,-16,2,99.000,,,0
ph_local_8,14,-16,3,99.000,,,0
ph_local_8,15,-15,0,99.000,,,0
ph_local_8,15,-15,1,99.000,,,0
ph_local_8,15,-15,2,99.000,,,0
ph_local_8,15,-15,3,99.000,,,0
ph_local_8,16,-14,0,99.000,,,0
ph_local_8,16,-14,1,99.000,,,0
ph_local_8,16,-14,2,99.000,,,0
ph_local_8,16,-14,3,99.000,,,0
ph_local_8,17,-13,0,99.000,,,0
ph_local_8,17,-13,1,99.000,,,0
ph_local_8,17,-13,2,99.000,,,0
ph_local_8,17,-13,3,99.000,,,0
ph_local_8,18,-12,0,99.000,,,0
ph_local_8,18,-12,1,99.000,,,0
ph_local_8,18,-12,2,99.000,,,0
ph_local_8,18,-12,3,99.000,,,0
ph_local_8,19,-11,0,99.000,,,0
ph_local_8,19,-11,1,99.000,,,0
ph_local_8,19,-11,2,99.000,,,0
ph_local_8,19,-11,3,99.000,,,0
ph_local_8,20,-10,0,99.000,,,0
ph_local_8,20,-10,1,99.000,,,0
ph_local_8,20,-10,2,99.000,,,0
ph_local_8,20,-10,3,99.000,,,0
ph_local_8,21,-9,0,99.000,,,0
ph_local_8,21,-9,1,99.000,,,0
ph_local_8,21,-9,2,99.000,,,0
ph_local_8,21,-9,3,99.000,,,0
ph_local_8,22,-8,0,99.000,,,0
ph_local_8,22,-8,1,99.000,,,0
ph_local_8,22,-8,2,99.000,,,0
ph_local_8,22,-8,3,99.000,,,0
ph_local_8,23,-7,0,99.000,,,0
ph_local_8,23,-7,1,99.000,,,0
ph_local_8,23,-7,2,99.000,,,0
ph_local_8,23,-7,3,99.000,,,0
ph_local_8,24,-6,0,99.000,,,0
ph_local_8,24,-6,1,99.000,,,0
ph_local_8,24,-6,2,99.000,,,0
ph_local_8,24,-6,3,99.000,,,0
ph_local_8,25,-5,0,99.000,,,0
ph_local_8,25,-5,1,99.000,,,0
ph_local_8,25,-5,2,99.000,,,0
ph_local_8,25,-5,3,99.000,,,0
ph_local_8,26,-4,0,99.000,,,0
ph_local_8,26,-4,1,99.000,,,0
ph_local_8,26,-4,2,99.000,,,0
ph_local_8,26,-4,3,99.000,,,0
ph_local_8,27,-3,0,99.000,,,0
ph_local_8,27,-3,1,99.000,,,0
ph_local_8,27,-3,2,99.000,,,0
ph_local_8,27,-3,3,99.000,,,0
ph_local_8,28,-2,0,99.000,,,0
ph_local_8,28,-2,1,99.000,,,0
ph_local_8,28,-2,2,99.000,,,0
ph_local_8,28,-2,3,99.000,,,0
ph_local_8,29,-1,0,99.000,,,0
ph_local_8,29,-1,1,99.000,,,0
ph_local_8,29,-1,2,99.000,,,0
ph_local_8,29,-1,3,99.000,,,0
ph_local_8,30,0,0,36.703,0.9692,0.3909,0
ph_local_8,30,0,1,32.805,0.9483,0.3896,0
ph_local_8,30,0,2,34.222,0.9445,0.3863,0
ph_local_8,30,0,3,32.737,0.9348,0.3874,0
ph_local_8,31,1,0,29.727,0.8770,0.3832,0
ph_local_8,31,1,1,27.457,0.8544,0.3836,0
ph_local_8,31,1,2,28.094,0.8472,0.3798,0
ph_local_8,31,1,3,26.523,0.8300,0.3784,0
ph_local_8,32,2,0,25.526,0.8209,0.3720,0
ph_local_8,32,2,1,25.015,0.8173,0.3750,0
ph_local_8,32,2,2,24.629,0.8123,0.3704,0
ph_local_8,32,2,3,23.955,0.8014,0.3678,0
ph_local_8,33,3,0,23.043,0.7992,0.3615,0
ph_local_8,33,3,1,21.747,0.7904,0.3687,0
ph_local_8,33,3,2,21.382,0.7854,0.3592,0
ph_local_8,33,3,3,20.066,0.7652,0.3599,0
ph_local_8,34,4,0,18.993,0.7581,0.3554,0
ph_local_8,34,4,1,20.843,0.7808,0.3610,0
ph_local_8,34,4,2,20.317,0.7712,0.3530,0
ph_local_8,34,4,3,20.154,0.7650,0.3529,0
ph_local_8,35,5,0,19.967,0.7674,0.3524,0
ph_local_8,35,5,1,19.684,0.7638,0.3598,0
ph_local_8,35,5,2,19.659,0.7608,0.3536,0
ph_local_8,35,5,3,19.646,0.7578,0.3541,0
ph_local_8,36,6,0,19.256,0.7490,0.3555,0
ph_local_8,36,6,1,18.909,0.7398,0.3647,0
ph_local_8,36,6,2,18.888,0.7289,0.3582,0
ph_local_8,36,6,3,19.194,0.7337,0.3630,0
ph_local_8,37,7,0,19.136,0.7360,0.3663,0
ph_local_8,37,7,1,19.243,0.7304,0.3795,0
ph_local_8,37,7,2,18.861,0.7150,0.3699,0
ph_local_8,37,7,3,19.142,0.7195,0.3725,0
ph_local_8,38,8,0,19.643,0.7267,0.3788,0
ph_local_8,38,8,1,19.956,0.7248,0.3887,0
ph_local_8,38,8,2,19.995,0.7147,0.3825,0
ph_local_8,38,8,3,20.007,0.7130,0.3860,0
ph_local_8,39,9,0,20.052,0.7381,0.3934,0
ph_local_8,39,9,1,20.513,0.7530,0.4029,0
ph_local_8,39,9,2,21.231,0.7601,0.3948,0
ph_local_8,39,9,3,21.033,0.7651,0.3967,0
ph_local_8,40,10,0,21.649,0.7980,0.4002,0
ph_local_8,40,10,1,21.995,0.8103,0.4060,0
ph_local_8,40,10,2,22.364,0.8154,0.4003,0
ph_local_8,40,10,3,22.671,0.8204,0.4032,0
ph_local_8,41,11,0,22.876,0.8417,0.4025,0
ph_local_8,41,11,1,23.328,0.8511,0.4104,0
ph_local_8,41,11,2,23.543,0.8561,0.4121,0
ph_local_8,41,11,3,23.723,0.8576,0.4046,0
ph_local_8,42,12,0,23.001,0.8593,0.4105,0
ph_local_8,42,12,1,27.016,0.8974,0.3860,0
ph_local_8,42,12,2,27.631,0.9045,0.3801,0
ph_local_8,42,12,3,27.325,0.9052,0.3837,0
ph_local_8,43,13,0,28.298,0.9152,0.3862,0
ph_local_8,43,13,1,29.083,0.9238,0.3927,0
ph_local_8,43,13,2,29.369,0.9274,0.3935,0
ph_local_8,43,13,3,28.305,0.9227,0.3949,0
ph_local_8,44,14,0,28.950,0.9295,0.3942,0
ph_local_8,44,14,1,30.414,0.9366,0.3915,0
ph_local_8,44,14,2,30.817,0.9395,0.3865,0
ph_local_8,44,14,3,31.286,0.9425,0.3829,0
ph_local_8,45,15,0,31.616,0.9457,0.3867,0
ph_local_8,45,15,1,31.941,0.9492,0.3857,0
ph_local_8,45,15,2,31.904,0.9490,0.3834,0
ph_local_8,45,15,3,31.989,0.9482,0.3856,0
ph_local_8,46,16,0,32.382,0.9534,0.3864,0
ph_local_8,46,16,1,34.475,0.9570,0.3805,0
ph_local_8,46,16,2,34.853,0.9594,0.3796,0
ph_local_8,46,16,3,34.722,0.9584,0.3763,0
ph_local_8,47,17,0,35.104,0.9624,0.3841,0
ph_local_8,47,17,1,35.766,0.9651,0.3829,0
ph_local_8,47,17,2,35.840,0.9672,0.3812,0
ph_local_8,47,17,3,35.061,0.9665,0.3818,0
ph_local_8,48,18,0,35.348,0.9746,0.3904,0
ph_local_8,48,18,1,35.926,0.9752,0.3903,0
ph_local_8,48,18,2,36.165,0.9761,0.3885,0
ph_local_8,48,18,3,36.386,0.9759,0.3875,0
ph_local_8,49,19,0,35.930,0.9793,0.3855,0
ph_local_8,49,19,1,35.767,0.9794,0.3859,0
ph_local_8,49,19,2,36.350,0.9799,0.3841,0
ph_local_8,49,19,3,36.596,0.9796,0.3859,0
ph_local_8,50,20,0,36.623,0.9817,0.3835,0
ph_local_8,50,20,1,37.983,0.9824,0.3869,0
ph_local_8,50,20,2,38.221,0.9827,0.3877,0
ph_local_8,50,20,3,38.335,0.9825,0.3847,0
ph_local_8,51,21,0,38.607,0.9859,0.3842,0
ph_local_8,51,21,1,36.522,0.9855,0.3828,0
ph_local_8,51,21,2,36.441,0.9857,0.3866,0
ph_local_8,51,21,3,36.550,0.9857,0.3822,0
ph_local_8,52,22,0,37.107,0.9881,0.3817,0
ph_local_8,52,22,1,37.441,0.9880,0.3811,0
ph_local_8,52,22,2,37.517,0.9881,0.3858,0
ph_local_8,52,22,3,37.535,0.9878,0.3827,0
ph_local_8,53,23,0,37.363,0.9890,0.3799,0
ph_local_8,53,23,1,37.493,0.9892,0.3789,0
ph_local_8,53,23,2,37.480,0.9892,0.3851,0
ph_local_8,53,23,3,36.914,0.9883,0.3760,0
ph_local_8,54,24,0,36.948,0.9890,0.3787,0
ph_local_8,54,24,1,37.105,0.9890,0.3789,0
ph_local_8,54,24,2,37.025,0.9890,0.3819,0
ph_local_8,54,24,3,35.516,0.9872,0.3756,0
ph_local_8,55,25,0,35.668,0.9875,0.3808,0
ph_local_8,55,25,1,36.134,0.9881,0.3827,0
ph_local_8,55,25,2,36.188,0.9878,0.3903,0
ph_local_8,55,25,3,36.632,0.9878,0.3848,0
ph_local_8,56,26,0,36.840,0.9886,0.3816,0
ph_local_8,56,26,1,36.429,0.9882,0.3823,0
ph_local_8,56,26,2,36.419,0.9884,0.3865,0
ph_local_8,56,26,3,35.965,0.9879,0.3803,0
ph_local_8,57,27,0,37.904,0.9899,0.3827,0
ph_local_8,57,27,1,37.321,0.9896,0.3872,0
ph_local_8,57,27,2,38.485,0.9904,0.3948,0
ph_local_8,57,27,3,36.343,0.9888,0.3876,0
ph_local_8,58,28,0,37.249,0.9895,0.3909,0
ph_local_8,58,28,1,37.356,0.9891,0.3894,0
ph_local_8,58,28,2,37.485,0.9892,0.3942,0
ph_local_8,58,28,3,34.989,0.9860,0.3871,0
ph_local_8,59,29,0,34.699,0.9852,0.3910,0
ph_local_8,59,29,1,35.038,0.9854,0.3910,0
ph_local_8,59,29,2,35.006,0.9854,0.3979,0
ph_local_8,59,29,3,34.460,0.9843,0.3909,0
ph_local_8,60,30,0,34.867,0.9838,0.3953,0
ph_local_8,60,30,1,34.581,0.9826,0.3980,0
ph_local_8,60,30,2,33.592,0.9806,0.4025,0
ph_local_8,60,30,3,32.655,0.9776,0.3954,0
ph_local_8,61,31,0,32.248,0.9759,0.4005,0
ph_local_8,61,31,1,31.930,0.9753,0.4017,0
ph_local_8,61,31,2,33.004,0.9781,0.4091,0
ph_local_8,61,31,3,32.760,0.9767,0.4111,0
ph_local_8,62,32,0,32.230,0.9743,0.4017,0
ph_local_8,62,32,1,27.361,0.9629,0.4031,0
ph_local_8,62,32,2,28.419,0.9649,0.3828,0
ph_local_8,62,32,3,28.885,0.9644,0.3821,0
ph_local_8,63,33,0,28.656,0.9646,0.3856,0
ph_local_8,63,33,1,29.144,0.9685,0.3788,0
ph_local_8,63,33,2,29.501,0.9700,0.3885,0
ph_local_8,63,33,3,30.481,0.9711,0.3844,0
ph_local_8,64,34,0,30.912,0.9751,0.3904,0
ph_local_8,64,34,1,30.704,0.9757,0.3932,0
ph_local_8,64,34,2,30.454,0.9760,0.3959,0
ph_local_8,64,34,3,30.569,0.9760,0.3891,0
ph_local_8,65,35,0,31.037,0.9773,0.3934,0
ph_local_8,65,35,1,31.005,0.9776,0.3971,0
ph_local_8,65,35,2,31.084,0.9778,0.4026,0
ph_local_8,65,35,3,31.085,0.9769,0.3963,0
ph_local_8,66,36,0,31.111,0.9770,0.3959,0
ph_local_8,66,36,1,31.210,0.9771,0.3937,0
ph_local_8,66,36,2,31.427,0.9778,0.3979,0
ph_local_8,66,36,3,31.597,0.9763,0.3920,0
ph_local_8,67,37,0,31.598,0.9756,0.3933,0
ph_local_8,67,37,1,31.366,0.9758,0.3939,0
ph_local_8,67,37,2,30.735,0.9757,0.3972,0
ph_local_8,67,37,3,30.480,0.9742,0.3917,0
ph_local_8,68,38,0,31.030,0.9776,0.3926,0
ph_local_8,68,38,1,31.721,0.9792,0.3909,0
ph_local_8,68,38,2,32.099,0.9796,0.3944,0
ph_local_8,68,38,3,32.912,0.9803,0.3909,0
ph_local_8,69,39,0,34.000,0.9830,0.3903,0
ph_local_8,69,39,1,35.194,0.9847,0.3876,0
ph_local_8,69,39,2,35.347,0.9848,0.3920,0
ph_local_8,69,39,3,34.873,0.9843,0.3894,0
ph_localrefresh,3,-27,0,99.000,,,0
ph_localrefresh,3,-27,1,99.000,,,0
ph_localrefresh,3,-27,2,99.000,,,0
ph_localrefresh,3,-27,3,99.000,,,0
ph_localrefresh,4,-26,0,99.000,,,0
ph_localrefresh,4,-26,1,99.000,,,0
ph_localrefresh,4,-26,2,99.000,,,0
ph_localrefresh,4,-26,3,99.000,,,0
ph_localrefresh,5,-25,0,99.000,,,0
ph_localrefresh,5,-25,1,99.000,,,0
ph_localrefresh,5,-25,2,99.000,,,0
ph_localrefresh,5,-25,3,99.000,,,0
ph_localrefresh,6,-24,0,99.000,,,0
ph_localrefresh,6,-24,1,99.000,,,0
ph_localrefresh,6,-24,2,99.000,,,0
ph_localrefresh,6,-24,3,99.000,,,0
ph_localrefresh,7,-23,0,99.000,,,0
ph_localrefresh,7,-23,1,99.000,,,0
ph_localrefresh,7,-23,2,99.000,,,0
ph_localrefresh,7,-23,3,99.000,,,0
ph_localrefresh,8,-22,0,99.000,,,0
ph_localrefresh,8,-22,1,99.000,,,0
ph_localrefresh,8,-22,2,99.000,,,0
ph_localrefresh,8,-22,3,99.000,,,0
ph_localrefresh,9,-21,0,99.000,,,0
ph_localrefresh,9,-21,1,99.000,,,0
ph_localrefresh,9,-21,2,99.000,,,0
ph_localrefresh,9,-21,3,99.000,,,0
ph_localrefresh,10,-20,0,99.000,,,0
ph_localrefresh,10,-20,1,99.000,,,0
ph_localrefresh,10,-20,2,99.000,,,0
ph_localrefresh,10,-20,3,99.000,,,0
ph_localrefresh,11,-19,0,99.000,,,0
ph_localrefresh,11,-19,1,99.000,,,0
ph_localrefresh,11,-19,2,99.000,,,0
ph_localrefresh,11,-19,3,99.000,,,0
ph_localrefresh,12,-18,0,99.000,,,0
ph_localrefresh,12,-18,1,99.000,,,0
ph_localrefresh,12,-18,2,99.000,,,0
ph_localrefresh,12,-18,3,99.000,,,0
ph_localrefresh,13,-17,0,99.000,,,0
ph_localrefresh,13,-17,1,99.000,,,0
ph_localrefresh,13,-17,2,99.000,,,0
ph_localrefresh,13,-17,3,99.000,,,0
ph_localrefresh,14,-16,0,99.000,,,0
ph_localrefresh,14,-16,1,99.000,,,0
ph_localrefresh,14,-16,2,99.000,,,0
ph_localrefresh,14,-16,3,99.000,,,0
ph_localrefresh,15,-15,0,99.000,,,0
ph_localrefresh,15,-15,1,99.000,,,0
ph_localrefresh,15,-15,2,99.000,,,0
ph_localrefresh,15,-15,3,99.000,,,0
ph_localrefresh,16,-14,0,99.000,,,0
ph_localrefresh,16,-14,1,99.000,,,0
ph_localrefresh,16,-14,2,99.000,,,0
ph_localrefresh,16,-14,3,99.000,,,0
ph_localrefresh,17,-13,0,99.000,,,0
ph_localrefresh,17,-13,1,99.000,,,0
ph_localrefresh,17,-13,2,99.000,,,0
ph_localrefresh,17,-13,3,99.000,,,0
ph_localrefresh,18,-12,0,99.000,,,0
ph_localrefresh,18,-12,1,99.000,,,0
ph_localrefresh,18,-12,2,99.000,,,0
ph_localrefresh,18,-12,3,99.000,,,0
ph_localrefresh,19,-11,0,99.000,,,0
ph_localrefresh,19,-11,1,99.000,,,0
ph_localrefresh,19,-11,2,99.000,,,0
ph_localrefresh,19,-11,3,99.000,,,0
ph_localrefresh,20,-10,0,99.000,,,0
ph_localrefresh,20,-10,1,99.000,,,0
ph_localrefresh,20,-10,2,99.000,,,0
ph_localrefresh,20,-10,3,99.000,,,0
ph_localrefresh,21,-9,0,99.000,,,0
ph_localrefresh,21,-9,1,99.000,,,0
ph_localrefresh,21,-9,2,99.000,,,0
ph_localrefresh,21,-9,3,99.000,,,0
ph_localrefresh,22,-8,0,99.000,,,0
ph_localrefresh,22,-8,1,99.000,,,0
ph_localrefresh,22,-8,2,99.000,,,0
ph_localrefresh,22,-8,3,99.000,,,0
ph_localrefresh,23,-7,0,99.000,,,0
ph_localrefresh,23,-7,1,99.000,,,0
ph_localrefresh,23,-7,2,99.000,,,0
ph_localrefresh,23,-7,3,99.000,,,0
ph_localrefresh,24,-6,0,99.000,,,0
ph_localrefresh,24,-6,1,99.000,,,0
ph_localrefresh,24,-6,2,99.000,,,0
ph_localrefresh,24,-6,3,99.000,,,0
ph_localrefresh,25,-5,0,99.000,,,0
ph_localrefresh,25,-5,1,99.000,,,0
ph_localrefresh,25,-5,2,99.000,,,0
ph_localrefresh,25,-5,3,99.000,,,0
ph_localrefresh,26,-4,0,99.000,,,0
ph_localrefresh,26,-4,1,99.000,,,0
ph_localrefresh,26,-4,2,99.000,,,0
ph_localrefresh,26,-4,3,99.000,,,0
ph_localrefresh,27,-3,0,99.000,,,0
ph_localrefresh,27,-3,1,99.000,,,0
ph_localrefresh,27,-3,2,99.000,,,0
ph_localrefresh,27,-3,3,99.000,,,0
ph_localrefresh,28,-2,0,99.000,,,0
ph_localrefresh,28,-2,1,99.000,,,0
ph_localrefresh,28,-2,2,99.000,,,0
ph_localrefresh,28,-2,3,99.000,,,0
ph_localrefresh,29,-1,0,99.000,,,0
ph_localrefresh,29,-1,1,99.000,,,0
ph_localrefresh,29,-1,2,99.000,,,0
ph_localrefresh,29,-1,3,99.000,,,0
ph_localrefresh,30,0,0,34.897,0.9601,0.3909,0
ph_localrefresh,30,0,1,32.671,0.9407,0.3893,0
ph_localrefresh,30,0,2,33.765,0.9333,0.3863,0
ph_localrefresh,30,0,3,32.572,0.9228,0.3879,0
ph_localrefresh,31,1,0,29.688,0.8688,0.3838,0
ph_localrefresh,31,1,1,28.020,0.8499,0.3845,0
ph_localrefresh,31,1,2,27.873,0.8391,0.3808,0
ph_localrefresh,31,1,3,26.454,0.8226,0.3792,0
ph_localrefresh,32,2,0,25.585,0.8223,0.3744,0
ph_localrefresh,32,2,1,24.902,0.8181,0.3778,0
ph_localrefresh,32,2,2,24.556,0.8149,0.3736,0
ph_localrefresh,32,2,3,23.769,0.8022,0.3715,0
ph_localrefresh,33,3,0,22.957,0.8045,0.3652,0
ph_localrefresh,33,3,1,22.293,0.8020,0.3716,0
ph_localrefresh,33,3,2,21.846,0.7996,0.3642,0
ph_localrefresh,33,3,3,20.442,0.7781,0.3651,0
ph_localrefresh,34,4,0,19.501,0.7676,0.3595,0
ph_localrefresh,34,4,1,20.893,0.7845,0.3641,0
ph_localrefresh,34,4,2,20.343,0.7759,0.3570,0
ph_localrefresh,34,4,3,20.142,0.7690,0.3557,0
ph_localrefresh,35,5,0,19.831,0.7617,0.3532,0
ph_localrefresh,35,5,1,19.490,0.7584,0.3605,0
ph_localrefresh,35,5,2,19.399,0.7539,0.3546,0
ph_localrefresh,35,5,3,19.138,0.7453,0.3544,0
ph_localrefresh,36,6,0,18.651,0.7324,0.3549,0
ph_localrefresh,36,6,1,18.549,0.7229,0.3692,0
ph_localrefresh,36,6,2,18.347,0.7114,0.3605,0
ph_localrefresh,36,6,3,18.326,0.7097,0.3668,0
ph_localrefresh,37,7,0,18.100,0.7102,0.3746,0
ph_localrefresh,37,7,1,17.348,0.6901,0.3911,0
ph_localrefresh,37,7,2,17.934,0.6983,0.3794,0
ph_localrefresh,37,7,3,17.726,0.6938,0.3826,0
ph_localrefresh,38,8,0,17.814,0.6890,0.3897,0
ph_localrefresh,38,8,1,17.697,0.6796,0.3998,0
ph_localrefresh,38,8,2,17.744,0.6695,0.3924,0
ph_localrefresh,38,8,3,17.425,0.6625,0.3927,0
ph_localrefresh,39,9,0,17.448,0.6748,0.3991,0
ph_localrefresh,39,9,1,17.577,0.6774,0.4072,0
ph_localrefresh,39,9,2,17.606,0.6653,0.3953,0
ph_localrefresh,39,9,3,17.806,0.6724,0.3967,0
ph_localrefresh,40,10,0,17.792,0.6856,0.3989,0
ph_localrefresh,40,10,1,17.948,0.6894,0.4054,0
ph_localrefresh,40,10,2,17.876,0.6777,0.3967,0
ph_localrefresh,40,10,3,18.085,0.6810,0.3972,0
ph_localrefresh,41,11,0,17.918,0.6951,0.3965,0
ph_localrefresh,41,11,1,18.254,0.7043,0.4052,0
ph_localrefresh,41,11,2,18.346,0.6998,0.4035,0
ph_localrefresh,41,11,3,18.399,0.6976,0.3925,0
ph_localrefresh,42,12,0,17.855,0.7019,0.3964,0
ph_localrefresh,42,12,1,18.767,0.6980,0.3790,0
ph_localrefresh,42,12,2,18.696,0.6903,0.3767,0
ph_localrefresh,42,12,3,18.208,0.6823,0.3763,0
ph_localrefresh,43,13,0,17.960,0.6654,0.3777,0
ph_localrefresh,43,13,1,18.080,0.6512,0.3889,0
ph_localrefresh,43,13,2,18.130,0.6289,0.3870,0
ph_localrefresh,43,13,3,18.197,0.6205,0.3899,0
ph_localrefresh,44,14,0,18.178,0.6240,0.3938,0
ph_localrefresh,44,14,1,18.242,0.6148,0.3982,0
ph_localrefresh,44,14,2,18.365,0.6002,0.3928,0
ph_localrefresh,44,14,3,18.102,0.5906,0.3931,0
ph_localrefresh,45,15,0,18.320,0.6284,0.3939,0
ph_localrefresh,45,15,1,18.515,0.6371,0.4004,0
ph_localrefresh,45,15,2,18.519,0.6289,0.3919,0
ph_localrefresh,45,15,3,18.361,0.6310,0.3912,0
ph_localrefresh,46,16,0,18.428,0.6303,0.3903,0
ph_localrefresh,46,16,1,18.506,0.6254,0.3962,0
ph_localrefresh,46,16,2,18.469,0.6036,0.3894,0
ph_localrefresh,46,16,3,18.355,0.6014,0.3890,0
ph_localrefresh,47,17,0,18.147,0.6199,0.3911,0
ph_localrefresh,47,17,1,17.877,0.6176,0.3942,0
ph_localrefresh,47,17,2,17.849,0.6011,0.3889,0
ph_localrefresh,47,17,3,17.721,0.6015,0.3888,0
ph_localrefresh,48,18,0,17.601,0.6382,0.3893,0
ph_localrefresh,48,18,1,17.508,0.6504,0.3960,0
ph_localrefresh,48,18,2,17.456,0.6428,0.3924,0
ph_localrefresh,48,18,3,17.227,0.6455,0.3912,0
ph_localrefresh,49,19,0,17.044,0.6670,0.3894,0
ph_localrefresh,49,19,1,16.892,0.6691,0.3937,0
ph_localrefresh,49,19,2,16.965,0.6662,0.3885,0
ph_localrefresh,49,19,3,17.047,0.6684,0.3887,0
ph_localrefresh,50,20,0,17.109,0.6827,0.3875,0
ph_localrefresh,50,20,1,17.391,0.6864,0.3922,0
ph_localrefresh,50,20,2,17.503,0.6830,0.3946,0
ph_localrefresh,50,20,3,17.601,0.6807,0.3919,0
ph_localrefresh,51,21,0,17.662,0.6956,0.3934,0
ph_localrefresh,51,21,1,17.820,0.6963,0.3929,0
ph_localrefresh,51,21,2,17.844,0.6948,0.3983,0
ph_localrefresh,51,21,3,17.781,0.6920,0.3935,0
ph_localrefresh,52,22,0,17.814,0.6955,0.3942,0
ph_localrefresh,52,22,1,17.953,0.6959,0.3940,0
ph_localrefresh,52,22,2,18.009,0.6943,0.3988,0
ph_localrefresh,52,22,3,18.039,0.6905,0.3950,0
ph_localrefresh,53,23,0,18.052,0.6995,0.3944,0
ph_localrefresh,53,23,1,18.082,0.7004,0.3930,0
ph_localrefresh,53,23,2,17.938,0.6961,0.3977,0
ph_localrefresh,53,23,3,17.847,0.6909,0.3862,0
ph_localrefresh,54,24,0,17.729,0.6994,0.3890,0
ph_localrefresh,54,24,1,17.968,0.7071,0.3913,0
ph_localrefresh,54,24,2,17.961,0.7069,0.3929,0
ph_localrefresh,54,24,3,17.831,0.6987,0.3814,0
ph_localrefresh,55,25,0,17.790,0.7010,0.3814,0
ph_localrefresh,55,25,1,17.587,0.6970,0.3863,0
ph_localrefresh,55,25,2,17.838,0.6986,0.3927,0
ph_localrefresh,55,25,3,17.945,0.6951,0.3833,0
ph_localrefresh,56,26,0,17.639,0.7023,0.3764,0
ph_localrefresh,56,26,1,17.945,0.7069,0.3844,0
ph_localrefresh,56,26,2,17.895,0.7067,0.3923,0
ph_localrefresh,56,26,3,17.723,0.7011,0.3845,0
ph_localrefresh,57,27,0,17.676,0.7138,0.3828,0
ph_localrefresh,57,27,1,17.918,0.7177,0.3883,0
ph_localrefresh,57,27,2,17.234,0.7024,0.4023,0
ph_localrefresh,57,27,3,17.468,0.7066,0.3863,0
ph_localrefresh,58,28,0,17.944,0.7275,0.3915,0
ph_localrefresh,58,28,1,17.862,0.7258,0.3906,0
ph_localrefresh,58,28,2,18.022,0.7288,0.3972,0
ph_localrefresh,58,28,3,17.506,0.7187,0.3881,0
ph_localrefresh,59,29,0,17.652,0.7292,0.3922,0
ph_localrefresh,59,29,1,17.846,0.7327,0.3924,0
ph_localrefresh,59,29,2,17.837,0.7295,0.4014,0
ph_localrefresh,59,29,3,18.270,0.7331,0.3917,0
ph_localrefresh,60,30,0,18.412,0.7400,0.3929,0
ph_localrefresh,60,30,1,18.135,0.7365,0.3952,0
ph_localrefresh,60,30,2,18.192,0.7350,0.3993,0
ph_localrefresh,60,30,3,18.384,0.7328,0.3879,0
ph_localrefresh,61,31,0,18.429,0.7375,0.3911,0
ph_localrefresh,61,31,1,18.386,0.7348,0.3924,0
ph_localrefresh,61,31,2,18.363,0.7366,0.3989,0
ph_localrefresh,61,31,3,18.499,0.7327,0.3982,0
ph_localrefresh,62,32,0,18.355,0.7398,0.3902,0
ph_localrefresh,62,32,1,18.023,0.7362,0.3977,0
ph_localrefresh,62,32,2,17.923,0.7250,0.3873,0
ph_localrefresh,62,32,3,17.520,0.7161,0.3802,0
ph_localrefresh,63,33,0,17.442,0.7080,0.3896,0
ph_localrefresh,63,33,1,17.684,0.7147,0.3850,0
ph_localrefresh,63,33,2,17.775,0.7147,0.3932,0
ph_localrefresh,63,33,3,17.653,0.7076,0.3871,0
ph_localrefresh,64,34,0,17.609,0.7062,0.3958,0
ph_localrefresh,64,34,1,17.776,0.7052,0.4007,0
ph_localrefresh,64,34,2,17.712,0.7004,0.4050,0
ph_localrefresh,64,34,3,17.589,0.6978,0.3967,0
ph_localrefresh,65,35,0,17.482,0.7053,0.3971,0
ph_localrefresh,65,35,1,17.903,0.7119,0.4013,0
ph_localrefresh,65,35,2,18.046,0.7130,0.4062,0
ph_localrefresh,65,35,3,17.683,0.7056,0.3969,0
ph_localrefresh,66,36,0,17.770,0.7108,0.3970,0
ph_localrefresh,66,36,1,18.279,0.7214,0.3971,0
ph_localrefresh,66,36,2,18.294,0.7184,0.4028,0
ph_localrefresh,66,36,3,18.280,0.7174,0.3958,0
ph_localrefresh,67,37,0,18.186,0.7155,0.3955,0
ph_localrefresh,67,37,1,18.362,0.7165,0.3962,0
ph_localrefresh,67,37,2,18.195,0.7103,0.3994,0
ph_localrefresh,67,37,3,17.972,0.7031,0.3951,0
ph_localrefresh,68,38,0,17.751,0.7022,0.3946,0
ph_localrefresh,68,38,1,18.072,0.7065,0.3948,0
ph_localrefresh,68,38,2,18.160,0.7049,0.4000,0
ph_localrefresh,68,38,3,18.099,0.7016,0.3975,0
ph_localrefresh,69,39,0,18.093,0.7033,0.3952,0
ph_localrefresh,69,39,1,18.045,0.7010,0.3927,0
ph_localrefresh,69,39,2,18.007,0.6989,0.3976,0
ph_localrefresh,69,39,3,17.729,0.6953,0.3936,0
