config,call,rel_call,frame,psnr,ssim,ssim_in,missing
repeat,0,-30,0,99.000,,,0
repeat,0,-30,1,99.000,,,0
repeat,0,-30,2,99.000,,,0
repeat,0,-30,3,99.000,,,0
repeat,1,-29,0,99.000,,,0
repeat,1,-29,1,99.000,,,0
repeat,1,-29,2,99.000,,,0
repeat,1,-29,3,99.000,,,0
repeat,2,-28,0,99.000,,,0
repeat,2,-28,1,99.000,,,0
repeat,2,-28,2,99.000,,,0
repeat,2,-28,3,99.000,,,0
repeat,3,-27,0,99.000,,,0
repeat,3,-27,1,99.000,,,0
repeat,3,-27,2,99.000,,,0
repeat,3,-27,3,99.000,,,0
repeat,4,-26,0,99.000,,,0
repeat,4,-26,1,99.000,,,0
repeat,4,-26,2,99.000,,,0
repeat,4,-26,3,99.000,,,0
repeat,5,-25,0,99.000,,,0
repeat,5,-25,1,99.000,,,0
repeat,5,-25,2,99.000,,,0
repeat,5,-25,3,99.000,,,0
repeat,6,-24,0,99.000,,,0
repeat,6,-24,1,99.000,,,0
repeat,6,-24,2,99.000,,,0
repeat,6,-24,3,99.000,,,0
repeat,7,-23,0,99.000,,,0
repeat,7,-23,1,99.000,,,0
repeat,7,-23,2,99.000,,,0
repeat,7,-23,3,99.000,,,0
repeat,8,-22,0,99.000,,,0
repeat,8,-22,1,99.000,,,0
repeat,8,-22,2,99.000,,,0
repeat,8,-22,3,99.000,,,0
repeat,9,-21,0,99.000,,,0
repeat,9,-21,1,99.000,,,0
repeat,9,-21,2,99.000,,,0
repeat,9,-21,3,99.000,,,0
repeat,10,-20,0,99.000,,,0
repeat,10,-20,1,99.000,,,0
repeat,10,-20,2,99.000,,,0
repeat,10,-20,3,99.000,,,0
repeat,11,-19,0,99.000,,,0
repeat,11,-19,1,99.000,,,0
repeat,11,-19,2,99.000,,,0
repeat,11,-19,3,99.000,,,0
repeat,12,-18,0,99.000,,,0
repeat,12,-18,1,99.000,,,0
repeat,12,-18,2,99.000,,,0
repeat,12,-18,3,99.000,,,0
repeat,13,-17,0,99.000,,,0
repeat,13,-17,1,99.000,,,0
repeat,13,-17,2,99.000,,,0
repeat,13,-17,3,99.000,,,0
repeat,14,-16,0,99.000,,,0
repeat,14,-16,1,99.000,,,0
repeat,14,-16,2,99.000,,,0
repeat,14,-16,3,99.000,,,0
repeat,15,-15,0,99.000,,,0
repeat,15,-15,1,99.000,,,0
repeat,15,-15,2,99.000,,,0
repeat,15,-15,3,99.000,,,0
repeat,16,-14,0,99.000,,,0
repeat,16,-14,1,99.000,,,0
repeat,16,-14,2,99.000,,,0
repeat,16,-14,3,99.000,,,0
repeat,17,-13,0,99.000,,,0
repeat,17,-13,1,99.000,,,0
repeat,17,-13,2,99.000,,,0
repeat,17,-13,3,99.000,,,0
repeat,18,-12,0,99.000,,,0
repeat,18,-12,1,99.000,,,0
repeat,18,-12,2,99.000,,,0
repeat,18,-12,3,99.000,,,0
repeat,19,-11,0,99.000,,,0
repeat,19,-11,1,99.000,,,0
repeat,19,-11,2,99.000,,,0
repeat,19,-11,3,99.000,,,0
repeat,20,-10,0,99.000,,,0
repeat,20,-10,1,99.000,,,0
repeat,20,-10,2,99.000,,,0
repeat,20,-10,3,99.000,,,0
repeat,21,-9,0,99.000,,,0
repeat,21,-9,1,99.000,,,0
repeat,21,-9,2,99.000,,,0
repeat,21,-9,3,99.000,,,0
repeat,22,-8,0,99.000,,,0
repeat,22,-8,1,99.000,,,0
repeat,22,-8,2,99.000,,,0
repeat,22,-8,3,99.000,,,0
repeat,23,-7,0,99.000,,,0
repeat,23,-7,1,99.000,,,0
repeat,23,-7,2,99.000,,,0
repeat,23,-7,3,99.000,,,0
repeat,24,-6,0,99.000,,,0
repeat,24,-6,1,99.000,,,0
repeat,24,-6,2,99.000,,,0
repeat,24,-6,3,99.000,,,0
repeat,25,-5,0,99.000,,,0
repeat,25,-5,1,99.000,,,0
repeat,25,-5,2,99.000,,,0
repeat,25,-5,3,99.000,,,0
repeat,26,-4,0,99.000,,,0
repeat,26,-4,1,99.000,,,0
repeat,26,-4,2,99.000,,,0
repeat,26,-4,3,99.000,,,0
repeat,27,-3,0,99.000,,,0
repeat,27,-3,1,99.000,,,0
repeat,27,-3,2,99.000,,,0
repeat,27,-3,3,99.000,,,0
repeat,28,-2,0,99.000,,,0
repeat,28,-2,1,99.000,,,0
repeat,28,-2,2,99.000,,,0
repeat,28,-2,3,99.000,,,0
repeat,29,-1,0,99.000,,,0
repeat,29,-1,1,99.000,,,0
repeat,29,-1,2,99.000,,,0
repeat,29,-1,3,99.000,,,0
repeat,30,0,0,99.000,1.0000,0.4430,0
repeat,30,0,1,99.000,1.0000,0.4527,0
repeat,30,0,2,99.000,1.0000,0.4431,0
repeat,30,0,3,99.000,1.0000,0.4392,0
repeat,31,1,0,99.000,1.0000,0.4367,0
repeat,31,1,1,99.000,1.0000,0.4495,0
repeat,31,1,2,99.000,1.0000,0.4451,0
repeat,31,1,3,99.000,1.0000,0.4413,0
repeat,32,2,0,99.000,1.0000,0.4387,0
repeat,32,2,1,99.000,1.0000,0.4570,0
repeat,32,2,2,99.000,1.0000,0.4532,0
repeat,32,2,3,99.000,1.0000,0.4460,0
repeat,33,3,0,99.000,1.0000,0.4426,0
repeat,33,3,1,99.000,1.0000,0.4556,0
repeat,33,3,2,99.000,1.0000,0.4542,0
repeat,33,3,3,99.000,1.0000,0.4498,0
repeat,34,4,0,99.000,1.0000,0.4457,0
repeat,34,4,1,99.000,1.0000,0.4634,0
repeat,34,4,2,99.000,1.0000,0.4541,0
repeat,34,4,3,99.000,1.0000,0.4503,0
repeat,35,5,0,99.000,1.0000,0.4474,0
repeat,35,5,1,99.000,1.0000,0.4600,0
repeat,35,5,2,99.000,1.0000,0.4531,0
repeat,35,5,3,99.000,1.0000,0.4474,0
repeat,36,6,0,99.000,1.0000,0.4437,0
repeat,36,6,1,99.000,1.0000,0.4570,0
repeat,36,6,2,99.000,1.0000,0.4530,0
repeat,36,6,3,99.000,1.0000,0.4480,0
repeat,37,7,0,99.000,1.0000,0.4535,0
repeat,37,7,1,99.000,1.0000,0.4595,0
repeat,37,7,2,99.000,1.0000,0.4574,0
repeat,37,7,3,99.000,1.0000,0.4546,0
repeat,38,8,0,99.000,1.0000,0.4482,0
repeat,38,8,1,99.000,1.0000,0.4553,0
repeat,38,8,2,99.000,1.0000,0.4611,0
repeat,38,8,3,99.000,1.0000,0.4493,0
repeat,39,9,0,99.000,1.0000,0.4355,0
repeat,39,9,1,99.000,1.0000,0.4272,0
repeat,39,9,2,99.000,1.0000,0.4386,0
repeat,39,9,3,99.000,1.0000,0.4372,0
repeat,40,10,0,99.000,1.0000,0.4397,0
repeat,40,10,1,99.000,1.0000,0.4498,0
repeat,40,10,2,99.000,1.0000,0.4549,0
repeat,40,10,3,99.000,1.0000,0.4552,0
repeat,41,11,0,99.000,1.0000,0.4583,0
repeat,41,11,1,99.000,1.0000,0.4646,0
repeat,41,11,2,99.000,1.0000,0.4649,0
repeat,41,11,3,99.000,1.0000,0.4627,0
repeat,42,12,0,99.000,1.0000,0.4685,0
repeat,42,12,1,99.000,1.0000,0.4746,0
repeat,42,12,2,99.000,1.0000,0.4712,0
repeat,42,12,3,99.000,1.0000,0.4711,0
repeat,43,13,0,99.000,1.0000,0.4677,0
repeat,43,13,1,99.000,1.0000,0.4737,0
repeat,43,13,2,99.000,1.0000,0.4708,0
repeat,43,13,3,99.000,1.0000,0.4683,0
repeat,44,14,0,99.000,1.0000,0.4680,0
repeat,44,14,1,99.000,1.0000,0.4687,0
repeat,44,14,2,99.000,1.0000,0.4674,0
repeat,44,14,3,99.000,1.0000,0.4642,0
repeat,45,15,0,99.000,1.0000,0.4598,0
repeat,45,15,1,99.000,1.0000,0.4642,0
repeat,45,15,2,99.000,1.0000,0.4639,0
repeat,45,15,3,99.000,1.0000,0.4567,0
repeat,46,16,0,99.000,1.0000,0.4570,0
repeat,46,16,1,99.000,1.0000,0.4602,0
repeat,46,16,2,99.000,1.0000,0.4587,0
repeat,46,16,3,99.000,1.0000,0.4560,0
repeat,47,17,0,99.000,1.0000,0.4542,0
repeat,47,17,1,99.000,1.0000,0.4582,0
repeat,47,17,2,99.000,1.0000,0.4620,0
repeat,47,17,3,99.000,1.0000,0.4581,0
repeat,48,18,0,99.000,1.0000,0.4627,0
repeat,48,18,1,99.000,1.0000,0.4651,0
repeat,48,18,2,99.000,1.0000,0.4719,0
repeat,48,18,3,99.000,1.0000,0.4647,0
repeat,49,19,0,99.000,1.0000,0.4601,0
repeat,49,19,1,99.000,1.0000,0.4630,0
repeat,49,19,2,99.000,1.0000,0.4688,0
repeat,49,19,3,99.000,1.0000,0.4619,0
repeat,50,20,0,99.000,1.0000,0.4546,0
repeat,50,20,1,99.000,1.0000,0.4534,0
repeat,50,20,2,99.000,1.0000,0.4613,0
repeat,50,20,3,99.000,1.0000,0.4414,0
repeat,51,21,0,99.000,1.0000,0.4405,0
repeat,51,21,1,99.000,1.0000,0.4463,0
repeat,51,21,2,99.000,1.0000,0.4522,0
repeat,51,21,3,99.000,1.0000,0.4389,0
repeat,52,22,0,99.000,1.0000,0.4414,0
repeat,52,22,1,99.000,1.0000,0.4474,0
repeat,52,22,2,99.000,1.0000,0.4560,0
repeat,52,22,3,99.000,1.0000,0.4448,0
repeat,53,23,0,99.000,1.0000,0.4430,0
repeat,53,23,1,99.000,1.0000,0.4552,0
repeat,53,23,2,99.000,1.0000,0.4650,0
repeat,53,23,3,99.000,1.0000,0.4485,0
repeat,54,24,0,99.000,1.0000,0.4507,0
repeat,54,24,1,99.000,1.0000,0.4583,0
repeat,54,24,2,99.000,1.0000,0.4697,0
repeat,54,24,3,99.000,1.0000,0.4502,0
repeat,55,25,0,99.000,1.0000,0.4550,0
repeat,55,25,1,99.000,1.0000,0.4569,0
repeat,55,25,2,99.000,1.0000,0.4648,0
repeat,55,25,3,99.000,1.0000,0.4483,0
repeat,56,26,0,99.000,1.0000,0.4549,0
repeat,56,26,1,99.000,1.0000,0.4567,0
repeat,56,26,2,99.000,1.0000,0.4649,0
repeat,56,26,3,99.000,1.0000,0.4499,0
repeat,57,27,0,99.000,1.0000,0.4573,0
repeat,57,27,1,99.000,1.0000,0.4620,0
repeat,57,27,2,99.000,1.0000,0.4701,0
repeat,57,27,3,99.000,1.0000,0.4589,0
repeat,58,28,0,99.000,1.0000,0.4555,0
repeat,58,28,1,99.000,1.0000,0.4559,0
repeat,58,28,2,99.000,1.0000,0.4703,0
repeat,58,28,3,99.000,1.0000,0.4647,0
repeat,59,29,0,99.000,1.0000,0.4328,0
repeat,59,29,1,99.000,1.0000,0.4347,0
repeat,59,29,2,99.000,1.0000,0.4446,0
repeat,59,29,3,99.000,1.0000,0.4346,0
repeat,60,30,0,99.000,1.0000,0.4491,0
repeat,60,30,1,99.000,1.0000,0.4462,0
repeat,60,30,2,99.000,1.0000,0.4602,0
repeat,60,30,3,99.000,1.0000,0.4580,0
repeat,61,31,0,99.000,1.0000,0.4645,0
repeat,61,31,1,99.000,1.0000,0.4679,0
repeat,61,31,2,99.000,1.0000,0.4732,0
repeat,61,31,3,99.000,1.0000,0.4652,0
repeat,62,32,0,99.000,1.0000,0.4701,0
repeat,62,32,1,99.000,1.0000,0.4740,0
repeat,62,32,2,99.000,1.0000,0.4803,0
repeat,62,32,3,99.000,1.0000,0.4721,0
repeat,63,33,0,99.000,1.0000,0.4725,0
repeat,63,33,1,99.000,1.0000,0.4721,0
repeat,63,33,2,99.000,1.0000,0.4778,0
repeat,63,33,3,99.000,1.0000,0.4705,0
repeat,64,34,0,99.000,1.0000,0.4694,0
repeat,64,34,1,99.000,1.0000,0.4689,0
repeat,64,34,2,99.000,1.0000,0.4741,0
repeat,64,34,3,99.000,1.0000,0.4693,0
repeat,65,35,0,99.000,1.0000,0.4695,0
repeat,65,35,1,99.000,1.0000,0.4684,0
repeat,65,35,2,99.000,1.0000,0.4737,0
repeat,65,35,3,99.000,1.0000,0.4665,0
repeat,66,36,0,99.000,1.0000,0.4640,0
repeat,66,36,1,99.000,1.0000,0.4597,0
repeat,66,36,2,99.000,1.0000,0.4650,0
repeat,66,36,3,99.000,1.0000,0.4586,0
repeat,67,37,0,99.000,1.0000,0.4603,0
repeat,67,37,1,99.000,1.0000,0.4608,0
repeat,67,37,2,99.000,1.0000,0.4659,0
repeat,67,37,3,99.000,1.0000,0.4625,0
repeat,68,38,0,99.000,1.0000,0.4608,0
repeat,68,38,1,99.000,1.0000,0.4652,0
repeat,68,38,2,99.000,1.0000,0.4685,0
repeat,68,38,3,99.000,1.0000,0.4689,0
repeat,69,39,0,99.000,1.0000,0.4625,0
repeat,69,39,1,99.000,1.0000,0.4621,0
repeat,69,39,2,99.000,1.0000,0.4641,0
repeat,69,39,3,99.000,1.0000,0.4630,0
xfer_sink+meta+inflight,0,-30,0,99.000,,,0
xfer_sink+meta+inflight,0,-30,1,99.000,,,0
xfer_sink+meta+inflight,0,-30,2,99.000,,,0
xfer_sink+meta+inflight,0,-30,3,99.000,,,0
xfer_sink+meta+inflight,1,-29,0,99.000,,,0
xfer_sink+meta+inflight,1,-29,1,99.000,,,0
xfer_sink+meta+inflight,1,-29,2,99.000,,,0
xfer_sink+meta+inflight,1,-29,3,99.000,,,0
xfer_sink+meta+inflight,2,-28,0,99.000,,,0
xfer_sink+meta+inflight,2,-28,1,99.000,,,0
xfer_sink+meta+inflight,2,-28,2,99.000,,,0
xfer_sink+meta+inflight,2,-28,3,99.000,,,0
xfer_sink+meta+inflight,3,-27,0,99.000,,,0
xfer_sink+meta+inflight,3,-27,1,99.000,,,0
xfer_sink+meta+inflight,3,-27,2,99.000,,,0
xfer_sink+meta+inflight,3,-27,3,99.000,,,0
xfer_sink+meta+inflight,4,-26,0,99.000,,,0
xfer_sink+meta+inflight,4,-26,1,99.000,,,0
xfer_sink+meta+inflight,4,-26,2,99.000,,,0
xfer_sink+meta+inflight,4,-26,3,99.000,,,0
xfer_sink+meta+inflight,5,-25,0,99.000,,,0
xfer_sink+meta+inflight,5,-25,1,99.000,,,0
xfer_sink+meta+inflight,5,-25,2,99.000,,,0
xfer_sink+meta+inflight,5,-25,3,99.000,,,0
xfer_sink+meta+inflight,6,-24,0,99.000,,,0
xfer_sink+meta+inflight,6,-24,1,99.000,,,0
xfer_sink+meta+inflight,6,-24,2,99.000,,,0
xfer_sink+meta+inflight,6,-24,3,99.000,,,0
xfer_sink+meta+inflight,7,-23,0,99.000,,,0
xfer_sink+meta+inflight,7,-23,1,99.000,,,0
xfer_sink+meta+inflight,7,-23,2,99.000,,,0
xfer_sink+meta+inflight,7,-23,3,99.000,,,0
xfer_sink+meta+inflight,8,-22,0,99.000,,,0
xfer_sink+meta+inflight,8,-22,1,99.000,,,0
xfer_sink+meta+inflight,8,-22,2,99.000,,,0
xfer_sink+meta+inflight,8,-22,3,99.000,,,0
xfer_sink+meta+inflight,9,-21,0,99.000,,,0
xfer_sink+meta+inflight,9,-21,1,99.000,,,0
xfer_sink+meta+inflight,9,-21,2,99.000,,,0
xfer_sink+meta+inflight,9,-21,3,99.000,,,0
xfer_sink+meta+inflight,10,-20,0,99.000,,,0
xfer_sink+meta+inflight,10,-20,1,99.000,,,0
xfer_sink+meta+inflight,10,-20,2,99.000,,,0
xfer_sink+meta+inflight,10,-20,3,99.000,,,0
xfer_sink+meta+inflight,11,-19,0,99.000,,,0
xfer_sink+meta+inflight,11,-19,1,99.000,,,0
xfer_sink+meta+inflight,11,-19,2,99.000,,,0
xfer_sink+meta+inflight,11,-19,3,99.000,,,0
xfer_sink+meta+inflight,12,-18,0,99.000,,,0
xfer_sink+meta+inflight,12,-18,1,99.000,,,0
xfer_sink+meta+inflight,12,-18,2,99.000,,,0
xfer_sink+meta+inflight,12,-18,3,99.000,,,0
xfer_sink+meta+inflight,13,-17,0,99.000,,,0
xfer_sink+meta+inflight,13,-17,1,99.000,,,0
xfer_sink+meta+inflight,13,-17,2,99.000,,,0
xfer_sink+meta+inflight,13,-17,3,99.000,,,0
xfer_sink+meta+inflight,14,-16,0,99.000,,,0
xfer_sink+meta+inflight,14,-16,1,99.000,,,0
xfer_sink+meta+inflight,14,-16,2,99.000,,,0
xfer_sink+meta+inflight,14,-16,3,99.000,,,0
xfer_sink+meta+inflight,15,-15,0,99.000,,,0
xfer_sink+meta+inflight,15,-15,1,99.000,,,0
xfer_sink+meta+inflight,15,-15,2,99.000,,,0
xfer_sink+meta+inflight,15,-15,3,99.000,,,0
xfer_sink+meta+inflight,16,-14,0,99.000,,,0
xfer_sink+meta+inflight,16,-14,1,99.000,,,0
xfer_sink+meta+inflight,16,-14,2,99.000,,,0
xfer_sink+meta+inflight,16,-14,3,99.000,,,0
xfer_sink+meta+inflight,17,-13,0,99.000,,,0
xfer_sink+meta+inflight,17,-13,1,99.000,,,0
xfer_sink+meta+inflight,17,-13,2,99.000,,,0
xfer_sink+meta+inflight,17,-13,3,99.000,,,0
xfer_sink+meta+inflight,18,-12,0,99.000,,,0
xfer_sink+meta+inflight,18,-12,1,99.000,,,0
xfer_sink+meta+inflight,18,-12,2,99.000,,,0
xfer_sink+meta+inflight,18,-12,3,99.000,,,0
xfer_sink+meta+inflight,19,-11,0,99.000,,,0
xfer_sink+meta+inflight,19,-11,1,99.000,,,0
xfer_sink+meta+inflight,19,-11,2,99.000,,,0
xfer_sink+meta+inflight,19,-11,3,99.000,,,0
xfer_sink+meta+inflight,20,-10,0,99.000,,,0
xfer_sink+meta+inflight,20,-10,1,99.000,,,0
xfer_sink+meta+inflight,20,-10,2,99.000,,,0
xfer_sink+meta+inflight,20,-10,3,99.000,,,0
xfer_sink+meta+inflight,21,-9,0,99.000,,,0
xfer_sink+meta+inflight,21,-9,1,99.000,,,0
xfer_sink+meta+inflight,21,-9,2,99.000,,,0
xfer_sink+meta+inflight,21,-9,3,99.000,,,0
xfer_sink+meta+inflight,22,-8,0,99.000,,,0
xfer_sink+meta+inflight,22,-8,1,99.000,,,0
xfer_sink+meta+inflight,22,-8,2,99.000,,,0
xfer_sink+meta+inflight,22,-8,3,99.000,,,0
xfer_sink+meta+inflight,23,-7,0,99.000,,,0
xfer_sink+meta+inflight,23,-7,1,99.000,,,0
xfer_sink+meta+inflight,23,-7,2,99.000,,,0
xfer_sink+meta+inflight,23,-7,3,99.000,,,0
xfer_sink+meta+inflight,24,-6,0,99.000,,,0
xfer_sink+meta+inflight,24,-6,1,99.000,,,0
xfer_sink+meta+inflight,24,-6,2,99.000,,,0
xfer_sink+meta+inflight,24,-6,3,99.000,,,0
xfer_sink+meta+inflight,25,-5,0,99.000,,,0
xfer_sink+meta+inflight,25,-5,1,99.000,,,0
xfer_sink+meta+inflight,25,-5,2,99.000,,,0
xfer_sink+meta+inflight,25,-5,3,99.000,,,0
xfer_sink+meta+inflight,26,-4,0,99.000,,,0
xfer_sink+meta+inflight,26,-4,1,99.000,,,0
xfer_sink+meta+inflight,26,-4,2,99.000,,,0
xfer_sink+meta+inflight,26,-4,3,99.000,,,0
xfer_sink+meta+inflight,27,-3,0,99.000,,,0
xfer_sink+meta+inflight,27,-3,1,99.000,,,0
xfer_sink+meta+inflight,27,-3,2,99.000,,,0
xfer_sink+meta+inflight,27,-3,3,99.000,,,0
xfer_sink+meta+inflight,28,-2,0,99.000,,,0
xfer_sink+meta+inflight,28,-2,1,99.000,,,0
xfer_sink+meta+inflight,28,-2,2,99.000,,,0
xfer_sink+meta+inflight,28,-2,3,99.000,,,0
xfer_sink+meta+inflight,29,-1,0,99.000,,,0
xfer_sink+meta+inflight,29,-1,1,99.000,,,0
xfer_sink+meta+inflight,29,-1,2,99.000,,,0
xfer_sink+meta+inflight,29,-1,3,99.000,,,0
xfer_sink+meta+inflight,30,0,0,14.913,0.5614,0.3698,0
xfer_sink+meta+inflight,30,0,1,16.240,0.5027,0.3848,0
xfer_sink+meta+inflight,30,0,2,17.626,0.7141,0.3963,0
xfer_sink+meta+inflight,30,0,3,18.221,0.7453,0.3977,0
xfer_sink+meta+inflight,31,1,0,19.760,0.8077,0.4102,0
xfer_sink+meta+inflight,31,1,1,20.381,0.8319,0.4317,0
xfer_sink+meta+inflight,31,1,2,20.919,0.8439,0.4405,0
xfer_sink+meta+inflight,31,1,3,20.881,0.8417,0.4370,0
xfer_sink+meta+inflight,32,2,0,22.401,0.8650,0.4324,0
xfer_sink+meta+inflight,32,2,1,23.512,0.8789,0.4490,0
xfer_sink+meta+inflight,32,2,2,22.957,0.8618,0.4594,0
xfer_sink+meta+inflight,32,2,3,23.009,0.8600,0.4516,0
xfer_sink+meta+inflight,33,3,0,25.586,0.9156,0.4330,0
xfer_sink+meta+inflight,33,3,1,27.476,0.9308,0.4459,0
xfer_sink+meta+inflight,33,3,2,28.223,0.9328,0.4420,0
xfer_sink+meta+inflight,33,3,3,28.125,0.9291,0.4354,0
xfer_sink+meta+inflight,34,4,0,30.194,0.9503,0.4382,0
xfer_sink+meta+inflight,34,4,1,30.744,0.9551,0.4572,0
xfer_sink+meta+inflight,34,4,2,29.406,0.9504,0.4473,0
xfer_sink+meta+inflight,34,4,3,29.116,0.9477,0.4427,0
xfer_sink+meta+inflight,35,5,0,31.792,0.9672,0.4424,0
xfer_sink+meta+inflight,35,5,1,32.908,0.9722,0.4554,0
xfer_sink+meta+inflight,35,5,2,32.729,0.9742,0.4504,0
xfer_sink+meta+inflight,35,5,3,32.760,0.9746,0.4446,0
xfer_sink+meta+inflight,36,6,0,34.775,0.9794,0.4421,0
xfer_sink+meta+inflight,36,6,1,36.208,0.9823,0.4553,0
xfer_sink+meta+inflight,36,6,2,35.988,0.9822,0.4524,0
xfer_sink+meta+inflight,36,6,3,35.854,0.9816,0.4478,0
xfer_sink+meta+inflight,37,7,0,37.755,0.9845,0.4517,0
xfer_sink+meta+inflight,37,7,1,38.161,0.9850,0.4572,0
xfer_sink+meta+inflight,37,7,2,38.547,0.9858,0.4548,0
xfer_sink+meta+inflight,37,7,3,38.460,0.9859,0.4522,0
xfer_sink+meta+inflight,38,8,0,39.758,0.9875,0.4477,0
xfer_sink+meta+inflight,38,8,1,40.418,0.9883,0.4547,0
xfer_sink+meta+inflight,38,8,2,40.481,0.9885,0.4612,0
xfer_sink+meta+inflight,38,8,3,40.324,0.9883,0.4492,0
xfer_sink+meta+inflight,39,9,0,41.145,0.9899,0.4351,0
xfer_sink+meta+inflight,39,9,1,42.218,0.9927,0.4272,0
xfer_sink+meta+inflight,39,9,2,42.868,0.9937,0.4390,0
xfer_sink+meta+inflight,39,9,3,42.368,0.9928,0.4373,0
xfer_sink+meta+inflight,40,10,0,45.058,0.9951,0.4402,0
xfer_sink+meta+inflight,40,10,1,45.804,0.9955,0.4503,0
xfer_sink+meta+inflight,40,10,2,45.562,0.9955,0.4561,0
xfer_sink+meta+inflight,40,10,3,45.382,0.9954,0.4564,0
xfer_sink+meta+inflight,41,11,0,45.884,0.9954,0.4589,0
xfer_sink+meta+inflight,41,11,1,45.695,0.9954,0.4648,0
xfer_sink+meta+inflight,41,11,2,45.681,0.9953,0.4654,0
xfer_sink+meta+inflight,41,11,3,45.618,0.9953,0.4633,0
xfer_sink+meta+inflight,42,12,0,46.382,0.9959,0.4688,0
xfer_sink+meta+inflight,42,12,1,46.442,0.9959,0.4749,0
xfer_sink+meta+inflight,42,12,2,46.422,0.9959,0.4717,0
xfer_sink+meta+inflight,42,12,3,46.375,0.9959,0.4716,0
xfer_sink+meta+inflight,43,13,0,47.551,0.9964,0.4682,0
xfer_sink+meta+inflight,43,13,1,47.503,0.9965,0.4740,0
xfer_sink+meta+inflight,43,13,2,47.475,0.9965,0.4711,0
xfer_sink+meta+inflight,43,13,3,47.431,0.9964,0.4685,0
xfer_sink+meta+inflight,44,14,0,48.540,0.9971,0.4682,0
xfer_sink+meta+inflight,44,14,1,48.782,0.9972,0.4690,0
xfer_sink+meta+inflight,44,14,2,48.424,0.9972,0.4679,0
xfer_sink+meta+inflight,44,14,3,48.289,0.9972,0.4647,0
xfer_sink+meta+inflight,45,15,0,49.366,0.9977,0.4600,0
xfer_sink+meta+inflight,45,15,1,48.982,0.9977,0.4643,0
xfer_sink+meta+inflight,45,15,2,48.956,0.9977,0.4641,0
xfer_sink+meta+inflight,45,15,3,48.696,0.9976,0.4570,0
xfer_sink+meta+inflight,46,16,0,49.668,0.9980,0.4574,0
xfer_sink+meta+inflight,46,16,1,49.286,0.9979,0.4604,0
xfer_sink+meta+inflight,46,16,2,48.778,0.9978,0.4590,0
xfer_sink+meta+inflight,46,16,3,48.503,0.9978,0.4562,0
xfer_sink+meta+inflight,47,17,0,49.183,0.9980,0.4543,0
xfer_sink+meta+inflight,47,17,1,49.089,0.9980,0.4582,0
xfer_sink+meta+inflight,47,17,2,48.457,0.9979,0.4620,0
xfer_sink+meta+inflight,47,17,3,48.516,0.9979,0.4581,0
xfer_sink+meta+inflight,48,18,0,49.010,0.9980,0.4627,0
xfer_sink+meta+inflight,48,18,1,48.745,0.9980,0.4651,0
xfer_sink+meta+inflight,48,18,2,48.623,0.9979,0.4718,0
xfer_sink+meta+inflight,48,18,3,47.827,0.9978,0.4646,0
xfer_sink+meta+inflight,49,19,0,48.993,0.9980,0.4601,0
xfer_sink+meta+inflight,49,19,1,49.281,0.9981,0.4629,0
xfer_sink+meta+inflight,49,19,2,48.908,0.9980,0.4686,0
xfer_sink+meta+inflight,49,19,3,48.744,0.9979,0.4617,0
xfer_sink+meta+inflight,50,20,0,49.577,0.9981,0.4546,0
xfer_sink+meta+inflight,50,20,1,49.784,0.9981,0.4535,0
xfer_sink+meta+inflight,50,20,2,48.974,0.9980,0.4614,0
xfer_sink+meta+inflight,50,20,3,48.987,0.9980,0.4414,0
xfer_sink+meta+inflight,51,21,0,49.399,0.9981,0.4406,0
xfer_sink+meta+inflight,51,21,1,49.404,0.9981,0.4463,0
xfer_sink+meta+inflight,51,21,2,48.974,0.9979,0.4522,0
xfer_sink+meta+inflight,51,21,3,48.039,0.9978,0.4389,0
xfer_sink+meta+inflight,52,22,0,49.576,0.9981,0.4415,0
xfer_sink+meta+inflight,52,22,1,49.848,0.9981,0.4475,0
xfer_sink+meta+inflight,52,22,2,48.471,0.9980,0.4562,0
xfer_sink+meta+inflight,52,22,3,48.379,0.9980,0.4449,0
xfer_sink+meta+inflight,53,23,0,49.192,0.9980,0.4432,0
xfer_sink+meta+inflight,53,23,1,49.769,0.9981,0.4551,0
xfer_sink+meta+inflight,53,23,2,49.538,0.9981,0.4649,0
xfer_sink+meta+inflight,53,23,3,48.929,0.9980,0.4485,0
xfer_sink+meta+inflight,54,24,0,50.193,0.9982,0.4507,0
xfer_sink+meta+inflight,54,24,1,50.269,0.9982,0.4583,0
xfer_sink+meta+inflight,54,24,2,48.746,0.9980,0.4697,0
xfer_sink+meta+inflight,54,24,3,48.192,0.9980,0.4501,0
xfer_sink+meta+inflight,55,25,0,50.209,0.9982,0.4550,0
xfer_sink+meta+inflight,55,25,1,50.843,0.9982,0.4570,0
xfer_sink+meta+inflight,55,25,2,49.868,0.9981,0.4648,0
xfer_sink+meta+inflight,55,25,3,49.677,0.9980,0.4482,0
xfer_sink+meta+inflight,56,26,0,50.336,0.9981,0.4549,0
xfer_sink+meta+inflight,56,26,1,50.150,0.9981,0.4567,0
xfer_sink+meta+inflight,56,26,2,49.078,0.9980,0.4648,0
xfer_sink+meta+inflight,56,26,3,49.182,0.9979,0.4499,0
xfer_sink+meta+inflight,57,27,0,49.650,0.9981,0.4571,0
xfer_sink+meta+inflight,57,27,1,50.148,0.9981,0.4618,0
xfer_sink+meta+inflight,57,27,2,49.485,0.9980,0.4700,0
xfer_sink+meta+inflight,57,27,3,49.243,0.9979,0.4588,0
xfer_sink+meta+inflight,58,28,0,50.049,0.9981,0.4554,0
xfer_sink+meta+inflight,58,28,1,49.734,0.9980,0.4558,0
xfer_sink+meta+inflight,58,28,2,48.923,0.9979,0.4701,0
xfer_sink+meta+inflight,58,28,3,48.668,0.9978,0.4646,0
xfer_sink+meta+inflight,59,29,0,49.495,0.9979,0.4327,0
xfer_sink+meta+inflight,59,29,1,50.209,0.9979,0.4347,0
xfer_sink+meta+inflight,59,29,2,46.416,0.9975,0.4444,0
xfer_sink+meta+inflight,59,29,3,46.131,0.9973,0.4346,0
xfer_sink+meta+inflight,60,30,0,47.936,0.9979,0.4490,0
xfer_sink+meta+inflight,60,30,1,48.178,0.9979,0.4460,0
xfer_sink+meta+inflight,60,30,2,47.882,0.9979,0.4600,0
xfer_sink+meta+inflight,60,30,3,48.238,0.9978,0.4579,0
xfer_sink+meta+inflight,61,31,0,47.666,0.9976,0.4645,0
xfer_sink+meta+inflight,61,31,1,46.953,0.9974,0.4680,0
xfer_sink+meta+inflight,61,31,2,45.372,0.9971,0.4732,0
xfer_sink+meta+inflight,61,31,3,44.561,0.9969,0.4653,0
xfer_sink+meta+inflight,62,32,0,46.753,0.9974,0.4701,0
xfer_sink+meta+inflight,62,32,1,47.113,0.9974,0.4739,0
xfer_sink+meta+inflight,62,32,2,46.407,0.9972,0.4802,0
xfer_sink+meta+inflight,62,32,3,46.584,0.9972,0.4721,0
xfer_sink+meta+inflight,63,33,0,48.583,0.9978,0.4724,0
xfer_sink+meta+inflight,63,33,1,49.030,0.9978,0.4720,0
xfer_sink+meta+inflight,63,33,2,48.975,0.9977,0.4776,0
xfer_sink+meta+inflight,63,33,3,48.854,0.9977,0.4702,0
xfer_sink+meta+inflight,64,34,0,49.651,0.9980,0.4695,0
xfer_sink+meta+inflight,64,34,1,49.860,0.9980,0.4690,0
xfer_sink+meta+inflight,64,34,2,49.405,0.9980,0.4741,0
xfer_sink+meta+inflight,64,34,3,49.220,0.9979,0.4694,0
xfer_sink+meta+inflight,65,35,0,50.424,0.9982,0.4696,0
xfer_sink+meta+inflight,65,35,1,50.675,0.9982,0.4685,0
xfer_sink+meta+inflight,65,35,2,50.020,0.9981,0.4736,0
xfer_sink+meta+inflight,65,35,3,49.961,0.9980,0.4665,0
xfer_sink+meta+inflight,66,36,0,50.495,0.9982,0.4639,0
xfer_sink+meta+inflight,66,36,1,50.223,0.9981,0.4597,0
xfer_sink+meta+inflight,66,36,2,49.969,0.9981,0.4650,0
xfer_sink+meta+inflight,66,36,3,49.337,0.9980,0.4586,0
xfer_sink+meta+inflight,67,37,0,49.718,0.9982,0.4602,0
xfer_sink+meta+inflight,67,37,1,50.143,0.9981,0.4607,0
xfer_sink+meta+inflight,67,37,2,49.799,0.9980,0.4659,0
xfer_sink+meta+inflight,67,37,3,49.440,0.9980,0.4626,0
xfer_sink+meta+inflight,68,38,0,50.095,0.9982,0.4608,0
xfer_sink+meta+inflight,68,38,1,49.709,0.9981,0.4652,0
xfer_sink+meta+inflight,68,38,2,48.846,0.9980,0.4684,0
xfer_sink+meta+inflight,68,38,3,48.505,0.9979,0.4688,0
xfer_sink+meta+inflight,69,39,0,50.207,0.9982,0.4625,0
xfer_sink+meta+inflight,69,39,1,50.089,0.9982,0.4621,0
xfer_sink+meta+inflight,69,39,2,49.396,0.9981,0.4641,0
xfer_sink+meta+inflight,69,39,3,49.380,0.9980,0.4629,0
xfer_sink+meta,0,-30,0,99.000,,,0
xfer_sink+meta,0,-30,1,99.000,,,0
xfer_sink+meta,0,-30,2,99.000,,,0
xfer_sink+meta,0,-30,3,99.000,,,0
xfer_sink+meta,1,-29,0,99.000,,,0
xfer_sink+meta,1,-29,1,99.000,,,0
xfer_sink+meta,1,-29,2,99.000,,,0
xfer_sink+meta,1,-29,3,99.000,,,0
xfer_sink+meta,2,-28,0,99.000,,,0
xfer_sink+meta,2,-28,1,99.000,,,0
xfer_sink+meta,2,-28,2,99.000,,,0
xfer_sink+meta,2,-28,3,99.000,,,0
xfer_sink+meta,3,-27,0,99.000,,,0
xfer_sink+meta,3,-27,1,99.000,,,0
xfer_sink+meta,3,-27,2,99.000,,,0
xfer_sink+meta,3,-27,3,99.000,,,0
xfer_sink+meta,4,-26,0,99.000,,,0
xfer_sink+meta,4,-26,1,99.000,,,0
xfer_sink+meta,4,-26,2,99.000,,,0
xfer_sink+meta,4,-26,3,99.000,,,0
xfer_sink+meta,5,-25,0,99.000,,,0
xfer_sink+meta,5,-25,1,99.000,,,0
xfer_sink+meta,5,-25,2,99.000,,,0
xfer_sink+meta,5,-25,3,99.000,,,0
xfer_sink+meta,6,-24,0,99.000,,,0
xfer_sink+meta,6,-24,1,99.000,,,0
xfer_sink+meta,6,-24,2,99.000,,,0
xfer_sink+meta,6,-24,3,99.000,,,0
xfer_sink+meta,7,-23,0,99.000,,,0
xfer_sink+meta,7,-23,1,99.000,,,0
xfer_sink+meta,7,-23,2,99.000,,,0
xfer_sink+meta,7,-23,3,99.000,,,0
xfer_sink+meta,8,-22,0,99.000,,,0
xfer_sink+meta,8,-22,1,99.000,,,0
xfer_sink+meta,8,-22,2,99.000,,,0
xfer_sink+meta,8,-22,3,99.000,,,0
xfer_sink+meta,9,-21,0,99.000,,,0
xfer_sink+meta,9,-21,1,99.000,,,0
xfer_sink+meta,9,-21,2,99.000,,,0
xfer_sink+meta,9,-21,3,99.000,,,0
xfer_sink+meta,10,-20,0,99.000,,,0
xfer_sink+meta,10,-20,1,99.000,,,0
xfer_sink+meta,10,-20,2,99.000,,,0
xfer_sink+meta,10,-20,3,99.000,,,0
xfer_sink+meta,11,-19,0,99.000,,,0
xfer_sink+meta,11,-19,1,99.000,,,0
xfer_sink+meta,11,-19,2,99.000,,,0
xfer_sink+meta,11,-19,3,99.000,,,0
xfer_sink+meta,12,-18,0,99.000,,,0
xfer_sink+meta,12,-18,1,99.000,,,0
xfer_sink+meta,12,-18,2,99.000,,,0
xfer_sink+meta,12,-18,3,99.000,,,0
xfer_sink+meta,13,-17,0,99.000,,,0
xfer_sink+meta,13,-17,1,99.000,,,0
xfer_sink+meta,13,-17,2,99.000,,,0
xfer_sink+meta,13,-17,3,99.000,,,0
xfer_sink+meta,14,-16,0,99.000,,,0
xfer_sink+meta,14,-16,1,99.000,,,0
xfer_sink+meta,14,-16,2,99.000,,,0
xfer_sink+meta,14,-16,3,99.000,,,0
xfer_sink+meta,15,-15,0,99.000,,,0
xfer_sink+meta,15,-15,1,99.000,,,0
xfer_sink+meta,15,-15,2,99.000,,,0
xfer_sink+meta,15,-15,3,99.000,,,0
xfer_sink+meta,16,-14,0,99.000,,,0
xfer_sink+meta,16,-14,1,99.000,,,0
xfer_sink+meta,16,-14,2,99.000,,,0
xfer_sink+meta,16,-14,3,99.000,,,0
xfer_sink+meta,17,-13,0,99.000,,,0
xfer_sink+meta,17,-13,1,99.000,,,0
xfer_sink+meta,17,-13,2,99.000,,,0
xfer_sink+meta,17,-13,3,99.000,,,0
xfer_sink+meta,18,-12,0,99.000,,,0
xfer_sink+meta,18,-12,1,99.000,,,0
xfer_sink+meta,18,-12,2,99.000,,,0
xfer_sink+meta,18,-12,3,99.000,,,0
xfer_sink+meta,19,-11,0,99.000,,,0
xfer_sink+meta,19,-11,1,99.000,,,0
xfer_sink+meta,19,-11,2,99.000,,,0
xfer_sink+meta,19,-11,3,99.000,,,0
xfer_sink+meta,20,-10,0,99.000,,,0
xfer_sink+meta,20,-10,1,99.000,,,0
xfer_sink+meta,20,-10,2,99.000,,,0
xfer_sink+meta,20,-10,3,99.000,,,0
xfer_sink+meta,21,-9,0,99.000,,,0
xfer_sink+meta,21,-9,1,99.000,,,0
xfer_sink+meta,21,-9,2,99.000,,,0
xfer_sink+meta,21,-9,3,99.000,,,0
xfer_sink+meta,22,-8,0,99.000,,,0
xfer_sink+meta,22,-8,1,99.000,,,0
xfer_sink+meta,22,-8,2,99.000,,,0
xfer_sink+meta,22,-8,3,99.000,,,0
xfer_sink+meta,23,-7,0,99.000,,,0
xfer_sink+meta,23,-7,1,99.000,,,0
xfer_sink+meta,23,-7,2,99.000,,,0
xfer_sink+meta,23,-7,3,99.000,,,0
xfer_sink+meta,24,-6,0,99.000,,,0
xfer_sink+meta,24,-6,1,99.000,,,0
xfer_sink+meta,24,-6,2,99.000,,,0
xfer_sink+meta,24,-6,3,99.000,,,0
xfer_sink+meta,25,-5,0,99.000,,,0
xfer_sink+meta,25,-5,1,99.000,,,0
xfer_sink+meta,25,-5,2,99.000,,,0
xfer_sink+meta,25,-5,3,99.000,,,0
xfer_sink+meta,26,-4,0,99.000,,,0
xfer_sink+meta,26,-4,1,99.000,,,0
xfer_sink+meta,26,-4,2,99.000,,,0
xfer_sink+meta,26,-4,3,99.000,,,0
xfer_sink+meta,27,-3,0,99.000,,,0
xfer_sink+meta,27,-3,1,99.000,,,0
xfer_sink+meta,27,-3,2,99.000,,,0
xfer_sink+meta,27,-3,3,99.000,,,0
xfer_sink+meta,28,-2,0,99.000,,,0
xfer_sink+meta,28,-2,1,99.000,,,0
xfer_sink+meta,28,-2,2,99.000,,,0
xfer_sink+meta,28,-2,3,99.000,,,0
xfer_sink+meta,29,-1,0,99.000,,,0
xfer_sink+meta,29,-1,1,99.000,,,0
xfer_sink+meta,29,-1,2,99.000,,,0
xfer_sink+meta,29,-1,3,99.000,,,0
xfer_sink+meta,30,0,0,14.913,0.5614,0.3698,0
xfer_sink+meta,30,0,1,16.240,0.5027,0.3848,0
xfer_sink+meta,30,0,2,17.626,0.7141,0.3963,0
xfer_sink+meta,30,0,3,18.221,0.7453,0.3977,0
xfer_sink+meta,31,1,0,19.760,0.8077,0.4102,0
xfer_sink+meta,31,1,1,20.381,0.8319,0.4317,0
xfer_sink+meta,31,1,2,20.919,0.8439,0.4405,0
xfer_sink+meta,31,1,3,20.881,0.8417,0.4370,0
xfer_sink+meta,32,2,0,22.401,0.8650,0.4324,0
xfer_sink+meta,32,2,1,23.512,0.8789,0.4490,0
xfer_sink+meta,32,2,2,22.957,0.8618,0.4594,0
xfer_sink+meta,32,2,3,23.009,0.8600,0.4516,0
xfer_sink+meta,33,3,0,25.586,0.9156,0.4330,0
xfer_sink+meta,33,3,1,27.476,0.9308,0.4459,0
xfer_sink+meta,33,3,2,28.223,0.9328,0.4420,0
xfer_sink+meta,33,3,3,28.125,0.9291,0.4354,0
xfer_sink+meta,34,4,0,30.194,0.9503,0.4382,0
xfer_sink+meta,34,4,1,30.744,0.9551,0.4572,0
xfer_sink+meta,34,4,2,29.406,0.9504,0.4473,0
xfer_sink+meta,34,4,3,29.116,0.9477,0.4427,0
xfer_sink+meta,35,5,0,31.792,0.9672,0.4424,0
xfer_sink+meta,35,5,1,32.908,0.9722,0.4554,0
xfer_sink+meta,35,5,2,32.729,0.9742,0.4504,0
xfer_sink+meta,35,5,3,32.760,0.9746,0.4446,0
xfer_sink+meta,36,6,0,34.775,0.9794,0.4421,0
xfer_sink+meta,36,6,1,36.208,0.9823,0.4553,0
xfer_sink+meta,36,6,2,35.988,0.9822,0.4524,0
xfer_sink+meta,36,6,3,35.854,0.9816,0.4478,0
xfer_sink+meta,37,7,0,37.755,0.9845,0.4517,0
xfer_sink+meta,37,7,1,38.161,0.9850,0.4572,0
xfer_sink+meta,37,7,2,38.547,0.9858,0.4548,0
xfer_sink+meta,37,7,3,38.460,0.9859,0.4522,0
xfer_sink+meta,38,8,0,39.758,0.9875,0.4477,0
xfer_sink+meta,38,8,1,40.418,0.9883,0.4547,0
xfer_sink+meta,38,8,2,40.481,0.9885,0.4612,0
xfer_sink+meta,38,8,3,40.324,0.9883,0.4492,0
xfer_sink+meta,39,9,0,41.145,0.9899,0.4351,0
xfer_sink+meta,39,9,1,42.218,0.9927,0.4272,0
xfer_sink+meta,39,9,2,42.868,0.9937,0.4390,0
xfer_sink+meta,39,9,3,42.368,0.9928,0.4373,0
xfer_sink+meta,40,10,0,45.058,0.9951,0.4402,0
xfer_sink+meta,40,10,1,45.804,0.9955,0.4503,0
xfer_sink+meta,40,10,2,45.562,0.9955,0.4561,0
xfer_sink+meta,40,10,3,45.382,0.9954,0.4564,0
xfer_sink+meta,41,11,0,45.884,0.9954,0.4589,0
xfer_sink+meta,41,11,1,45.695,0.9954,0.4648,0
xfer_sink+meta,41,11,2,45.681,0.9953,0.4654,0
xfer_sink+meta,41,11,3,45.618,0.9953,0.4633,0
xfer_sink+meta,42,12,0,46.382,0.9959,0.4688,0
xfer_sink+meta,42,12,1,46.442,0.9959,0.4749,0
xfer_sink+meta,42,12,2,46.422,0.9959,0.4717,0
xfer_sink+meta,42,12,3,46.375,0.9959,0.4716,0
xfer_sink+meta,43,13,0,47.551,0.9964,0.4682,0
xfer_sink+meta,43,13,1,47.503,0.9965,0.4740,0
xfer_sink+meta,43,13,2,47.475,0.9965,0.4711,0
xfer_sink+meta,43,13,3,47.431,0.9964,0.4685,0
xfer_sink+meta,44,14,0,48.540,0.9971,0.4682,0
xfer_sink+meta,44,14,1,48.782,0.9972,0.4690,0
xfer_sink+meta,44,14,2,48.424,0.9972,0.4679,0
xfer_sink+meta,44,14,3,48.289,0.9972,0.4647,0
xfer_sink+meta,45,15,0,49.366,0.9977,0.4600,0
xfer_sink+meta,45,15,1,48.982,0.9977,0.4643,0
xfer_sink+meta,45,15,2,48.956,0.9977,0.4641,0
xfer_sink+meta,45,15,3,48.696,0.9976,0.4570,0
xfer_sink+meta,46,16,0,49.668,0.9980,0.4574,0
xfer_sink+meta,46,16,1,49.286,0.9979,0.4604,0
xfer_sink+meta,46,16,2,48.778,0.9978,0.4590,0
xfer_sink+meta,46,16,3,48.503,0.9978,0.4562,0
xfer_sink+meta,47,17,0,49.183,0.9980,0.4543,0
xfer_sink+meta,47,17,1,49.089,0.9980,0.4582,0
xfer_sink+meta,47,17,2,48.457,0.9979,0.4620,0
xfer_sink+meta,47,17,3,48.516,0.9979,0.4581,0
xfer_sink+meta,48,18,0,49.010,0.9980,0.4627,0
xfer_sink+meta,48,18,1,48.745,0.9980,0.4651,0
xfer_sink+meta,48,18,2,48.623,0.9979,0.4718,0
xfer_sink+meta,48,18,3,47.827,0.9978,0.4646,0
xfer_sink+meta,49,19,0,48.993,0.9980,0.4601,0
xfer_sink+meta,49,19,1,49.281,0.9981,0.4629,0
xfer_sink+meta,49,19,2,48.908,0.9980,0.4686,0
xfer_sink+meta,49,19,3,48.744,0.9979,0.4617,0
xfer_sink+meta,50,20,0,49.577,0.9981,0.4546,0
xfer_sink+meta,50,20,1,49.784,0.9981,0.4535,0
xfer_sink+meta,50,20,2,48.974,0.9980,0.4614,0
xfer_sink+meta,50,20,3,48.987,0.9980,0.4414,0
xfer_sink+meta,51,21,0,49.399,0.9981,0.4406,0
xfer_sink+meta,51,21,1,49.404,0.9981,0.4463,0
xfer_sink+meta,51,21,2,48.974,0.9979,0.4522,0
xfer_sink+meta,51,21,3,48.039,0.9978,0.4389,0
xfer_sink+meta,52,22,0,49.576,0.9981,0.4415,0
xfer_sink+meta,52,22,1,49.848,0.9981,0.4475,0
xfer_sink+meta,52,22,2,48.471,0.9980,0.4562,0
xfer_sink+meta,52,22,3,48.379,0.9980,0.4449,0
xfer_sink+meta,53,23,0,49.192,0.9980,0.4432,0
xfer_sink+meta,53,23,1,49.769,0.9981,0.4551,0
xfer_sink+meta,53,23,2,49.538,0.9981,0.4649,0
xfer_sink+meta,53,23,3,48.929,0.9980,0.4485,0
xfer_sink+meta,54,24,0,50.193,0.9982,0.4507,0
xfer_sink+meta,54,24,1,50.269,0.9982,0.4583,0
xfer_sink+meta,54,24,2,48.746,0.9980,0.4697,0
xfer_sink+meta,54,24,3,48.192,0.9980,0.4501,0
xfer_sink+meta,55,25,0,50.209,0.9982,0.4550,0
xfer_sink+meta,55,25,1,50.843,0.9982,0.4570,0
xfer_sink+meta,55,25,2,49.868,0.9981,0.4648,0
xfer_sink+meta,55,25,3,49.677,0.9980,0.4482,0
xfer_sink+meta,56,26,0,50.336,0.9981,0.4549,0
xfer_sink+meta,56,26,1,50.150,0.9981,0.4567,0
xfer_sink+meta,56,26,2,49.078,0.9980,0.4648,0
xfer_sink+meta,56,26,3,49.182,0.9979,0.4499,0
xfer_sink+meta,57,27,0,49.650,0.9981,0.4571,0
xfer_sink+meta,57,27,1,50.148,0.9981,0.4618,0
xfer_sink+meta,57,27,2,49.485,0.9980,0.4700,0
xfer_sink+meta,57,27,3,49.243,0.9979,0.4588,0
xfer_sink+meta,58,28,0,50.049,0.9981,0.4554,0
xfer_sink+meta,58,28,1,49.734,0.9980,0.4558,0
xfer_sink+meta,58,28,2,48.923,0.9979,0.4701,0
xfer_sink+meta,58,28,3,48.668,0.9978,0.4646,0
xfer_sink+meta,59,29,0,49.495,0.9979,0.4327,0
xfer_sink+meta,59,29,1,50.209,0.9979,0.4347,0
xfer_sink+meta,59,29,2,46.416,0.9975,0.4444,0
xfer_sink+meta,59,29,3,46.131,0.9973,0.4346,0
xfer_sink+meta,60,30,0,47.936,0.9979,0.4490,0
xfer_sink+meta,60,30,1,48.178,0.9979,0.4460,0
xfer_sink+meta,60,30,2,47.882,0.9979,0.4600,0
xfer_sink+meta,60,30,3,48.238,0.9978,0.4579,0
xfer_sink+meta,61,31,0,47.666,0.9976,0.4645,0
xfer_sink+meta,61,31,1,46.953,0.9974,0.4680,0
xfer_sink+meta,61,31,2,45.372,0.9971,0.4732,0
xfer_sink+meta,61,31,3,44.561,0.9969,0.4653,0
xfer_sink+meta,62,32,0,46.753,0.9974,0.4701,0
xfer_sink+meta,62,32,1,47.113,0.9974,0.4739,0
xfer_sink+meta,62,32,2,46.407,0.9972,0.4802,0
xfer_sink+meta,62,32,3,46.584,0.9972,0.4721,0
xfer_sink+meta,63,33,0,48.583,0.9978,0.4724,0
xfer_sink+meta,63,33,1,49.030,0.9978,0.4720,0
xfer_sink+meta,63,33,2,48.975,0.9977,0.4776,0
xfer_sink+meta,63,33,3,48.854,0.9977,0.4702,0
xfer_sink+meta,64,34,0,49.651,0.9980,0.4695,0
xfer_sink+meta,64,34,1,49.860,0.9980,0.4690,0
xfer_sink+meta,64,34,2,49.405,0.9980,0.4741,0
xfer_sink+meta,64,34,3,49.220,0.9979,0.4694,0
xfer_sink+meta,65,35,0,50.424,0.9982,0.4696,0
xfer_sink+meta,65,35,1,50.675,0.9982,0.4685,0
xfer_sink+meta,65,35,2,50.020,0.9981,0.4736,0
xfer_sink+meta,65,35,3,49.961,0.9980,0.4665,0
xfer_sink+meta,66,36,0,50.495,0.9982,0.4639,0
xfer_sink+meta,66,36,1,50.223,0.9981,0.4597,0
xfer_sink+meta,66,36,2,49.969,0.9981,0.4650,0
xfer_sink+meta,66,36,3,49.337,0.9980,0.4586,0
xfer_sink+meta,67,37,0,49.718,0.9982,0.4602,0
xfer_sink+meta,67,37,1,50.143,0.9981,0.4607,0
xfer_sink+meta,67,37,2,49.799,0.9980,0.4659,0
xfer_sink+meta,67,37,3,49.440,0.9980,0.4626,0
xfer_sink+meta,68,38,0,50.095,0.9982,0.4608,0
xfer_sink+meta,68,38,1,49.709,0.9981,0.4652,0
xfer_sink+meta,68,38,2,48.846,0.9980,0.4684,0
xfer_sink+meta,68,38,3,48.505,0.9979,0.4688,0
xfer_sink+meta,69,39,0,50.207,0.9982,0.4625,0
xfer_sink+meta,69,39,1,50.089,0.9982,0.4621,0
xfer_sink+meta,69,39,2,49.396,0.9981,0.4641,0
xfer_sink+meta,69,39,3,49.380,0.9980,0.4629,0
xfer_meta+inflight,0,-30,0,99.000,,,0
xfer_meta+inflight,0,-30,1,99.000,,,0
xfer_meta+inflight,0,-30,2,99.000,,,0
xfer_meta+inflight,0,-30,3,99.000,,,0
xfer_meta+inflight,1,-29,0,99.000,,,0
xfer_meta+inflight,1,-29,1,99.000,,,0
xfer_meta+inflight,1,-29,2,99.000,,,0
xfer_meta+inflight,1,-29,3,99.000,,,0
xfer_meta+inflight,2,-28,0,99.000,,,0
xfer_meta+inflight,2,-28,1,99.000,,,0
xfer_meta+inflight,2,-28,2,99.000,,,0
xfer_meta+inflight,2,-28,3,99.000,,,0
xfer_meta+inflight,3,-27,0,99.000,,,0
xfer_meta+inflight,3,-27,1,99.000,,,0
xfer_meta+inflight,3,-27,2,99.000,,,0
xfer_meta+inflight,3,-27,3,99.000,,,0
xfer_meta+inflight,4,-26,0,99.000,,,0
xfer_meta+inflight,4,-26,1,99.000,,,0
xfer_meta+inflight,4,-26,2,99.000,,,0
xfer_meta+inflight,4,-26,3,99.000,,,0
xfer_meta+inflight,5,-25,0,99.000,,,0
xfer_meta+inflight,5,-25,1,99.000,,,0
xfer_meta+inflight,5,-25,2,99.000,,,0
xfer_meta+inflight,5,-25,3,99.000,,,0
xfer_meta+inflight,6,-24,0,99.000,,,0
xfer_meta+inflight,6,-24,1,99.000,,,0
xfer_meta+inflight,6,-24,2,99.000,,,0
xfer_meta+inflight,6,-24,3,99.000,,,0
xfer_meta+inflight,7,-23,0,99.000,,,0
xfer_meta+inflight,7,-23,1,99.000,,,0
xfer_meta+inflight,7,-23,2,99.000,,,0
xfer_meta+inflight,7,-23,3,99.000,,,0
xfer_meta+inflight,8,-22,0,99.000,,,0
xfer_meta+inflight,8,-22,1,99.000,,,0
xfer_meta+inflight,8,-22,2,99.000,,,0
xfer_meta+inflight,8,-22,3,99.000,,,0
xfer_meta+inflight,9,-21,0,99.000,,,0
xfer_meta+inflight,9,-21,1,99.000,,,0
xfer_meta+inflight,9,-21,2,99.000,,,0
xfer_meta+inflight,9,-21,3,99.000,,,0
xfer_meta+inflight,10,-20,0,99.000,,,0
xfer_meta+inflight,10,-20,1,99.000,,,0
xfer_meta+inflight,10,-20,2,99.000,,,0
xfer_meta+inflight,10,-20,3,99.000,,,0
xfer_meta+inflight,11,-19,0,99.000,,,0
xfer_meta+inflight,11,-19,1,99.000,,,0
xfer_meta+inflight,11,-19,2,99.000,,,0
xfer_meta+inflight,11,-19,3,99.000,,,0
xfer_meta+inflight,12,-18,0,99.000,,,0
xfer_meta+inflight,12,-18,1,99.000,,,0
xfer_meta+inflight,12,-18,2,99.000,,,0
xfer_meta+inflight,12,-18,3,99.000,,,0
xfer_meta+inflight,13,-17,0,99.000,,,0
xfer_meta+inflight,13,-17,1,99.000,,,0
xfer_meta+inflight,13,-17,2,99.000,,,0
xfer_meta+inflight,13,-17,3,99.000,,,0
xfer_meta+inflight,14,-16,0,99.000,,,0
xfer_meta+inflight,14,-16,1,99.000,,,0
xfer_meta+inflight,14,-16,2,99.000,,,0
xfer_meta+inflight,14,-16,3,99.000,,,0
xfer_meta+inflight,15,-15,0,99.000,,,0
xfer_meta+inflight,15,-15,1,99.000,,,0
xfer_meta+inflight,15,-15,2,99.000,,,0
xfer_meta+inflight,15,-15,3,99.000,,,0
xfer_meta+inflight,16,-14,0,99.000,,,0
xfer_meta+inflight,16,-14,1,99.000,,,0
xfer_meta+inflight,16,-14,2,99.000,,,0
xfer_meta+inflight,16,-14,3,99.000,,,0
xfer_meta+inflight,17,-13,0,99.000,,,0
xfer_meta+inflight,17,-13,1,99.000,,,0
xfer_meta+inflight,17,-13,2,99.000,,,0
xfer_meta+inflight,17,-13,3,99.000,,,0
xfer_meta+inflight,18,-12,0,99.000,,,0
xfer_meta+inflight,18,-12,1,99.000,,,0
xfer_meta+inflight,18,-12,2,99.000,,,0
xfer_meta+inflight,18,-12,3,99.000,,,0
xfer_meta+inflight,19,-11,0,99.000,,,0
xfer_meta+inflight,19,-11,1,99.000,,,0
xfer_meta+inflight,19,-11,2,99.000,,,0
xfer_meta+inflight,19,-11,3,99.000,,,0
xfer_meta+inflight,20,-10,0,99.000,,,0
xfer_meta+inflight,20,-10,1,99.000,,,0
xfer_meta+inflight,20,-10,2,99.000,,,0
xfer_meta+inflight,20,-10,3,99.000,,,0
xfer_meta+inflight,21,-9,0,99.000,,,0
xfer_meta+inflight,21,-9,1,99.000,,,0
xfer_meta+inflight,21,-9,2,99.000,,,0
xfer_meta+inflight,21,-9,3,99.000,,,0
xfer_meta+inflight,22,-8,0,99.000,,,0
xfer_meta+inflight,22,-8,1,99.000,,,0
xfer_meta+inflight,22,-8,2,99.000,,,0
xfer_meta+inflight,22,-8,3,99.000,,,0
xfer_meta+inflight,23,-7,0,99.000,,,0
xfer_meta+inflight,23,-7,1,99.000,,,0
xfer_meta+inflight,23,-7,2,99.000,,,0
xfer_meta+inflight,23,-7,3,99.000,,,0
xfer_meta+inflight,24,-6,0,99.000,,,0
xfer_meta+inflight,24,-6,1,99.000,,,0
xfer_meta+inflight,24,-6,2,99.000,,,0
xfer_meta+inflight,24,-6,3,99.000,,,0
xfer_meta+inflight,25,-5,0,99.000,,,0
xfer_meta+inflight,25,-5,1,99.000,,,0
xfer_meta+inflight,25,-5,2,99.000,,,0
xfer_meta+inflight,25,-5,3,99.000,,,0
xfer_meta+inflight,26,-4,0,99.000,,,0
xfer_meta+inflight,26,-4,1,99.000,,,0
xfer_meta+inflight,26,-4,2,99.000,,,0
xfer_meta+inflight,26,-4,3,99.000,,,0
xfer_meta+inflight,27,-3,0,99.000,,,0
xfer_meta+inflight,27,-3,1,99.000,,,0
xfer_meta+inflight,27,-3,2,99.000,,,0
xfer_meta+inflight,27,-3,3,99.000,,,0
xfer_meta+inflight,28,-2,0,99.000,,,0
xfer_meta+inflight,28,-2,1,99.000,,,0
xfer_meta+inflight,28,-2,2,99.000,,,0
xfer_meta+inflight,28,-2,3,99.000,,,0
xfer_meta+inflight,29,-1,0,99.000,,,0
xfer_meta+inflight,29,-1,1,99.000,,,0
xfer_meta+inflight,29,-1,2,99.000,,,0
xfer_meta+inflight,29,-1,3,99.000,,,0
xfer_meta+inflight,30,0,0,13.777,0.4003,0.3234,0
xfer_meta+inflight,30,0,1,14.504,0.4031,0.3408,0
xfer_meta+inflight,30,0,2,15.046,0.5287,0.3519,0
xfer_meta+inflight,30,0,3,15.422,0.5494,0.3542,0
xfer_meta+inflight,31,1,0,17.302,0.6783,0.3971,0
xfer_meta+inflight,31,1,1,17.689,0.6994,0.4186,0
xfer_meta+inflight,31,1,2,17.748,0.6920,0.4309,0
xfer_meta+inflight,31,1,3,17.766,0.6898,0.4198,0
xfer_meta+inflight,32,2,0,19.124,0.7397,0.4282,0
xfer_meta+inflight,32,2,1,18.832,0.7521,0.4504,0
xfer_meta+inflight,32,2,2,18.946,0.7477,0.4621,0
xfer_meta+inflight,32,2,3,19.165,0.7458,0.4493,0
xfer_meta+inflight,33,3,0,19.542,0.7758,0.4271,0
xfer_meta+inflight,33,3,1,19.169,0.7799,0.4398,0
xfer_meta+inflight,33,3,2,19.261,0.7791,0.4321,0
xfer_meta+inflight,33,3,3,18.985,0.7719,0.4252,0
xfer_meta+inflight,34,4,0,19.946,0.8092,0.4289,0
xfer_meta+inflight,34,4,1,19.776,0.8192,0.4456,0
xfer_meta+inflight,34,4,2,19.844,0.8164,0.4349,0
xfer_meta+inflight,34,4,3,19.862,0.8149,0.4259,0
xfer_meta+inflight,35,5,0,19.864,0.8273,0.4309,0
xfer_meta+inflight,35,5,1,19.481,0.8303,0.4441,0
xfer_meta+inflight,35,5,2,19.109,0.8224,0.4407,0
xfer_meta+inflight,35,5,3,19.073,0.8207,0.4325,0
xfer_meta+inflight,36,6,0,19.358,0.8295,0.4367,0
xfer_meta+inflight,36,6,1,19.527,0.8330,0.4492,0
xfer_meta+inflight,36,6,2,19.552,0.8246,0.4482,0
xfer_meta+inflight,36,6,3,19.330,0.8194,0.4390,0
xfer_meta+inflight,37,7,0,19.684,0.8292,0.4514,0
xfer_meta+inflight,37,7,1,19.806,0.8294,0.4580,0
xfer_meta+inflight,37,7,2,19.840,0.8273,0.4552,0
xfer_meta+inflight,37,7,3,19.861,0.8260,0.4508,0
xfer_meta+inflight,38,8,0,20.281,0.8386,0.4516,0
xfer_meta+inflight,38,8,1,20.525,0.8440,0.4576,0
xfer_meta+inflight,38,8,2,20.460,0.8427,0.4639,0
xfer_meta+inflight,38,8,3,20.484,0.8416,0.4480,0
xfer_meta+inflight,39,9,0,20.418,0.8423,0.4329,0
xfer_meta+inflight,39,9,1,19.883,0.8186,0.4255,0
xfer_meta+inflight,39,9,2,19.514,0.8103,0.4320,0
xfer_meta+inflight,39,9,3,19.478,0.8047,0.4269,0
xfer_meta+inflight,40,10,0,20.536,0.8295,0.4387,0
xfer_meta+inflight,40,10,1,20.634,0.8340,0.4468,0
xfer_meta+inflight,40,10,2,20.676,0.8340,0.4546,0
xfer_meta+inflight,40,10,3,20.719,0.8308,0.4553,0
xfer_meta+inflight,41,11,0,21.973,0.8433,0.4620,0
xfer_meta+inflight,41,11,1,21.994,0.8445,0.4653,0
xfer_meta+inflight,41,11,2,21.879,0.8433,0.4657,0
xfer_meta+inflight,41,11,3,21.801,0.8415,0.4598,0
xfer_meta+inflight,42,12,0,22.107,0.8420,0.4691,0
xfer_meta+inflight,42,12,1,22.146,0.8416,0.4734,0
xfer_meta+inflight,42,12,2,22.031,0.8369,0.4704,0
xfer_meta+inflight,42,12,3,21.957,0.8337,0.4688,0
xfer_meta+inflight,43,13,0,22.054,0.8323,0.4671,0
xfer_meta+inflight,43,13,1,22.031,0.8298,0.4714,0
xfer_meta+inflight,43,13,2,21.765,0.8216,0.4664,0
xfer_meta+inflight,43,13,3,21.659,0.8175,0.4613,0
xfer_meta+inflight,44,14,0,22.152,0.8300,0.4674,0
xfer_meta+inflight,44,14,1,22.286,0.8317,0.4675,0
xfer_meta+inflight,44,14,2,22.197,0.8283,0.4667,0
xfer_meta+inflight,44,14,3,22.185,0.8266,0.4608,0
xfer_meta+inflight,45,15,0,22.513,0.8347,0.4615,0
xfer_meta+inflight,45,15,1,22.440,0.8350,0.4644,0
xfer_meta+inflight,45,15,2,22.075,0.8305,0.4612,0
xfer_meta+inflight,45,15,3,21.899,0.8273,0.4517,0
xfer_meta+inflight,46,16,0,22.020,0.8311,0.4543,0
xfer_meta+inflight,46,16,1,21.894,0.8294,0.4564,0
xfer_meta+inflight,46,16,2,21.532,0.8243,0.4522,0
xfer_meta+inflight,46,16,3,21.270,0.8209,0.4489,0
xfer_meta+inflight,47,17,0,21.041,0.8225,0.4493,0
xfer_meta+inflight,47,17,1,20.521,0.8212,0.4539,0
xfer_meta+inflight,47,17,2,20.279,0.8175,0.4588,0
xfer_meta+inflight,47,17,3,20.318,0.8167,0.4540,0
xfer_meta+inflight,48,18,0,20.300,0.8189,0.4546,0
xfer_meta+inflight,48,18,1,20.418,0.8191,0.4566,0
xfer_meta+inflight,48,18,2,20.436,0.8172,0.4660,0
xfer_meta+inflight,48,18,3,20.606,0.8164,0.4598,0
xfer_meta+inflight,49,19,0,20.779,0.8163,0.4559,0
xfer_meta+inflight,49,19,1,20.820,0.8136,0.4582,0
xfer_meta+inflight,49,19,2,20.624,0.8068,0.4636,0
xfer_meta+inflight,49,19,3,20.609,0.8054,0.4555,0
xfer_meta+inflight,50,20,0,20.689,0.8120,0.4501,0
xfer_meta+inflight,50,20,1,20.664,0.8133,0.4496,0
xfer_meta+inflight,50,20,2,19.417,0.8083,0.4598,0
xfer_meta+inflight,50,20,3,19.385,0.8076,0.4425,0
xfer_meta+inflight,51,21,0,19.292,0.8089,0.4501,0
xfer_meta+inflight,51,21,1,19.913,0.8135,0.4563,0
xfer_meta+inflight,51,21,2,19.661,0.8116,0.4627,0
xfer_meta+inflight,51,21,3,19.498,0.8086,0.4485,0
xfer_meta+inflight,52,22,0,19.728,0.8119,0.4486,0
xfer_meta+inflight,52,22,1,20.584,0.8231,0.4559,0
xfer_meta+inflight,52,22,2,20.760,0.8200,0.4633,0
xfer_meta+inflight,52,22,3,20.716,0.8198,0.4499,0
xfer_meta+inflight,53,23,0,20.396,0.8202,0.4471,0
xfer_meta+inflight,53,23,1,20.575,0.8233,0.4533,0
xfer_meta+inflight,53,23,2,20.488,0.8192,0.4629,0
xfer_meta+inflight,53,23,3,20.418,0.8166,0.4425,0
xfer_meta+inflight,54,24,0,21.103,0.8308,0.4522,0
xfer_meta+inflight,54,24,1,21.358,0.8346,0.4586,0
xfer_meta+inflight,54,24,2,20.973,0.8299,0.4658,0
xfer_meta+inflight,54,24,3,20.955,0.8279,0.4405,0
xfer_meta+inflight,55,25,0,21.506,0.8405,0.4520,0
xfer_meta+inflight,55,25,1,22.205,0.8491,0.4531,0
xfer_meta+inflight,55,25,2,22.171,0.8427,0.4608,0
xfer_meta+inflight,55,25,3,22.243,0.8429,0.4429,0
xfer_meta+inflight,56,26,0,22.145,0.8430,0.4478,0
xfer_meta+inflight,56,26,1,22.452,0.8497,0.4517,0
xfer_meta+inflight,56,26,2,22.071,0.8435,0.4640,0
xfer_meta+inflight,56,26,3,22.151,0.8447,0.4480,0
xfer_meta+inflight,57,27,0,21.585,0.8509,0.4549,0
xfer_meta+inflight,57,27,1,21.365,0.8519,0.4589,0
xfer_meta+inflight,57,27,2,21.454,0.8518,0.4662,0
xfer_meta+inflight,57,27,3,21.376,0.8506,0.4528,0
xfer_meta+inflight,58,28,0,21.454,0.8526,0.4496,0
xfer_meta+inflight,58,28,1,21.475,0.8549,0.4490,0
xfer_meta+inflight,58,28,2,21.138,0.8511,0.4579,0
xfer_meta+inflight,58,28,3,21.066,0.8488,0.4520,0
xfer_meta+inflight,59,29,0,21.269,0.8556,0.4268,0
xfer_meta+inflight,59,29,1,21.727,0.8655,0.4265,0
xfer_meta+inflight,59,29,2,19.432,0.8107,0.4298,0
xfer_meta+inflight,59,29,3,19.485,0.8046,0.4215,0
xfer_meta+inflight,60,30,0,20.694,0.8348,0.4425,0
xfer_meta+inflight,60,30,1,21.110,0.8417,0.4378,0
xfer_meta+inflight,60,30,2,21.145,0.8417,0.4516,0
xfer_meta+inflight,60,30,3,21.117,0.8401,0.4506,0
xfer_meta+inflight,61,31,0,21.750,0.8458,0.4595,0
xfer_meta+inflight,61,31,1,22.159,0.8495,0.4628,0
xfer_meta+inflight,61,31,2,22.044,0.8470,0.4701,0
xfer_meta+inflight,61,31,3,21.979,0.8436,0.4602,0
xfer_meta+inflight,62,32,0,22.407,0.8493,0.4655,0
xfer_meta+inflight,62,32,1,22.606,0.8522,0.4679,0
xfer_meta+inflight,62,32,2,22.470,0.8493,0.4749,0
xfer_meta+inflight,62,32,3,22.385,0.8462,0.4653,0
xfer_meta+inflight,63,33,0,22.663,0.8490,0.4655,0
xfer_meta+inflight,63,33,1,22.766,0.8507,0.4656,0
xfer_meta+inflight,63,33,2,22.719,0.8489,0.4708,0
xfer_meta+inflight,63,33,3,22.643,0.8471,0.4619,0
xfer_meta+inflight,64,34,0,22.652,0.8476,0.4612,0
xfer_meta+inflight,64,34,1,22.619,0.8473,0.4603,0
xfer_meta+inflight,64,34,2,22.392,0.8424,0.4648,0
xfer_meta+inflight,64,34,3,22.332,0.8402,0.4591,0
xfer_meta+inflight,65,35,0,22.504,0.8394,0.4613,0
xfer_meta+inflight,65,35,1,22.546,0.8396,0.4603,0
xfer_meta+inflight,65,35,2,22.218,0.8355,0.4665,0
xfer_meta+inflight,65,35,3,22.142,0.8334,0.4579,0
xfer_meta+inflight,66,36,0,22.207,0.8305,0.4573,0
xfer_meta+inflight,66,36,1,22.093,0.8289,0.4540,0
xfer_meta+inflight,66,36,2,21.863,0.8256,0.4584,0
xfer_meta+inflight,66,36,3,21.780,0.8243,0.4498,0
xfer_meta+inflight,67,37,0,21.431,0.8245,0.4544,0
xfer_meta+inflight,67,37,1,20.841,0.8230,0.4528,0
xfer_meta+inflight,67,37,2,20.887,0.8216,0.4592,0
xfer_meta+inflight,67,37,3,21.014,0.8196,0.4568,0
xfer_meta+inflight,68,38,0,21.468,0.8221,0.4550,0
xfer_meta+inflight,68,38,1,21.577,0.8231,0.4586,0
xfer_meta+inflight,68,38,2,21.291,0.8170,0.4627,0
xfer_meta+inflight,68,38,3,21.195,0.8140,0.4644,0
xfer_meta+inflight,69,39,0,21.715,0.8241,0.4562,0
xfer_meta+inflight,69,39,1,21.797,0.8252,0.4570,0
xfer_meta+inflight,69,39,2,21.615,0.8222,0.4606,0
xfer_meta+inflight,69,39,3,21.576,0.8200,0.4610,0
drop_kv_recent,0,-30,0,99.000,,,0
drop_kv_recent,0,-30,1,99.000,,,0
drop_kv_recent,0,-30,2,99.000,,,0
drop_kv_recent,0,-30,3,99.000,,,0
drop_kv_recent,1,-29,0,99.000,,,0
drop_kv_recent,1,-29,1,99.000,,,0
drop_kv_recent,1,-29,2,99.000,,,0
drop_kv_recent,1,-29,3,99.000,,,0
drop_kv_recent,2,-28,0,99.000,,,0
drop_kv_recent,2,-28,1,99.000,,,0
drop_kv_recent,2,-28,2,99.000,,,0
drop_kv_recent,2,-28,3,99.000,,,0
drop_kv_recent,3,-27,0,99.000,,,0
drop_kv_recent,3,-27,1,99.000,,,0
drop_kv_recent,3,-27,2,99.000,,,0
drop_kv_recent,3,-27,3,99.000,,,0
drop_kv_recent,4,-26,0,99.000,,,0
drop_kv_recent,4,-26,1,99.000,,,0
drop_kv_recent,4,-26,2,99.000,,,0
drop_kv_recent,4,-26,3,99.000,,,0
drop_kv_recent,5,-25,0,99.000,,,0
drop_kv_recent,5,-25,1,99.000,,,0
drop_kv_recent,5,-25,2,99.000,,,0
drop_kv_recent,5,-25,3,99.000,,,0
drop_kv_recent,6,-24,0,99.000,,,0
drop_kv_recent,6,-24,1,99.000,,,0
drop_kv_recent,6,-24,2,99.000,,,0
drop_kv_recent,6,-24,3,99.000,,,0
drop_kv_recent,7,-23,0,99.000,,,0
drop_kv_recent,7,-23,1,99.000,,,0
drop_kv_recent,7,-23,2,99.000,,,0
drop_kv_recent,7,-23,3,99.000,,,0
drop_kv_recent,8,-22,0,99.000,,,0
drop_kv_recent,8,-22,1,99.000,,,0
drop_kv_recent,8,-22,2,99.000,,,0
drop_kv_recent,8,-22,3,99.000,,,0
drop_kv_recent,9,-21,0,99.000,,,0
drop_kv_recent,9,-21,1,99.000,,,0
drop_kv_recent,9,-21,2,99.000,,,0
drop_kv_recent,9,-21,3,99.000,,,0
drop_kv_recent,10,-20,0,99.000,,,0
drop_kv_recent,10,-20,1,99.000,,,0
drop_kv_recent,10,-20,2,99.000,,,0
drop_kv_recent,10,-20,3,99.000,,,0
drop_kv_recent,11,-19,0,99.000,,,0
drop_kv_recent,11,-19,1,99.000,,,0
drop_kv_recent,11,-19,2,99.000,,,0
drop_kv_recent,11,-19,3,99.000,,,0
drop_kv_recent,12,-18,0,99.000,,,0
drop_kv_recent,12,-18,1,99.000,,,0
drop_kv_recent,12,-18,2,99.000,,,0
drop_kv_recent,12,-18,3,99.000,,,0
drop_kv_recent,13,-17,0,99.000,,,0
drop_kv_recent,13,-17,1,99.000,,,0
drop_kv_recent,13,-17,2,99.000,,,0
drop_kv_recent,13,-17,3,99.000,,,0
drop_kv_recent,14,-16,0,99.000,,,0
drop_kv_recent,14,-16,1,99.000,,,0
drop_kv_recent,14,-16,2,99.000,,,0
drop_kv_recent,14,-16,3,99.000,,,0
drop_kv_recent,15,-15,0,99.000,,,0
drop_kv_recent,15,-15,1,99.000,,,0
drop_kv_recent,15,-15,2,99.000,,,0
drop_kv_recent,15,-15,3,99.000,,,0
drop_kv_recent,16,-14,0,99.000,,,0
drop_kv_recent,16,-14,1,99.000,,,0
drop_kv_recent,16,-14,2,99.000,,,0
drop_kv_recent,16,-14,3,99.000,,,0
drop_kv_recent,17,-13,0,99.000,,,0
drop_kv_recent,17,-13,1,99.000,,,0
drop_kv_recent,17,-13,2,99.000,,,0
drop_kv_recent,17,-13,3,99.000,,,0
drop_kv_recent,18,-12,0,99.000,,,0
drop_kv_recent,18,-12,1,99.000,,,0
drop_kv_recent,18,-12,2,99.000,,,0
drop_kv_recent,18,-12,3,99.000,,,0
drop_kv_recent,19,-11,0,99.000,,,0
drop_kv_recent,19,-11,1,99.000,,,0
drop_kv_recent,19,-11,2,99.000,,,0
drop_kv_recent,19,-11,3,99.000,,,0
drop_kv_recent,20,-10,0,99.000,,,0
drop_kv_recent,20,-10,1,99.000,,,0
drop_kv_recent,20,-10,2,99.000,,,0
drop_kv_recent,20,-10,3,99.000,,,0
drop_kv_recent,21,-9,0,99.000,,,0
drop_kv_recent,21,-9,1,99.000,,,0
drop_kv_recent,21,-9,2,99.000,,,0
drop_kv_recent,21,-9,3,99.000,,,0
drop_kv_recent,22,-8,0,99.000,,,0
drop_kv_recent,22,-8,1,99.000,,,0
drop_kv_recent,22,-8,2,99.000,,,0
drop_kv_recent,22,-8,3,99.000,,,0
drop_kv_recent,23,-7,0,99.000,,,0
drop_kv_recent,23,-7,1,99.000,,,0
drop_kv_recent,23,-7,2,99.000,,,0
drop_kv_recent,23,-7,3,99.000,,,0
drop_kv_recent,24,-6,0,99.000,,,0
drop_kv_recent,24,-6,1,99.000,,,0
drop_kv_recent,24,-6,2,99.000,,,0
drop_kv_recent,24,-6,3,99.000,,,0
drop_kv_recent,25,-5,0,99.000,,,0
drop_kv_recent,25,-5,1,99.000,,,0
drop_kv_recent,25,-5,2,99.000,,,0
drop_kv_recent,25,-5,3,99.000,,,0
drop_kv_recent,26,-4,0,99.000,,,0
drop_kv_recent,26,-4,1,99.000,,,0
drop_kv_recent,26,-4,2,99.000,,,0
drop_kv_recent,26,-4,3,99.000,,,0
drop_kv_recent,27,-3,0,99.000,,,0
drop_kv_recent,27,-3,1,99.000,,,0
drop_kv_recent,27,-3,2,99.000,,,0
drop_kv_recent,27,-3,3,99.000,,,0
drop_kv_recent,28,-2,0,99.000,,,0
drop_kv_recent,28,-2,1,99.000,,,0
drop_kv_recent,28,-2,2,99.000,,,0
drop_kv_recent,28,-2,3,99.000,,,0
drop_kv_recent,29,-1,0,99.000,,,0
drop_kv_recent,29,-1,1,99.000,,,0
drop_kv_recent,29,-1,2,99.000,,,0
drop_kv_recent,29,-1,3,99.000,,,0
drop_kv_recent,30,0,0,22.190,0.8159,0.4440,0
drop_kv_recent,30,0,1,21.565,0.7987,0.4524,0
drop_kv_recent,30,0,2,21.144,0.7791,0.4506,0
drop_kv_recent,30,0,3,20.702,0.7661,0.4484,0
drop_kv_recent,31,1,0,21.730,0.8346,0.4351,0
drop_kv_recent,31,1,1,22.747,0.8622,0.4483,0
drop_kv_recent,31,1,2,22.810,0.8689,0.4412,0
drop_kv_recent,31,1,3,22.672,0.8676,0.4361,0
drop_kv_recent,32,2,0,23.743,0.8926,0.4295,0
drop_kv_recent,32,2,1,25.894,0.9124,0.4477,0
drop_kv_recent,32,2,2,25.905,0.9141,0.4432,0
drop_kv_recent,32,2,3,25.779,0.9121,0.4350,0
drop_kv_recent,33,3,0,27.584,0.9396,0.4411,0
drop_kv_recent,33,3,1,29.685,0.9541,0.4552,0
drop_kv_recent,33,3,2,29.960,0.9568,0.4572,0
drop_kv_recent,33,3,3,29.650,0.9543,0.4527,0
drop_kv_recent,34,4,0,31.920,0.9700,0.4471,0
drop_kv_recent,34,4,1,32.869,0.9756,0.4650,0
drop_kv_recent,34,4,2,31.836,0.9737,0.4565,0
drop_kv_recent,34,4,3,31.639,0.9727,0.4517,0
drop_kv_recent,35,5,0,33.740,0.9804,0.4464,0
drop_kv_recent,35,5,1,35.691,0.9859,0.4598,0
drop_kv_recent,35,5,2,35.216,0.9853,0.4530,0
drop_kv_recent,35,5,3,35.684,0.9858,0.4465,0
drop_kv_recent,36,6,0,36.720,0.9878,0.4424,0
drop_kv_recent,36,6,1,38.290,0.9903,0.4574,0
drop_kv_recent,36,6,2,38.244,0.9901,0.4534,0
drop_kv_recent,36,6,3,37.873,0.9896,0.4485,0
drop_kv_recent,37,7,0,40.825,0.9934,0.4540,0
drop_kv_recent,37,7,1,41.585,0.9940,0.4595,0
drop_kv_recent,37,7,2,42.129,0.9945,0.4573,0
drop_kv_recent,37,7,3,42.000,0.9944,0.4546,0
drop_kv_recent,38,8,0,43.827,0.9955,0.4483,0
drop_kv_recent,38,8,1,44.691,0.9958,0.4556,0
drop_kv_recent,38,8,2,44.167,0.9958,0.4613,0
drop_kv_recent,38,8,3,43.916,0.9957,0.4493,0
drop_kv_recent,39,9,0,44.680,0.9960,0.4356,0
drop_kv_recent,39,9,1,47.021,0.9969,0.4268,0
drop_kv_recent,39,9,2,46.245,0.9968,0.4383,0
drop_kv_recent,39,9,3,46.062,0.9967,0.4367,0
drop_kv_recent,40,10,0,48.664,0.9976,0.4395,0
drop_kv_recent,40,10,1,49.123,0.9977,0.4496,0
drop_kv_recent,40,10,2,49.101,0.9977,0.4549,0
drop_kv_recent,40,10,3,49.124,0.9977,0.4552,0
drop_kv_recent,41,11,0,49.623,0.9978,0.4584,0
drop_kv_recent,41,11,1,48.923,0.9977,0.4645,0
drop_kv_recent,41,11,2,48.745,0.9976,0.4650,0
drop_kv_recent,41,11,3,48.587,0.9975,0.4628,0
drop_kv_recent,42,12,0,49.883,0.9978,0.4687,0
drop_kv_recent,42,12,1,49.881,0.9978,0.4748,0
drop_kv_recent,42,12,2,49.753,0.9978,0.4714,0
drop_kv_recent,42,12,3,49.556,0.9977,0.4713,0
drop_kv_recent,43,13,0,50.158,0.9979,0.4679,0
drop_kv_recent,43,13,1,49.985,0.9979,0.4738,0
drop_kv_recent,43,13,2,49.055,0.9977,0.4709,0
drop_kv_recent,43,13,3,49.080,0.9976,0.4684,0
drop_kv_recent,44,14,0,50.564,0.9981,0.4680,0
drop_kv_recent,44,14,1,50.619,0.9981,0.4686,0
drop_kv_recent,44,14,2,50.283,0.9980,0.4674,0
drop_kv_recent,44,14,3,49.943,0.9979,0.4643,0
drop_kv_recent,45,15,0,50.647,0.9982,0.4599,0
drop_kv_recent,45,15,1,50.655,0.9982,0.4643,0
drop_kv_recent,45,15,2,50.318,0.9982,0.4641,0
drop_kv_recent,45,15,3,50.225,0.9981,0.4569,0
drop_kv_recent,46,16,0,50.731,0.9983,0.4571,0
drop_kv_recent,46,16,1,50.548,0.9982,0.4601,0
drop_kv_recent,46,16,2,50.020,0.9982,0.4588,0
drop_kv_recent,46,16,3,49.838,0.9981,0.4560,0
drop_kv_recent,47,17,0,50.256,0.9983,0.4542,0
drop_kv_recent,47,17,1,50.074,0.9983,0.4582,0
drop_kv_recent,47,17,2,49.710,0.9982,0.4619,0
drop_kv_recent,47,17,3,49.605,0.9981,0.4581,0
drop_kv_recent,48,18,0,50.174,0.9983,0.4626,0
drop_kv_recent,48,18,1,50.376,0.9983,0.4651,0
drop_kv_recent,48,18,2,50.043,0.9982,0.4718,0
drop_kv_recent,48,18,3,49.566,0.9982,0.4648,0
drop_kv_recent,49,19,0,50.478,0.9983,0.4601,0
drop_kv_recent,49,19,1,50.313,0.9983,0.4629,0
drop_kv_recent,49,19,2,49.744,0.9982,0.4686,0
drop_kv_recent,49,19,3,49.766,0.9982,0.4617,0
drop_kv_recent,50,20,0,50.292,0.9983,0.4546,0
drop_kv_recent,50,20,1,50.599,0.9983,0.4534,0
drop_kv_recent,50,20,2,49.888,0.9983,0.4614,0
drop_kv_recent,50,20,3,49.967,0.9983,0.4415,0
drop_kv_recent,51,21,0,50.634,0.9983,0.4405,0
drop_kv_recent,51,21,1,50.300,0.9983,0.4463,0
drop_kv_recent,51,21,2,49.146,0.9981,0.4522,0
drop_kv_recent,51,21,3,48.629,0.9981,0.4389,0
drop_kv_recent,52,22,0,50.394,0.9983,0.4415,0
drop_kv_recent,52,22,1,51.105,0.9983,0.4474,0
drop_kv_recent,52,22,2,50.017,0.9983,0.4560,0
drop_kv_recent,52,22,3,49.928,0.9983,0.4448,0
drop_kv_recent,53,23,0,50.665,0.9984,0.4431,0
drop_kv_recent,53,23,1,50.646,0.9984,0.4552,0
drop_kv_recent,53,23,2,50.333,0.9983,0.4650,0
drop_kv_recent,53,23,3,50.018,0.9983,0.4486,0
drop_kv_recent,54,24,0,51.252,0.9984,0.4506,0
drop_kv_recent,54,24,1,51.490,0.9984,0.4582,0
drop_kv_recent,54,24,2,50.741,0.9983,0.4696,0
drop_kv_recent,54,24,3,49.955,0.9982,0.4500,0
drop_kv_recent,55,25,0,51.763,0.9984,0.4549,0
drop_kv_recent,55,25,1,51.798,0.9984,0.4569,0
drop_kv_recent,55,25,2,50.903,0.9983,0.4648,0
drop_kv_recent,55,25,3,50.496,0.9982,0.4483,0
drop_kv_recent,56,26,0,51.717,0.9984,0.4549,0
drop_kv_recent,56,26,1,51.692,0.9984,0.4569,0
drop_kv_recent,56,26,2,50.381,0.9983,0.4649,0
drop_kv_recent,56,26,3,50.524,0.9982,0.4498,0
drop_kv_recent,57,27,0,51.305,0.9984,0.4572,0
drop_kv_recent,57,27,1,51.271,0.9983,0.4620,0
drop_kv_recent,57,27,2,50.688,0.9983,0.4702,0
drop_kv_recent,57,27,3,50.105,0.9982,0.4591,0
drop_kv_recent,58,28,0,51.097,0.9983,0.4556,0
drop_kv_recent,58,28,1,50.733,0.9983,0.4559,0
drop_kv_recent,58,28,2,50.303,0.9982,0.4703,0
drop_kv_recent,58,28,3,50.011,0.9982,0.4648,0
drop_kv_recent,59,29,0,50.613,0.9982,0.4328,0
drop_kv_recent,59,29,1,51.577,0.9982,0.4347,0
drop_kv_recent,59,29,2,48.407,0.9980,0.4446,0
drop_kv_recent,59,29,3,48.016,0.9979,0.4347,0
drop_kv_recent,60,30,0,49.899,0.9982,0.4491,0
drop_kv_recent,60,30,1,49.695,0.9982,0.4461,0
drop_kv_recent,60,30,2,49.424,0.9981,0.4601,0
drop_kv_recent,60,30,3,49.321,0.9980,0.4580,0
drop_kv_recent,61,31,0,48.957,0.9979,0.4645,0
drop_kv_recent,61,31,1,48.307,0.9978,0.4680,0
drop_kv_recent,61,31,2,46.777,0.9974,0.4734,0
drop_kv_recent,61,31,3,45.836,0.9973,0.4653,0
drop_kv_recent,62,32,0,47.990,0.9978,0.4701,0
drop_kv_recent,62,32,1,47.885,0.9978,0.4740,0
drop_kv_recent,62,32,2,47.330,0.9977,0.4802,0
drop_kv_recent,62,32,3,47.405,0.9976,0.4721,0
drop_kv_recent,63,33,0,49.497,0.9981,0.4723,0
drop_kv_recent,63,33,1,50.120,0.9981,0.4720,0
drop_kv_recent,63,33,2,49.861,0.9980,0.4776,0
drop_kv_recent,63,33,3,49.752,0.9980,0.4704,0
drop_kv_recent,64,34,0,50.912,0.9983,0.4694,0
drop_kv_recent,64,34,1,51.150,0.9983,0.4689,0
drop_kv_recent,64,34,2,50.777,0.9982,0.4740,0
drop_kv_recent,64,34,3,50.766,0.9982,0.4692,0
drop_kv_recent,65,35,0,51.519,0.9984,0.4695,0
drop_kv_recent,65,35,1,51.869,0.9984,0.4685,0
drop_kv_recent,65,35,2,51.188,0.9983,0.4737,0
drop_kv_recent,65,35,3,51.125,0.9983,0.4665,0
drop_kv_recent,66,36,0,51.717,0.9984,0.4640,0
drop_kv_recent,66,36,1,51.448,0.9984,0.4597,0
drop_kv_recent,66,36,2,51.125,0.9983,0.4650,0
drop_kv_recent,66,36,3,51.032,0.9983,0.4586,0
drop_kv_recent,67,37,0,50.447,0.9984,0.4602,0
drop_kv_recent,67,37,1,51.152,0.9984,0.4607,0
drop_kv_recent,67,37,2,50.761,0.9983,0.4659,0
drop_kv_recent,67,37,3,50.382,0.9982,0.4626,0
drop_kv_recent,68,38,0,51.035,0.9984,0.4609,0
drop_kv_recent,68,38,1,50.914,0.9983,0.4653,0
drop_kv_recent,68,38,2,50.344,0.9983,0.4685,0
drop_kv_recent,68,38,3,49.304,0.9981,0.4689,0
drop_kv_recent,69,39,0,51.593,0.9984,0.4627,0
drop_kv_recent,69,39,1,51.307,0.9984,0.4622,0
drop_kv_recent,69,39,2,50.609,0.9983,0.4641,0
drop_kv_recent,69,39,3,50.488,0.9983,0.4631,0
drop_vae_all,0,-30,0,99.000,,,0
drop_vae_all,0,-30,1,99.000,,,0
drop_vae_all,0,-30,2,99.000,,,0
drop_vae_all,0,-30,3,99.000,,,0
drop_vae_all,1,-29,0,99.000,,,0
drop_vae_all,1,-29,1,99.000,,,0
drop_vae_all,1,-29,2,99.000,,,0
drop_vae_all,1,-29,3,99.000,,,0
drop_vae_all,2,-28,0,99.000,,,0
drop_vae_all,2,-28,1,99.000,,,0
drop_vae_all,2,-28,2,99.000,,,0
drop_vae_all,2,-28,3,99.000,,,0
drop_vae_all,3,-27,0,99.000,,,0
drop_vae_all,3,-27,1,99.000,,,0
drop_vae_all,3,-27,2,99.000,,,0
drop_vae_all,3,-27,3,99.000,,,0
drop_vae_all,4,-26,0,99.000,,,0
drop_vae_all,4,-26,1,99.000,,,0
drop_vae_all,4,-26,2,99.000,,,0
drop_vae_all,4,-26,3,99.000,,,0
drop_vae_all,5,-25,0,99.000,,,0
drop_vae_all,5,-25,1,99.000,,,0
drop_vae_all,5,-25,2,99.000,,,0
drop_vae_all,5,-25,3,99.000,,,0
drop_vae_all,6,-24,0,99.000,,,0
drop_vae_all,6,-24,1,99.000,,,0
drop_vae_all,6,-24,2,99.000,,,0
drop_vae_all,6,-24,3,99.000,,,0
drop_vae_all,7,-23,0,99.000,,,0
drop_vae_all,7,-23,1,99.000,,,0
drop_vae_all,7,-23,2,99.000,,,0
drop_vae_all,7,-23,3,99.000,,,0
drop_vae_all,8,-22,0,99.000,,,0
drop_vae_all,8,-22,1,99.000,,,0
drop_vae_all,8,-22,2,99.000,,,0
drop_vae_all,8,-22,3,99.000,,,0
drop_vae_all,9,-21,0,99.000,,,0
drop_vae_all,9,-21,1,99.000,,,0
drop_vae_all,9,-21,2,99.000,,,0
drop_vae_all,9,-21,3,99.000,,,0
drop_vae_all,10,-20,0,99.000,,,0
drop_vae_all,10,-20,1,99.000,,,0
drop_vae_all,10,-20,2,99.000,,,0
drop_vae_all,10,-20,3,99.000,,,0
drop_vae_all,11,-19,0,99.000,,,0
drop_vae_all,11,-19,1,99.000,,,0
drop_vae_all,11,-19,2,99.000,,,0
drop_vae_all,11,-19,3,99.000,,,0
drop_vae_all,12,-18,0,99.000,,,0
drop_vae_all,12,-18,1,99.000,,,0
drop_vae_all,12,-18,2,99.000,,,0
drop_vae_all,12,-18,3,99.000,,,0
drop_vae_all,13,-17,0,99.000,,,0
drop_vae_all,13,-17,1,99.000,,,0
drop_vae_all,13,-17,2,99.000,,,0
drop_vae_all,13,-17,3,99.000,,,0
drop_vae_all,14,-16,0,99.000,,,0
drop_vae_all,14,-16,1,99.000,,,0
drop_vae_all,14,-16,2,99.000,,,0
drop_vae_all,14,-16,3,99.000,,,0
drop_vae_all,15,-15,0,99.000,,,0
drop_vae_all,15,-15,1,99.000,,,0
drop_vae_all,15,-15,2,99.000,,,0
drop_vae_all,15,-15,3,99.000,,,0
drop_vae_all,16,-14,0,99.000,,,0
drop_vae_all,16,-14,1,99.000,,,0
drop_vae_all,16,-14,2,99.000,,,0
drop_vae_all,16,-14,3,99.000,,,0
drop_vae_all,17,-13,0,99.000,,,0
drop_vae_all,17,-13,1,99.000,,,0
drop_vae_all,17,-13,2,99.000,,,0
drop_vae_all,17,-13,3,99.000,,,0
drop_vae_all,18,-12,0,99.000,,,0
drop_vae_all,18,-12,1,99.000,,,0
drop_vae_all,18,-12,2,99.000,,,0
drop_vae_all,18,-12,3,99.000,,,0
drop_vae_all,19,-11,0,99.000,,,0
drop_vae_all,19,-11,1,99.000,,,0
drop_vae_all,19,-11,2,99.000,,,0
drop_vae_all,19,-11,3,99.000,,,0
drop_vae_all,20,-10,0,99.000,,,0
drop_vae_all,20,-10,1,99.000,,,0
drop_vae_all,20,-10,2,99.000,,,0
drop_vae_all,20,-10,3,99.000,,,0
drop_vae_all,21,-9,0,99.000,,,0
drop_vae_all,21,-9,1,99.000,,,0
drop_vae_all,21,-9,2,99.000,,,0
drop_vae_all,21,-9,3,99.000,,,0
drop_vae_all,22,-8,0,99.000,,,0
drop_vae_all,22,-8,1,99.000,,,0
drop_vae_all,22,-8,2,99.000,,,0
drop_vae_all,22,-8,3,99.000,,,0
drop_vae_all,23,-7,0,99.000,,,0
drop_vae_all,23,-7,1,99.000,,,0
drop_vae_all,23,-7,2,99.000,,,0
drop_vae_all,23,-7,3,99.000,,,0
drop_vae_all,24,-6,0,99.000,,,0
drop_vae_all,24,-6,1,99.000,,,0
drop_vae_all,24,-6,2,99.000,,,0
drop_vae_all,24,-6,3,99.000,,,0
drop_vae_all,25,-5,0,99.000,,,0
drop_vae_all,25,-5,1,99.000,,,0
drop_vae_all,25,-5,2,99.000,,,0
drop_vae_all,25,-5,3,99.000,,,0
drop_vae_all,26,-4,0,99.000,,,0
drop_vae_all,26,-4,1,99.000,,,0
drop_vae_all,26,-4,2,99.000,,,0
drop_vae_all,26,-4,3,99.000,,,0
drop_vae_all,27,-3,0,99.000,,,0
drop_vae_all,27,-3,1,99.000,,,0
drop_vae_all,27,-3,2,99.000,,,0
drop_vae_all,27,-3,3,99.000,,,0
drop_vae_all,28,-2,0,99.000,,,0
drop_vae_all,28,-2,1,99.000,,,0
drop_vae_all,28,-2,2,99.000,,,0
drop_vae_all,28,-2,3,99.000,,,0
drop_vae_all,29,-1,0,99.000,,,0
drop_vae_all,29,-1,1,99.000,,,0
drop_vae_all,29,-1,2,99.000,,,0
drop_vae_all,29,-1,3,99.000,,,0
drop_vae_all,30,0,0,17.246,0.5142,0.3793,0
drop_vae_all,30,0,1,16.852,0.4650,0.3466,0
drop_vae_all,30,0,2,19.219,0.7151,0.4189,0
drop_vae_all,30,0,3,20.295,0.7701,0.4086,0
drop_vae_all,31,1,0,22.154,0.8656,0.4189,0
drop_vae_all,31,1,1,23.646,0.9024,0.4385,0
drop_vae_all,31,1,2,23.758,0.9080,0.4486,0
drop_vae_all,31,1,3,23.725,0.9068,0.4446,0
drop_vae_all,32,2,0,25.547,0.9151,0.4433,0
drop_vae_all,32,2,1,26.141,0.9186,0.4598,0
drop_vae_all,32,2,2,24.066,0.8683,0.4749,0
drop_vae_all,32,2,3,23.830,0.8596,0.4675,0
drop_vae_all,33,3,0,28.609,0.9492,0.4359,0
drop_vae_all,33,3,1,30.397,0.9571,0.4465,0
drop_vae_all,33,3,2,31.476,0.9549,0.4390,0
drop_vae_all,33,3,3,30.797,0.9484,0.4318,0
drop_vae_all,34,4,0,33.788,0.9662,0.4367,0
drop_vae_all,34,4,1,34.463,0.9682,0.4552,0
drop_vae_all,34,4,2,34.131,0.9670,0.4442,0
drop_vae_all,34,4,3,33.774,0.9655,0.4409,0
drop_vae_all,35,5,0,37.207,0.9807,0.4433,0
drop_vae_all,35,5,1,37.525,0.9827,0.4568,0
drop_vae_all,35,5,2,37.029,0.9849,0.4520,0
drop_vae_all,35,5,3,36.649,0.9851,0.4467,0
drop_vae_all,36,6,0,39.519,0.9870,0.4431,0
drop_vae_all,36,6,1,40.380,0.9880,0.4551,0
drop_vae_all,36,6,2,39.884,0.9879,0.4520,0
drop_vae_all,36,6,3,39.874,0.9873,0.4471,0
drop_vae_all,37,7,0,40.455,0.9878,0.4505,0
drop_vae_all,37,7,1,40.387,0.9877,0.4564,0
drop_vae_all,37,7,2,40.027,0.9876,0.4537,0
drop_vae_all,37,7,3,39.962,0.9878,0.4511,0
drop_vae_all,38,8,0,41.048,0.9893,0.4470,0
drop_vae_all,38,8,1,41.357,0.9895,0.4538,0
drop_vae_all,38,8,2,41.230,0.9895,0.4606,0
drop_vae_all,38,8,3,41.223,0.9894,0.4487,0
drop_vae_all,39,9,0,42.216,0.9911,0.4346,0
drop_vae_all,39,9,1,43.604,0.9937,0.4276,0
drop_vae_all,39,9,2,43.843,0.9946,0.4394,0
drop_vae_all,39,9,3,43.292,0.9937,0.4376,0
drop_vae_all,40,10,0,45.732,0.9957,0.4404,0
drop_vae_all,40,10,1,46.037,0.9959,0.4505,0
drop_vae_all,40,10,2,45.870,0.9960,0.4560,0
drop_vae_all,40,10,3,45.786,0.9959,0.4562,0
drop_vae_all,41,11,0,46.480,0.9960,0.4588,0
drop_vae_all,41,11,1,46.419,0.9960,0.4647,0
drop_vae_all,41,11,2,46.098,0.9960,0.4652,0
drop_vae_all,41,11,3,45.960,0.9959,0.4629,0
drop_vae_all,42,12,0,46.796,0.9963,0.4686,0
drop_vae_all,42,12,1,46.844,0.9964,0.4746,0
drop_vae_all,42,12,2,46.817,0.9963,0.4714,0
drop_vae_all,42,12,3,46.770,0.9963,0.4713,0
drop_vae_all,43,13,0,47.929,0.9967,0.4681,0
drop_vae_all,43,13,1,47.994,0.9968,0.4738,0
drop_vae_all,43,13,2,47.853,0.9968,0.4710,0
drop_vae_all,43,13,3,47.705,0.9966,0.4685,0
drop_vae_all,44,14,0,48.953,0.9973,0.4682,0
drop_vae_all,44,14,1,48.748,0.9972,0.4689,0
drop_vae_all,44,14,2,48.536,0.9973,0.4678,0
drop_vae_all,44,14,3,48.236,0.9972,0.4646,0
drop_vae_all,45,15,0,49.088,0.9977,0.4600,0
drop_vae_all,45,15,1,48.805,0.9977,0.4642,0
drop_vae_all,45,15,2,48.567,0.9977,0.4640,0
drop_vae_all,45,15,3,48.551,0.9976,0.4569,0
drop_vae_all,46,16,0,49.594,0.9979,0.4572,0
drop_vae_all,46,16,1,49.458,0.9979,0.4602,0
drop_vae_all,46,16,2,48.517,0.9978,0.4589,0
drop_vae_all,46,16,3,48.485,0.9978,0.4561,0
drop_vae_all,47,17,0,48.970,0.9980,0.4543,0
drop_vae_all,47,17,1,48.805,0.9980,0.4582,0
drop_vae_all,47,17,2,48.140,0.9978,0.4621,0
drop_vae_all,47,17,3,47.930,0.9978,0.4582,0
drop_vae_all,48,18,0,49.327,0.9980,0.4627,0
drop_vae_all,48,18,1,49.095,0.9980,0.4652,0
drop_vae_all,48,18,2,48.810,0.9979,0.4718,0
drop_vae_all,48,18,3,48.341,0.9978,0.4647,0
drop_vae_all,49,19,0,49.215,0.9980,0.4602,0
drop_vae_all,49,19,1,49.353,0.9981,0.4629,0
drop_vae_all,49,19,2,48.895,0.9980,0.4686,0
drop_vae_all,49,19,3,48.630,0.9979,0.4617,0
drop_vae_all,50,20,0,49.264,0.9981,0.4546,0
drop_vae_all,50,20,1,49.582,0.9981,0.4534,0
drop_vae_all,50,20,2,49.122,0.9980,0.4614,0
drop_vae_all,50,20,3,48.976,0.9980,0.4414,0
drop_vae_all,51,21,0,49.541,0.9981,0.4404,0
drop_vae_all,51,21,1,49.213,0.9980,0.4463,0
drop_vae_all,51,21,2,48.582,0.9979,0.4522,0
drop_vae_all,51,21,3,47.643,0.9978,0.4389,0
drop_vae_all,52,22,0,49.515,0.9981,0.4414,0
drop_vae_all,52,22,1,49.634,0.9981,0.4474,0
drop_vae_all,52,22,2,48.585,0.9980,0.4560,0
drop_vae_all,52,22,3,48.116,0.9979,0.4448,0
drop_vae_all,53,23,0,49.427,0.9981,0.4431,0
drop_vae_all,53,23,1,49.082,0.9981,0.4551,0
drop_vae_all,53,23,2,49.456,0.9981,0.4650,0
drop_vae_all,53,23,3,48.877,0.9980,0.4486,0
drop_vae_all,54,24,0,50.056,0.9982,0.4507,0
drop_vae_all,54,24,1,50.099,0.9982,0.4582,0
drop_vae_all,54,24,2,48.529,0.9980,0.4696,0
drop_vae_all,54,24,3,48.349,0.9979,0.4502,0
drop_vae_all,55,25,0,50.599,0.9982,0.4550,0
drop_vae_all,55,25,1,50.910,0.9982,0.4570,0
drop_vae_all,55,25,2,50.095,0.9981,0.4648,0
drop_vae_all,55,25,3,49.735,0.9980,0.4483,0
drop_vae_all,56,26,0,50.471,0.9982,0.4549,0
drop_vae_all,56,26,1,50.604,0.9982,0.4568,0
drop_vae_all,56,26,2,49.336,0.9980,0.4648,0
drop_vae_all,56,26,3,49.507,0.9980,0.4499,0
drop_vae_all,57,27,0,49.720,0.9981,0.4571,0
drop_vae_all,57,27,1,49.869,0.9981,0.4619,0
drop_vae_all,57,27,2,49.254,0.9980,0.4700,0
drop_vae_all,57,27,3,49.000,0.9979,0.4588,0
drop_vae_all,58,28,0,49.822,0.9981,0.4555,0
drop_vae_all,58,28,1,49.763,0.9980,0.4558,0
drop_vae_all,58,28,2,48.868,0.9979,0.4702,0
drop_vae_all,58,28,3,48.603,0.9978,0.4646,0
drop_vae_all,59,29,0,49.305,0.9979,0.4328,0
drop_vae_all,59,29,1,49.866,0.9979,0.4348,0
drop_vae_all,59,29,2,46.663,0.9975,0.4446,0
drop_vae_all,59,29,3,46.530,0.9974,0.4347,0
drop_vae_all,60,30,0,48.475,0.9979,0.4490,0
drop_vae_all,60,30,1,48.220,0.9979,0.4460,0
drop_vae_all,60,30,2,48.031,0.9979,0.4601,0
drop_vae_all,60,30,3,48.211,0.9978,0.4580,0
drop_vae_all,61,31,0,47.914,0.9976,0.4645,0
drop_vae_all,61,31,1,47.330,0.9974,0.4680,0
drop_vae_all,61,31,2,46.017,0.9971,0.4733,0
drop_vae_all,61,31,3,45.178,0.9969,0.4652,0
drop_vae_all,62,32,0,46.315,0.9973,0.4700,0
drop_vae_all,62,32,1,46.648,0.9974,0.4739,0
drop_vae_all,62,32,2,46.025,0.9972,0.4802,0
drop_vae_all,62,32,3,46.113,0.9973,0.4720,0
drop_vae_all,63,33,0,48.389,0.9978,0.4724,0
drop_vae_all,63,33,1,48.951,0.9979,0.4720,0
drop_vae_all,63,33,2,48.928,0.9978,0.4777,0
drop_vae_all,63,33,3,48.689,0.9977,0.4703,0
drop_vae_all,64,34,0,49.976,0.9981,0.4695,0
drop_vae_all,64,34,1,49.762,0.9981,0.4690,0
drop_vae_all,64,34,2,49.463,0.9980,0.4741,0
drop_vae_all,64,34,3,49.323,0.9979,0.4694,0
drop_vae_all,65,35,0,50.633,0.9982,0.4694,0
drop_vae_all,65,35,1,50.525,0.9982,0.4684,0
drop_vae_all,65,35,2,49.819,0.9981,0.4736,0
drop_vae_all,65,35,3,49.799,0.9981,0.4665,0
drop_vae_all,66,36,0,50.293,0.9982,0.4640,0
drop_vae_all,66,36,1,50.014,0.9981,0.4597,0
drop_vae_all,66,36,2,49.819,0.9981,0.4651,0
drop_vae_all,66,36,3,49.388,0.9980,0.4586,0
drop_vae_all,67,37,0,48.716,0.9981,0.4601,0
drop_vae_all,67,37,1,49.737,0.9981,0.4606,0
drop_vae_all,67,37,2,49.527,0.9980,0.4658,0
drop_vae_all,67,37,3,49.108,0.9979,0.4625,0
drop_vae_all,68,38,0,49.633,0.9981,0.4609,0
drop_vae_all,68,38,1,49.203,0.9980,0.4652,0
drop_vae_all,68,38,2,48.360,0.9980,0.4685,0
drop_vae_all,68,38,3,47.768,0.9978,0.4689,0
drop_vae_all,69,39,0,49.848,0.9982,0.4625,0
drop_vae_all,69,39,1,49.943,0.9981,0.4621,0
drop_vae_all,69,39,2,49.331,0.9980,0.4641,0
drop_vae_all,69,39,3,49.287,0.9980,0.4630,0
ph_zero_8,0,-30,0,99.000,,,0
ph_zero_8,0,-30,1,99.000,,,0
ph_zero_8,0,-30,2,99.000,,,0
ph_zero_8,0,-30,3,99.000,,,0
ph_zero_8,1,-29,0,99.000,,,0
ph_zero_8,1,-29,1,99.000,,,0
ph_zero_8,1,-29,2,99.000,,,0
ph_zero_8,1,-29,3,99.000,,,0
ph_zero_8,2,-28,0,99.000,,,0
ph_zero_8,2,-28,1,99.000,,,0
ph_zero_8,2,-28,2,99.000,,,0
ph_zero_8,2,-28,3,99.000,,,0
ph_zero_8,3,-27,0,99.000,,,0
ph_zero_8,3,-27,1,99.000,,,0
ph_zero_8,3,-27,2,99.000,,,0
ph_zero_8,3,-27,3,99.000,,,0
ph_zero_8,4,-26,0,99.000,,,0
ph_zero_8,4,-26,1,99.000,,,0
ph_zero_8,4,-26,2,99.000,,,0
ph_zero_8,4,-26,3,99.000,,,0
ph_zero_8,5,-25,0,99.000,,,0
ph_zero_8,5,-25,1,99.000,,,0
ph_zero_8,5,-25,2,99.000,,,0
ph_zero_8,5,-25,3,99.000,,,0
ph_zero_8,6,-24,0,99.000,,,0
ph_zero_8,6,-24,1,99.000,,,0
ph_zero_8,6,-24,2,99.000,,,0
ph_zero_8,6,-24,3,99.000,,,0
ph_zero_8,7,-23,0,99.000,,,0
ph_zero_8,7,-23,1,99.000,,,0
ph_zero_8,7,-23,2,99.000,,,0
ph_zero_8,7,-23,3,99.000,,,0
ph_zero_8,8,-22,0,99.000,,,0
ph_zero_8,8,-22,1,99.000,,,0
ph_zero_8,8,-22,2,99.000,,,0
ph_zero_8,8,-22,3,99.000,,,0
ph_zero_8,9,-21,0,99.000,,,0
ph_zero_8,9,-21,1,99.000,,,0
ph_zero_8,9,-21,2,99.000,,,0
ph_zero_8,9,-21,3,99.000,,,0
ph_zero_8,10,-20,0,99.000,,,0
ph_zero_8,10,-20,1,99.000,,,0
ph_zero_8,10,-20,2,99.000,,,0
ph_zero_8,10,-20,3,99.000,,,0
ph_zero_8,11,-19,0,99.000,,,0
ph_zero_8,11,-19,1,99.000,,,0
ph_zero_8,11,-19,2,99.000,,,0
ph_zero_8,11,-19,3,99.000,,,0
ph_zero_8,12,-18,0,99.000,,,0
ph_zero_8,12,-18,1,99.000,,,0
ph_zero_8,12,-18,2,99.000,,,0
ph_zero_8,12,-18,3,99.000,,,0
ph_zero_8,13,-17,0,99.000,,,0
ph_zero_8,13,-17,1,99.000,,,0
ph_zero_8,13,-17,2,99.000,,,0
ph_zero_8,13,-17,3,99.000,,,0
ph_zero_8,14,-16,0,99.000,,,0
ph_zero_8,14,-16,1,99.000,,,0
ph_zero_8,14,-16,2,99.000,,,0
ph_zero_8,14,-16,3,99.000,,,0
ph_zero_8,15,-15,0,99.000,,,0
ph_zero_8,15,-15,1,99.000,,,0
ph_zero_8,15,-15,2,99.000,,,0
ph_zero_8,15,-15,3,99.000,,,0
ph_zero_8,16,-14,0,99.000,,,0
ph_zero_8,16,-14,1,99.000,,,0
ph_zero_8,16,-14,2,99.000,,,0
ph_zero_8,16,-14,3,99.000,,,0
ph_zero_8,17,-13,0,99.000,,,0
ph_zero_8,17,-13,1,99.000,,,0
ph_zero_8,17,-13,2,99.000,,,0
ph_zero_8,17,-13,3,99.000,,,0
ph_zero_8,18,-12,0,99.000,,,0
ph_zero_8,18,-12,1,99.000,,,0
ph_zero_8,18,-12,2,99.000,,,0
ph_zero_8,18,-12,3,99.000,,,0
ph_zero_8,19,-11,0,99.000,,,0
ph_zero_8,19,-11,1,99.000,,,0
ph_zero_8,19,-11,2,99.000,,,0
ph_zero_8,19,-11,3,99.000,,,0
ph_zero_8,20,-10,0,99.000,,,0
ph_zero_8,20,-10,1,99.000,,,0
ph_zero_8,20,-10,2,99.000,,,0
ph_zero_8,20,-10,3,99.000,,,0
ph_zero_8,21,-9,0,99.000,,,0
ph_zero_8,21,-9,1,99.000,,,0
ph_zero_8,21,-9,2,99.000,,,0
ph_zero_8,21,-9,3,99.000,,,0
ph_zero_8,22,-8,0,99.000,,,0
ph_zero_8,22,-8,1,99.000,,,0
ph_zero_8,22,-8,2,99.000,,,0
ph_zero_8,22,-8,3,99.000,,,0
ph_zero_8,23,-7,0,99.000,,,0
ph_zero_8,23,-7,1,99.000,,,0
ph_zero_8,23,-7,2,99.000,,,0
ph_zero_8,23,-7,3,99.000,,,0
ph_zero_8,24,-6,0,99.000,,,0
ph_zero_8,24,-6,1,99.000,,,0
ph_zero_8,24,-6,2,99.000,,,0
ph_zero_8,24,-6,3,99.000,,,0
ph_zero_8,25,-5,0,99.000,,,0
ph_zero_8,25,-5,1,99.000,,,0
ph_zero_8,25,-5,2,99.000,,,0
ph_zero_8,25,-5,3,99.000,,,0
ph_zero_8,26,-4,0,99.000,,,0
ph_zero_8,26,-4,1,99.000,,,0
ph_zero_8,26,-4,2,99.000,,,0
ph_zero_8,26,-4,3,99.000,,,0
ph_zero_8,27,-3,0,99.000,,,0
ph_zero_8,27,-3,1,99.000,,,0
ph_zero_8,27,-3,2,99.000,,,0
ph_zero_8,27,-3,3,99.000,,,0
ph_zero_8,28,-2,0,99.000,,,0
ph_zero_8,28,-2,1,99.000,,,0
ph_zero_8,28,-2,2,99.000,,,0
ph_zero_8,28,-2,3,99.000,,,0
ph_zero_8,29,-1,0,99.000,,,0
ph_zero_8,29,-1,1,99.000,,,0
ph_zero_8,29,-1,2,99.000,,,0
ph_zero_8,29,-1,3,99.000,,,0
ph_zero_8,30,0,0,30.760,0.9416,0.4366,0
ph_zero_8,30,0,1,27.746,0.9163,0.4440,0
ph_zero_8,30,0,2,25.972,0.8984,0.4293,0
ph_zero_8,30,0,3,25.419,0.8920,0.4230,0
ph_zero_8,31,1,0,25.037,0.8881,0.4335,0
ph_zero_8,31,1,1,24.697,0.8853,0.4483,0
ph_zero_8,31,1,2,24.106,0.8788,0.4431,0
ph_zero_8,31,1,3,23.454,0.8721,0.4358,0
ph_zero_8,32,2,0,23.074,0.8663,0.4419,0
ph_zero_8,32,2,1,22.744,0.8608,0.4616,0
ph_zero_8,32,2,2,22.308,0.8560,0.4586,0
ph_zero_8,32,2,3,21.293,0.8474,0.4488,0
ph_zero_8,33,3,0,20.063,0.8350,0.4446,0
ph_zero_8,33,3,1,20.160,0.8351,0.4560,0
ph_zero_8,33,3,2,19.604,0.8293,0.4496,0
ph_zero_8,33,3,3,18.732,0.8223,0.4413,0
ph_zero_8,34,4,0,18.925,0.8289,0.4389,0
ph_zero_8,34,4,1,19.054,0.8350,0.4533,0
ph_zero_8,34,4,2,19.163,0.8276,0.4421,0
ph_zero_8,34,4,3,19.175,0.8271,0.4369,0
ph_zero_8,35,5,0,19.801,0.8300,0.4376,0
ph_zero_8,35,5,1,20.533,0.8399,0.4504,0
ph_zero_8,35,5,2,20.259,0.8303,0.4448,0
ph_zero_8,35,5,3,20.227,0.8277,0.4351,0
ph_zero_8,36,6,0,20.264,0.8274,0.4354,0
ph_zero_8,36,6,1,21.089,0.8323,0.4503,0
ph_zero_8,36,6,2,20.116,0.8186,0.4471,0
ph_zero_8,36,6,3,20.037,0.8150,0.4391,0
ph_zero_8,37,7,0,20.238,0.8184,0.4561,0
ph_zero_8,37,7,1,20.202,0.8175,0.4645,0
ph_zero_8,37,7,2,19.760,0.8102,0.4591,0
ph_zero_8,37,7,3,19.746,0.8086,0.4536,0
ph_zero_8,38,8,0,21.098,0.8495,0.4565,0
ph_zero_8,38,8,1,22.519,0.8741,0.4696,0
ph_zero_8,38,8,2,21.720,0.8734,0.4742,0
ph_zero_8,38,8,3,21.491,0.8727,0.4618,0
ph_zero_8,39,9,0,21.302,0.8828,0.4447,0
ph_zero_8,39,9,1,26.464,0.9239,0.4283,0
ph_zero_8,39,9,2,26.019,0.9216,0.4373,0
ph_zero_8,39,9,3,25.866,0.9180,0.4344,0
ph_zero_8,40,10,0,28.768,0.9498,0.4375,0
ph_zero_8,40,10,1,29.542,0.9557,0.4481,0
ph_zero_8,40,10,2,29.979,0.9590,0.4517,0
ph_zero_8,40,10,3,29.904,0.9580,0.4528,0
ph_zero_8,41,11,0,30.843,0.9632,0.4562,0
ph_zero_8,41,11,1,31.769,0.9666,0.4627,0
ph_zero_8,41,11,2,32.534,0.9695,0.4645,0
ph_zero_8,41,11,3,32.548,0.9688,0.4629,0
ph_zero_8,42,12,0,34.144,0.9762,0.4691,0
ph_zero_8,42,12,1,34.973,0.9787,0.4750,0
ph_zero_8,42,12,2,35.785,0.9804,0.4721,0
ph_zero_8,42,12,3,35.896,0.9804,0.4724,0
ph_zero_8,43,13,0,37.751,0.9856,0.4685,0
ph_zero_8,43,13,1,38.434,0.9870,0.4740,0
ph_zero_8,43,13,2,39.139,0.9886,0.4714,0
ph_zero_8,43,13,3,39.364,0.9887,0.4691,0
ph_zero_8,44,14,0,41.673,0.9930,0.4685,0
ph_zero_8,44,14,1,42.426,0.9936,0.4691,0
ph_zero_8,44,14,2,42.842,0.9942,0.4678,0
ph_zero_8,44,14,3,42.838,0.9943,0.4647,0
ph_zero_8,45,15,0,44.233,0.9958,0.4601,0
ph_zero_8,45,15,1,44.831,0.9962,0.4645,0
ph_zero_8,45,15,2,45.474,0.9965,0.4644,0
ph_zero_8,45,15,3,45.475,0.9965,0.4571,0
ph_zero_8,46,16,0,47.077,0.9973,0.4571,0
ph_zero_8,46,16,1,47.252,0.9973,0.4602,0
ph_zero_8,46,16,2,47.156,0.9973,0.4586,0
ph_zero_8,46,16,3,47.116,0.9973,0.4557,0
ph_zero_8,47,17,0,48.017,0.9977,0.4539,0
ph_zero_8,47,17,1,48.183,0.9977,0.4580,0
ph_zero_8,47,17,2,47.938,0.9976,0.4618,0
ph_zero_8,47,17,3,47.971,0.9976,0.4579,0
ph_zero_8,48,18,0,48.934,0.9980,0.4625,0
ph_zero_8,48,18,1,49.052,0.9980,0.4650,0
ph_zero_8,48,18,2,48.864,0.9980,0.4719,0
ph_zero_8,48,18,3,48.707,0.9979,0.4648,0
ph_zero_8,49,19,0,49.820,0.9982,0.4601,0
ph_zero_8,49,19,1,49.719,0.9982,0.4629,0
ph_zero_8,49,19,2,49.393,0.9981,0.4687,0
ph_zero_8,49,19,3,49.103,0.9980,0.4617,0
ph_zero_8,50,20,0,50.171,0.9982,0.4547,0
ph_zero_8,50,20,1,50.200,0.9982,0.4535,0
ph_zero_8,50,20,2,49.680,0.9982,0.4613,0
ph_zero_8,50,20,3,49.631,0.9981,0.4414,0
ph_zero_8,51,21,0,49.817,0.9982,0.4405,0
ph_zero_8,51,21,1,49.784,0.9982,0.4463,0
ph_zero_8,51,21,2,49.691,0.9982,0.4523,0
ph_zero_8,51,21,3,49.195,0.9981,0.4389,0
ph_zero_8,52,22,0,50.133,0.9983,0.4417,0
ph_zero_8,52,22,1,50.455,0.9983,0.4475,0
ph_zero_8,52,22,2,49.959,0.9982,0.4561,0
ph_zero_8,52,22,3,49.791,0.9982,0.4449,0
ph_zero_8,53,23,0,50.539,0.9983,0.4431,0
ph_zero_8,53,23,1,50.630,0.9983,0.4552,0
ph_zero_8,53,23,2,50.389,0.9983,0.4650,0
ph_zero_8,53,23,3,49.189,0.9982,0.4486,0
ph_zero_8,54,24,0,50.782,0.9984,0.4507,0
ph_zero_8,54,24,1,51.142,0.9984,0.4584,0
ph_zero_8,54,24,2,49.699,0.9983,0.4696,0
ph_zero_8,54,24,3,49.285,0.9982,0.4501,0
ph_zero_8,55,25,0,51.390,0.9984,0.4549,0
ph_zero_8,55,25,1,51.704,0.9984,0.4569,0
ph_zero_8,55,25,2,50.640,0.9983,0.4649,0
ph_zero_8,55,25,3,50.182,0.9982,0.4481,0
ph_zero_8,56,26,0,51.287,0.9984,0.4548,0
ph_zero_8,56,26,1,51.089,0.9983,0.4568,0
ph_zero_8,56,26,2,50.168,0.9982,0.4647,0
ph_zero_8,56,26,3,50.245,0.9982,0.4498,0
ph_zero_8,57,27,0,51.001,0.9983,0.4572,0
ph_zero_8,57,27,1,51.180,0.9983,0.4620,0
ph_zero_8,57,27,2,50.563,0.9982,0.4701,0
ph_zero_8,57,27,3,50.140,0.9981,0.4589,0
ph_zero_8,58,28,0,50.981,0.9983,0.4554,0
ph_zero_8,58,28,1,50.946,0.9982,0.4557,0
ph_zero_8,58,28,2,49.605,0.9982,0.4702,0
ph_zero_8,58,28,3,49.374,0.9981,0.4647,0
ph_zero_8,59,29,0,49.458,0.9980,0.4326,0
ph_zero_8,59,29,1,49.008,0.9976,0.4346,0
ph_zero_8,59,29,2,42.955,0.9960,0.4449,0
ph_zero_8,59,29,3,42.776,0.9957,0.4350,0
ph_zero_8,60,30,0,45.036,0.9969,0.4491,0
ph_zero_8,60,30,1,45.046,0.9969,0.4459,0
ph_zero_8,60,30,2,44.669,0.9967,0.4600,0
ph_zero_8,60,30,3,44.751,0.9966,0.4579,0
ph_zero_8,61,31,0,43.441,0.9958,0.4646,0
ph_zero_8,61,31,1,42.944,0.9955,0.4681,0
ph_zero_8,61,31,2,42.222,0.9949,0.4734,0
ph_zero_8,61,31,3,41.657,0.9947,0.4654,0
ph_zero_8,62,32,0,41.685,0.9943,0.4700,0
ph_zero_8,62,32,1,41.261,0.9940,0.4741,0
ph_zero_8,62,32,2,41.003,0.9940,0.4806,0
ph_zero_8,62,32,3,40.875,0.9939,0.4724,0
ph_zero_8,63,33,0,41.881,0.9943,0.4728,0
ph_zero_8,63,33,1,42.062,0.9944,0.4725,0
ph_zero_8,63,33,2,41.823,0.9941,0.4779,0
ph_zero_8,63,33,3,41.507,0.9938,0.4704,0
ph_zero_8,64,34,0,42.337,0.9947,0.4693,0
ph_zero_8,64,34,1,42.411,0.9946,0.4690,0
ph_zero_8,64,34,2,41.683,0.9942,0.4738,0
ph_zero_8,64,34,3,41.618,0.9941,0.4691,0
ph_zero_8,65,35,0,42.236,0.9947,0.4690,0
ph_zero_8,65,35,1,41.659,0.9946,0.4682,0
ph_zero_8,65,35,2,41.450,0.9945,0.4735,0
ph_zero_8,65,35,3,41.321,0.9944,0.4664,0
ph_zero_8,66,36,0,41.912,0.9948,0.4638,0
ph_zero_8,66,36,1,42.803,0.9953,0.4596,0
ph_zero_8,66,36,2,43.387,0.9956,0.4649,0
ph_zero_8,66,36,3,43.134,0.9955,0.4585,0
ph_zero_8,67,37,0,43.335,0.9958,0.4599,0
ph_zero_8,67,37,1,43.176,0.9958,0.4605,0
ph_zero_8,67,37,2,42.835,0.9957,0.4658,0
ph_zero_8,67,37,3,41.999,0.9953,0.4626,0
ph_zero_8,68,38,0,42.358,0.9956,0.4609,0
ph_zero_8,68,38,1,43.373,0.9958,0.4652,0
ph_zero_8,68,38,2,43.120,0.9957,0.4684,0
ph_zero_8,68,38,3,42.993,0.9955,0.4691,0
ph_zero_8,69,39,0,44.001,0.9960,0.4629,0
ph_zero_8,69,39,1,43.508,0.9958,0.4626,0
ph_zero_8,69,39,2,43.161,0.9955,0.4647,0
ph_zero_8,69,39,3,42.897,0.9954,0.4637,0
ph_local_8,0,-30,0,99.000,,,0
ph_local_8,0,-30,1,99.000,,,0
ph_local_8,0,-30,2,99.000,,,0
ph_local_8,0,-30,3,99.000,,,0
ph_local_8,1,-29,0,99.000,,,0
ph_local_8,1,-29,1,99.000,,,0
ph_local_8,1,-29,2,99.000,,,0
ph_local_8,1,-29,3,99.000,,,0
ph_local_8,2,-28,0,99.000,,,0
ph_local_8,2,-28,1,99.000,,,0
ph_local_8,2,-28,2,99.000,,,0
ph_local_8,2,-28,3,99.000,,,0
ph_local_8,3,-27,0,99.000,,,0
ph_local_8,3,-27,1,99.000,,,0
ph_local_8,3,-27,2,99.000,,,0
ph_local_8,3,-27,3,99.000,,,0
ph_local_8,4,-26,0,99.000,,,0
ph_local_8,4,-26,1,99.000,,,0
ph_local_8,4,-26,2,99.000,,,0
ph_local_8,4,-26,3,99.000,,,0
ph_local_8,5,-25,0,99.000,,,0
ph_local_8,5,-25,1,99.000,,,0
ph_local_8,5,-25,2,99.000,,,0
ph_local_8,5,-25,3,99.000,,,0
ph_local_8,6,-24,0,99.000,,,0
ph_local_8,6,-24,1,99.000,,,0
ph_local_8,6,-24,2,99.000,,,0
ph_local_8,6,-24,3,99.000,,,0
ph_local_8,7,-23,0,99.000,,,0
ph_local_8,7,-23,1,99.000,,,0
ph_local_8,7,-23,2,99.000,,,0
ph_local_8,7,-23,3,99.000,,,0
ph_local_8,8,-22,0,99.000,,,0
ph_local_8,8,-22,1,99.000,,,0
ph_local_8,8,-22,2,99.000,,,0
ph_local_8,8,-22,3,99.000,,,0
ph_local_8,9,-21,0,99.000,,,0
ph_local_8,9,-21,1,99.000,,,0
ph_local_8,9,-21,2,99.000,,,0
ph_local_8,9,-21,3,99.000,,,0
ph_local_8,10,-20,0,99.000,,,0
ph_local_8,10,-20,1,99.000,,,0
ph_local_8,10,-20,2,99.000,,,0
ph_local_8,10,-20,3,99.000,,,0
ph_local_8,11,-19,0,99.000,,,0
ph_local_8,11,-19,1,99.000,,,0
ph_local_8,11,-19,2,99.000,,,0
ph_local_8,11,-19,3,99.000,,,0
ph_local_8,12,-18,0,99.000,,,0
ph_local_8,12,-18,1,99.000,,,0
ph_local_8,12,-18,2,99.000,,,0
ph_local_8,12,-18,3,99.000,,,0
ph_local_8,13,-17,0,99.000,,,0
ph_local_8,13,-17,1,99.000,,,0
ph_local_8,13,-17,2,99.000,,,0
ph_local_8,13,-17,3,99.000,,,0
ph_local_8,14,-16,0,99.000,,,0
ph_local_8,14,-16,1,99.000,,,0
ph_local_8,14,-16,2,99.000,,,0
ph_local_8,14,-16,3,99.000,,,0
ph_local_8,15,-15,0,99.000,,,0
ph_local_8,15,-15,1,99.000,,,0
ph_local_8,15,-15,2,99.000,,,0
ph_local_8,15,-15,3,99.000,,,0
ph_local_8,16,-14,0,99.000,,,0
ph_local_8,16,-14,1,99.000,,,0
ph_local_8,16,-14,2,99.000,,,0
ph_local_8,16,-14,3,99.000,,,0
ph_local_8,17,-13,0,99.000,,,0
ph_local_8,17,-13,1,99.000,,,0
ph_local_8,17,-13,2,99.000,,,0
ph_local_8,17,-13,3,99.000,,,0
ph_local_8,18,-12,0,99.000,,,0
ph_local_8,18,-12,1,99.000,,,0
ph_local_8,18,-12,2,99.000,,,0
ph_local_8,18,-12,3,99.000,,,0
ph_local_8,19,-11,0,99.000,,,0
ph_local_8,19,-11,1,99.000,,,0
ph_local_8,19,-11,2,99.000,,,0
ph_local_8,19,-11,3,99.000,,,0
ph_local_8,20,-10,0,99.000,,,0
ph_local_8,20,-10,1,99.000,,,0
ph_local_8,20,-10,2,99.000,,,0
ph_local_8,20,-10,3,99.000,,,0
ph_local_8,21,-9,0,99.000,,,0
ph_local_8,21,-9,1,99.000,,,0
ph_local_8,21,-9,2,99.000,,,0
ph_local_8,21,-9,3,99.000,,,0
ph_local_8,22,-8,0,99.000,,,0
ph_local_8,22,-8,1,99.000,,,0
ph_local_8,22,-8,2,99.000,,,0
ph_local_8,22,-8,3,99.000,,,0
ph_local_8,23,-7,0,99.000,,,0
ph_local_8,23,-7,1,99.000,,,0
ph_local_8,23,-7,2,99.000,,,0
ph_local_8,23,-7,3,99.000,,,0
ph_local_8,24,-6,0,99.000,,,0
ph_local_8,24,-6,1,99.000,,,0
ph_local_8,24,-6,2,99.000,,,0
ph_local_8,24,-6,3,99.000,,,0
ph_local_8,25,-5,0,99.000,,,0
ph_local_8,25,-5,1,99.000,,,0
ph_local_8,25,-5,2,99.000,,,0
ph_local_8,25,-5,3,99.000,,,0
ph_local_8,26,-4,0,99.000,,,0
ph_local_8,26,-4,1,99.000,,,0
ph_local_8,26,-4,2,99.000,,,0
ph_local_8,26,-4,3,99.000,,,0
ph_local_8,27,-3,0,99.000,,,0
ph_local_8,27,-3,1,99.000,,,0
ph_local_8,27,-3,2,99.000,,,0
ph_local_8,27,-3,3,99.000,,,0
ph_local_8,28,-2,0,99.000,,,0
ph_local_8,28,-2,1,99.000,,,0
ph_local_8,28,-2,2,99.000,,,0
ph_local_8,28,-2,3,99.000,,,0
ph_local_8,29,-1,0,99.000,,,0
ph_local_8,29,-1,1,99.000,,,0
ph_local_8,29,-1,2,99.000,,,0
ph_local_8,29,-1,3,99.000,,,0
ph_local_8,30,0,0,32.304,0.9502,0.4314,0
ph_local_8,30,0,1,28.408,0.9250,0.4369,0
ph_local_8,30,0,2,26.685,0.9049,0.4212,0
ph_local_8,30,0,3,26.081,0.8968,0.4139,0
ph_local_8,31,1,0,25.388,0.8875,0.4239,0
ph_local_8,31,1,1,24.925,0.8859,0.4346,0
ph_local_8,31,1,2,25.095,0.8824,0.4297,0
ph_local_8,31,1,3,25.186,0.8788,0.4235,0
ph_local_8,32,2,0,24.178,0.8676,0.4385,0
ph_local_8,32,2,1,24.824,0.8787,0.4514,0
ph_local_8,32,2,2,24.529,0.8739,0.4509,0
ph_local_8,32,2,3,24.424,0.8715,0.4417,0
ph_local_8,33,3,0,24.572,0.8688,0.4503,0
ph_local_8,33,3,1,24.877,0.8781,0.4605,0
ph_local_8,33,3,2,24.791,0.8770,0.4577,0
ph_local_8,33,3,3,24.223,0.8736,0.4507,0
ph_local_8,34,4,0,24.482,0.8757,0.4588,0
ph_local_8,34,4,1,25.697,0.8923,0.4685,0
ph_local_8,34,4,2,25.475,0.8886,0.4584,0
ph_local_8,34,4,3,25.451,0.8881,0.4520,0
ph_local_8,35,5,0,25.414,0.8832,0.4603,0
ph_local_8,35,5,1,25.863,0.8930,0.4677,0
ph_local_8,35,5,2,25.219,0.8855,0.4602,0
ph_local_8,35,5,3,25.118,0.8842,0.4519,0
ph_local_8,36,6,0,25.462,0.8855,0.4525,0
ph_local_8,36,6,1,25.517,0.8890,0.4649,0
ph_local_8,36,6,2,24.605,0.8777,0.4592,0
ph_local_8,36,6,3,24.349,0.8740,0.4504,0
ph_local_8,37,7,0,24.076,0.8725,0.4600,0
ph_local_8,37,7,1,24.145,0.8743,0.4686,0
ph_local_8,37,7,2,24.446,0.8758,0.4659,0
ph_local_8,37,7,3,24.385,0.8749,0.4609,0
ph_local_8,38,8,0,26.133,0.9075,0.4627,0
ph_local_8,38,8,1,27.763,0.9215,0.4737,0
ph_local_8,38,8,2,27.689,0.9208,0.4825,0
ph_local_8,38,8,3,27.202,0.9161,0.4716,0
ph_local_8,39,9,0,27.516,0.9298,0.4490,0
ph_local_8,39,9,1,30.843,0.9620,0.4332,0
ph_local_8,39,9,2,31.107,0.9639,0.4414,0
ph_local_8,39,9,3,31.534,0.9633,0.4400,0
ph_local_8,40,10,0,33.616,0.9777,0.4395,0
ph_local_8,40,10,1,34.360,0.9795,0.4494,0
ph_local_8,40,10,2,35.498,0.9809,0.4532,0
ph_local_8,40,10,3,36.012,0.9810,0.4539,0
ph_local_8,41,11,0,37.417,0.9836,0.4581,0
ph_local_8,41,11,1,37.812,0.9843,0.4642,0
ph_local_8,41,11,2,38.068,0.9846,0.4651,0
ph_local_8,41,11,3,37.984,0.9842,0.4632,0
ph_local_8,42,12,0,39.672,0.9883,0.4684,0
ph_local_8,42,12,1,40.150,0.9892,0.4746,0
ph_local_8,42,12,2,40.287,0.9896,0.4712,0
ph_local_8,42,12,3,40.315,0.9896,0.4711,0
ph_local_8,43,13,0,41.880,0.9919,0.4678,0
ph_local_8,43,13,1,42.250,0.9923,0.4736,0
ph_local_8,43,13,2,42.602,0.9927,0.4708,0
ph_local_8,43,13,3,42.667,0.9926,0.4685,0
ph_local_8,44,14,0,44.795,0.9952,0.4679,0
ph_local_8,44,14,1,45.438,0.9956,0.4687,0
ph_local_8,44,14,2,45.627,0.9959,0.4674,0
ph_local_8,44,14,3,45.514,0.9959,0.4641,0
ph_local_8,45,15,0,47.222,0.9968,0.4596,0
ph_local_8,45,15,1,47.420,0.9971,0.4640,0
ph_local_8,45,15,2,47.322,0.9971,0.4637,0
ph_local_8,45,15,3,47.385,0.9971,0.4565,0
ph_local_8,46,16,0,48.671,0.9977,0.4568,0
ph_local_8,46,16,1,48.666,0.9978,0.4598,0
ph_local_8,46,16,2,48.351,0.9977,0.4584,0
ph_local_8,46,16,3,48.282,0.9977,0.4556,0
ph_local_8,47,17,0,49.338,0.9980,0.4539,0
ph_local_8,47,17,1,49.157,0.9980,0.4580,0
ph_local_8,47,17,2,48.766,0.9979,0.4618,0
ph_local_8,47,17,3,48.624,0.9979,0.4579,0
ph_local_8,48,18,0,49.259,0.9981,0.4625,0
ph_local_8,48,18,1,49.405,0.9981,0.4650,0
ph_local_8,48,18,2,49.243,0.9981,0.4719,0
ph_local_8,48,18,3,48.678,0.9980,0.4648,0
ph_local_8,49,19,0,49.820,0.9982,0.4602,0
ph_local_8,49,19,1,50.106,0.9982,0.4629,0
ph_local_8,49,19,2,49.579,0.9981,0.4687,0
ph_local_8,49,19,3,49.436,0.9981,0.4617,0
ph_local_8,50,20,0,50.330,0.9983,0.4546,0
ph_local_8,50,20,1,50.529,0.9983,0.4534,0
ph_local_8,50,20,2,49.726,0.9982,0.4612,0
ph_local_8,50,20,3,49.850,0.9982,0.4413,0
ph_local_8,51,21,0,50.275,0.9983,0.4405,0
ph_local_8,51,21,1,50.053,0.9982,0.4464,0
ph_local_8,51,21,2,49.480,0.9981,0.4523,0
ph_local_8,51,21,3,48.854,0.9980,0.4390,0
ph_local_8,52,22,0,50.228,0.9983,0.4415,0
ph_local_8,52,22,1,50.940,0.9983,0.4474,0
ph_local_8,52,22,2,50.088,0.9983,0.4561,0
ph_local_8,52,22,3,50.057,0.9983,0.4450,0
ph_local_8,53,23,0,50.403,0.9983,0.4431,0
ph_local_8,53,23,1,50.613,0.9983,0.4552,0
ph_local_8,53,23,2,50.629,0.9983,0.4650,0
ph_local_8,53,23,3,50.077,0.9982,0.4486,0
ph_local_8,54,24,0,50.972,0.9983,0.4508,0
ph_local_8,54,24,1,50.972,0.9984,0.4583,0
ph_local_8,54,24,2,49.286,0.9982,0.4696,0
ph_local_8,54,24,3,49.540,0.9982,0.4502,0
ph_local_8,55,25,0,51.113,0.9984,0.4549,0
ph_local_8,55,25,1,51.322,0.9984,0.4568,0
ph_local_8,55,25,2,50.634,0.9983,0.4647,0
ph_local_8,55,25,3,50.289,0.9982,0.4481,0
ph_local_8,56,26,0,51.374,0.9984,0.4549,0
ph_local_8,56,26,1,51.326,0.9983,0.4568,0
ph_local_8,56,26,2,50.432,0.9983,0.4648,0
ph_local_8,56,26,3,50.290,0.9982,0.4498,0
ph_local_8,57,27,0,51.002,0.9983,0.4571,0
ph_local_8,57,27,1,51.207,0.9983,0.4620,0
ph_local_8,57,27,2,50.378,0.9982,0.4702,0
ph_local_8,57,27,3,49.518,0.9981,0.4590,0
ph_local_8,58,28,0,50.814,0.9983,0.4554,0
ph_local_8,58,28,1,50.826,0.9983,0.4559,0
ph_local_8,58,28,2,50.177,0.9982,0.4702,0
ph_local_8,58,28,3,49.736,0.9981,0.4647,0
ph_local_8,59,29,0,49.652,0.9980,0.4326,0
ph_local_8,59,29,1,48.723,0.9976,0.4346,0
ph_local_8,59,29,2,43.065,0.9960,0.4449,0
ph_local_8,59,29,3,42.948,0.9957,0.4351,0
ph_local_8,60,30,0,45.319,0.9969,0.4492,0
ph_local_8,60,30,1,45.160,0.9969,0.4459,0
ph_local_8,60,30,2,44.858,0.9967,0.4600,0
ph_local_8,60,30,3,44.945,0.9966,0.4580,0
ph_local_8,61,31,0,43.606,0.9959,0.4644,0
ph_local_8,61,31,1,42.840,0.9955,0.4680,0
ph_local_8,61,31,2,42.126,0.9950,0.4732,0
ph_local_8,61,31,3,41.709,0.9947,0.4653,0
ph_local_8,62,32,0,41.668,0.9943,0.4700,0
ph_local_8,62,32,1,41.337,0.9941,0.4742,0
ph_local_8,62,32,2,40.815,0.9939,0.4806,0
ph_local_8,62,32,3,40.704,0.9938,0.4724,0
ph_local_8,63,33,0,41.819,0.9943,0.4729,0
ph_local_8,63,33,1,41.929,0.9943,0.4725,0
ph_local_8,63,33,2,41.757,0.9941,0.4779,0
ph_local_8,63,33,3,41.389,0.9937,0.4705,0
ph_local_8,64,34,0,42.257,0.9946,0.4693,0
ph_local_8,64,34,1,42.264,0.9945,0.4689,0
ph_local_8,64,34,2,41.710,0.9942,0.4737,0
ph_local_8,64,34,3,41.533,0.9940,0.4690,0
ph_local_8,65,35,0,42.203,0.9947,0.4690,0
ph_local_8,65,35,1,41.596,0.9946,0.4682,0
ph_local_8,65,35,2,41.521,0.9946,0.4735,0
ph_local_8,65,35,3,41.401,0.9945,0.4665,0
ph_local_8,66,36,0,41.957,0.9948,0.4638,0
ph_local_8,66,36,1,42.855,0.9953,0.4596,0
ph_local_8,66,36,2,43.326,0.9956,0.4649,0
ph_local_8,66,36,3,43.064,0.9955,0.4585,0
ph_local_8,67,37,0,43.353,0.9958,0.4600,0
ph_local_8,67,37,1,43.145,0.9958,0.4605,0
ph_local_8,67,37,2,42.846,0.9957,0.4658,0
ph_local_8,67,37,3,41.984,0.9953,0.4626,0
ph_local_8,68,38,0,42.268,0.9956,0.4609,0
ph_local_8,68,38,1,43.276,0.9958,0.4651,0
ph_local_8,68,38,2,42.980,0.9956,0.4684,0
ph_local_8,68,38,3,42.923,0.9955,0.4690,0
ph_local_8,69,39,0,43.793,0.9959,0.4628,0
ph_local_8,69,39,1,43.434,0.9958,0.4625,0
ph_local_8,69,39,2,43.162,0.9956,0.4645,0
ph_local_8,69,39,3,42.981,0.9954,0.4635,0
ph_localrefresh,0,-30,0,99.000,,,0
ph_localrefresh,0,-30,1,99.000,,,0
ph_localrefresh,0,-30,2,99.000,,,0
ph_localrefresh,0,-30,3,99.000,,,0
ph_localrefresh,1,-29,0,99.000,,,0
ph_localrefresh,1,-29,1,99.000,,,0
ph_localrefresh,1,-29,2,99.000,,,0
ph_localrefresh,1,-29,3,99.000,,,0
ph_localrefresh,2,-28,0,99.000,,,0
ph_localrefresh,2,-28,1,99.000,,,0
ph_localrefresh,2,-28,2,99.000,,,0
ph_localrefresh,2,-28,3,99.000,,,0
ph_localrefresh,3,-27,0,99.000,,,0
ph_localrefresh,3,-27,1,99.000,,,0
ph_localrefresh,3,-27,2,99.000,,,0
ph_localrefresh,3,-27,3,99.000,,,0
ph_localrefresh,4,-26,0,99.000,,,0
ph_localrefresh,4,-26,1,99.000,,,0
ph_localrefresh,4,-26,2,99.000,,,0
ph_localrefresh,4,-26,3,99.000,,,0
ph_localrefresh,5,-25,0,99.000,,,0
ph_localrefresh,5,-25,1,99.000,,,0
ph_localrefresh,5,-25,2,99.000,,,0
ph_localrefresh,5,-25,3,99.000,,,0
ph_localrefresh,6,-24,0,99.000,,,0
ph_localrefresh,6,-24,1,99.000,,,0
ph_localrefresh,6,-24,2,99.000,,,0
ph_localrefresh,6,-24,3,99.000,,,0
ph_localrefresh,7,-23,0,99.000,,,0
ph_localrefresh,7,-23,1,99.000,,,0
ph_localrefresh,7,-23,2,99.000,,,0
ph_localrefresh,7,-23,3,99.000,,,0
ph_localrefresh,8,-22,0,99.000,,,0
ph_localrefresh,8,-22,1,99.000,,,0
ph_localrefresh,8,-22,2,99.000,,,0
ph_localrefresh,8,-22,3,99.000,,,0
ph_localrefresh,9,-21,0,99.000,,,0
ph_localrefresh,9,-21,1,99.000,,,0
ph_localrefresh,9,-21,2,99.000,,,0
ph_localrefresh,9,-21,3,99.000,,,0
ph_localrefresh,10,-20,0,99.000,,,0
ph_localrefresh,10,-20,1,99.000,,,0
ph_localrefresh,10,-20,2,99.000,,,0
ph_localrefresh,10,-20,3,99.000,,,0
ph_localrefresh,11,-19,0,99.000,,,0
ph_localrefresh,11,-19,1,99.000,,,0
ph_localrefresh,11,-19,2,99.000,,,0
ph_localrefresh,11,-19,3,99.000,,,0
ph_localrefresh,12,-18,0,99.000,,,0
ph_localrefresh,12,-18,1,99.000,,,0
ph_localrefresh,12,-18,2,99.000,,,0
ph_localrefresh,12,-18,3,99.000,,,0
ph_localrefresh,13,-17,0,99.000,,,0
ph_localrefresh,13,-17,1,99.000,,,0
ph_localrefresh,13,-17,2,99.000,,,0
ph_localrefresh,13,-17,3,99.000,,,0
ph_localrefresh,14,-16,0,99.000,,,0
ph_localrefresh,14,-16,1,99.000,,,0
ph_localrefresh,14,-16,2,99.000,,,0
ph_localrefresh,14,-16,3,99.000,,,0
ph_localrefresh,15,-15,0,99.000,,,0
ph_localrefresh,15,-15,1,99.000,,,0
ph_localrefresh,15,-15,2,99.000,,,0
ph_localrefresh,15,-15,3,99.000,,,0
ph_localrefresh,16,-14,0,99.000,,,0
ph_localrefresh,16,-14,1,99.000,,,0
ph_localrefresh,16,-14,2,99.000,,,0
ph_localrefresh,16,-14,3,99.000,,,0
ph_localrefresh,17,-13,0,99.000,,,0
ph_localrefresh,17,-13,1,99.000,,,0
ph_localrefresh,17,-13,2,99.000,,,0
ph_localrefresh,17,-13,3,99.000,,,0
ph_localrefresh,18,-12,0,99.000,,,0
ph_localrefresh,18,-12,1,99.000,,,0
ph_localrefresh,18,-12,2,99.000,,,0
ph_localrefresh,18,-12,3,99.000,,,0
ph_localrefresh,19,-11,0,99.000,,,0
ph_localrefresh,19,-11,1,99.000,,,0
ph_localrefresh,19,-11,2,99.000,,,0
ph_localrefresh,19,-11,3,99.000,,,0
ph_localrefresh,20,-10,0,99.000,,,0
ph_localrefresh,20,-10,1,99.000,,,0
ph_localrefresh,20,-10,2,99.000,,,0
ph_localrefresh,20,-10,3,99.000,,,0
ph_localrefresh,21,-9,0,99.000,,,0
ph_localrefresh,21,-9,1,99.000,,,0
ph_localrefresh,21,-9,2,99.000,,,0
ph_localrefresh,21,-9,3,99.000,,,0
ph_localrefresh,22,-8,0,99.000,,,0
ph_localrefresh,22,-8,1,99.000,,,0
ph_localrefresh,22,-8,2,99.000,,,0
ph_localrefresh,22,-8,3,99.000,,,0
ph_localrefresh,23,-7,0,99.000,,,0
ph_localrefresh,23,-7,1,99.000,,,0
ph_localrefresh,23,-7,2,99.000,,,0
ph_localrefresh,23,-7,3,99.000,,,0
ph_localrefresh,24,-6,0,99.000,,,0
ph_localrefresh,24,-6,1,99.000,,,0
ph_localrefresh,24,-6,2,99.000,,,0
ph_localrefresh,24,-6,3,99.000,,,0
ph_localrefresh,25,-5,0,99.000,,,0
ph_localrefresh,25,-5,1,99.000,,,0
ph_localrefresh,25,-5,2,99.000,,,0
ph_localrefresh,25,-5,3,99.000,,,0
ph_localrefresh,26,-4,0,99.000,,,0
ph_localrefresh,26,-4,1,99.000,,,0
ph_localrefresh,26,-4,2,99.000,,,0
ph_localrefresh,26,-4,3,99.000,,,0
ph_localrefresh,27,-3,0,99.000,,,0
ph_localrefresh,27,-3,1,99.000,,,0
ph_localrefresh,27,-3,2,99.000,,,0
ph_localrefresh,27,-3,3,99.000,,,0
ph_localrefresh,28,-2,0,99.000,,,0
ph_localrefresh,28,-2,1,99.000,,,0
ph_localrefresh,28,-2,2,99.000,,,0
ph_localrefresh,28,-2,3,99.000,,,0
ph_localrefresh,29,-1,0,99.000,,,0
ph_localrefresh,29,-1,1,99.000,,,0
ph_localrefresh,29,-1,2,99.000,,,0
ph_localrefresh,29,-1,3,99.000,,,0
ph_localrefresh,30,0,0,31.708,0.9483,0.4346,0
ph_localrefresh,30,0,1,28.609,0.9249,0.4401,0
ph_localrefresh,30,0,2,26.674,0.9057,0.4262,0
ph_localrefresh,30,0,3,26.115,0.8987,0.4190,0
ph_localrefresh,31,1,0,25.471,0.8924,0.4283,0
ph_localrefresh,31,1,1,25.136,0.8918,0.4392,0
ph_localrefresh,31,1,2,25.120,0.8882,0.4345,0
ph_localrefresh,31,1,3,24.911,0.8839,0.4281,0
ph_localrefresh,32,2,0,24.730,0.8794,0.4386,0
ph_localrefresh,32,2,1,25.290,0.8891,0.4529,0
ph_localrefresh,32,2,2,25.103,0.8854,0.4513,0
ph_localrefresh,32,2,3,24.852,0.8825,0.4421,0
ph_localrefresh,33,3,0,24.693,0.8745,0.4513,0
ph_localrefresh,33,3,1,24.950,0.8828,0.4633,0
ph_localrefresh,33,3,2,24.699,0.8811,0.4610,0
ph_localrefresh,33,3,3,24.352,0.8790,0.4529,0
ph_localrefresh,34,4,0,24.167,0.8776,0.4617,0
ph_localrefresh,34,4,1,25.237,0.8918,0.4717,0
ph_localrefresh,34,4,2,25.266,0.8895,0.4639,0
ph_localrefresh,34,4,3,25.195,0.8882,0.4582,0
ph_localrefresh,35,5,0,25.185,0.8873,0.4658,0
ph_localrefresh,35,5,1,25.245,0.8934,0.4734,0
ph_localrefresh,35,5,2,24.692,0.8851,0.4673,0
ph_localrefresh,35,5,3,24.528,0.8825,0.4588,0
ph_localrefresh,36,6,0,24.980,0.8907,0.4582,0
ph_localrefresh,36,6,1,24.486,0.8891,0.4714,0
ph_localrefresh,36,6,2,24.197,0.8812,0.4658,0
ph_localrefresh,36,6,3,24.165,0.8809,0.4568,0
ph_localrefresh,37,7,0,23.725,0.8805,0.4663,0
ph_localrefresh,37,7,1,23.995,0.8829,0.4742,0
ph_localrefresh,37,7,2,24.479,0.8863,0.4709,0
ph_localrefresh,37,7,3,24.401,0.8853,0.4656,0
ph_localrefresh,38,8,0,24.741,0.8927,0.4621,0
ph_localrefresh,38,8,1,24.678,0.8938,0.4691,0
ph_localrefresh,38,8,2,24.225,0.8917,0.4734,0
ph_localrefresh,38,8,3,24.043,0.8906,0.4591,0
ph_localrefresh,39,9,0,23.768,0.8863,0.4419,0
ph_localrefresh,39,9,1,23.263,0.8603,0.4378,0
ph_localrefresh,39,9,2,22.714,0.8536,0.4485,0
ph_localrefresh,39,9,3,22.501,0.8490,0.4439,0
ph_localrefresh,40,10,0,22.878,0.8603,0.4535,0
ph_localrefresh,40,10,1,22.844,0.8643,0.4624,0
ph_localrefresh,40,10,2,23.049,0.8656,0.4710,0
ph_localrefresh,40,10,3,22.930,0.8610,0.4716,0
ph_localrefresh,41,11,0,23.330,0.8642,0.4755,0
ph_localrefresh,41,11,1,23.331,0.8641,0.4807,0
ph_localrefresh,41,11,2,23.126,0.8600,0.4815,0
ph_localrefresh,41,11,3,22.958,0.8559,0.4756,0
ph_localrefresh,42,12,0,23.629,0.8620,0.4861,0
ph_localrefresh,42,12,1,23.782,0.8634,0.4927,0
ph_localrefresh,42,12,2,23.663,0.8599,0.4898,0
ph_localrefresh,42,12,3,23.577,0.8576,0.4883,0
ph_localrefresh,43,13,0,23.748,0.8572,0.4862,0
ph_localrefresh,43,13,1,23.700,0.8568,0.4915,0
ph_localrefresh,43,13,2,23.469,0.8501,0.4866,0
ph_localrefresh,43,13,3,23.358,0.8465,0.4818,0
ph_localrefresh,44,14,0,23.691,0.8576,0.4847,0
ph_localrefresh,44,14,1,23.661,0.8589,0.4849,0
ph_localrefresh,44,14,2,23.613,0.8568,0.4859,0
ph_localrefresh,44,14,3,23.561,0.8559,0.4813,0
ph_localrefresh,45,15,0,23.637,0.8629,0.4764,0
ph_localrefresh,45,15,1,23.313,0.8621,0.4800,0
ph_localrefresh,45,15,2,22.871,0.8574,0.4795,0
ph_localrefresh,45,15,3,22.692,0.8553,0.4704,0
ph_localrefresh,46,16,0,22.672,0.8582,0.4704,0
ph_localrefresh,46,16,1,22.588,0.8563,0.4729,0
ph_localrefresh,46,16,2,22.456,0.8545,0.4710,0
ph_localrefresh,46,16,3,22.178,0.8520,0.4672,0
ph_localrefresh,47,17,0,22.137,0.8531,0.4660,0
ph_localrefresh,47,17,1,22.299,0.8549,0.4726,0
ph_localrefresh,47,17,2,22.655,0.8551,0.4770,0
ph_localrefresh,47,17,3,22.560,0.8529,0.4724,0
ph_localrefresh,48,18,0,22.632,0.8546,0.4724,0
ph_localrefresh,48,18,1,22.533,0.8538,0.4747,0
ph_localrefresh,48,18,2,22.579,0.8513,0.4844,0
ph_localrefresh,48,18,3,22.489,0.8492,0.4794,0
ph_localrefresh,49,19,0,22.746,0.8527,0.4782,0
ph_localrefresh,49,19,1,23.064,0.8560,0.4813,0
ph_localrefresh,49,19,2,23.154,0.8535,0.4867,0
ph_localrefresh,49,19,3,23.111,0.8524,0.4802,0
ph_localrefresh,50,20,0,23.246,0.8569,0.4750,0
ph_localrefresh,50,20,1,23.274,0.8589,0.4751,0
ph_localrefresh,50,20,2,22.889,0.8544,0.4862,0
ph_localrefresh,50,20,3,22.513,0.8513,0.4660,0
ph_localrefresh,51,21,0,21.826,0.8463,0.4674,0
ph_localrefresh,51,21,1,22.622,0.8537,0.4700,0
ph_localrefresh,51,21,2,23.216,0.8569,0.4759,0
ph_localrefresh,51,21,3,23.090,0.8549,0.4604,0
ph_localrefresh,52,22,0,23.476,0.8635,0.4586,0
ph_localrefresh,52,22,1,23.940,0.8713,0.4654,0
ph_localrefresh,52,22,2,23.641,0.8644,0.4741,0
ph_localrefresh,52,22,3,23.632,0.8645,0.4591,0
ph_localrefresh,53,23,0,23.303,0.8661,0.4561,0
ph_localrefresh,53,23,1,23.955,0.8756,0.4663,0
ph_localrefresh,53,23,2,23.817,0.8731,0.4738,0
ph_localrefresh,53,23,3,23.454,0.8689,0.4565,0
ph_localrefresh,54,24,0,23.991,0.8781,0.4556,0
ph_localrefresh,54,24,1,24.725,0.8874,0.4617,0
ph_localrefresh,54,24,2,24.248,0.8821,0.4731,0
ph_localrefresh,54,24,3,24.242,0.8805,0.4474,0
ph_localrefresh,55,25,0,23.812,0.8802,0.4548,0
ph_localrefresh,55,25,1,25.422,0.8977,0.4611,0
ph_localrefresh,55,25,2,25.272,0.8950,0.4715,0
ph_localrefresh,55,25,3,25.238,0.8954,0.4503,0
ph_localrefresh,56,26,0,25.160,0.8891,0.4600,0
ph_localrefresh,56,26,1,25.429,0.8911,0.4636,0
ph_localrefresh,56,26,2,25.167,0.8900,0.4754,0
ph_localrefresh,56,26,3,25.096,0.8901,0.4567,0
ph_localrefresh,57,27,0,25.545,0.8968,0.4608,0
ph_localrefresh,57,27,1,25.268,0.8942,0.4651,0
ph_localrefresh,57,27,2,25.810,0.8985,0.4718,0
ph_localrefresh,57,27,3,25.797,0.8988,0.4588,0
ph_localrefresh,58,28,0,26.156,0.9050,0.4525,0
ph_localrefresh,58,28,1,26.132,0.9050,0.4528,0
ph_localrefresh,58,28,2,25.643,0.9028,0.4630,0
ph_localrefresh,58,28,3,25.437,0.9012,0.4558,0
ph_localrefresh,59,29,0,25.757,0.9062,0.4275,0
ph_localrefresh,59,29,1,26.382,0.9142,0.4304,0
ph_localrefresh,59,29,2,21.631,0.8512,0.4408,0
ph_localrefresh,59,29,3,21.534,0.8451,0.4326,0
ph_localrefresh,60,30,0,22.315,0.8582,0.4524,0
ph_localrefresh,60,30,1,22.698,0.8645,0.4480,0
ph_localrefresh,60,30,2,22.779,0.8652,0.4627,0
ph_localrefresh,60,30,3,22.727,0.8644,0.4618,0
ph_localrefresh,61,31,0,22.900,0.8651,0.4700,0
ph_localrefresh,61,31,1,23.154,0.8679,0.4723,0
ph_localrefresh,61,31,2,23.017,0.8666,0.4827,0
ph_localrefresh,61,31,3,22.893,0.8647,0.4728,0
ph_localrefresh,62,32,0,23.201,0.8675,0.4765,0
ph_localrefresh,62,32,1,23.376,0.8701,0.4779,0
ph_localrefresh,62,32,2,23.241,0.8673,0.4867,0
ph_localrefresh,62,32,3,23.096,0.8634,0.4783,0
ph_localrefresh,63,33,0,23.442,0.8686,0.4788,0
ph_localrefresh,63,33,1,23.645,0.8710,0.4795,0
ph_localrefresh,63,33,2,23.893,0.8706,0.4868,0
ph_localrefresh,63,33,3,23.799,0.8687,0.4789,0
ph_localrefresh,64,34,0,23.885,0.8710,0.4781,0
ph_localrefresh,64,34,1,24.029,0.8720,0.4780,0
ph_localrefresh,64,34,2,24.064,0.8699,0.4841,0
ph_localrefresh,64,34,3,24.115,0.8692,0.4790,0
ph_localrefresh,65,35,0,24.010,0.8688,0.4795,0
ph_localrefresh,65,35,1,23.933,0.8681,0.4799,0
ph_localrefresh,65,35,2,23.517,0.8632,0.4845,0
ph_localrefresh,65,35,3,23.371,0.8616,0.4766,0
ph_localrefresh,66,36,0,23.571,0.8620,0.4737,0
ph_localrefresh,66,36,1,23.685,0.8632,0.4697,0
ph_localrefresh,66,36,2,23.567,0.8618,0.4736,0
ph_localrefresh,66,36,3,23.391,0.8603,0.4656,0
ph_localrefresh,67,37,0,23.395,0.8626,0.4681,0
ph_localrefresh,67,37,1,23.152,0.8630,0.4674,0
ph_localrefresh,67,37,2,23.225,0.8617,0.4755,0
ph_localrefresh,67,37,3,23.280,0.8605,0.4735,0
ph_localrefresh,68,38,0,23.118,0.8572,0.4719,0
ph_localrefresh,68,38,1,23.285,0.8589,0.4754,0
ph_localrefresh,68,38,2,22.980,0.8531,0.4795,0
ph_localrefresh,68,38,3,22.987,0.8521,0.4796,0
ph_localrefresh,69,39,0,23.569,0.8583,0.4743,0
ph_localrefresh,69,39,1,23.914,0.8623,0.4766,0
ph_localrefresh,69,39,2,23.758,0.8579,0.4824,0
ph_localrefresh,69,39,3,23.718,0.8568,0.4828,0
